time,seconds_elapsed,z,y,x
1788594189329554400,0.161554443359375,7.842731475830078,5.761721134185791,-0.5300164222717285
1788594189339626800,0.171626708984375,7.726163864135742,5.801150798797607,-0.6165069341659546
1788594189349727000,0.18172705078125,7.580940246582031,5.780949592590332,-0.5145289301872253
1788594189359796500,0.19179638671875,7.507169246673584,5.772120952606201,-0.46657004952430725
1788594189369849600,0.201849609375,7.565752029418945,5.771297931671143,-0.4694879949092865
1788594189379946500,0.211946533203125,7.713818550109863,5.779153823852539,-0.48557403683662415
1788594189390002200,0.222002197265625,7.8349504470825195,5.7374796867370605,-0.43851301074028015
1788594189400076500,0.23207666015625,7.960870265960693,5.668646812438965,-0.4321534037590027
1788594189410152400,0.24215234375,8.086715698242188,5.630788326263428,-0.41614219546318054
1788594189420249300,0.252249267578125,8.186972618103027,5.639542102813721,-0.4200327694416046
1788594189430326000,0.262325927734375,8.249297142028809,5.624204158782959,-0.40723875164985657
1788594189440400600,0.272400634765625,8.338930130004883,5.612532615661621,-0.4076128304004669
1788594189450476300,0.282476318359375,8.362497329711914,5.608941078186035,-0.3637690246105194
1788594189460555000,0.292554931640625,8.335638046264648,5.57138204574585,-0.28146833181381226
1788594189470628400,0.30262841796875,8.215778350830078,5.604601860046387,-0.3250128924846649
1788594189480725500,0.3127255859375,8.086490631103516,5.692289352416992,-0.5078700184822083
1788594189490779600,0.322779541015625,7.978452682495117,5.717428684234619,-0.5873275995254517
1788594189500855800,0.332855712890625,7.869067668914795,5.676053524017334,-0.5226841568946838
1788594189510931700,0.342931640625,7.731700420379639,5.696928024291992,-0.4933551847934723
1788594189520985300,0.3529853515625,7.674239635467529,5.7299981117248535,-0.4703109860420227
1788594189531083000,0.3630830078125,7.7854204177856445,5.718850135803223,-0.35815760493278503
1788594189541158700,0.37315869140625,8.006659507751465,5.728875637054443,-0.30279168486595154
1788594189551234600,0.383234619140625,8.132055282592773,5.7258830070495605,-0.31880292296409607
1788594189561310500,0.393310546875,8.187196731567383,5.713986873626709,-0.29403790831565857
1788594189571364600,0.403364501953125,8.22580337524414,5.663932800292969,-0.2861070930957794
1788594189581463600,0.413463623046875,8.25079345703125,5.662885665893555,-0.30526071786880493
1788594189591516000,0.423515869140625,8.204030990600586,5.681889533996582,-0.3181295394897461
1788594189601706000,0.4337060546875,8.117989540100098,5.689895153045654,-0.3034650683403015
1788594189611715600,0.443715576171875,8.062324523925781,5.685181617736816,-0.3404255509376526
1788594189621744600,0.45374462890625,8.004863739013672,5.678073883056641,-0.386813223361969
1788594189631842300,0.46384228515625,7.857769966125488,5.682413101196289,-0.4100818634033203
1788594189641911300,0.473911376953125,7.6933183670043945,5.740771770477295,-0.48317983746528625
1788594189651996700,0.48399658203125,7.638850212097168,5.819631099700928,-0.524330198764801
1788594189662072300,0.494072265625,7.789535045623779,5.8378119468688965,-0.47584760189056396
1788594189672148500,0.5041484375,7.978826999664307,5.808258533477783,-0.40873512625694275
1788594189682223900,0.514223876953125,8.092850685119629,5.744063854217529,-0.38801032304763794
1788594189692299500,0.524299560546875,8.198868751525879,5.6414875984191895,-0.34356793761253357
1788594189702352400,0.534352294921875,8.30750560760498,5.6135053634643555,-0.39309799671173096
1788594189712447500,0.544447509765625,8.403423309326172,5.64687442779541,-0.5365256667137146
1788594189722522600,0.554522705078125,8.400879859924316,5.643507480621338,-0.5783493518829346
1788594189732602400,0.564602294921875,8.221837997436523,5.6438069343566895,-0.5394435524940491
1788594189742666200,0.574666259765625,7.958401203155518,5.617171287536621,-0.43110594153404236
1788594189752750000,0.58475,7.669600486755371,5.640664577484131,-0.3271826207637787
1788594189762828500,0.59482861328125,7.522731304168701,5.669693946838379,-0.26560676097869873
1788594189772905700,0.60490576171875,7.620070457458496,5.7392754554748535,-0.23238719999790192
1788594189782981600,0.614981689453125,7.955183982849121,5.798158168792725,-0.2858826518058777
1788594189793057000,0.62505712890625,8.188918113708496,5.835118293762207,-0.33675941824913025
1788594189803107300,0.635107421875,8.223633766174316,5.7923970222473145,-0.37416884303092957
1788594189813208800,0.645208740234375,8.115595817565918,5.699920654296875,-0.35748425126075745
1788594189823284200,0.6552841796875,7.936778545379639,5.633631229400635,-0.36908116936683655
1788594189833337300,0.66533740234375,7.772850513458252,5.648744583129883,-0.40057986974716187
1788594189843432000,0.675431884765625,7.688978672027588,5.678372859954834,-0.4097077548503876
1788594189853507800,0.6855078125,7.645583629608154,5.730746269226074,-0.4412064850330353
1788594189863562800,0.695562744140625,7.609296798706055,5.7690534591674805,-0.4778676927089691
1788594189873664800,0.705664794921875,7.670348644256592,5.771522521972656,-0.45901334285736084
1788594189883727400,0.715727294921875,7.7655930519104,5.806687355041504,-0.4842272996902466
1788594189893812200,0.725812255859375,7.8203606605529785,5.809455394744873,-0.5214870572090149
1788594189903890700,0.735890625,7.820809364318848,5.754388809204102,-0.5014356374740601
1788594189913966600,0.745966552734375,7.782726764678955,5.717353820800781,-0.5169979333877563
1788594189924042500,0.75604248046875,7.7661919593811035,5.6897454261779785,-0.5123591423034668
1788594189934118400,0.766118408203125,7.810110569000244,5.706056118011475,-0.452279657125473
1788594189944179700,0.7761796875,7.851634979248047,5.749151706695557,-0.44502225518226624
1788594189954244000,0.786244140625,7.825448036193848,5.766808986663818,-0.40783730149269104
1788594189964353800,0.796353759765625,7.90123987197876,5.73209285736084,-0.3414730131626129
1788594189974435600,0.806435546875,8.122179985046387,5.740098476409912,-0.3506008982658386
1788594189984502800,0.816502685546875,8.222137451171875,5.780126571655273,-0.39137715101242065
1788594189994548200,0.82654833984375,8.229394912719727,5.768155574798584,-0.3783586919307709
1788594190004646400,0.836646484375,8.15300464630127,5.772495269775391,-0.3553893268108368
1788594190014712800,0.846712890625,7.979275703430176,5.790900707244873,-0.3461117744445801
1788594190024774700,0.856774658203125,7.775020599365234,5.780575752258301,-0.35015198588371277
1788594190034851000,0.86685107421875,7.599645137786865,5.7369561195373535,-0.356885701417923
1788594190044926500,0.876926513671875,7.581613540649414,5.699097633361816,-0.4322282373905182
1788594190055002400,0.88700244140625,7.7230963706970215,5.7264814376831055,-0.5413140654563904
1788594190065078000,0.897078125,7.760804653167725,5.761571407318115,-0.6105214357376099
1788594190075153700,0.907153564453125,7.778162956237793,5.794267177581787,-0.6796540021896362
1788594190085255700,0.917255615234375,7.822530269622803,5.800252914428711,-0.6523451209068298
1788594190095332000,0.92733203125,7.81721830368042,5.7813239097595215,-0.5745335817337036
1788594190105381000,0.937381103515625,7.838167667388916,5.758130073547363,-0.4661211371421814
1788594190115478800,0.947478759765625,7.93019437789917,5.7608232498168945,-0.45572131872177124
1788594190125555500,0.957555419921875,7.93939733505249,5.7718963623046875,-0.5153518915176392
1788594190135624200,0.967624267578125,7.951443195343018,5.738677024841309,-0.5442319512367249
1788594190145684200,0.977684326171875,7.995810508728027,5.726780891418457,-0.5205892324447632
1788594190155780900,0.98778076171875,8.025289535522461,5.759326934814453,-0.5563526153564453
1788594190165835000,0.9978349609375,8.039579391479492,5.760673522949219,-0.5779004096984863
1788594190175932700,1.0079326171875,8.056563377380371,5.7556610107421875,-0.5526865124702454
1788594190186010400,1.01801025390625,8.07122802734375,5.7387518882751465,-0.5122095346450806
1788594190196087800,1.028087890625,7.963862895965576,5.747655391693115,-0.458040714263916
1788594190206160400,1.038160400390625,7.699902534484863,5.767856121063232,-0.39960724115371704
1788594190216236500,1.048236572265625,7.377732753753662,5.7567830085754395,-0.3256114423274994
1788594190226311400,1.0583115234375,7.285555839538574,5.780351161956787,-0.33346739411354065
1788594190236387000,1.068386962890625,7.51083517074585,5.835118293762207,-0.3770119547843933
1788594190246463200,1.078463134765625,7.899593830108643,5.901407718658447,-0.4462193548679352
1788594190256541400,1.08854150390625,7.976133346557617,5.873575210571289,-0.3958662748336792
1788594190266614500,1.098614501953125,7.821632385253906,5.794940948486328,-0.318054735660553
1788594190276673800,1.108673828125,7.575927734375,5.725957870483398,-0.32104748487472534
1788594190286765800,1.118765869140625,7.66653299331665,5.688623428344727,-0.43020811676979065
1788594190296849400,1.128849365234375,8.096965789794922,5.732691287994385,-0.5582230687141418
1788594190306917600,1.138917724609375,8.397064208984375,5.777657508850098,-0.7190834879875183
1788594190316993300,1.1489931640625,8.3992338180542,5.770699501037598,-0.7668927311897278
1788594190327069000,1.15906884765625,8.118438720703125,5.654580593109131,-0.6852654218673706
1788594190337128200,1.169128173828125,7.667057037353516,5.567266941070557,-0.615833580493927
1788594190347220700,1.179220703125,7.351545810699463,5.581632137298584,-0.6168810129165649
1788594190357296600,1.189296630859375,7.354014873504639,5.680168628692627,-0.7262661457061768
1788594190367372000,1.1993720703125,7.591489791870117,5.808333396911621,-0.8625859618186951
1788594190377448000,1.209447998046875,7.801207065582275,5.869086265563965,-0.9132382869720459
1788594190387524900,1.21952490234375,7.870938301086426,5.822548866271973,-0.8743325471878052
1788594190397600000,1.22960009765625,7.8314337730407715,5.707327842712402,-0.7971943616867065
1788594190407666000,1.239666015625,7.86233377456665,5.599588871002197,-0.721477746963501
1788594190417751300,1.249751220703125,8.011298179626465,5.646574974060059,-0.7641992568969727
1788594190427828200,1.259828125,8.09778881072998,5.746084213256836,-0.7735515832901001
1788594190437902800,1.26990283203125,8.010475158691406,5.775487899780273,-0.7467664480209351
1788594190447978500,1.279978515625,7.949273586273193,5.7125654220581055,-0.6358101963996887
1788594190458054400,1.290054443359375,7.949572563171387,5.711069107055664,-0.5761796236038208
1788594190468108300,1.3001083984375,7.912387847900391,5.739500045776367,-0.5686977505683899
1788594190478206000,1.3102060546875,8.073921203613281,5.742268085479736,-0.5167734622955322
1788594190488281300,1.32028125,8.211587905883789,5.724611282348633,-0.47322893142700195
1788594190498336500,1.33033642578125,8.289250373840332,5.701866149902344,-0.4198082983493805
1788594190508433200,1.34043310546875,8.23351001739502,5.679869651794434,-0.36833298206329346
1788594190518508800,1.3505087890625,8.231639862060547,5.907243728637695,-0.45429977774620056
1788594190528585500,1.36058544921875,8.204180717468262,5.8167877197265625,-0.30780455470085144
1788594190538664400,1.37066455078125,8.03232192993164,5.777882099151611,-0.06262333691120148
1788594190548741400,1.380741455078125,7.884929180145264,5.739799499511719,-0.20193594694137573
1788594190558814000,1.39081396484375,7.7177839279174805,5.660641193389893,-0.026186581701040268
1788594190568887800,1.4008876953125,7.627702236175537,5.683385848999023,-0.09733926504850388
1788594190578964000,1.4109638671875,7.560290336608887,5.726706027984619,-0.16048632562160492
1788594190589039400,1.421039306640625,7.492504596710205,5.810503005981445,-0.24338556826114655
1788594190599115000,1.431114990234375,7.68538761138916,5.808333396911621,-0.3802291452884674
1788594190609190700,1.441190673828125,8.151658058166504,5.807360649108887,-0.3330933153629303
1788594190619266300,1.451266357421875,8.465971946716309,5.873650074005127,-0.2240823209285736
1788594190629345000,1.461344970703125,8.450484275817871,5.878288745880127,-0.20133739709854126
1788594190639418400,1.47141845703125,8.272939682006836,5.740472793579102,-0.021098902449011803
1788594190649480000,1.48147998046875,8.050652503967285,5.668497085571289,0.11671733111143112
1788594190659571200,1.4915712890625,7.980772018432617,5.6455278396606445,0.07429507374763489
1788594190669648000,1.50164794921875,7.8553009033203125,5.648595333099365,0.07242459803819656
1788594190679726600,1.5117265625,7.757737159729004,5.721543312072754,-0.003217208432033658
1788594190689799400,1.52179931640625,7.675586223602295,5.8052659034729,-0.08132804185152054
1788594190699851000,1.53185107421875,7.6035356521606445,5.840954303741455,-0.11065700650215149
1788594190709948700,1.54194873046875,7.688305377960205,5.846042156219482,-0.10975918173789978
1788594190720024000,1.552024169921875,7.71239709854126,5.861379623413086,-0.050128597766160965
1788594190730100500,1.5621005859375,7.495646953582764,5.884872913360596,-0.11956045031547546
1788594190740176000,1.57217578125,7.264756202697754,5.830479621887207,-0.1702127754688263
1788594190750251500,1.58225146484375,7.261164665222168,5.816189289093018,-0.18697218596935272
1788594190760328200,1.592328125,7.3623199462890625,5.855020046234131,-0.2265513390302658
1788594190770403300,1.6024033203125,7.476792812347412,5.881730556488037,-0.24241292476654053
1788594190780479000,1.61247900390625,7.787664890289307,5.8885393142700195,-0.17552490532398224
1788594190790557700,1.6225576171875,8.11290168762207,5.897741794586182,-0.11342530697584152
1788594190800619300,1.632619384765625,8.26119327545166,5.863699436187744,-0.12853869795799255
1788594190810725600,1.6427255859375,8.218545913696289,5.821650981903076,-0.11065700650215149
1788594190820782300,1.6527822265625,8.107515335083008,5.711817264556885,-0.17664720118045807
1788594190830854100,1.662854248046875,8.054468154907227,5.630189895629883,-0.12674304842948914
1788594190840933400,1.672933349609375,7.956830024719238,5.719673156738281,-0.1868225485086441
1788594190851009500,1.683009521484375,7.914183139801025,5.796362400054932,-0.25670331716537476
1788594190861085400,1.69308544921875,7.903484344482422,5.825990676879883,-0.21113866567611694
1788594190871160800,1.703160888671875,7.750329971313477,5.865943908691406,-0.19363106787204742
1788594190881236700,1.71323681640625,7.54899263381958,5.915698528289795,-0.2546831965446472
1788594190891312400,1.7233125,7.435417652130127,5.9070940017700195,-0.2876783013343811
1788594190901388000,1.733387939453125,7.491606712341309,5.879934787750244,-0.3167079985141754
1788594190911466000,1.743466064453125,7.6338372230529785,5.860257625579834,-0.3304746448993683
1788594190921541000,1.753541015625,7.823503017425537,5.867290496826172,-0.4016273319721222
1788594190931701200,1.763701171875,8.106766700744629,5.818358898162842,-0.444722980260849
1788594190941699000,1.773698974609375,8.302193641662598,5.7626190185546875,-0.38135144114494324
1788594190951762400,1.783762451171875,8.227898597717285,5.738826751708984,-0.45998600125312805
1788594190961843700,1.79384375,7.981520175933838,5.739425182342529,-0.5187187790870667
1788594190971922400,1.80392236328125,7.867047309875488,5.7043352127075195,-0.5053262114524841
1788594190981998300,1.813998291015625,7.857395648956299,5.726930618286133,-0.46484923362731934
1788594190992074200,1.82407421875,7.917999267578125,5.773766994476318,-0.47075989842414856
1788594191002124500,1.83412451171875,8.005087852478027,5.7790045738220215,-0.4985924959182739
1788594191012226300,1.844226318359375,8.075343132019043,5.716455936431885,-0.37020343542099
1788594191022302000,1.854302001953125,8.14140796661377,5.718700408935547,-0.2892494797706604
1788594191032373200,1.864373291015625,8.00112247467041,5.7602996826171875,-0.34581249952316284
1788594191042449000,1.874448974609375,7.733870029449463,5.749600410461426,-0.5370493531227112
1788594191052525000,1.884525146484375,7.44641637802124,5.6851067543029785,-0.5172224044799805
1788594191062604500,1.8946044921875,7.408857345581055,5.735384941101074,-0.5313631296157837
1788594191072666000,1.904666015625,7.592761993408203,5.787084579467773,-0.47569796442985535
1788594191082752300,1.914752197265625,7.772027492523193,5.79718542098999,-0.4489128291606903
1788594191092830200,1.924830322265625,7.9328131675720215,5.730596542358398,-0.3949684500694275
1788594191102908000,1.934907958984375,7.9479265213012695,5.678822040557861,-0.30211833119392395
1788594191112984000,1.944984130859375,7.854477882385254,5.66924524307251,-0.3711012601852417
1788594191123052500,1.955052490234375,7.886425495147705,5.689895153045654,-0.41285014152526855
1788594191133134800,1.965134765625,7.977106094360352,5.714136600494385,-0.40836101770401
1788594191143185400,1.975185302734375,8.03658676147461,5.719074726104736,-0.4428524971008301
1788594191153287000,1.985286865234375,8.085817337036133,5.686977386474609,-0.4324526786804199
1788594191163379700,1.995379638671875,7.9841389656066895,5.713986873626709,-0.422352135181427
1788594191173434000,2.00543408203125,7.873406887054443,5.683535575866699,-0.38389527797698975
1788594191183510300,2.01551025390625,7.834725856781006,5.699247360229492,-0.4480898082256317
1788594191193593900,2.02559375,7.783923625946045,5.750797748565674,-0.5169231295585632
1788594191203667200,2.035667236328125,7.7346930503845215,5.7544636726379395,-0.5716156363487244
1788594191213741800,2.045741943359375,7.704989910125732,5.722142219543457,-0.5728875994682312
1788594191223815000,2.05581494140625,7.770306587219238,5.70545768737793,-0.5539584159851074
1788594191233892400,2.065892333984375,7.7375359535217285,5.658321857452393,-0.47165772318840027
1788594191243969000,2.075968994140625,7.732298851013184,5.639616966247559,-0.32374095916748047
1788594191254045000,2.086044921875,7.984737396240234,5.659144401550293,-0.2231096774339676
1788594191264120000,2.0961201171875,8.219743728637695,5.6664018630981445,-0.30630818009376526
1788594191274179000,2.106178955078125,8.355315208435059,5.5452704429626465,-0.3480570614337921
1788594191284246000,2.11624609375,8.481459617614746,5.345579147338867,-0.22423195838928223
1788594191294352400,2.126352294921875,8.499266624450684,5.301884651184082,-0.30211833119392395
1788594191304434700,2.1364345703125,8.43200397491455,5.316549301147461,-0.4093336760997772
1788594191314503400,2.14650341796875,8.385092735290527,5.32620096206665,-0.4676175117492676
1788594191324549400,2.15654931640625,8.375066757202148,5.3243303298950195,-0.5678747296333313
1788594191334630700,2.166630615234375,8.195950508117676,5.29155969619751,-0.5900210738182068
1788594191344710100,2.176710205078125,8.034117698669434,5.299864768981934,-0.6943933367729187
1788594191354777300,2.18677734375,8.116718292236328,5.284526824951172,-0.6804770231246948
1788594191364852700,2.196852783203125,8.158391952514648,5.237316131591797,-0.5316624045372009
1788594191374928600,2.2069287109375,8.23006820678711,5.1793317794799805,-0.3471592366695404
1788594191385004500,2.217004638671875,8.377161979675293,5.142446041107178,-0.12173019349575043
1788594191395080200,2.227080078125,8.446444511413574,5.161674499511719,-0.09681553393602371
1788594191405181700,2.237181640625,8.455272674560547,5.084087371826172,-0.10437223315238953
1788594191415257900,2.2472578125,8.409184455871582,4.977919578552246,-0.15607202053070068
1788594191425307100,2.25730712890625,8.274809837341309,4.972083568572998,-0.27974751591682434
1788594191435405600,2.267405517578125,8.23044204711914,4.944849491119385,-0.36092591285705566
1788594191445493800,2.27749365234375,8.289698600769043,4.869581699371338,-0.30548515915870667
1788594191455559400,2.287559326171875,8.30825424194336,4.8226704597473145,-0.24009354412555695
1788594191465636900,2.297636962890625,8.228571891784668,4.802394390106201,-0.24862287938594818
1788594191475731700,2.307731689453125,8.128015518188477,4.821099281311035,-0.2505681812763214
1788594191485783000,2.317782958984375,8.0029935836792,4.909310817718506,-0.2961328327655792
1788594191495876400,2.32787646484375,7.843255043029785,4.987870216369629,-0.36077627539634705
1788594191505937400,2.3379375,7.7563157081604,4.981360912322998,-0.30795419216156006
1788594191516012800,2.3480126953125,7.765069484710693,4.935945987701416,-0.29867666959762573
1788594191526088200,2.358088134765625,7.87310791015625,4.846837043762207,-0.3150619864463806
1788594191536142000,2.36814208984375,7.9858598709106445,4.768426895141602,-0.32785600423812866
1788594191546238000,2.378238037109375,8.258499145507812,4.735057830810547,-0.33780691027641296
1788594191556314000,2.388314208984375,8.497321128845215,4.733710765838623,-0.37334582209587097
1788594191566389500,2.398389404296875,8.5927152633667,4.73303747177124,-0.4106804132461548
1788594191576444200,2.408444091796875,8.454299926757812,4.706252574920654,-0.40791210532188416
1788594191586519600,2.41851953125,8.258424758911133,4.669890403747559,-0.4455459713935852
1788594191596595000,2.428594970703125,8.22924518585205,4.6728081703186035,-0.5588964819908142
1788594191606671400,2.43867138671875,8.3992338180542,4.7241339683532715,-0.665513277053833
1788594191616768500,2.4487685546875,8.399308204650879,4.882151126861572,-0.9512462615966797
1788594191626849500,2.458849609375,8.257002830505371,4.915595531463623,-1.0365396738052368
1788594191636920600,2.468920654296875,7.970671653747559,4.678868770599365,-0.7382371425628662
1788594191646996000,2.478995849609375,7.825822353363037,4.866364479064941,-1.0662428140640259
1788594191657071600,2.489071533203125,7.836970329284668,4.933701515197754,-1.1471219062805176
1788594191667128600,2.499128662109375,8.069432258605957,4.659565448760986,-0.8616881370544434
1788594191677223200,2.50922314453125,8.295235633850098,4.729146957397461,-0.7690624594688416
1788594191687298800,2.519298828125,8.464251518249512,4.820650100708008,-0.782380223274231
1788594191697354000,2.52935400390625,8.585831642150879,4.779724597930908,-0.6493523716926575
1788594191707451000,2.539450927734375,8.640374183654785,4.795810222625732,-0.6807762980461121
1788594191717527000,2.549527099609375,8.532635688781738,4.898985385894775,-0.8445546627044678
1788594191727601700,2.5596015625,8.464101791381836,4.892177104949951,-0.9493758082389832
1788594191737666000,2.569666015625,8.47667121887207,4.775235176086426,-0.9680056571960449
1788594191747753000,2.5797529296875,8.484526634216309,4.696301460266113,-0.9433154463768005
1788594191757831400,2.58983154296875,8.441805839538574,4.670863151550293,-0.9074772596359253
1788594191767904500,2.599904541015625,8.367585182189941,4.582876205444336,-0.8073697090148926
1788594191777981000,2.60998095703125,8.154426574707031,4.5883378982543945,-0.6334159970283508
1788594191788056600,2.620056640625,7.954136371612549,4.450372219085693,-0.494253009557724
1788594191798132000,2.630132080078125,7.5650787353515625,3.596764326095581,0.4961234927177429
1788594191808208100,2.6402080078125,7.614983081817627,3.699490547180176,0.3125929534435272
1788594191818284000,2.650283935546875,7.418434143066406,4.0947585105896,-0.03681085258722305
1788594191828364000,2.660364013671875,7.288473606109619,4.609661102294922,-0.8132055997848511
1788594191838435600,2.670435546875,7.707982540130615,5.008969306945801,-1.273640513420105
1788594191848511000,2.680510986328125,8.106616973876953,5.275698184967041,-1.513733983039856
1788594191858587100,2.690587158203125,8.362347602844238,5.20289945602417,-1.3491326570510864
1788594191868665900,2.700665771484375,8.295011520385742,4.963254928588867,-1.1895442008972168
1788594191878742500,2.710742431640625,8.053121566772461,4.724358558654785,-1.134926438331604
1788594191888816600,2.720816650390625,7.768660545349121,4.590432643890381,-1.0831518173217773
1788594191898890000,2.730889892578125,7.528791904449463,4.592752456665039,-1.0081833600997925
1788594191908966100,2.740966064453125,7.3670334815979,4.712462425231934,-0.9329156279563904
1788594191919041500,2.75104150390625,7.319523334503174,4.748674392700195,-0.8191162347793579
1788594191929117200,2.7611171875,7.38132381439209,4.707674026489258,-0.6954407691955566
1788594191939193000,2.771193115234375,7.562385559082031,4.636371612548828,-0.6451625227928162
1788594191949268500,2.7812685546875,7.609820365905762,4.502894878387451,-0.5354033708572388
1788594191959348000,2.791347900390625,7.379827499389648,4.417227268218994,-0.5242553353309631
1788594191969420300,2.801420166015625,7.526173114776611,4.575095176696777,-0.6911761164665222
1788594191979496400,2.811496337890625,7.815796852111816,4.746729373931885,-0.8692448735237122
1788594191989582600,2.82158251953125,8.133776664733887,4.858209133148193,-0.9498994946479797
1788594191999668700,2.831668701171875,8.383746147155762,4.873023509979248,-0.8684218525886536
1788594192009726200,2.841726318359375,8.717886924743652,4.851999282836914,-0.728884756565094
1788594192019801900,2.8518017578125,9.129240989685059,4.801870822906494,-0.45736733078956604
1788594192029854000,2.86185400390625,9.139790534973145,4.739397048950195,-0.3729717433452606
1788594192039950800,2.871950927734375,8.942268371582031,4.712911128997803,-0.23747487366199493
1788594192050026500,2.882026611328125,8.592041969299316,4.654702186584473,-0.08716390281915665
1788594192060102400,2.892102294921875,8.246528625488281,4.748749256134033,-0.26919806003570557
1788594192070168300,2.902168212890625,7.923610687255859,4.791919708251953,-0.5315876007080078
1788594192080254500,2.91225439453125,8.01488971710205,4.911854267120361,-0.7784896492958069
1788594192090330600,2.92233056640625,8.201188087463379,5.08378791809082,-1.0910825729370117
1788594192100405200,2.9324052734375,8.362946510314941,5.185018062591553,-1.374197006225586
1788594192110482000,2.94248193359375,8.560243606567383,5.151723384857178,-1.2523170709609985
1788594192120559600,2.9525595703125,8.83123779296875,5.030517101287842,-0.9519196152687073
1788594192130632700,2.9626328125,8.976012229919434,4.909534931182861,-0.5662286877632141
1788594192140725800,2.972725830078125,9.08255386352539,4.897563934326172,-0.2611176371574402
1788594192150785000,2.982784912109375,9.127594947814941,5.042712688446045,0.11559505015611649
1788594192160846000,2.99284619140625,9.01671314239502,5.160552024841309,0.3446902334690094
1788594192170936000,3.00293603515625,8.829292297363281,5.185990333557129,0.1521066278219223
1788594192181011700,3.01301171875,8.61935043334961,4.925995349884033,0.37723639607429504
1788594192191087600,3.023087646484375,8.435819625854492,5.091943264007568,0.1273415982723236
1788594192201163000,3.0331630859375,8.183156967163086,5.158232688903809,-0.1662473827600479
1788594192211239000,3.043239013671875,7.761552810668945,4.969016075134277,-0.1429039090871811
1788594192221314600,3.053314453125,7.61797571182251,4.874819278717041,-0.04967968538403511
1788594192231390500,3.063390380859375,7.7159881591796875,4.970138072967529,-0.16303017735481262
1788594192241466600,3.073466552734375,8.230517387390137,4.934449672698975,-0.058957215398550034
1788594192251545300,3.08354541015625,8.827945709228516,4.721664905548096,0.1669207513332367
1788594192261714000,3.0937138671875,9.323470115661621,4.574047565460205,0.40297406911849976
1788594192271690200,3.103690185546875,9.476175308227539,4.473042011260986,0.6205471754074097
1788594192281774600,3.113774658203125,9.285238265991211,4.474463939666748,0.6702268123626709
1788594192291845600,3.123845703125,8.973767280578613,4.5144171714782715,0.8089408874511719
1788594192301924900,3.1339248046875,8.56076717376709,4.537386417388916,0.9276783466339111
1788594192312001800,3.144001708984375,8.316484451293945,4.512022972106934,1.0407295227050781
1788594192322076000,3.154075927734375,8.125322341918945,4.435184001922607,1.2069768905639648
1788594192332150000,3.16414990234375,7.865850448608398,4.381014823913574,1.3402292728424072
1788594192342228000,3.17422802734375,7.626804351806641,4.351686000823975,1.2884546518325806
1788594192352284400,3.184284423828125,7.394641399383545,4.387449264526367,1.0669909715652466
1788594192362354200,3.194354248046875,7.1973443031311035,4.3704657554626465,0.7464671730995178
1788594192372456200,3.204456298828125,7.115866661071777,4.3232550621032715,0.36332011222839355
1788594192382532000,3.214531982421875,7.215226173400879,4.313079357147217,-0.13497312366962433
1788594192392606700,3.224606689453125,7.504026889801025,4.390741348266602,-0.6227917075157166
1788594192402682400,3.234682373046875,8.028282165527344,4.470199108123779,-0.8274211287498474
1788594192412759300,3.24475927734375,8.472929954528809,4.212747573852539,-0.6298995018005371
1788594192422837500,3.25483740234375,8.922516822814941,3.5051112174987793,0.003441664855927229
1788594192432910300,3.264910400390625,9.009979248046875,3.218106269836426,0.186074361205101
1788594192442986500,3.274986572265625,8.703895568847656,3.200449228286743,0.3770119547843933
1788594192453062400,3.2850625,8.69559097290039,2.6274118423461914,1.6790087223052979
1788594192463138000,3.295137939453125,8.60423755645752,2.79089093208313,2.3237972259521484
1788594192473213000,3.305212890625,8.343792915344238,3.224465847015381,2.15029239654541
1788594192483289900,3.315289794921875,8.328454971313477,3.6448729038238525,1.4756512641906738
1788594192493365800,3.32536572265625,8.25423526763916,3.9740755558013916,0.6036381125450134
1788594192503440100,3.335440185546875,8.196624755859375,4.119373798370361,-0.0293289702385664
1788594192513517000,3.34551708984375,8.344765663146973,4.132317543029785,-0.13594576716423035
1788594192523591700,3.355591796875,8.581043243408203,4.068122863769531,-0.040476974099874496
1788594192533667600,3.36566748046875,9.467347145080566,4.097526550292969,0.20702363550662994
1788594192543736300,3.375736328125,10.300529479980469,4.200926303863525,0.44187983870506287
1788594192553820400,3.3858203125,10.065896987915039,4.056750297546387,0.6617723107337952
1788594192563895300,3.395895263671875,9.215058326721191,3.6985926628112793,1.1729344129562378
1788594192573971200,3.40597119140625,8.352472305297852,3.3092355728149414,1.6912041902542114
1788594192584047000,3.416047119140625,8.018181800842285,2.958634853363037,2.033350706100464
1788594192594123500,3.42612353515625,8.301594734191895,2.6548705101013184,2.283918857574463
1788594192604179500,3.436179443359375,8.360103607177734,2.6634745597839355,2.286088466644287
1788594192614249000,3.4462490234375,7.9432878494262695,2.8387749195098877,2.0498106479644775
1788594192624349700,3.456349609375,7.539041996002197,3.0254478454589844,1.7072902917861938
1788594192634442000,3.46644189453125,7.396586894989014,3.267636299133301,1.2029367685317993
1788594192644514800,3.476514892578125,8.116044044494629,3.5838205814361572,0.6346879005432129
1788594192654551600,3.486551513671875,9.182886123657227,4.0084919929504395,-0.10863690078258514
1788594192664627700,3.496627685546875,10.499322891235352,4.39156436920166,-0.9403226971626282
1788594192674703600,3.50670361328125,12.057049751281738,4.4915971755981445,-2.027963638305664
1788594192684784600,3.51678466796875,12.844143867492676,4.417077541351318,-2.9781625270843506
1788594192694855000,3.52685498046875,12.842048645019531,4.492046356201172,-3.6057426929473877
1788594192704931000,3.53693115234375,12.272153854370117,4.006546974182129,-3.2288055419921875
1788594192715006500,3.54700634765625,11.924546241760254,3.015796422958374,-2.004096508026123
1788594192725082400,3.557082275390625,11.718420028686523,2.401459217071533,-1.1778724193572998
1788594192735158000,3.567157958984375,10.962450981140137,2.2498762607574463,-1.0443956851959229
1788594192745233700,3.577233642578125,10.269254684448242,2.269329071044922,-1.5884779691696167
1788594192755335700,3.587335693359375,9.433005332946777,2.3063645362854004,-2.3850739002227783
1788594192765411300,3.597411376953125,8.500389099121094,2.3552958965301514,-3.2456395626068115
1788594192775487200,3.6074873046875,8.126818656921387,2.547804594039917,-4.453888416290283
1788594192785561300,3.617561279296875,8.2057523727417,2.8003182411193848,-5.396081924438477
1788594192795638800,3.627638671875,8.470311164855957,2.8984804153442383,-5.936198711395264
1788594192805714400,3.63771435546875,8.618602752685547,2.6531496047973633,-5.978695869445801
1788594192815790300,3.647790283203125,8.612915992736816,2.318185806274414,-5.881281852722168
1788594192825866000,3.657865966796875,8.865055084228516,2.143334150314331,-5.850905418395996
1788594192835942000,3.66794189453125,9.417966842651367,2.174758195877075,-5.877017021179199
1788594192846017300,3.678017333984375,10.421062469482422,2.215758800506592,-5.935600280761719
1788594192856093400,3.688093505859375,10.747945785522461,2.1391444206237793,-5.896694183349609
1788594192866170400,3.69817041015625,10.497676849365234,2.001178503036499,-5.9537811279296875
1788594192876245200,3.708245361328125,9.844733238220215,1.9757400751113892,-6.123320579528809
1788594192886320400,3.7183203125,9.140538215637207,2.0329017639160156,-6.125041484832764
1788594192896395800,3.728395751953125,8.495450973510742,2.0872201919555664,-5.759326934814453
1788594192906472200,3.73847216796875,8.174477577209473,2.4601919651031494,-5.12695837020874
1788594192916548000,3.748548095703125,7.660846710205078,2.7216835021972656,-4.676773548126221
1788594192926623500,3.75862353515625,6.945205211639404,2.481440305709839,-4.475885391235352
1788594192936699600,3.76869970703125,6.146514415740967,2.0923078060150146,-4.627617835998535
1788594192946775300,3.778775390625,5.874547958374023,2.17535662651062,-4.931830883026123
1788594192956851200,3.788851318359375,5.8488850593566895,2.474257707595825,-5.690718173980713
1788594192966926300,3.79892626953125,5.79142427444458,2.7689690589904785,-6.3372273445129395
1788594192977003300,3.809003173828125,5.962759494781494,2.9438953399658203,-6.773944854736328
1788594192987078100,3.819078125,6.276249885559082,2.866457939147949,-7.057358264923096
1788594192997166800,3.829166748046875,6.944681167602539,2.519822359085083,-7.250166416168213
1788594193007230500,3.83923046875,7.9176249504089355,2.247781276702881,-7.552584171295166
1788594193017280500,3.849280517578125,8.602665901184082,2.23124623298645,-8.01616096496582
1788594193027355100,3.859355224609375,8.862287521362305,2.516904592514038,-8.324938774108887
1788594193037457200,3.86945703125,8.878448486328125,2.8557589054107666,-8.233659744262695
1788594193047532300,3.8795322265625,9.012823104858398,3.123460531234741,-7.7218241691589355
1788594193057608400,3.8896083984375,9.420061111450195,3.297938108444214,-6.996530532836914
1788594193067683800,3.899683837890625,9.611448287963867,3.384578227996826,-6.304381847381592
1788594193077760500,3.909760498046875,9.33588981628418,3.5109472274780273,-5.8221001625061035
1788594193087836000,3.9198359375,8.461932182312012,3.5412487983703613,-5.37326192855835
1788594193097911300,3.929911376953125,7.4660186767578125,3.1687259674072266,-4.731466293334961
1788594193107988000,3.939988037109375,6.208913326263428,3.5110220909118652,-5.057900905609131
1788594193118063600,3.950063720703125,3.4868555068969727,3.8889317512512207,-5.884798049926758
1788594193128139000,3.960138916015625,-0.4537760317325592,4.982333660125732,-8.016610145568848
1788594193138215200,3.970215087890625,-0.3886836767196655,6.199560642242432,-9.561393737792969
1788594193148290300,3.980290283203125,0.7939023375511169,6.0149827003479,-8.849343299865723
1788594193158366700,3.99036669921875,3.0249991416931152,4.597316265106201,-6.859836578369141
1788594193168442000,4.000442138671875,4.753462791442871,3.885938882827759,-6.672041416168213
1788594193178518300,4.010518310546875,6.562506675720215,3.8763620853424072,-7.463474750518799
1788594193188594000,4.020593994140625,6.5417070388793945,3.944746494293213,-7.983615398406982
1788594193198643500,4.0306435546875,5.877690315246582,3.960383653640747,-8.690129280090332
1788594193208745500,4.040745361328125,5.55746603012085,3.716923236846924,-8.511087417602539
1788594193218821400,4.0508212890625,5.552901744842529,3.142913579940796,-7.710526466369629
1788594193228896300,4.060896240234375,5.723713397979736,2.329932451248169,-6.777012348175049
1788594193238973200,4.07097314453125,5.587767601013184,1.2550106048583984,-6.232630729675293
1788594193249048000,4.081048095703125,5.040767192840576,2.0797383785247803,-7.619546890258789
1788594193259124500,4.09112451171875,4.678868770599365,3.110666513442993,-9.019257545471191
1788594193269174300,4.10117431640625,4.3756279945373535,4.022857189178467,-10.28249740600586
1788594193279275800,4.11127587890625,4.013430118560791,4.5988874435424805,-10.820145606994629
1788594193289352000,4.12135205078125,3.4940381050109863,5.590012073516846,-10.89414119720459
1788594193299426800,4.1314267578125,2.9730746746063232,6.360795497894287,-10.852317810058594
1788594193309503500,4.14150341796875,2.6302549839019775,4.578835964202881,-8.641945838928223
1788594193319579100,4.1515791015625,3.422436475753784,3.253046751022339,-6.507814407348633
1788594193329660400,4.161660400390625,4.165611743927002,3.5154361724853516,-6.137984752655029
1788594193339730400,4.17173046875,5.332934856414795,4.46054744720459,-5.600337028503418
1788594193349784800,4.181784912109375,4.429647445678711,5.042113780975342,-5.281010627746582
1788594193359883000,4.191883056640625,2.09904146194458,7.472602844238281,-7.7451677322387695
1788594193369958000,4.2019580078125,1.8732383251190186,7.548020362854004,-8.158167839050293
1788594193380034000,4.212033935546875,1.7046716213226318,5.5353193283081055,-7.382371425628662
1788594193390109700,4.222109619140625,2.9246671199798584,4.004526615142822,-8.229619026184082
1788594193400184000,4.23218408203125,2.3931541442871094,4.253823280334473,-9.637784004211426
1788594193410261200,4.24226123046875,2.600177764892578,3.8657379150390625,-9.06871223449707
1788594193420337000,4.2523369140625,2.528052568435669,3.8863131999969482,-9.396642684936523
1788594193430411800,4.262411865234375,2.97434663772583,3.6910359859466553,-8.747514724731445
1788594193440488400,4.272488525390625,2.8632407188415527,4.434435844421387,-8.216675758361816
1788594193450563000,4.28256298828125,2.5948657989501953,5.223474502563477,-8.303465843200684
1788594193460640000,4.292639892578125,2.888753890991211,5.7328410148620605,-8.646958351135254
1788594193470715000,4.30271484375,2.31758713722229,5.481823921203613,-9.012598037719727
1788594193480791600,4.31279150390625,1.577479600906372,4.983006954193115,-8.75656795501709
1788594193490840800,4.3228408203125,1.3361890316009521,4.18072509765625,-8.318055152893066
1788594193500942000,4.332942138671875,1.527949571609497,3.5092263221740723,-8.61119556427002
1788594193511019000,4.34301904296875,1.9752912521362305,3.057245969772339,-8.893486976623535
1788594193521095000,4.353094970703125,3.159224033355713,2.9990367889404297,-9.269675254821777
1788594193531145200,4.363145263671875,3.1803977489471436,3.5983355045318604,-10.326790809631348
1788594193541246500,4.37324658203125,2.660407066345215,4.671236991882324,-10.955567359924316
1788594193551320800,4.38332080078125,2.5848400592803955,5.462820053100586,-10.942848205566406
1788594193561396700,4.393396728515625,2.1945102214813232,5.529932498931885,-10.291850090026855
1788594193571473400,4.403473388671875,2.0225019454956055,5.344606399536133,-9.243863105773926
1788594193581549600,4.413549560546875,2.2590789794921875,5.405359268188477,-8.366911888122559
1788594193591625200,4.423625244140625,2.488847494125366,5.336675643920898,-7.861959934234619
1788594193601699600,4.433699462890625,2.8178257942199707,4.6489410400390625,-7.692495346069336
1788594193611776500,4.443776611328125,2.1418378353118896,4.203021049499512,-6.955530166625977
1788594193621852700,4.453852783203125,1.108141303062439,3.8307974338531494,-5.941061973571777
1788594193631927300,4.46392724609375,2.437147617340088,4.381314277648926,-6.135516166687012
1788594193641977600,4.4739775390625,5.119775772094727,6.033912181854248,-5.554323673248291
1788594193652078600,4.48407861328125,5.093664169311523,6.946327209472656,-5.530381679534912
1788594193662155500,4.494155517578125,5.779303550720215,7.205125331878662,-1.7958009243011475
1788594193672230700,4.504230712890625,5.983109951019287,6.8547492027282715,2.0567688941955566
1788594193682307000,4.51430712890625,3.853692054748535,6.144793510437012,1.7949779033660889
1788594193692373500,4.52437353515625,1.4472200870513916,7.465868949890137,-3.9591116905212402
1788594193702457600,4.53445751953125,-1.8666542768478394,8.755146980285645,-12.239832878112793
1788594193712534300,4.5445341796875,-3.8902785778045654,7.275081157684326,-14.774469375610352
1788594193722609700,4.554609619140625,-1.7142484188079834,5.161674499511719,-9.970802307128906
1788594193732684800,4.564684814453125,3.4815433025360107,3.8391025066375732,-3.8215200901031494
1788594193742762000,4.574761962890625,3.674351453781128,4.4957122802734375,-3.841496706008911
1788594193752836600,4.584836669921875,5.297395706176758,5.748328685760498,-1.9523966312408447
1788594193762912000,4.594912109375,5.173870086669922,7.448136806488037,-2.2666356563568115
1788594193772988400,4.604988525390625,0.9614216089248657,8.925209999084473,-7.124695301055908
1788594193783064800,4.61506494140625,-2.7368717193603516,8.452130317687988,-11.28215217590332
1788594193793140700,4.625140625,-0.337133526802063,6.284480094909668,-9.009156227111816
1788594193803215000,4.635215087890625,3.418545961380005,5.098527431488037,-4.847435474395752
1788594193813292000,4.6452919921875,1.772233009338379,5.179107189178467,-4.962431907653809
1788594193823368200,4.6553681640625,1.2288988828659058,5.905074119567871,-5.95946741104126
1788594193833443600,4.665443603515625,1.5539865493774414,6.167912483215332,-5.293130874633789
1788594193843519700,4.675519775390625,1.7473183870315552,7.007604122161865,-4.682983875274658
1788594193853594400,4.685594482421875,0.3635445535182953,6.780529022216797,-6.08052396774292
1788594193863644700,4.695644775390625,0.04578910768032074,6.431125164031982,-7.0995564460754395
1788594193873747500,4.70574755859375,1.9119197130203247,7.084816932678223,-6.991143703460693
1788594193883822600,4.715822509765625,2.362628221511841,7.6168532371521,-6.79047966003418
1788594193893897200,4.725897216796875,1.7996166944503784,7.093720436096191,-6.523601055145264
1788594193903973000,4.73597314453125,1.6295535564422607,6.411672115325928,-5.496114253997803
1788594193914050000,4.746050048828125,0.829441249370575,6.018199920654297,-4.38116455078125
1788594193924126200,4.756126220703125,1.4318822622299194,6.1641716957092285,-4.912827014923096
1788594193934178800,4.7661787109375,0.5636100172996521,6.183250427246094,-5.059845924377441
1788594193944253000,4.7762529296875,0.6927472949028015,5.570858478546143,-4.5919294357299805
1788594193954351900,4.786351806640625,1.752031922340393,4.7998504638671875,-3.973177671432495
1788594193964403200,4.7964033203125,3.042581558227539,5.376404285430908,-5.297770023345947
1788594193974515000,4.806514892578125,1.9645920991897583,6.269067287445068,-5.660341739654541
1788594193984553700,4.8165537109375,2.710386037826538,7.962291717529297,-6.616675853729248
1788594193994630400,4.82663037109375,2.432508945465088,7.985785007476807,-10.142362594604492
1788594194004705800,4.836705810546875,0.38239890336990356,8.37177562713623,-12.965649604797363
1788594194014781700,4.84678173828125,-0.8441057205200195,7.952939510345459,-11.855113983154297
1788594194024865500,4.856865478515625,-1.5528643131256104,7.055038928985596,-9.241169929504395
1788594194034938400,4.8669384765625,-2.9293057918548584,6.387730121612549,-5.720870018005371
1788594194045009400,4.877009521484375,-7.530363082885742,6.373963356018066,-1.7548750638961792
1788594194055084800,4.887084716796875,-8.223933219909668,5.722665786743164,0.09142857789993286
1788594194065186000,4.89718603515625,-6.511031627655029,4.803516864776611,0.25430911779403687
1788594194075262500,4.907262451171875,-4.955922603607178,4.189254283905029,0.026635494083166122
1788594194085337600,4.917337646484375,-2.5054571628570557,4.011110782623291,-0.5161749124526978
1788594194095413800,4.927413818359375,7.108160495758057,5.157259941101074,-2.8300211429595947
1788594194105463800,4.9374638671875,9.14921760559082,6.174720764160156,-3.4116625785827637
1788594194115565300,4.9475654296875,3.6658220291137695,6.680121898651123,1.1812392473220825
1788594194125640700,4.957640625,6.099677562713623,9.587281227111816,5.885172367095947
1788594194135717000,4.967717041015625,6.029722213745117,14.790105819702148,11.8487548828125
1788594194145766700,4.9777666015625,0.6571335196495056,19.66926383972168,15.254581451416016
1788594194155868400,4.987868408203125,-0.7684639096260071,23.330448150634766,15.188366889953613
1788594194165943800,4.99794384765625,0.4672434329986572,25.792884826660156,9.809418678283691
1788594194176020000,5.00802001953125,1.27191960811615,23.46482276916504,-1.255609154701233
1788594194186095900,5.018095947265625,1.3186066150665283,17.32923126220703,-8.403573036193848
1788594194196145200,5.028145263671875,1.764526605606079,11.274894714355469,-9.368062019348145
1788594194206247200,5.0382470703125,1.4131776094436646,7.741052627563477,-7.459434509277344
1788594194216323000,5.048322998046875,0.7488613724708557,5.916820526123047,-4.020687580108643
1788594194226372600,5.05837255859375,0.7012017965316772,5.865270614624023,-0.38292261958122253
1788594194236474600,5.068474609375,1.5120131969451904,7.042020797729492,1.9769372940063477
1788594194246550300,5.07855029296875,1.8592472076416016,8.665214538574219,1.563787817955017
1788594194256626200,5.088626220703125,1.5765818357467651,9.804255485534668,-0.12337620556354523
1788594194266701300,5.098701416015625,1.0905588865280151,9.97835922241211,-0.8596680760383606
1788594194276789000,5.1087890625,0.5836614966392517,9.68117904663086,-0.5703437328338623
1788594194286852900,5.118852783203125,0.18966566026210785,9.496376991271973,-0.42669162154197693
1788594194296929500,5.128929443359375,-0.020799627527594566,9.384148597717285,-0.3643675744533539
1788594194307005400,5.13900537109375,-0.17919103801250458,8.665738105773926,0.31184476613998413
1788594194317080800,5.149080810546875,0.6973112225532532,8.048258781433105,0.9021651148796082
1788594194327155500,5.159155517578125,0.93388831615448,7.936105251312256,1.2624925374984741
1788594194337232400,5.169232421875,1.7080384492874146,7.694066524505615,1.941173791885376
1788594194347304700,5.1793046875,3.1133599281311035,8.797493934631348,0.9374048113822937
1788594194357357300,5.189357421875,2.030881643295288,10.298883438110352,-1.3811551332473755
1788594194367459600,5.19945947265625,0.6239888072013855,11.52037525177002,-3.439345598220825
1788594194377535000,5.209534912109375,1.069908857345581,12.106431007385254,-4.642656326293945
1788594194387611400,5.219611328125,0.6070049405097961,12.225467681884766,-5.11304235458374
1788594194397693400,5.229693359375,-0.13684359192848206,11.7116117477417,-4.671162128448486
1788594194407763000,5.239762939453125,-0.3413233757019043,10.382530212402344,-2.39928936958313
1788594194417838600,5.249838623046875,-0.15442600846290588,9.492560386657715,-0.6686556339263916
1788594194427913700,5.259913818359375,0.40873512625694275,9.190442085266113,-0.7439981698989868
1788594194437963500,5.269963623046875,1.0871920585632324,9.378686904907227,-1.3234697580337524
1788594194448065000,5.28006494140625,0.9900771975517273,9.523835182189941,-1.4612112045288086
1788594194458141700,5.2901416015625,0.6001216173171997,9.594015121459961,-1.456946611404419
1788594194468216600,5.300216552734375,0.5696703791618347,9.696741104125977,-1.6950948238372803
1788594194478269200,5.310269287109375,0.769661009311676,9.737442970275879,-1.8102409839630127
1788594194488368600,5.32036865234375,1.0736498832702637,9.689409255981445,-1.7723077535629272
1788594194498444000,5.330444091796875,1.3503297567367554,9.60067367553711,-1.740360140800476
1788594194508520400,5.3405205078125,1.4404115676879883,9.515081405639648,-1.7542765140533447
1788594194518596000,5.35059619140625,1.3757681846618652,9.491289138793945,-1.8293945789337158
1788594194528645400,5.360645263671875,1.221491813659668,9.513360023498535,-1.8475006818771362
1788594194538748200,5.370748046875,1.0883142948150635,9.585860252380371,-1.8692729473114014
1788594194548823300,5.3808232421875,1.00788414478302,9.6571626663208,-1.8555063009262085
1788594194558872800,5.390872802734375,0.9816974997520447,9.710283279418945,-1.7488895654678345
1788594194568975600,5.4009755859375,0.983418345451355,9.72517204284668,-1.6198270320892334
1788594194579050200,5.41105029296875,0.9990555047988892,9.76781940460205,-1.5432873964309692
1788594194589127200,5.421127197265625,0.9919477105140686,9.784278869628906,-1.4966005086898804
1788594194599202300,5.431202392578125,0.9704747200012207,9.796026229858398,-1.4737807512283325
1788594194609278700,5.44127880859375,0.984839916229248,9.75517463684082,-1.4617350101470947
1788594194619354000,5.45135400390625,0.992321789264679,9.713351249694824,-1.4607622623443604
1788594194629429000,5.461428955078125,1.0046669244766235,9.66075325012207,-1.4371943473815918
1788594194639505400,5.47150537109375,1.0048165321350098,9.640477180480957,-1.4432547092437744
1788594194649580800,5.481580810546875,1.0277858972549438,9.607033729553223,-1.4315829277038574
1788594194659657500,5.491657470703125,1.058835744857788,9.613094329833984,-1.4233529567718506
1788594194669732000,5.501732177734375,1.0851719379425049,9.62611198425293,-1.3887118101119995
1788594194679808300,5.511808349609375,1.1112089157104492,9.660902976989746,-1.3934253454208374
1788594194689884700,5.521884765625,1.1278185844421387,9.687164306640625,-1.381454348564148
1788594194699959800,5.531959716796875,1.1313351392745972,9.6896333694458,-1.3909564018249512
1788594194710036500,5.542036376953125,1.1362731456756592,9.687089920043945,-1.3599814176559448
1788594194720111900,5.55211181640625,1.1470470428466797,9.672874450683594,-1.3768155574798584
1788594194730161400,5.562161376953125,1.1650784015655518,9.645565032958984,-1.3913304805755615
1788594194740263200,5.57226318359375,1.1596914529800415,9.564311981201172,-1.3905823230743408
1788594194750339000,5.582339111328125,1.1324573755264282,9.502212524414062,-1.415871024131775
1788594194760414000,5.5924140625,1.1228805780410767,9.472583770751953,-1.4648773670196533
1788594194770491000,5.602490966796875,1.1409119367599487,9.46450424194336,-1.4996681213378906
1788594194780540700,5.612540771484375,1.12736976146698,9.492186546325684,-1.5520412921905518
1788594194790616600,5.622616455078125,1.1543045043945312,9.539097785949707,-1.5937153100967407
1788594194800692200,5.632692138671875,1.1789199113845825,9.581221580505371,-1.643694281578064
1788594194810769200,5.64276904296875,1.2409446239471436,9.60179615020752,-1.6414496898651123
1788594194820869600,5.65286962890625,1.2758102416992188,9.599252700805664,-1.595062017440796
1788594194830944500,5.662944580078125,1.311723232269287,9.619453430175781,-1.5497218370437622
1788594194841021200,5.673021240234375,1.329604983329773,9.640926361083984,-1.5293711423873901
1788594194851096600,5.6830966796875,1.372625708580017,9.655291557312012,-1.481935977935791
1788594194861169000,5.6931689453125,1.3526490926742554,9.648932456970215,-1.419836401939392
1788594194871248600,5.70324853515625,1.3314006328582764,9.639056205749512,-1.364844560623169
1788594194881323500,5.713323486328125,1.3244425058364868,9.641151428222656,-1.3135188817977905
1788594194891373800,5.723373779296875,1.290250301361084,9.619229316711426,-1.2585270404815674
1788594194901475300,5.733475341796875,1.2414684295654297,9.608156204223633,-1.2285995483398438
1788594194911525400,5.743525390625,1.2487257719039917,9.603292465209961,-1.2071266174316406
1788594194921627600,5.753627685546875,1.273864984512329,9.60448932647705,-1.1953052282333374
1788594194931702000,5.763701904296875,1.3022960424423218,9.585335731506348,-1.1846809387207031
1788594194941779200,5.773779296875,1.356390118598938,9.573365211486816,-1.1383681297302246
1788594194951854300,5.783854248046875,1.4508113861083984,9.56289005279541,-1.1328314542770386
1788594194961929500,5.793929443359375,1.5237597227096558,9.569025993347168,-1.1127800941467285
1788594194972006700,5.804006591796875,1.5848119258880615,9.57516098022461,-1.0902595520019531
1788594194982080800,5.814080810546875,1.6207249164581299,9.571569442749023,-1.072527527809143
1788594194992157200,5.8241572265625,1.6074072122573853,9.595511436462402,-1.0830769538879395
1788594195002232800,5.83423291015625,1.5129109621047974,9.596409797668457,-1.0982651710510254
1788594195012309500,5.8443095703125,1.4183400869369507,9.601346969604492,-1.12235689163208
1788594195022385400,5.854385498046875,1.3154641389846802,9.611746788024902,-1.1290156841278076
1788594195032460500,5.86446044921875,1.2472294569015503,9.63179874420166,-1.1275193691253662
1788594195042536400,5.874536376953125,1.1838579177856445,9.634042739868164,-1.1379940509796143
1788594195052612400,5.8846123046875,1.1240029335021973,9.64107608795166,-1.1532570123672485
1788594195062662700,5.89466259765625,1.1274445056915283,9.663745880126953,-1.1531074047088623
1788594195072764000,5.904763916015625,1.1536310911178589,9.65918254852295,-1.1723358631134033
1788594195082839300,5.91483935546875,1.1860276460647583,9.638980865478516,-1.1773487329483032
1788594195092915000,5.9249150390625,1.222614049911499,9.618406295776367,-1.1840075254440308
1788594195102992000,5.934991943359375,1.2402713298797607,9.597381591796875,-1.2678046226501465
1788594195113066800,5.945066650390625,1.2437130212783813,9.589301109313965,-1.3108254671096802
1788594195123142700,5.955142578125,1.213635802268982,9.579949378967285,-1.3680617809295654
1788594195133217800,5.9652177734375,1.18827223777771,9.594388961791992,-1.4144494533538818
1788594195143268600,5.9752685546875,1.1676222085952759,9.60411548614502,-1.4632313251495361
1788594195153370600,5.98537060546875,1.1411364078521729,9.619752883911133,-1.4929343461990356
1788594195163445200,5.9954453125,1.1192145347595215,9.653271675109863,-1.530867576599121
1788594195173522000,6.00552197265625,1.1153987646102905,9.66299819946289,-1.502660870552063
1788594195183597800,6.015597900390625,1.1238532066345215,9.659406661987305,-1.4943559169769287
1788594195193672400,6.02567236328125,1.1254243850708008,9.642422676086426,-1.4395885467529297
1788594195203749400,6.035749267578125,1.1231799125671387,9.648183822631836,-1.3953707218170166
1788594195213825000,6.045824951171875,1.1124807596206665,9.668235778808594,-1.3581857681274414
1788594195223876000,6.0558759765625,1.0729764699935913,9.6965913772583,-1.3292309045791626
1788594195233976800,6.065976806640625,1.0538976192474365,9.713126182556152,-1.30042564868927
1788594195244052200,6.07605224609375,1.028908133506775,9.718737602233887,-1.2609212398529053
1788594195254127400,6.08612744140625,0.9999533295631409,9.694197654724121,-1.2375030517578125
1788594195264178700,6.0961787109375,0.9666589498519897,9.689184188842773,-1.2218658924102783
1788594195274258400,6.106258544921875,0.9513959288597107,9.660379409790039,-1.1992706060409546
1788594195284354800,6.116354736328125,0.9969605803489685,9.650876998901367,-1.1791443824768066
1788594195294441500,6.12644140625,1.0316016674041748,9.643844604492188,-1.1805659532546997
1788594195304489200,6.1364892578125,1.064970850944519,9.654693603515625,-1.183034896850586
1788594195314556400,6.146556396484375,1.0947487354278564,9.668010711669922,-1.1854290962219238
1788594195324632300,6.15663232421875,1.1400889158248901,9.680131912231445,-1.18557870388031
1788594195334711000,6.1667109375,1.1585692167282104,9.70197868347168,-1.1931354999542236
1788594195344784100,6.1767841796875,1.1406874656677246,9.693598747253418,-1.1931354999542236
1788594195354860000,6.186860107421875,1.0893617868423462,9.688586235046387,-1.191788673400879
1788594195364936400,6.1969365234375,1.0464158058166504,9.683648109436035,-1.186850666999817
1788594195375012000,6.20701220703125,1.0106524229049683,9.666739463806152,-1.1843816041946411
1788594195385087000,6.2170869140625,0.9891793727874756,9.651251792907715,-1.2023382186889648
1788594195395167200,6.227167236328125,0.9899275898933411,9.676614761352539,-1.2594997882843018
1788594195405264400,6.237264404296875,0.9718214273452759,9.676764488220215,-1.2976573705673218
1788594195415340300,6.24734033203125,0.9525181651115417,9.678410530090332,-1.3279589414596558
1788594195425390000,6.25739013671875,0.9753379225730896,9.657012939453125,-1.3305776119232178
1788594195435492000,6.2674921875,0.9862614870071411,9.604639053344727,-1.3619266748428345
1788594195445567700,6.277567626953125,0.9947159886360168,9.58092212677002,-1.3823522329330444
1788594195455643600,6.2876435546875,1.0066121816635132,9.589301109313965,-1.3800327777862549
1788594195465719600,6.297719482421875,1.0122984647750854,9.615787506103516,-1.4121301174163818
1788594195475795200,6.307795166015625,0.9687538743019104,9.658883094787598,-1.4558991193771362
1788594195485870600,6.31787060546875,0.9496750831604004,9.654019355773926,-1.4535049200057983
1788594195495947000,6.327947021484375,0.9486275911331177,9.648782730102539,-1.4101848602294922
1788594195506022700,6.338022705078125,0.9619453549385071,9.642722129821777,-1.3875895738601685
1788594195516098600,6.3480986328125,0.949001669883728,9.63651180267334,-1.3493571281433105
1788594195526173700,6.358173583984375,0.969427227973938,9.622221946716309,-1.34591543674469
1788594195536249900,6.368249755859375,0.9932196140289307,9.62716007232666,-1.3591583967208862
1788594195546324500,6.378324462890625,0.9967361092567444,9.630825996398926,-1.3686603307724
1788594195556405800,6.38840576171875,1.0075099468231201,9.629703521728516,-1.3771148920059204
1788594195566476500,6.3984765625,1.0205284357070923,9.640552520751953,-1.3806313276290894
1788594195576553200,6.40855322265625,1.0377367734909058,9.643021583557129,-1.370081901550293
1788594195586628900,6.41862890625,1.0436475276947021,9.638307571411133,-1.3796586990356445
1788594195596703500,6.428703369140625,1.0473135709762573,9.631125450134277,-1.3833248615264893
1788594195606780400,6.438780517578125,1.0568156242370605,9.639505386352539,-1.3797335624694824
1788594195616856000,6.44885595703125,1.0640729665756226,9.640626907348633,-1.3606547117233276
1788594195626931000,6.458930908203125,1.0535235404968262,9.62020206451416,-1.3391817808151245
1788594195637008000,6.4690078125,1.0071358680725098,9.600823402404785,-1.3188310861587524
1788594195647084000,6.479083984375,1.0071358680725098,9.599700927734375,-1.329604983329773
1788594195657159200,6.4891591796875,1.0021229982376099,9.60291862487793,-1.3160626888275146
1788594195667234800,6.49923486328125,1.0173860788345337,9.623418807983398,-1.3434463739395142
1788594195677310700,6.509310791015625,1.0437222719192505,9.616311073303223,-1.3376106023788452
1788594195687385900,6.5193857421875,1.071405291557312,9.599626541137695,-1.3246668577194214
1788594195697461800,6.529461669921875,1.0762684345245361,9.582942008972168,-1.329530119895935
1788594195707538000,6.539537841796875,1.0951228141784668,9.599925994873047,-1.3569886684417725
1788594195717613800,6.54961376953125,1.0579378604888916,9.605911254882812,-1.385494589805603
1788594195727663900,6.559663818359375,1.0387094020843506,9.605911254882812,-1.400907278060913
1788594195737765600,6.569765625,1.0235211849212646,9.619976997375488,-1.4241758584976196
1788594195747840800,6.5798408203125,1.0018237829208374,9.637859344482422,-1.432405948638916
1788594195757916200,6.589916259765625,0.9730185270309448,9.661725997924805,-1.4368951320648193
1788594195767992600,6.59999267578125,0.9586533308029175,9.65686321258545,-1.4368951320648193
1788594195778042600,6.610042724609375,0.9683049321174622,9.653271675109863,-1.432181477546692
1788594195788144000,6.62014404296875,0.9574562311172485,9.645041465759277,-1.4620342254638672
1788594195798219300,6.63021923828125,0.9169044494628906,9.637709617614746,-1.4642788171768188
1788594195808295000,6.640294921875,0.8869020938873291,9.638906478881836,-1.4820857048034668
1788594195818371800,6.650371826171875,0.8952817916870117,9.653421401977539,-1.4752023220062256
1788594195828447000,6.660447021484375,0.9131634831428528,9.666589736938477,-1.4608371257781982
1788594195838523100,6.670523193359375,0.9322422742843628,9.680954933166504,-1.4489409923553467
1788594195848598300,6.680598388671875,0.949151337146759,9.686716079711914,-1.4095861911773682
1788594195858660400,6.690660400390625,0.9717466235160828,9.69045639038086,-1.4143747091293335
1788594195868750800,6.700750732421875,0.9900023937225342,9.67115306854248,-1.371578335762024
1788594195878826800,6.71082666015625,1.0045920610427856,9.670928955078125,-1.3203274011611938
1788594195888875500,6.72087548828125,1.015440821647644,9.687539100646973,-1.280897855758667
1788594195898977300,6.730977294921875,1.0158149003982544,9.698312759399414,-1.245358943939209
1788594195909054000,6.741053955078125,0.9983072876930237,9.666963577270508,-1.1976994276046753
1788594195919129600,6.751129638671875,0.9655366539955139,9.609053611755371,-1.1226561069488525
1788594195929204000,6.761203857421875,0.9683049321174622,9.58017349243164,-1.0822539329528809
1788594195939280400,6.7712802734375,0.9608978629112244,9.598204612731934,-1.1047744750976562
1788594195949356300,6.781356201171875,0.9270049929618835,9.646014213562012,-1.1354501247406006
1788594195959431400,6.791431396484375,0.9155576825141907,9.706093788146973,-1.2079495191574097
1788594195969508600,6.801508544921875,0.9545382857322693,9.730484962463379,-1.273640513420105
1788594195979584300,6.811584228515625,0.9903764724731445,9.72966194152832,-1.3108254671096802
1788594195989660200,6.82166015625,1.0514286756515503,9.685893058776855,-1.3542951345443726
1788594195999734800,6.83173486328125,1.0911574363708496,9.637110710144043,-1.3642460107803345
1788594196009811500,6.8418115234375,1.1108347177505493,9.55353832244873,-1.3539959192276
1788594196019886800,6.851886962890625,1.122057557106018,9.510367393493652,-1.319654107093811
1788594196029962500,6.86196240234375,1.0910825729370117,9.48762321472168,-1.3315502405166626
1788594196040038700,6.87203857421875,1.0512789487838745,9.517475128173828,-1.3623007535934448
1788594196050114000,6.882114013671875,0.9634417295455933,9.599700927734375,-1.3842226266860962
1788594196060163800,6.892163818359375,0.8933365345001221,9.709460258483887,-1.4321067333221436
1788594196070266000,6.90226611328125,0.882861852645874,9.825504302978516,-1.469665765762329
1788594196080341800,6.912341796875,0.8922890424728394,9.864784240722656,-1.4443769454956055
1788594196090392800,6.922392822265625,0.9261071681976318,9.846753120422363,-1.3908815383911133
1788594196100493000,6.9324931640625,0.9754875302314758,9.818022727966309,-1.3434463739395142
1788594196110569500,6.942569580078125,0.9699509739875793,9.756970405578613,-1.3306523561477661
1788594196120644900,6.952644775390625,0.9892542362213135,9.754501342773438,-1.292494773864746
1788594196130719700,6.9627197265625,0.9612720012664795,9.670629501342773,-1.2654104232788086
1788594196140788700,6.972788818359375,0.9364321231842041,9.601198196411133,-1.258452296257019
1788594196150872600,6.98287255859375,0.937629222869873,9.591695785522461,-1.281197190284729
1788594196160947200,6.992947265625,0.9255086183547974,9.594239234924316,-1.3073837757110596
1788594196171024100,7.003024169921875,0.9075520634651184,9.592967987060547,-1.3132944107055664
1788594196181098200,7.01309814453125,0.9145102500915527,9.61219596862793,-1.3334954977035522
1788594196191175400,7.023175537109375,0.9469067454338074,9.575460433959961,-1.3684358596801758
1788594196201250300,7.033250244140625,0.9793781042098999,9.513659477233887,-1.3999346494674683
1788594196211301000,7.043301025390625,1.0024223327636719,9.42567253112793,-1.458966612815857
1788594196221418500,7.05341845703125,1.0054899454116821,9.35429573059082,-1.5272762775421143
1788594196231477800,7.063477783203125,1.0122984647750854,9.366491317749023,-1.5833154916763306
1788594196241554400,7.073554443359375,1.0214263200759888,9.421707153320312,-1.6141408681869507
1788594196251630000,7.083630126953125,1.028010368347168,9.517176628112793,-1.602918028831482
1788594196261679600,7.0936796875,1.0625766515731812,9.564835548400879,-1.5478514432907104
1788594196271781600,7.10378173828125,1.0781389474868774,9.60867977142334,-1.4749031066894531
1788594196281856500,7.1138564453125,1.0724526643753052,9.645116806030273,-1.3684358596801758
1788594196291932200,7.12393212890625,1.0595839023590088,9.654244422912598,-1.2966846227645874
1788594196302009600,7.134009521484375,1.069983720779419,9.695918083190918,-1.2346599102020264
1788594196312085000,7.1440849609375,1.0710312128067017,9.741108894348145,-1.2009913921356201
1788594196322160600,7.15416064453125,1.046939492225647,9.794604301452637,-1.1635819673538208
1788594196332235300,7.1642353515625,1.015440821647644,9.85311222076416,-1.1786954402923584
1788594196342312200,7.174312255859375,0.9964368343353271,9.849371910095215,-1.163133144378662
1788594196352388000,7.18438818359375,0.9928455352783203,9.850568771362305,-1.1618611812591553
1788594196362462700,7.194462646484375,1.0072107315063477,9.833958625793457,-1.172784686088562
1788594196372539000,7.204538818359375,1.021575927734375,9.816226959228516,-1.2051812410354614
1788594196382614300,7.2146142578125,1.0264391899108887,9.815254211425781,-1.264662265777588
1788594196392690000,7.22468994140625,1.0380361080169678,9.808520317077637,-1.343521237373352
1788594196402767000,7.23476708984375,1.0352678298950195,9.811288833618164,-1.41991126537323
1788594196412842200,7.24484228515625,0.9957634210586548,9.768567085266113,-1.499967336654663
1788594196422892000,7.25489208984375,0.9540894031524658,9.713800430297852,-1.5550340414047241
1788594196432993300,7.2649931640625,0.9387515187263489,9.656563758850098,-1.583914041519165
1788594196443070200,7.2750703125,0.9545382857322693,9.60299301147461,-1.6117466688156128
1788594196453145300,7.285145263671875,0.9308955669403076,9.558775901794434,-1.6213983297348022
1788594196463220700,7.295220703125,0.9029881358146667,9.50849723815918,-1.61571204662323
1788594196473271600,7.305271484375,0.8901193141937256,9.454777717590332,-1.6231191158294678
1788594196483372000,7.3153720703125,0.8747066259384155,9.423727989196777,-1.6470611095428467
1788594196493448400,7.325448486328125,0.8363993763923645,9.407042503356934,-1.680430293083191
1788594196503524600,7.335524658203125,0.801608681678772,9.415422439575195,-1.7041479349136353
1788594196513600500,7.3456005859375,0.7892635464668274,9.456124305725098,-1.7337760925292969
1788594196523676400,7.355676513671875,0.7996633648872375,9.506327629089355,-1.7323545217514038
1788594196533750800,7.365750732421875,0.8328080773353577,9.582717895507812,-1.6891093254089355
1788594196543828000,7.375827880859375,0.8816647529602051,9.627833366394043,-1.6161609888076782
1788594196553913000,7.3859130859375,0.941444993019104,9.665916442871094,-1.545756459236145
1788594196563978800,7.395978759765625,0.9679308533668518,9.699060440063477,-1.4668974876403809
1788594196574055400,7.406055419921875,0.9645640254020691,9.705869674682617,-1.404723048210144
1788594196584130300,7.41613037109375,0.9804255962371826,9.69965934753418,-1.3415759801864624
1788594196594204400,7.426204345703125,0.9852887988090515,9.706692695617676,-1.3105261325836182
1788594196604259600,7.436259521484375,0.9650877118110657,9.699285507202148,-1.290175437927246
1788594196614358000,7.44635791015625,0.9510217905044556,9.68005657196045,-1.2722938060760498
1788594196624441000,7.456441162109375,0.9602245092391968,9.658509254455566,-1.273565649986267
1788594196634512400,7.466512451171875,0.977133572101593,9.640626907348633,-1.2641384601593018
1788594196644578000,7.476578125,0.9881319403648376,9.609577178955078,-1.2547861337661743
1788594196654635500,7.486635498046875,1.0086323022842407,9.590498924255371,-1.2454338073730469
1788594196664714000,7.4967138671875,1.023072361946106,9.579724311828613,-1.2312182188034058
1788594196674788400,7.506788330078125,1.0326491594314575,9.603442192077637,-1.1988965272903442
1788594196684862500,7.516862548828125,1.0254665613174438,9.617657661437988,-1.1736825704574585
1788594196694948900,7.526948974609375,1.0360907316207886,9.639205932617188,-1.1748048067092896
1788594196705015800,7.537015869140625,1.044545292854309,9.676690101623535,-1.1825112104415894
1788594196715090000,7.54708984375,1.0146178007125854,9.689708709716797,-1.1763759851455688
1788594196725166800,7.557166748046875,1.0072855949401855,9.717166900634766,-1.1738321781158447
1788594196735294000,7.5672939453125,1.0024971961975098,9.719486236572266,-1.166649580001831
1788594196745316900,7.57731689453125,0.9741408228874207,9.691728591918945,-1.1379940509796143
1788594196755436500,7.5874365234375,0.9564087390899658,9.654693603515625,-1.150039792060852
1788594196765494800,7.597494873046875,0.9253589510917664,9.641599655151367,-1.1739070415496826
1788594196775570700,7.60757080078125,0.893112063407898,9.621249198913574,-1.191788673400879
1788594196785646300,7.617646240234375,0.8972271084785461,9.620949745178223,-1.2173019647598267
1788594196795722500,7.627722412109375,0.8886977434158325,9.635390281677246,-1.2398972511291504
1788594196805771800,7.637771728515625,0.8813654780387878,9.62843132019043,-1.285237431526184
1788594196815873800,7.647873779296875,0.9072527885437012,9.666888236999512,-1.3114240169525146
1788594196825949400,7.657949462890625,0.8926631212234497,9.692028045654297,-1.3327473402023315
1788594196836025300,7.668025390625,0.8671499490737915,9.723227500915527,-1.3766659498214722
1788594196846100700,7.678100830078125,0.8692448735237122,9.757943153381348,-1.3932008743286133
1788594196856177200,7.68817724609375,0.8712649345397949,9.789216995239258,-1.433603048324585
1788594196866252800,7.698252685546875,0.8494926691055298,9.811064720153809,-1.475576400756836
1788594196876328400,7.708328369140625,0.8255506753921509,9.774253845214844,-1.531765341758728
1788594196886403600,7.718403564453125,0.809015691280365,9.725321769714355,-1.5558570623397827
1788594196896480300,7.728480224609375,0.8188169598579407,9.670629501342773,-1.5907974243164062
1788594196906556000,7.738555908203125,0.8346037268638611,9.600375175476074,-1.6294039487838745
1788594196916631800,7.7486318359375,0.8431330919265747,9.552865028381348,-1.6679356098175049
1788594196926681000,7.75868115234375,0.8384943008422852,9.515829086303711,-1.6823755502700806
1788594196936783000,7.768783203125,0.8384943008422852,9.502885818481445,-1.708711862564087
1788594196946858800,7.778858642578125,0.8507646322250366,9.500716209411621,-1.734000563621521
1788594196956934000,7.788933837890625,0.8675240278244019,9.504232406616211,-1.71013343334198
1788594196967010300,7.79901025390625,0.8916156888008118,9.510068893432617,-1.6683844327926636
1788594196977086500,7.80908642578125,0.9226654767990112,9.544559478759766,-1.6229695081710815
1788594196987161900,7.819161865234375,0.9358335733413696,9.572991371154785,-1.5667805671691895
1788594196997238000,7.829238037109375,0.9586533308029175,9.61331844329834,-1.4926351308822632
1788594197007313200,7.839313232421875,0.9778069257736206,9.65604019165039,-1.418489694595337
1788594197017389300,7.849389404296875,0.9945663213729858,9.686864852905273,-1.372999906539917
1788594197027465000,7.85946484375,1.02793550491333,9.736844062805176,-1.316736102104187
1788594197037540900,7.869540771484375,1.0567407608032227,9.75704574584961,-1.2630162239074707
1788594197047616300,7.8796162109375,1.090334415435791,9.766397476196289,-1.2117652893066406
1788594197057672000,7.889671875,1.118017315864563,9.750835418701172,-1.1880477666854858
1788594197067768600,7.8997685546875,1.1268459558486938,9.701754570007324,-1.1584943532943726
1788594197077817900,7.90981787109375,1.1237035989761353,9.638457298278809,-1.157671332359314
1788594197087935700,7.919935791015625,1.1009587049484253,9.60987663269043,-1.1994950771331787
1788594197097995000,7.9299951171875,1.0564415454864502,9.621996879577637,-1.2601730823516846
1788594197108044800,7.940044921875,1.0424504280090332,9.630900382995605,-1.3142670392990112
1788594197118147300,7.950147216796875,1.034145474433899,9.608305931091309,-1.3429975509643555
1788594197128222000,7.960221923828125,1.0426748991012573,9.565434455871582,-1.357587218284607
1788594197138299000,7.970298828125,1.0403554439544678,9.55585765838623,-1.3623756170272827
1788594197148374300,7.980374267578125,1.0295066833496094,9.559523582458496,-1.380257248878479
1788594197158449200,7.99044921875,1.028010368347168,9.58713150024414,-1.4051719903945923
1788594197168526600,8.000526611328125,0.9929203391075134,9.642048835754395,-1.4214824438095093
1788594197178602200,8.010602294921876,0.957905113697052,9.6849946975708,-1.442581295967102
1788594197188678000,8.020677978515625,0.9071779847145081,9.757793426513672,-1.4599393606185913
1788594197198753300,8.030753173828124,0.9172037243843079,9.855880737304688,-1.483357548713684
1788594197208828400,8.040828369140625,0.896852970123291,9.862988471984863,-1.4760253429412842
1788594197218905300,8.0509052734375,0.9199720025062561,9.85071849822998,-1.4033763408660889
1788594197228981000,8.06098095703125,0.974664568901062,9.779939651489258,-1.3084312677383423
1788594197239057000,8.071056884765625,0.9649381041526794,9.680281639099121,-1.2229881286621094
1788594197249131500,8.081131591796876,0.952817440032959,9.569998741149902,-1.1506383419036865
1788594197259181600,8.091181640625,0.9562591314315796,9.455001831054688,-1.0844237804412842
1788594197269283800,8.101283935546874,1.022698163986206,9.547926902770996,-1.1012579202651978
1788594197279341600,8.111341552734375,0.9762357473373413,9.636736869812012,-1.2104185819625854
1788594197289434600,8.1214345703125,0.8681225776672363,9.668983459472656,-1.2826935052871704
1788594197299510800,8.1315107421875,0.8478466868400574,9.635688781738281,-1.326911449432373
1788594197309586200,8.141586181640625,0.8889222145080566,9.561842918395996,-1.3334954977035522
1788594197319662600,8.15166259765625,0.9331400990486145,9.521665573120117,-1.3911808729171753
1788594197329738000,8.161738037109375,0.9670330286026001,9.565359115600586,-1.4937573671340942
1788594197339814400,8.171814453125,0.9709984064102173,9.652897834777832,-1.5530139207839966
1788594197349889500,8.1818896484375,0.9559598565101624,9.725621223449707,-1.5832407474517822
1788594197359964700,8.191964599609374,0.9366565942764282,9.762581825256348,-1.5794249773025513
1788594197370041900,8.202041748046875,0.9178770780563354,9.739612579345703,-1.5340847969055176
1788594197380117500,8.212117431640625,0.8572738170623779,9.699809074401855,-1.5066262483596802
1788594197390166500,8.22216650390625,0.8060978055000305,9.684021949768066,-1.488594889640808
1788594197400268500,8.2322685546875,0.736591100692749,9.691055297851562,-1.5217396020889282
1788594197410344000,8.242343994140626,0.6646154522895813,9.693598747253418,-1.5942391157150269
1788594197420419600,8.252419677734375,0.6466588973999023,9.657910346984863,-1.6433202028274536
1788594197430496800,8.262496826171875,0.6374561786651611,9.583391189575195,-1.642497181892395
1788594197440571100,8.272571044921875,0.6735188364982605,9.534608840942383,-1.663147211074829
1788594197450647800,8.282647705078125,0.7429507374763489,9.507450103759766,-1.6671125888824463
1788594197460722700,8.29272265625,0.7858967185020447,9.530269622802734,-1.658807635307312
1788594197470799600,8.302799560546875,0.8476222157478333,9.587804794311523,-1.6540192365646362
1788594197480875000,8.312875,0.8810662031173706,9.616386413574219,-1.6229695081710815
1788594197490950100,8.3229501953125,0.9264812469482422,9.648633003234863,-1.5811457633972168
1788594197501026800,8.33302685546875,0.9350854158401489,9.63531494140625,-1.5478514432907104
1788594197511076000,8.343076171875,0.9202712774276733,9.629703521728516,-1.4873230457305908
1788594197521178600,8.3531787109375,0.9024643898010254,9.637709617614746,-1.4418331384658813
1788594197531253000,8.3632529296875,0.889296293258667,9.669732093811035,-1.4069676399230957
1788594197541330400,8.373330322265625,0.8500164151191711,9.67422103881836,-1.3685855865478516
1788594197551405600,8.383405517578124,0.8229320049285889,9.641674995422363,-1.3304280042648315
1788594197561480700,8.393480712890625,0.8436568379402161,9.608006477355957,-1.2770073413848877
1788594197571557600,8.4035576171875,0.848669707775116,9.584064483642578,-1.2663830518722534
1788594197581633500,8.413633544921876,0.8795698285102844,9.605687141418457,-1.2687772512435913
1788594197591682600,8.4236826171875,0.8809913992881775,9.659930229187012,-1.2988544702529907
1788594197601784800,8.433784912109376,0.885480523109436,9.6803560256958,-1.3309516906738281
1788594197611860000,8.44385986328125,0.8854057192802429,9.67691421508789,-1.3489081859588623
1788594197621935400,8.453935302734376,0.8877999186515808,9.671003341674805,-1.3608791828155518
1788594197632012500,8.464012451171875,0.9033622145652771,9.647360801696777,-1.395669937133789
1788594197642062000,8.47406201171875,0.903137743473053,9.647584915161133,-1.4410849809646606
1788594197652164600,8.48416455078125,0.8949825167655945,9.604564666748047,-1.4460229873657227
1788594197662238500,8.494238525390625,0.8818892240524292,9.570073127746582,-1.484330177307129
1788594197672315100,8.504315185546876,0.8829367160797119,9.542539596557617,-1.5080478191375732
1788594197682391300,8.514391357421875,0.8613888621330261,9.518747329711914,-1.5474772453308105
1788594197692466200,8.524466064453126,0.8347533941268921,9.539247512817383,-1.5949872732162476
1788594197702542600,8.53454248046875,0.8092401623725891,9.572766304016113,-1.6305261850357056
1788594197712617500,8.544617431640624,0.7861959934234619,9.606285095214844,-1.6577602624893188
1788594197722694400,8.5546943359375,0.7573907375335693,9.618256568908691,-1.6826748847961426
1788594197732769500,8.56476953125,0.7499836683273315,9.626710891723633,-1.715969204902649
1788594197742846000,8.574845947265626,0.7402572631835938,9.657760620117188,-1.7122282981872559
1788594197752943000,8.584943115234376,0.7268646955490112,9.657686233520508,-1.6801310777664185
1788594197762996500,8.59499658203125,0.7353940010070801,9.64332103729248,-1.6671125888824463
1788594197773073200,8.6050732421875,0.7226748466491699,9.611896514892578,-1.6158616542816162
1788594197783149000,8.615149169921875,0.7327753305435181,9.577031135559082,-1.5587749481201172
1788594197793224400,8.625224365234375,0.71998131275177,9.555258750915527,-1.5147066116333008
1788594197803300400,8.63530029296875,0.7234230041503906,9.593341827392578,-1.484629511833191
1788594197813375500,8.64537548828125,0.7433996200561523,9.66494369506836,-1.45806884765625
1788594197823451000,8.655450927734375,0.7814823985099792,9.711481094360352,-1.4317326545715332
1788594197833527600,8.665527587890624,0.8405144214630127,9.758167266845703,-1.416095495223999
1788594197843603500,8.675603515625,0.8827122449874878,9.736544609069824,-1.3661913871765137
1788594197853679600,8.6856796875,0.8867524266242981,9.687463760375977,-1.3414263725280762
1788594197863754200,8.695754150390625,0.9072527885437012,9.668310165405273,-1.3201029300689697
1788594197873830400,8.705830322265625,0.9155576825141907,9.681478500366211,-1.3189058303833008
1788594197883907000,8.715906982421876,0.8858546018600464,9.656264305114746,-1.316511631011963
1788594197893981700,8.725981689453125,0.8762778043746948,9.65267276763916,-1.3248165845870972
1788594197904058400,8.736058349609374,0.885630190372467,9.663671493530273,-1.3618518114089966
1788594197914134000,8.746134033203125,0.8776245713233948,9.667037963867188,-1.3887866735458374
1788594197924190000,8.75618994140625,0.8762030005455017,9.656563758850098,-1.4437036514282227
1788594197934261800,8.76626171875,0.8952817916870117,9.63299560546875,-1.4916625022888184
1788594197944361200,8.776361328125,0.9072527885437012,9.619976997375488,-1.5013889074325562
1788594197954457600,8.78645751953125,0.908524751663208,9.591471672058105,-1.5277999639511108
1788594197964513000,8.796512939453125,0.9348609447479248,9.577255249023438,-1.531540870666504
1788594197974589200,8.806589111328124,0.9431658387184143,9.582043647766113,-1.5363292694091797
1788594197984653300,8.8166533203125,0.9155576825141907,9.610625267028809,-1.5313163995742798
1788594197994718500,8.826718505859375,0.9000701904296875,9.62611198425293,-1.5040075778961182
1788594198004790800,8.836790771484376,0.8678233027458191,9.635540008544922,-1.4942811727523804
1788594198014873600,8.84687353515625,0.8547300100326538,9.63419246673584,-1.4775217771530151
1788594198024941600,8.856941650390626,0.8414870500564575,9.660379409790039,-1.4689923524856567
1788594198035017500,8.867017578125,0.8259247541427612,9.67691421508789,-1.4497638940811157
1788594198045094400,8.877094482421874,0.8281693458557129,9.70085620880127,-1.4555997848510742
1788594198055169000,8.8871689453125,0.8232312798500061,9.723601341247559,-1.4590414762496948
1788594198065244400,8.897244384765624,0.8363245725631714,9.711779594421387,-1.474678635597229
1788594198075346700,8.9073466796875,0.823006808757782,9.695993423461914,-1.488669753074646
1788594198085400300,8.917400390625,0.8505401611328125,9.681777954101562,-1.4852280616760254
1788594198095498500,8.92749853515625,0.8662521243095398,9.669806480407715,-1.4698153734207153
1788594198105568000,8.937568115234376,0.8926631212234497,9.653121948242188,-1.4640543460845947
1788594198115649800,8.94764990234375,0.8998457193374634,9.654318809509277,-1.45574951171875
1788594198125720300,8.95772021484375,0.9130886793136597,9.63763427734375,-1.4535049200057983
1788594198135800300,8.96780029296875,0.9179518818855286,9.626935005187988,-1.4559738636016846
1788594198145851100,8.97785107421875,0.926032304763794,9.662848472595215,-1.4689176082611084
1788594198155953000,8.987952880859375,0.9061305522918701,9.670255661010742,-1.4835820198059082
1788594198166028300,8.9980283203125,0.8847323656082153,9.641599655151367,-1.4931588172912598
1788594198176104400,9.0081044921875,0.8715642094612122,9.633219718933105,-1.5051298141479492
1788594198186179300,9.018179443359376,0.8730605840682983,9.608080863952637,-1.4849287271499634
1788594198196256300,9.02825634765625,0.8542062640190125,9.579200744628906,-1.455150842666626
1788594198206332000,9.038331787109374,0.8602666258811951,9.579200744628906,-1.451634407043457
1788594198216407800,9.04840771484375,0.881739616394043,9.595810890197754,-1.426570177078247
1788594198226457300,9.058457275390625,0.8986486196517944,9.594538688659668,-1.3967922925949097
1788594198236558300,9.068558349609376,0.9150339365005493,9.630526542663574,-1.3753941059112549
1788594198246634800,9.078634765625,0.9280524253845215,9.668609619140625,-1.3477859497070312
1788594198256698400,9.088698486328125,0.9327660202980042,9.699584007263184,-1.3273603916168213
1788594198266786300,9.098786376953125,0.9279028177261353,9.725696563720703,-1.3033435344696045
1788594198276862500,9.108862548828125,0.9100211262702942,9.741034507751465,-1.2757353782653809
1788594198286943000,9.11894287109375,0.91346275806427,9.770886421203613,-1.268403172492981
1788594198297014000,9.129013916015625,0.9038859605789185,9.755399703979492,-1.287556767463684
1788594198307089400,9.13908935546875,0.8993220329284668,9.722029685974121,-1.294888973236084
1788594198317165600,9.14916552734375,0.8964788913726807,9.66299819946289,-1.3063362836837769
1788594198327240200,9.159240234375,0.8762778043746948,9.640328407287598,-1.3195043802261353
1788594198337316900,9.16931689453125,0.8797194957733154,9.632172584533691,-1.3541455268859863
1788594198347366400,9.179366455078124,0.8951321840286255,9.635913848876953,-1.3721020221710205
1788594198357469000,9.189468994140626,0.8961796164512634,9.64908218383789,-1.3851953744888306
1788594198367544000,9.1995439453125,0.8962544202804565,9.640702247619629,-1.3804817199707031
1788594198377620000,9.209619873046876,0.905756413936615,9.639654159545898,-1.3936498165130615
1788594198387695400,9.2196953125,0.9154080748558044,9.639579772949219,-1.380556583404541
1788594198397771500,9.229771484375,0.9094973802566528,9.662848472595215,-1.3753941059112549
1788594198407847400,9.239847412109375,0.9140613079071045,9.682076454162598,-1.3943980932235718
1788594198417898000,9.24989794921875,0.900818407535553,9.68806266784668,-1.4086884260177612
1788594198427999000,9.2599990234375,0.8937106132507324,9.679682731628418,-1.4098855257034302
1788594198438073900,9.270073974609375,0.9070283770561218,9.648707389831543,-1.4113070964813232
1788594198448150000,9.28014990234375,0.8915408849716187,9.643918991088867,-1.420809030532837
1788594198458225400,9.290225341796875,0.8758289217948914,9.657087326049805,-1.4397382736206055
1788594198468302600,9.300302490234374,0.8756044507026672,9.669133186340332,-1.4659996032714844
1788594198478378000,9.3103779296875,0.8679729104042053,9.688361167907715,-1.4896423816680908
1788594198488452900,9.320452880859374,0.8860790729522705,9.670479774475098,-1.486275553703308
1788594198498529300,9.330529296875,0.8860042691230774,9.672874450683594,-1.4850035905838013
1788594198508605200,9.340605224609375,0.8647557497024536,9.641749382019043,-1.486275553703308
1788594198518681600,9.350681640625,0.8623615503311157,9.638083457946777,-1.4827589988708496
1788594198528756500,9.360756591796875,0.8561515808105469,9.65491771697998,-1.5100679397583008
1788594198538831600,9.37083154296875,0.8668506741523743,9.65267276763916,-1.5244331359863281
1788594198548908000,9.380907958984375,0.8632593750953674,9.641974449157715,-1.5388731956481934
1788594198558984200,9.390984130859374,0.8456020951271057,9.607033729553223,-1.5610195398330688
1788594198569060000,9.40106005859375,0.8565256595611572,9.578377723693848,-1.5528643131256104
1788594198579136000,9.411135986328125,0.8601169586181641,9.570073127746582,-1.5684266090393066
1788594198589219600,9.421219482421876,0.8693944811820984,9.596484184265137,-1.5874305963516235
1788594198599286800,9.431286865234375,0.8584709763526917,9.61803150177002,-1.5980547666549683
1788594198609363500,9.441363525390624,0.8512135148048401,9.626411437988281,-1.6110732555389404
1788594198619413000,9.4514130859375,0.847472608089447,9.640776634216309,-1.6217724084854126
1788594198629514800,9.4615146484375,0.7995137572288513,9.646687507629395,-1.6430208683013916
1788594198639590700,9.471590576171875,0.7655459642410278,9.643095970153809,-1.6430957317352295
1788594198649665800,9.481665771484375,0.7548469305038452,9.633519172668457,-1.6383073329925537
1788594198659741200,9.4917412109375,0.7537994384765625,9.626187324523926,-1.613317847251892
1788594198669818000,9.501818115234375,0.7778910994529724,9.600000381469727,-1.6123452186584473
1788594198679893800,9.511893798828124,0.8150760531425476,9.602319717407227,-1.5766565799713135
1788594198689968400,9.521968505859375,0.8402899503707886,9.597606658935547,-1.5660324096679688
1788594198700037400,9.532037353515625,0.8642320036888123,9.611822128295898,-1.5349825620651245
1788594198710121200,9.542121337890626,0.8652794361114502,9.640477180480957,-1.5264532566070557
1788594198720196900,9.55219677734375,0.8453028202056885,9.666589736938477,-1.4989198446273804
1788594198730271700,9.562271728515626,0.8130559325218201,9.678336143493652,-1.478419542312622
1788594198740348400,9.572348388671875,0.798840343952179,9.684097290039062,-1.455674648284912
1788594198750436600,9.5824365234375,0.7570914626121521,9.671976089477539,-1.4484171867370605
1788594198760498700,9.592498779296875,0.7356932759284973,9.661128044128418,-1.4424316883087158
1788594198770576100,9.602576171875,0.7082347869873047,9.644368171691895,-1.4627076387405396
1788594198780651500,9.612651611328126,0.6986579895019531,9.632546424865723,-1.4805892705917358
1788594198790727200,9.62272705078125,0.6973112225532532,9.627983093261719,-1.5260043144226074
1788594198800802300,9.63280224609375,0.6955904364585876,9.629703521728516,-1.5718681812286377
1788594198810879000,9.64287890625,0.7264905571937561,9.644218444824219,-1.5803227424621582
1788594198820954400,9.652954345703124,0.7493851184844971,9.622819900512695,-1.5828665494918823
1788594198831030800,9.66303076171875,0.767192006111145,9.633668899536133,-1.5828665494918823
1788594198841105700,9.673105712890624,0.7552210092544556,9.627758026123047,-1.603217363357544
1788594198851181600,9.683181640625,0.750582218170166,9.620351791381836,-1.5709704160690308
1788594198861257500,9.693257568359375,0.7553706169128418,9.621623039245605,-1.5721675157546997
1788594198871333600,9.703333740234376,0.7852233648300171,9.639505386352539,-1.5459060668945312
1788594198881409800,9.713409912109375,0.772429347038269,9.645864486694336,-1.5399205684661865
1788594198891484200,9.723484130859376,0.7353940010070801,9.651700019836426,-1.5313912630081177
1788594198901561300,9.733561279296875,0.6899042129516602,9.671826362609863,-1.5322890281677246
1788594198911637000,9.743636962890625,0.6682067513465881,9.674295425415039,-1.5596727132797241
1788594198921730800,9.753730712890626,0.6277297735214233,9.675193786621094,-1.5380501747131348
1788594198931788500,9.76378857421875,0.599223792552948,9.657087326049805,-1.5212907791137695
1788594198941864400,9.773864501953126,0.5883750915527344,9.680805206298828,-1.4996681213378906
1788594198951931000,9.783930908203125,0.5963058471679688,9.752555847167969,-1.5004911422729492
1788594198962016000,9.79401611328125,0.6574327945709229,9.799542427062988,-1.4949544668197632
1788594198972091400,9.80409130859375,0.7196072340011597,9.80567741394043,-1.48081374168396
1788594198982167600,9.81416748046875,0.7630769610404968,9.763854026794434,-1.447818636894226
1788594198992242200,9.8242421875,0.786270797252655,9.689858436584473,-1.4422820806503296
1788594199002318800,9.83431884765625,0.7996633648872375,9.631499290466309,-1.4641292095184326
1788594199012394800,9.844394775390626,0.7960720658302307,9.611372947692871,-1.5036334991455078
1788594199022469600,9.8544697265625,0.7515549063682556,9.63524055480957,-1.5307927131652832
1788594199032546300,9.86454638671875,0.7109282612800598,9.617358207702637,-1.5617676973342896
1788594199042622200,9.874622314453125,0.6693289875984192,9.608006477355957,-1.6190788745880127
1788594199052697600,9.884697509765624,0.6503250598907471,9.580547332763672,-1.6287305355072021
1788594199062772700,9.894772705078125,0.6419453024864197,9.579350471496582,-1.6394295692443848
1788594199072849700,9.904849609375,0.6250362992286682,9.598429679870605,-1.6428712606430054
1788594199082925600,9.914925537109376,0.5996727347373962,9.637784004211426,-1.6496797800064087
1788594199093000200,9.925000244140625,0.5936123728752136,9.648557662963867,-1.6531962156295776
1788594199103077400,9.935077392578124,0.607977569103241,9.653346061706543,-1.6472855806350708
1788594199113152000,9.945152099609375,0.648753821849823,9.648483276367188,-1.6068834066390991
1788594199123227400,9.955227294921874,0.6562356948852539,9.624765396118164,-1.558625340461731
1788594199133304000,9.965303955078125,0.6227917075157166,9.619902610778809,-1.5633388757705688
1788594199143358200,9.975358154296876,0.5438578724861145,9.614964485168457,-1.597680687904358
1788594199153454800,9.985454833984376,0.46574705839157104,9.638906478881836,-1.6533459424972534
1788594199163530800,9.99553076171875,0.3903296887874603,9.647061347961426,-1.678110957145691
1788594199173581600,10.00558154296875,0.34596213698387146,9.645864486694336,-1.708936333656311
1788594199183683300,10.015683349609375,0.32433950901031494,9.63531494140625,-1.7530794143676758
1788594199193758000,10.025758056640624,0.2825906276702881,9.59827995300293,-1.7877953052520752
1788594199203835000,10.0358349609375,0.25086745619773865,9.571495056152344,-1.8084453344345093
1788594199213910300,10.04591015625,0.21854571998119354,9.571419715881348,-1.8083704710006714
1788594199223986000,10.05598583984375,0.20866964757442474,9.600225448608398,-1.8439842462539673
1788594199234062300,10.066062255859375,0.23418284952640533,9.682974815368652,-1.8950105905532837
1788594199244138000,10.076137939453124,0.247126504778862,9.718887329101562,-1.8888754844665527
1788594199254186800,10.086186767578125,0.2602946162223816,9.718887329101562,-1.8889503479003906
1788594199264264700,10.0962646484375,0.25573065876960754,9.674744606018066,-1.8938883543014526
1788594199274364700,10.10636474609375,0.2537853717803955,9.593565940856934,-1.9110218286514282
1788594199284414200,10.116414306640625,0.24570494890213013,9.53281307220459,-1.9152116775512695
1788594199294514000,10.126513916015625,0.2265513390302658,9.506701469421387,-1.9594296216964722
1788594199304566300,10.136566162109375,0.24779987335205078,9.5177001953125,-1.99766206741333
1788594199314643200,10.146643310546875,0.2572270333766937,9.526228904724121,-2.020332098007202
1788594199324718300,10.15671826171875,0.22363340854644775,9.539247512817383,-2.0236990451812744
1788594199334794200,10.166794189453125,0.18659809231758118,9.526079177856445,-2.036792278289795
1788594199344869600,10.17686962890625,0.181959331035614,9.514034271240234,-2.0236990451812744
1788594199354945800,10.18694580078125,0.19984102249145508,9.526004791259766,-2.0189106464385986
1788594199365021200,10.197021240234376,0.17978958785533905,9.545233726501465,-2.002375602722168
1788594199375097000,10.20709716796875,0.15816694498062134,9.559449195861816,-1.997437596321106
1788594199385193700,10.21719384765625,0.17238251864910126,9.577404975891113,-1.9998317956924438
1788594199395278300,10.2272783203125,0.19527707993984222,9.579649925231934,-1.9604771137237549
1788594199405350000,10.237349853515624,0.22909517586231232,9.554511070251465,-1.922544002532959
1788594199415426000,10.247426025390626,0.2828899025917053,9.55585765838623,-1.910797357559204
1788594199425475600,10.2574755859375,0.3405003845691681,9.524957656860352,-1.898078203201294
1788594199435578000,10.267578125,0.39811083674430847,9.511789321899414,-1.8529624938964844
1788594199445653000,10.277653076171875,0.4214543104171753,9.493608474731445,-1.8159271478652954
1788594199455728400,10.287728271484376,0.4512321949005127,9.535357475280762,-1.781211256980896
1788594199465805300,10.297805419921875,0.449810653924942,9.578303337097168,-1.7750012874603271
1788594199475881000,10.307880859375,0.47809216380119324,9.633369445800781,-1.7819594144821167
1788594199485955800,10.317955810546875,0.4803367257118225,9.65372085571289,-1.7830817699432373
1788594199496032800,10.32803271484375,0.4778676927089691,9.659780502319336,-1.7961750030517578
1788594199506108700,10.338108642578124,0.44921210408210754,9.646537780761719,-1.7996914386749268
1788594199516184000,10.34818408203125,0.4589385390281677,9.624990463256836,-1.7891420125961304
1788594199526259500,10.358259521484374,0.46911388635635376,9.627084732055664,-1.7743278741836548
1788594199536335600,10.368335693359375,0.47487494349479675,9.649829864501953,-1.786149263381958
1788594199546411300,10.378411376953125,0.46986207365989685,9.665467262268066,-1.8075474500656128
1788594199556487200,10.388487060546876,0.4711340069770813,9.653571128845215,-1.8124107122421265
1788594199566562800,10.398562744140625,0.48557403683662415,9.636811256408691,-1.805377721786499
1788594199576638700,10.408638671875,0.4868459403514862,9.661651611328125,-1.7562966346740723
1788594199586688000,10.41868798828125,0.5121347308158875,9.662773132324219,-1.7194108963012695
1788594199596790300,10.428790283203124,0.5112369060516357,9.625663757324219,-1.7088614702224731
1788594199606866200,10.4388662109375,0.4927566349506378,9.605836868286133,-1.7179893255233765
1788594199616915500,10.44891552734375,0.4340986907482147,9.593791007995605,-1.7476924657821655
1788594199627017500,10.459017578125,0.3728969097137451,9.610475540161133,-1.7867478132247925
1788594199637093600,10.46909375,0.3892074227333069,9.627608299255371,-1.8488473892211914
1788594199647184100,10.47918408203125,0.42122986912727356,9.632845878601074,-1.9074305295944214
1788594199657244200,10.489244140625,0.4355950653553009,9.616161346435547,-1.914687991142273
1788594199667320600,10.499320556640624,0.43439796566963196,9.599626541137695,-1.9410990476608276
1788594199677396700,10.509396728515625,0.4082113802433014,9.593416213989258,-1.9242647886276245
1788594199687451600,10.51945166015625,0.398185670375824,9.586009979248047,-1.8978537321090698
1788594199697547800,10.5295478515625,0.4397849142551422,9.601871490478516,-1.9349639415740967
1788594199707624000,10.5396240234375,0.4721066355705261,9.604265213012695,-1.912368655204773
1788594199717700400,10.549700439453124,0.4630535840988159,9.579949378967285,-1.8360533714294434
1788594199727775200,10.559775146484375,0.4405331015586853,9.566631317138672,-1.8133833408355713
1788594199737851400,10.569851318359374,0.4331260621547699,9.586981773376465,-1.8323124647140503
1788594199747927000,10.579927001953125,0.42743980884552,9.568876266479492,-1.8085200786590576
1788594199758003200,10.590003173828125,0.4587140679359436,9.556904792785645,-1.7729063034057617
1788594199768078600,10.60007861328125,0.5027075409889221,9.549647331237793,-1.7443255186080933
1788594199778154800,10.61015478515625,0.5392939448356628,9.594164848327637,-1.7753005027770996
1788594199788204300,10.620204345703126,0.5741595029830933,9.594015121459961,-1.727640986442566
1788594199798306000,10.63030615234375,0.582614004611969,9.607033729553223,-1.6870143413543701
1788594199808381700,10.640381591796874,0.5719149112701416,9.609277725219727,-1.6774375438690186
1788594199818457000,10.65045703125,0.4977695047855377,9.599626541137695,-1.7058687210083008
1788594199828533200,10.660533203125,0.43701663613319397,9.557653427124023,-1.7129764556884766
1788594199838609400,10.670609375,0.4076876640319824,9.4822359085083,-1.7013047933578491
1788594199848684500,10.6806845703125,0.42025721073150635,9.41871452331543,-1.6635212898254395
1788594199858760000,10.690760009765626,0.37409400939941406,9.36117935180664,-1.6540940999984741
1788594199868836900,10.7008369140625,0.26979660987854004,9.373000144958496,-1.7061679363250732
1788594199878912800,10.710912841796874,0.10317512601613998,9.416918754577637,-1.770961046218872
1788594199888988200,10.72098828125,-0.05259761959314346,9.424026489257812,-1.8562544584274292
1788594199899063800,10.731063720703125,-0.11866261810064316,9.445499420166016,-1.8965070247650146
1788594199909140200,10.74114013671875,-0.19654899835586548,9.449016571044922,-1.9415479898452759
1788594199919215900,10.7512158203125,-0.28737902641296387,9.409586906433105,-1.9975124597549438
1788594199929291800,10.761291748046874,-0.3275567293167114,9.404125213623047,-2.101435661315918
1788594199939367700,10.77136767578125,-0.2994248569011688,9.397690773010254,-2.2221932411193848
1788594199949426400,10.781426513671875,-0.23036709427833557,9.39941120147705,-2.28212308883667
1788594199959519000,10.79151904296875,-0.2330605685710907,9.396194458007812,-2.351405382156372
1788594199969594000,10.801593994140624,-0.31109657883644104,9.40824031829834,-2.419116258621216
1788594199979670300,10.811670166015626,-0.4289361834526062,9.469067573547363,-2.4863784313201904
1788594199989745200,10.8217451171875,-0.5057750940322876,9.520243644714355,-2.5025393962860107
1788594199999821300,10.8318212890625,-0.4106804132461548,9.60531234741211,-2.4916906356811523
1788594200009898200,10.841898193359375,-0.30361470580101013,9.637185096740723,-2.423156499862671
1788594200019972600,10.85197265625,-0.2173486202955246,9.615861892700195,-2.399738311767578
1788594200030049500,10.862049560546875,-0.18472762405872345,9.583540916442871,-2.371381998062134
1788594200040124700,10.872124755859375,-0.2668786644935608,9.535507202148438,-2.3784148693084717
1788594200050200800,10.882200927734376,-0.3387047350406647,9.505728721618652,-2.443956136703491
1788594200060276000,10.89227587890625,-0.4412812888622284,9.456572532653809,-2.472537040710449
1788594200070352600,10.9023525390625,-0.5324854254722595,9.348609924316406,-2.4595932960510254
1788594200080428300,10.91242822265625,-0.4999392330646515,9.263016700744629,-2.5031378269195557
1788594200090503000,10.9225029296875,-0.43439796566963196,9.215506553649902,-2.461089611053467
1788594200100579600,10.93257958984375,-0.4424035847187042,9.213860511779785,-2.387019157409668
1788594200110655700,10.94265576171875,-0.650100588798523,9.221193313598633,-2.3324761390686035
1788594200120730600,10.952730712890625,-0.8785971999168396,9.225382804870605,-2.379312753677368
1788594200130807300,10.962807373046875,-0.9573814272880554,9.185953140258789,-2.434154987335205
1788594200140856600,10.972856689453126,-0.7966706156730652,9.187225341796875,-2.557755708694458
1788594200150957800,10.982957763671875,-0.5946598649024963,9.164106369018555,-2.572943925857544
1788594200161034500,10.993034423828124,-0.6072294116020203,9.112406730651855,-2.51106858253479
1788594200171110400,11.0031103515625,-0.7616553902626038,9.073426246643066,-2.5329906940460205
1788594200181186300,11.013186279296875,-1.0932523012161255,8.968379974365234,-2.5465328693389893
1788594200191259600,11.023259765625,-1.0954968929290771,8.89834976196289,-2.6292824745178223
1788594200201337300,11.03333740234375,-1.0143184661865234,8.834678649902344,-2.7361984252929688
1788594200211413800,11.043413818359374,-0.9455600380897522,8.752378463745117,-2.703502655029297
1788594200221488600,11.053488525390625,-0.8880243897438049,8.751181602478027,-2.665494680404663
1788594200231565000,11.06356494140625,-0.9182511568069458,8.834454536437988,-2.6291327476501465
1788594200241640200,11.07364013671875,-1.040804386138916,8.927229881286621,-2.6365396976470947
1788594200251716600,11.083716552734375,-1.198746919631958,9.036240577697754,-2.7385926246643066
1788594200261791700,11.093791748046876,-1.4333785772323608,9.034744262695312,-2.839149236679077
1788594200271868000,11.103867919921875,-1.4776713848114014,8.984766006469727,-2.9180080890655518
1788594200281935000,11.11393505859375,-1.3314753770828247,8.88293743133545,-2.9788358211517334
1788594200292019200,11.124019287109375,-1.3136684894561768,8.878373146057129,-3.013551712036133
1788594200302096100,11.13409619140625,-1.4496891498565674,8.954913139343262,-3.121290922164917
1788594200312171300,11.144171142578125,-1.7906384468078613,9.09183120727539,-3.274444818496704
1788594200322246400,11.154246337890624,-2.149095296859741,9.178471565246582,-3.4206409454345703
1788594200332323600,11.164323486328126,-2.012251615524292,9.136123657226562,-3.4322378635406494
1788594200342398000,11.17439794921875,-1.6397289037704468,9.067665100097656,-3.3265936374664307
1788594200352473600,11.1844736328125,-1.3253402709960938,8.978331565856934,-3.1587750911712646
1788594200362551000,11.194551025390625,-1.3125462532043457,8.94773006439209,-3.015721559524536
1788594200372626400,11.20462646484375,-1.6660650968551636,8.9249849319458,-3.0156466960906982
1788594200382702000,11.2147021484375,-2.18306303024292,8.946533203125,-3.160421133041382
1788594200392776700,11.224776611328124,-2.516380786895752,9.005939483642578,-3.3343000411987305
1788594200402854000,11.23485400390625,-2.502389669418335,8.944737434387207,-3.4934394359588623
1788594200412929500,11.244929443359375,-2.051830768585205,8.719383239746094,-3.519925355911255
1788594200423004700,11.255004638671876,-1.7220295667648315,8.50330638885498,-3.5557637214660645
1788594200433081000,11.2650810546875,-1.7931822538375854,8.377985000610352,-3.62302565574646
1788594200443156200,11.27515625,-2.433631181716919,8.391303062438965,-3.8652141094207764
1788594200453238000,11.285238037109375,-3.272125482559204,8.521113395690918,-4.151471138000488
1788594200463308000,11.29530810546875,-3.614795684814453,8.571915626525879,-4.2812066078186035
1788594200473384400,11.305384521484376,-3.2828993797302246,8.587627410888672,-4.319364547729492
1788594200483463200,11.315463134765626,-2.5923218727111816,8.483255386352539,-4.209156036376953
1788594200493535200,11.32553515625,-1.9690064191818237,8.311620712280273,-4.069244861602783
1788594200503611400,11.335611328125,-1.6610522270202637,8.213309288024902,-4.008866310119629
1788594200513687000,11.34568701171875,-1.7600375413894653,8.221090316772461,-3.9642741680145264
1788594200523762400,11.355762451171875,-2.5470564365386963,8.250943183898926,-3.8273558616638184
1788594200533838800,11.3658388671875,-3.581725835800171,8.247126579284668,-3.8174049854278564
1788594200543914200,11.375914306640626,-4.024578094482422,8.258275032043457,-3.9792380332946777
1788594200553964000,11.385964111328125,-3.892822265625,8.258574485778809,-4.163591384887695
1788594200564066600,11.396066650390624,-3.525761365890503,8.278775215148926,-4.342782497406006
1788594200574142500,11.406142578125,-3.0899417400360107,8.155997276306152,-4.322432041168213
1788594200584206300,11.416206298828126,-2.6727521419525146,7.885377883911133,-4.140397548675537
1788594200594267400,11.426267333984375,-2.517503023147583,7.838466644287109,-3.963301658630371
1788594200604369200,11.436369140625,-2.5497500896453857,7.922488212585449,-3.837381601333618
1788594200614426000,11.446426025390625,-2.988412618637085,8.015936851501465,-3.7445313930511475
1788594200624509000,11.456509033203124,-3.509974479675293,7.980173587799072,-3.659088373184204
1788594200634570800,11.46657080078125,-4.038045406341553,7.8763251304626465,-3.8116438388824463
1788594200644649000,11.47664892578125,-4.042609691619873,7.786093711853027,-4.146383285522461
1788594200654722600,11.48672265625,-3.690736770629883,7.753323078155518,-4.433687686920166
1788594200664798000,11.4967978515625,-3.2135424613952637,7.7416510581970215,-4.607491493225098
1788594200674874400,11.506874267578125,-3.124882221221924,7.690699577331543,-4.628440856933594
1788594200684951000,11.516950927734374,-3.1979801654815674,7.643040180206299,-4.480299472808838
1788594200695025700,11.527025634765625,-3.41024112701416,7.671471118927002,-4.351611137390137
1788594200705127400,11.53712744140625,-3.778125047683716,7.564330577850342,-4.219406604766846
1788594200715177700,11.547177734375,-3.8820483684539795,7.554454326629639,-4.231003284454346
1788594200725279000,11.557279052734375,-4.141445159912109,7.4182844161987305,-4.187757968902588
1788594200735355000,11.56735498046875,-4.141894340515137,7.292888164520264,-4.223970413208008
1788594200745404400,11.577404296875,-3.891700029373169,7.178265571594238,-4.293551921844482
1788594200755506700,11.587506591796876,-3.761066436767578,7.032369136810303,-4.401066303253174
1788594200765581800,11.597581787109375,-3.9624786376953125,6.9589715003967285,-4.653804302215576
1788594200775658000,11.607657958984374,-4.507458686828613,6.984559535980225,-4.909460067749023
1788594200785733600,11.617733642578125,-4.568061828613281,6.993687629699707,-5.089474201202393
1788594200795809800,11.627809814453125,-4.329165458679199,6.951938629150391,-5.172972202301025
1788594200805885700,11.6378857421875,-4.166733741760254,6.954931259155273,-5.175964832305908
1788594200815960000,11.6479599609375,-4.340986728668213,6.961216449737549,-5.1203742027282715
1788594200826036700,11.65803662109375,-4.26130485534668,6.911910533905029,-5.012261390686035
1788594200836112400,11.6681123046875,-4.078672409057617,6.821380138397217,-4.927491664886475
1788594200846188300,11.678188232421874,-3.732710123062134,6.813748359680176,-5.054234504699707
1788594200856264200,11.68826416015625,-3.8454620838165283,6.80319881439209,-5.163694381713867
1788594200866340400,11.69834033203125,-4.318615913391113,6.744466304779053,-5.238588333129883
1788594200876416000,11.708416015625,-4.797157287597656,6.661566734313965,-5.241954803466797
1788594200886491400,11.718491455078125,-5.203872203826904,6.5773210525512695,-5.188309669494629
1788594200896567600,11.728567626953126,-5.437381744384766,6.572457790374756,-5.18666410446167
1788594200906643000,11.738642822265625,-5.0429368019104,6.654533863067627,-5.2999396324157715
1788594200916718300,11.74871826171875,-4.546215057373047,6.656778335571289,-5.381865978240967
1788594200926794500,11.75879443359375,-4.317792892456055,6.375983715057373,-5.212252140045166
1788594200936870700,11.76887060546875,-4.219182014465332,6.137087345123291,-5.138705253601074
1788594200946946600,11.778946533203126,-4.703858375549316,5.897517204284668,-5.122544288635254
1788594200957022200,11.789022216796875,-5.155389785766602,5.677475452423096,-5.161375045776367
1788594200967097000,11.79909716796875,-5.401169300079346,5.46843147277832,-5.107729911804199
1788594200977174000,11.809174072265625,-5.337498664855957,5.481823921203613,-5.074884414672852
1788594200987223300,11.819223388671874,-5.280187606811523,5.585448265075684,-5.196315288543701
1788594200997299500,11.829299560546875,-5.262455463409424,5.631012916564941,-5.446883678436279
1788594201007401200,11.839401123046875,-5.11887788772583,5.613654613494873,-5.679195880889893
1788594201017476000,11.84947607421875,-4.868459701538086,5.693411827087402,-5.6869025230407715
1788594201027552800,11.859552734375,-5.169530391693115,5.616198539733887,-5.526116847991943
1788594201037628400,11.86962841796875,-5.883676052093506,5.47075080871582,-5.386878967285156
1788594201047703800,11.879703857421875,-6.0563578605651855,5.2724809646606445,-5.276147365570068
1788594201057780000,11.889780029296874,-5.916895389556885,5.100173473358154,-5.158008098602295
1788594201067856000,11.89985595703125,-5.869011402130127,5.107356071472168,-5.123517036437988
1788594201077931800,11.909931884765625,-6.057106018066406,5.129726886749268,-5.196689605712891
1788594201088007200,11.920007080078125,-6.025158405303955,5.2288618087768555,-5.395707607269287
1788594201098083300,11.930083251953125,-5.761047840118408,5.377152442932129,-5.6956562995910645
1788594201108158700,11.94015869140625,-5.496114253997803,5.501875400543213,-5.844021797180176
1788594201118238500,11.950238525390626,-5.800252914428711,5.534795761108398,-5.945401191711426
1788594201128310500,11.960310546875,-6.248716831207275,5.546617031097412,-6.010418891906738
1788594201138386700,11.97038671875,-6.591386795043945,5.490652561187744,-5.952883243560791
1788594201148436000,11.98043603515625,-6.944756031036377,5.408127307891846,-5.735908508300781
1788594201158538200,11.990538330078126,-7.092149257659912,5.360467910766602,-5.632883071899414
1788594201168612900,12.00061279296875,-7.01516056060791,5.261782169342041,-5.6635589599609375
1788594201178664400,12.01066455078125,-6.523601055145264,5.03986930847168,-5.604526996612549
1788594201188739300,12.0207392578125,-6.063614845275879,4.7533135414123535,-5.758204936981201
1788594201198815000,12.03081494140625,-5.900510311126709,4.415132522583008,-5.854945659637451
1788594201208891600,12.0408916015625,-6.049474239349365,4.161421775817871,-5.85808801651001
1788594201218992400,12.050992431640625,-6.845247268676758,3.911003351211548,-5.658620834350586
1788594201229067800,12.06106787109375,-6.987103462219238,3.7724387645721436,-5.528660774230957
1788594201239144700,12.071144775390625,-6.909965515136719,3.6401591300964355,-5.3063740730285645
1788594201249220000,12.08122021484375,-7.036708354949951,3.4747347831726074,-5.291260719299316
1788594201259295200,12.091295166015625,-7.041496753692627,3.385850191116333,-5.427804946899414
1788594201269371400,12.101371337890624,-7.102698802947998,3.3918356895446777,-5.47770881652832
1788594201279447800,12.11144775390625,-6.804396152496338,3.4727895259857178,-5.447407245635986
1788594201289523700,12.121523681640625,-6.689623832702637,3.5241153240203857,-5.361590385437012
1788594201299599000,12.13159912109375,-7.063194274902344,3.6715831756591797,-5.4385786056518555
1788594201309675500,12.141675537109375,-7.507842540740967,3.7021090984344482,-5.418826580047607
1788594201319725000,12.15172509765625,-7.495497226715088,3.7422869205474854,-5.549983978271484
1788594201329826800,12.161826904296875,-7.449483871459961,3.8582561016082764,-5.768080711364746
1788594201339902700,12.17190283203125,-7.619546890258789,3.932925224304199,-6.010568618774414
1788594201349977300,12.181977294921875,-7.583334445953369,3.9018006324768066,-5.972710132598877
1788594201360054000,12.192053955078125,-7.147664546966553,3.8563108444213867,-5.875520706176758
1788594201370129200,12.202129150390626,-7.570540428161621,3.746626377105713,-5.746682643890381
1788594201380206000,12.2122060546875,-7.913884162902832,3.601402997970581,-5.678822040557861
1788594201390280700,12.22228076171875,-7.840112686157227,3.452214479446411,-5.431545734405518
1788594201400356900,12.23235693359375,-7.8483428955078125,3.3203089237213135,-5.3307647705078125
1788594201410433000,12.24243310546875,-7.704017162322998,3.1750855445861816,-5.333233833312988
1788594201420508000,12.2525078125,-7.932738304138184,3.0359225273132324,-5.377227306365967
1788594201430584800,12.262584716796875,-8.078635215759277,2.9298295974731445,-5.292457580566406
1788594201440660700,12.27266064453125,-8.240991592407227,2.8494741916656494,-5.113191604614258
1788594201450724400,12.282724365234374,-8.03696060180664,2.750713348388672,-5.054758548736572
1788594201460812000,12.29281201171875,-7.8419084548950195,2.692953109741211,-4.971858978271484
1788594201470887000,12.302886962890625,-8.060454368591309,2.5306711196899414,-4.919336318969727
1788594201480946000,12.31294580078125,-8.272191047668457,2.4031050205230713,-4.890531063079834
1788594201491039200,12.323039306640625,-8.232836723327637,2.458096981048584,-5.099350452423096
1788594201501099500,12.333099609375,-8.1795654296875,2.481440305709839,-5.182997703552246
1788594201511191600,12.343191650390626,-8.217124938964844,2.3855974674224854,-5.164218425750732
1788594201521266000,12.353265869140625,-8.051850318908691,2.178274631500244,-5.366528511047363
1788594201531342800,12.3633427734375,-7.950844764709473,2.028562307357788,-5.44650936126709
1788594201541418200,12.373418212890625,-7.872958183288574,1.9302502870559692,-5.390694618225098
1788594201551493400,12.383493408203124,-7.826121807098389,1.840991497039795,-5.194370269775391
1788594201561570000,12.393570068359375,-7.923460960388184,1.753229022026062,-4.919859886169434
1788594201571645000,12.40364501953125,-7.894431114196777,1.7351229190826416,-4.871078014373779
1788594201581721600,12.4137216796875,-7.927949905395508,1.7268179655075073,-4.898461818695068
1788594201591796500,12.42379638671875,-7.9328131675720215,1.7114801406860352,-4.936769008636475
1788594201601873200,12.433873046875,-8.019453048706055,1.6701053380966187,-4.862623691558838
1788594201611949300,12.44394921875,-7.83345365524292,1.6189292669296265,-4.7597479820251465
1788594201622024400,12.4540244140625,-8.07698917388916,1.5756092071533203,-4.861800670623779
1788594201632100600,12.4641005859375,-8.2359037399292,1.5062521696090698,-4.960636138916016
1788594201642150700,12.474150634765625,-8.295459747314453,1.4964509010314941,-4.943727016448975
1788594201652226300,12.484226318359376,-8.387187957763672,1.470862865447998,-4.920832633972168
1788594201662327600,12.49432763671875,-8.445322036743164,1.4500632286071777,-4.8634467124938965
1788594201672403700,12.50440380859375,-8.531213760375977,1.4089876413345337,-4.613776206970215
1788594201682478300,12.514478271484375,-8.599747657775879,1.3794342279434204,-4.491896629333496
1788594201692555300,12.52455517578125,-8.637381553649902,1.267206072807312,-4.529305934906006
1788594201702630700,12.534630615234375,-8.638579368591309,1.1715128421783447,-4.488155364990234
1788594201712707300,12.544707275390625,-8.622941970825195,1.0361655950546265,-4.4041337966918945
1788594201722782000,12.554781982421876,-8.862811088562012,0.9080758094787598,-4.516137599945068
1788594201732858600,12.564858642578125,-9.131410598754883,0.7975684404373169,-4.3628339767456055
1788594201742934300,12.574934326171874,-9.346065521240234,0.7109282612800598,-4.388721466064453
1788594201753009200,12.585009033203125,-9.366565704345703,0.6624456644058228,-4.504690647125244
1788594201763086000,12.595086181640625,-9.39709186553955,0.7211784720420837,-4.554444789886475
1788594201773162000,12.605161865234376,-9.232565879821777,0.8229320049285889,-4.490025997161865
1788594201783211300,12.615211181640625,-9.226655006408691,0.8663269281387329,-4.546065330505371
1788594201793312300,12.625312255859376,-9.208024978637695,0.8157494068145752,-4.453289985656738
1788594201803389400,12.635389404296875,-8.898798942565918,0.6817489266395569,-4.43009614944458
1788594201813463000,12.645463134765626,-9.006762504577637,0.6569839119911194,-4.563498020172119
1788594201823540700,12.655540771484375,-9.055843353271484,0.7186346054077148,-4.5021467208862305
1788594201833616400,12.665616455078125,-9.16313362121582,0.7143699526786804,-4.449174880981445
1788594201843692500,12.675692626953126,-9.371953010559082,0.6492775678634644,-4.482170104980469
1788594201853767200,12.68576708984375,-9.304391860961914,0.5538836121559143,-4.475735664367676
1788594201863843000,12.695843017578126,-9.553688049316406,0.358830988407135,-4.384756088256836
1788594201873919700,12.705919677734375,-9.510442733764648,0.20552724599838257,-4.2806830406188965
1788594201883994600,12.71599462890625,-9.36581802368164,0.0528968945145607,-4.230703830718994
1788594201894070500,12.726070556640625,-9.413252830505371,-0.02588730677962303,-4.270283222198486
1788594201904147500,12.7361474609375,-9.368885040283203,-0.0627729743719101,-4.276642799377441
1788594201914204700,12.74620458984375,-9.264962196350098,-0.09786299616098404,-4.338143825531006
1788594201924272400,12.7562724609375,-9.331550598144531,-0.12577040493488312,-4.299761772155762
1788594201934372600,12.76637255859375,-9.31621265411377,-0.1255459487438202,-4.344054698944092
1788594201944441300,12.77644140625,-9.507674217224121,-0.09299977123737335,-4.508057117462158
1788594201954509600,12.786509521484374,-9.547178268432617,-0.14402619004249573,-4.5952959060668945
1788594201964575700,12.79657568359375,-9.463156700134277,-0.19871874153614044,-4.591106414794922
1788594201974651600,12.806651611328125,-9.378387451171875,-0.21966800093650818,-4.635773181915283
1788594201984727300,12.816727294921876,-9.452607154846191,-0.25423428416252136,-4.708497047424316
1788594201994803500,12.826803466796875,-9.657536506652832,-0.34094929695129395,-4.709320068359375
1788594202004892000,12.836891845703125,-9.480664253234863,-0.41524437069892883,-4.537311553955078
1788594202014955000,12.846955078125,-9.525481224060059,-0.34596213698387146,-4.5773396492004395
1788594202025031000,12.857031005859374,-9.547403335571289,-0.1405097097158432,-4.595221042633057
1788594202035108000,12.867108154296876,-9.550993919372559,-0.07646481692790985,-4.502969741821289
1788594202045208000,12.8772080078125,-9.50266170501709,-0.039953239262104034,-4.600832462310791
1788594202055284200,12.8872841796875,-9.677139282226562,0.07339724898338318,-4.696301460266113
1788594202065333500,12.89733349609375,-9.65267276763916,0.04563947021961212,-4.624924182891846
1788594202075435800,12.907435791015626,-9.738265991210938,0.10302548855543137,-4.705429553985596
1788594202085511000,12.917510986328125,-9.67885971069336,0.11312603205442429,-4.760571002960205
1788594202095587300,12.92758740234375,-9.605462074279785,0.06658873707056046,-4.724059104919434
1788594202105663200,12.937663330078125,-9.730559349060059,0.13108254969120026,-4.838831424713135
1788594202115738600,12.947738525390625,-9.869722366333008,0.2166004329919815,-4.838980674743652
1788594202125814300,12.957814208984376,-9.745747566223145,0.1661725640296936,-4.706027984619141
1788594202135890400,12.967890380859375,-9.828272819519043,0.14829087257385254,-4.7631144523620605
1788594202145942300,12.9779423828125,-9.985466957092285,0.1330278366804123,-4.924947738647461
1788594202156042000,12.9880419921875,-10.042478561401367,0.05529109388589859,-4.956222057342529
1788594202166117600,12.99811767578125,-9.950751304626465,0.06314706802368164,-5.012635231018066
1788594202176193800,13.00819384765625,-9.88161849975586,0.06471826136112213,-5.043909549713135
1788594202186268400,13.018268310546874,-9.910872459411621,0.08776245266199112,-5.101295471191406
1788594202196345300,13.028345458984376,-10.017863273620605,0.11305121332406998,-5.214122295379639
1788594202206420500,13.03842041015625,-10.097620010375977,0.06628946214914322,-5.2248215675354
1788594202216495900,13.048495849609376,-10.063353538513184,0.10474632680416107,-5.2486138343811035
1788594202226573000,13.058572998046875,-9.904513359069824,0.1338508427143097,-5.219210147857666
1788594202236648400,13.0686484375,-9.834781646728516,0.15966331958770752,-5.086855411529541
1788594202246724000,13.07872412109375,-9.790489196777344,0.21188685297966003,-4.992434501647949
1788594202256800000,13.088800048828125,-9.56513500213623,0.3519476354122162,-4.892251968383789
1788594202266876000,13.0988759765625,-9.263765335083008,0.5032312870025635,-4.838906288146973
1788594202276951600,13.10895166015625,-9.29414176940918,0.6414216160774231,-5.014730453491211
1788594202287027200,13.119027099609376,-9.766023635864258,0.760757565498352,-5.093514442443848
1788594202297103400,13.129103271484375,-9.702128410339355,0.9039607644081116,-5.023708343505859
1788594202307179000,13.139178955078124,-9.429637908935547,0.9952397346496582,-5.147309303283691
1788594202317231000,13.149231201171874,-9.264886856079102,0.9734674692153931,-5.2101569175720215
1788594202327330600,13.15933056640625,-9.371054649353027,0.9810989499092102,-5.148805618286133
1788594202337406500,13.169406494140626,-9.310077667236328,0.9967361092567444,-5.127407550811768
1788594202347485200,13.179485107421876,-9.111358642578125,1.056217074394226,-5.14124870300293
1788594202357558000,13.18955810546875,-9.118391990661621,1.1141268014907837,-5.037026405334473
1788594202367634400,13.199634521484375,-9.055469512939453,1.2262802124023438,-4.959064960479736
1788594202377709600,13.20970947265625,-8.86602783203125,1.349656343460083,-4.9007062911987305
1788594202387784700,13.21978466796875,-8.594884872436523,1.430161476135254,-4.803442001342773
1788594202397860600,13.229860595703125,-8.564508438110352,1.4368202686309814,-4.679317474365234
1788594202407937000,13.23993701171875,-8.668880462646484,1.4142998456954956,-4.553696632385254
1788594202418013000,13.250012939453125,-8.636184692382812,1.3913304805755615,-4.4846391677856445
1788594202428088600,13.260088623046874,-8.376264572143555,1.448117971420288,-4.436305999755859
1788594202438164700,13.270164794921875,-8.258648872375488,1.5453075170516968,-4.443413734436035
1788594202448260400,13.28026025390625,-8.221763610839844,1.6703298091888428,-4.565892219543457
1788594202458316000,13.29031591796875,-8.175973892211914,1.7781436443328857,-4.585793972015381
1788594202468391400,13.300391357421875,-8.15764331817627,1.8644845485687256,-4.641533851623535
1788594202478470100,13.31047021484375,-8.012868881225586,1.963320255279541,-4.715604782104492
1788594202488543200,13.320543212890625,-7.929670810699463,2.0388872623443604,-4.705953121185303
1788594202498618400,13.330618408203126,-7.845499515533447,2.1252281665802,-4.717774391174316
1788594202508695000,13.340695068359375,-7.75092887878418,2.1840357780456543,-4.728473663330078
1788594202518769700,13.350769775390624,-7.6361565589904785,2.2758383750915527,-4.834641456604004
1788594202528846600,13.3608466796875,-7.717858791351318,2.3900866508483887,-5.045106887817383
1788594202538922800,13.3709228515625,-7.691896915435791,2.506953716278076,-5.216516494750977
1788594202548997000,13.3809970703125,-7.551536560058594,2.572195529937744,-5.2608842849731445
1788594202559074300,13.39107421875,-7.495946407318115,2.6488850116729736,-5.2666449546813965
1788594202569150000,13.40114990234375,-7.431377410888672,2.7951557636260986,-5.321038246154785
1788594202579225900,13.411225830078125,-7.4269633293151855,3.0114567279815674,-5.340266704559326
1788594202589301000,13.421301025390624,-7.429432392120361,3.188178777694702,-5.330914497375488
1788594202599377200,13.431377197265626,-7.326332092285156,3.3069162368774414,-5.344980239868164
1788594202609452500,13.44145263671875,-7.105466842651367,3.366023063659668,-5.301361083984375
1788594202619529000,13.451529052734376,-6.913406848907471,3.439345598220825,-5.265896797180176
1788594202629604900,13.46160498046875,-6.978649139404297,3.513416290283203,-5.313032627105713
1788594202639680300,13.47168017578125,-7.092672824859619,3.566986322402954,-5.3553056716918945
1788594202649729800,13.481729736328125,-6.98396110534668,3.5662381649017334,-5.3628621101379395
1788594202659832000,13.49183203125,-6.717007637023926,3.591676712036133,-5.474791049957275
1788594202669907700,13.50190771484375,-6.690671443939209,3.615394115447998,-5.582754611968994
1788594202679973600,13.5119736328125,-6.7282304763793945,3.6360442638397217,-5.675604820251465
1788594202690059300,13.522059326171876,-6.672640323638916,3.6973206996917725,-5.702988624572754
1788594202700134700,13.532134765625,-6.792724132537842,3.7971291542053223,-5.694833278656006
1788594202710211000,13.542211181640624,-6.941613674163818,3.9006035327911377,-5.708076000213623
1788594202720286200,13.5522861328125,-6.795043468475342,4.01425313949585,-5.641188144683838
1788594202730362600,13.562362548828125,-6.40695858001709,4.135609149932861,-5.509507179260254
1788594202740438800,13.572438720703126,-5.924227714538574,4.232200622558594,-5.368772983551025
1788594202750513400,13.582513427734375,-5.621660232543945,4.26474666595459,-5.21210241317749
1788594202760590000,13.592590087890626,-5.858911037445068,4.301258087158203,-5.060594081878662
1788594202770666000,13.602666015625,-6.469357490539551,4.433013916015625,-5.099350452423096
1788594202780742000,13.612741943359374,-6.880860805511475,4.542548656463623,-5.3156514167785645
1788594202790816800,13.622816650390625,-6.821978569030762,4.681487560272217,-5.574225425720215
1788594202800893200,13.63289306640625,-6.472649574279785,4.818929672241211,-5.796960830688477
1788594202810968000,13.642968017578125,-5.92437744140625,4.939836502075195,-5.920187473297119
1788594202821044000,13.6530439453125,-5.869909286499023,5.012934684753418,-5.927220344543457
1788594202831120600,13.66312060546875,-6.185120582580566,5.067327976226807,-5.872602462768555
1788594202841196800,13.67319677734375,-6.447360515594482,5.099050998687744,-5.947870254516602
1788594202851271400,13.683271484375,-6.221108436584473,5.157484531402588,-5.7777323722839355
1788594202861348400,13.693348388671875,-5.990741729736328,5.259313106536865,-5.680168628692627
1788594202871423000,13.703423095703124,-5.658770561218262,5.401992321014404,-5.779752731323242
1788594202881498600,13.71349853515625,-5.445611953735352,5.528136730194092,-5.762020587921143
1788594202891575800,13.723575927734375,-5.392490386962891,5.668945789337158,-5.697077751159668
1788594202901651000,13.73365087890625,-5.511078357696533,5.7993550300598145,-5.5848493576049805
1788594202911727400,13.743727294921875,-5.773841857910156,5.8984150886535645,-5.511826515197754
1788594202921776600,13.753776611328124,-5.929539680480957,5.985953330993652,-5.459453105926514
1788594202931878700,13.763878662109375,-5.829656600952148,6.030694961547852,-5.500154495239258
1788594202941954600,13.77395458984375,-5.5983171463012695,6.07356595993042,-5.542651653289795
1788594202952029400,13.784029541015625,-5.51736307144165,6.128782272338867,-5.539060592651367
1788594202962105900,13.79410595703125,-5.265597820281982,6.171578407287598,-5.548188209533691
1788594202972156000,13.804156005859374,-4.860154628753662,6.170156955718994,-5.455412864685059
1788594202982244400,13.814244384765624,-4.6320319175720215,6.283806800842285,-5.3220109939575195
1788594202992333800,13.824333740234374,-4.585943698883057,6.443021297454834,-5.308618545532227
1788594203002409000,13.834408935546875,-4.885293960571289,6.53991174697876,-5.315352439880371
1788594203012484400,13.844484375,-5.173944473266602,6.640468120574951,-5.331587791442871
1788594203022560300,13.854560302734376,-5.2789154052734375,6.76459264755249,-5.379471778869629
1788594203032637000,13.864636962890625,-5.177984714508057,6.845097541809082,-5.396156311035156
1788594203042712300,13.87471240234375,-4.892775535583496,6.893954277038574,-5.406556129455566
1788594203052787700,13.88478759765625,-4.746953964233398,6.907421588897705,-5.366453647613525
1788594203062864600,13.89486474609375,-4.58160400390625,6.9181952476501465,-5.260809421539307
1788594203072939000,13.90493896484375,-4.439598083496094,6.985682010650635,-5.122992992401123
1788594203083015700,13.915015625,-4.39889669418335,7.172055721282959,-5.104288578033447
1788594203093091600,13.925091552734376,-4.197858810424805,7.348104476928711,-5.054009914398193
1788594203103167500,13.93516748046875,-3.974449634552002,7.52086067199707,-4.809203147888184
1788594203113243400,13.945243408203124,-3.73323392868042,7.686734199523926,-4.601506233215332
1788594203123317800,13.95531787109375,-3.5616743564605713,7.768361568450928,-4.3307366371154785
1788594203133394700,13.965394775390624,-3.390488862991333,7.838541507720947,-4.156708240509033
1788594203143481000,13.975481201171876,-3.3842790126800537,7.838242053985596,-4.102988243103027
1788594203153546000,13.9855458984375,-3.551424026489258,7.819088459014893,-4.13059663772583
1788594203163622700,13.99562255859375,-3.659088373184204,7.7726263999938965,-4.23429536819458
1788594203173697300,14.005697265625,-3.5125184059143066,7.73207426071167,-4.374730110168457
1788594203183770600,14.0157705078125,-3.2387564182281494,7.746140480041504,-4.584671974182129
1788594203193849600,14.025849609375,-2.9177088737487793,7.789236068725586,-4.600009441375732
1788594203203925800,14.03592578125,-2.8230631351470947,7.846173286437988,-4.468702793121338
1788594203213999900,14.045999755859375,-2.919055700302124,7.9625163078308105,-4.390142917633057
1788594203224076300,14.056076171875,-3.068917751312256,8.178518295288086,-4.4612956047058105
1788594203234152700,14.066152587890626,-3.276315450668335,8.335338592529297,-4.439448356628418
1788594203244205600,14.07620556640625,-3.4637365341186523,8.364068984985352,-4.351386547088623
1788594203254278000,14.08627783203125,-3.3815853595733643,8.29942512512207,-4.257713794708252
1788594203264373200,14.096373291015626,-2.9420998096466064,8.220341682434082,-4.140397548675537
1788594203274441200,14.106441162109375,-2.499920606613159,8.133926391601562,-3.986196279525757
1788594203284511200,14.11651123046875,-2.4607903957366943,8.06195068359375,-3.891176223754883
1788594203294581200,14.126581298828125,-2.6476879119873047,8.007108688354492,-3.8227171897888184
1788594203304658400,14.136658447265624,-2.7563247680664062,8.010175704956055,-3.79840087890625
1788594203314745000,14.1467451171875,-2.5608232021331787,7.97329044342041,-3.690661907196045
1788594203324810200,14.156810302734375,-2.227206230163574,7.8850789070129395,-3.488276958465576
1788594203334887200,14.16688720703125,-2.111985206604004,7.825597763061523,-3.459172487258911
1788594203344960800,14.176960693359375,-2.0644752979278564,7.822605133056641,-3.534590005874634
1788594203355036700,14.18703662109375,-2.2596027851104736,7.84961462020874,-3.5790321826934814
1788594203365138200,14.19713818359375,-2.2706758975982666,7.890166282653809,-3.5871875286102295
1788594203375215000,14.207215087890624,-2.1733365058898926,7.98488712310791,-3.582249402999878
1788594203385263600,14.217263671875,-2.039785146713257,8.072275161743164,-3.5166332721710205
1788594203395339300,14.22733935546875,-1.848772644996643,8.1209077835083,-3.3498623371124268
1788594203405415400,14.23741552734375,-1.7180641889572144,8.145747184753418,-3.208155393600464
1788594203415517400,14.247517333984375,-1.8230350017547607,8.219893455505371,-3.0736312866210938
1788594203425593000,14.257593017578126,-1.6573113203048706,8.321646690368652,-2.9997103214263916
1788594203435656700,14.26765673828125,-1.4989198446273804,8.423624992370605,-2.9711294174194336
1788594203445744400,14.277744384765626,-1.5430630445480347,8.443526268005371,-2.923095703125
1788594203455820500,14.287820556640625,-1.4995183944702148,8.424148559570312,-2.8469302654266357
1788594203465896400,14.297896484375,-1.5039327144622803,8.394071578979492,-2.8017396926879883
1788594203475971800,14.307971923828125,-1.3721020221710205,8.47786808013916,-2.762310266494751
1788594203486047500,14.318047607421875,-1.2510452270507812,8.62159538269043,-2.7417349815368652
1788594203496123600,14.32812353515625,-1.079859733581543,8.766593933105469,-2.7201123237609863
1788594203506199600,14.338199462890625,-0.9628431797027588,8.810961723327637,-2.672602415084839
1788594203516274400,14.3482744140625,-0.8221089839935303,8.719159126281738,-2.6103532314300537
1788594203526351000,14.35835107421875,-0.7528268098831177,8.590021133422852,-2.5288755893707275
1788594203536427000,14.368427001953124,-0.7650970816612244,8.49178409576416,-2.4791958332061768
1788594203546476300,14.378476318359375,-0.7255927324295044,8.51789665222168,-2.421884775161743
1788594203556578800,14.388578857421875,-0.6272808313369751,8.624737739562988,-2.420837163925171
1788594203566654200,14.398654296875,-0.5258265733718872,8.821062088012695,-2.439317464828491
1788594203576730000,14.408730224609375,-0.4324526786804199,9.00631332397461,-2.392106771469116
1788594203586806000,14.418805908203124,-0.3935469090938568,9.138668060302734,-2.321103811264038
1788594203596881700,14.428881591796875,-0.2371755987405777,9.187973022460938,-2.278531789779663
1788594203606957300,14.438957275390624,-0.06299743056297302,9.238775253295898,-2.2753145694732666
1788594203617033500,14.449033447265625,-0.007407061289995909,9.308357238769531,-2.2895302772521973
1788594203627109400,14.459109375,-0.08454524725675583,9.36813735961914,-2.3521535396575928
1788594203637184800,14.469184814453126,-0.2703951597213745,9.411532402038574,-2.410287857055664
1788594203647234800,14.47923486328125,-0.3685574233531952,9.461212158203125,-2.385747194290161
1788594203657336600,14.489336669921874,-0.4356698989868164,9.50625228881836,-2.360234022140503
1788594203667412500,14.49941259765625,-0.4858733117580414,9.544035911560059,-2.3144447803497314
1788594203677506300,14.50950634765625,-0.30391398072242737,9.551443099975586,-2.230348587036133
1788594203687563800,14.519563720703125,0.07631517946720123,9.569025993347168,-2.1326351165771484
1788594203697639400,14.529639404296875,0.34334349632263184,9.5717191696167,-2.008286237716675
1788594203707715000,14.539715087890626,0.4010287821292877,9.605986595153809,-1.8889503479003906
1788594203717790700,14.549790771484375,0.3985597789287567,9.639280319213867,-1.82692551612854
1788594203727866600,14.55986669921875,0.4628291130065918,9.666963577270508,-1.8341829776763916
1788594203737942800,14.56994287109375,0.4545990526676178,9.643095970153809,-1.842637538909912
1788594203747992800,14.579992919921875,0.4082113802433014,9.633219718933105,-1.8150293827056885
1788594203758094600,14.590094482421875,0.19737200438976288,9.579575538635254,-1.7536031007766724
1788594203768169700,14.600169677734375,0.017956512048840523,9.57673168182373,-1.7863737344741821
1788594203778246100,14.61024609375,-0.18787001073360443,9.587057113647461,-1.8476502895355225
1788594203788321800,14.62032177734375,-0.2858078181743622,9.565284729003906,-1.8617162704467773
1788594203798397200,14.630397216796876,-0.10841244459152222,9.540968894958496,-1.8721160888671875
1788594203808473300,14.640473388671875,0.14110825955867767,9.544410705566406,-1.9065327644348145
1788594203818549200,14.65054931640625,0.35344403982162476,9.596558570861816,-1.907056450843811
1788594203828625200,14.660625244140626,0.5504419207572937,9.655516624450684,-1.854982614517212
1788594203838701000,14.670701171875,0.5586720108985901,9.70205307006836,-1.8284966945648193
1788594203848750800,14.680750732421876,0.323142409324646,9.734524726867676,-1.817872405052185
1788594203858852900,14.690852783203125,0.09202712774276733,9.788843154907227,-1.8477251529693604
1788594203868902400,14.70090234375,0.09322422742843628,9.818471908569336,-1.8022353649139404
1788594203879003400,14.71100341796875,0.3258358836174011,9.781810760498047,-1.748216152191162
1788594203889079800,14.721079833984374,0.5178209543228149,9.66307258605957,-1.7483657598495483
1788594203899155000,14.731155029296875,0.5205892324447632,9.533411979675293,-1.839794397354126
1788594203909231600,14.741231689453125,0.4216039478778839,9.439140319824219,-1.9342156648635864
1788594203919307000,14.75130712890625,0.3224690556526184,9.392528533935547,-1.998559832572937
1788594203929383400,14.761383544921875,0.19063830375671387,9.436371803283691,-2.016890525817871
1788594203939459000,14.771458984375,0.11454758793115616,9.547327995300293,-2.0482394695281982
1788594203949533700,14.78153369140625,0.16894085705280304,9.596783638000488,-2.100762367248535
1788594203959610600,14.791610595703125,0.1867477297782898,9.586607933044434,-2.192864418029785
1788594203969686500,14.8016865234375,0.16722002625465393,9.553762435913086,-2.3207297325134277
1788594203979762400,14.811762451171875,0.10137947648763657,9.512163162231445,-2.4066216945648193
1788594203989837800,14.821837890625,-0.005087678786367178,9.471686363220215,-2.499546527862549
1788594203999913000,14.831912841796875,-0.05386953800916672,9.40128231048584,-2.5475053787231445
1788594204010003700,14.842003662109375,0.004788403399288654,9.362300872802734,-2.589703321456909
1788594204020065500,14.8520654296875,0.10841244459152222,9.380781173706055,-2.624643564224243
1788594204030141000,14.862140869140624,0.15936404466629028,9.431209564208984,-2.6496331691741943
1788594204040217000,14.872217041015626,0.12419921159744263,9.422904968261719,-2.658087730407715
1788594204050292000,14.8822919921875,0.021697452291846275,9.397241592407227,-2.6243443489074707
1788594204060369000,14.892368896484374,-0.03299509361386299,9.39559555053711,-2.574066162109375
1788594204070444000,14.902444091796875,-0.00785597413778305,9.426421165466309,-2.5178771018981934
1788594204080519400,14.91251953125,0.11888708174228668,9.451709747314453,-2.46325945854187
1788594204090596000,14.92259619140625,0.2828150689601898,9.438990592956543,-2.4257752895355225
1788594204100671200,14.932671142578124,0.31289222836494446,9.421109199523926,-2.4104373455047607
1788594204110748200,14.942748046875,0.22430677711963654,9.42447566986084,-2.4352023601531982
1788594204120822800,14.95282275390625,0.12943652272224426,9.418564796447754,-2.4532337188720703
1788594204130900000,14.96289990234375,0.12120646238327026,9.410036087036133,-2.4257752895355225
1788594204140949200,14.97294921875,0.09629180282354355,9.419238090515137,-2.3838768005371094
1788594204151051300,14.98305126953125,0.024241292849183083,9.46914291381836,-2.3797616958618164
1788594204161127000,14.993126953125,0.01458966638892889,9.495328903198242,-2.3628525733947754
1788594204171203000,15.003203125,0.03134907782077789,9.507225036621094,-2.349759340286255
1788594204181252600,15.013252685546876,0.0073322425596416,9.538125038146973,-2.331578254699707
1788594204191354400,15.023354248046875,0.00823006872087717,9.5786771774292,-2.3277626037597656
1788594204201429200,15.03342919921875,0.06135141849517822,9.565508842468262,-2.3099558353424072
1788594204211505200,15.043505126953125,0.06621464341878891,9.545308113098145,-2.3160159587860107
1788594204221581800,15.053581787109374,0.06382043659687042,9.527501106262207,-2.3423521518707275
1788594204231657700,15.06365771484375,0.04361936077475548,9.508347511291504,-2.356717586517334
1788594204241733600,15.073733642578125,-0.04736030101776123,9.52129077911377,-2.373028039932251
1788594204251808000,15.08380810546875,-0.1371428668498993,9.542465209960938,-2.3773674964904785
1788594204261885000,15.093885009765625,-0.15577274560928345,9.514557838439941,-2.314145565032959
1788594204271960600,15.103960693359374,-0.09614216536283493,9.516128540039062,-2.333448886871338
1788594204282035700,15.11403564453125,0.0035164838191121817,9.489792823791504,-2.290727376937866
1788594204292112400,15.1241123046875,0,9.46951675415039,-2.2991819381713867
1788594204302187500,15.1341875,-0.016909049823880196,9.46495246887207,-2.3552210330963135
1788594204312264200,15.14426416015625,-0.020350715145468712,9.435174942016602,-2.3709330558776855
1788594204322338800,15.1543388671875,-0.008379706181585789,9.414973258972168,-2.3865702152252197
1788594204332415700,15.164415771484375,0.03464110568165779,9.403302192687988,-2.4047510623931885
1788594204342500000,15.1745,0.11125556379556656,9.402254104614258,-2.3728034496307373
1788594204352566500,15.18456640625,0.04429273307323456,9.405621528625488,-2.3784897327423096
1788594204362643700,15.194643798828125,-0.003142389701679349,9.425448417663574,-2.40968918800354
1788594204372718800,15.20471875,0.043918635696172714,9.387215614318848,-2.373028039932251
1788594204382769000,15.214768798828125,0.04661211371421814,9.352425575256348,-2.3517045974731445
1788594204392844800,15.2248447265625,-0.005611410364508629,9.31037712097168,-2.335020065307617
1788594204402920000,15.234919921875,-0.07653963565826416,9.330802917480469,-2.405125141143799
1788594204413001500,15.24500146484375,-0.1652747392654419,9.335515975952148,-2.4596681594848633
1788594204423097300,15.255097412109375,-0.26807576417922974,9.311424255371094,-2.498798370361328
1788594204433173500,15.265173583984375,-0.2990507483482361,9.280374526977539,-2.521543264389038
1788594204443249700,15.275249755859376,-0.2587234079837799,9.281197547912598,-2.5132384300231934
1788594204453324800,15.28532470703125,-0.23373393714427948,9.305139541625977,-2.502464532852173
1788594204463401000,15.29540087890625,-0.2166004329919815,9.374795913696289,-2.5702502727508545
1788594204473476900,15.305476806640625,-0.22632688283920288,9.396344184875488,-2.585588216781616
1788594204483552300,15.31555224609375,-0.1759738177061081,9.38093090057373,-2.5715222358703613
1788594204493628700,15.325628662109375,-0.10010755807161331,9.322422981262207,-2.5160067081451416
1788594204503704000,15.3357041015625,-0.0851437970995903,9.268404006958008,-2.463857889175415
1788594204513753900,15.34575390625,-0.18203414976596832,9.275286674499512,-2.4777743816375732
1788594204523856100,15.355856201171875,-0.3669862151145935,9.332074165344238,-2.505307674407959
1788594204533932000,15.36593212890625,-0.4812345504760742,9.396568298339844,-2.582146644592285
1788594204544010200,15.37601025390625,-0.5116857886314392,9.441010475158691,-2.651054620742798
1788594204554082600,15.38608251953125,-0.5222352743148804,9.420584678649902,-2.6307787895202637
1788594204564159500,15.396159423828125,-0.461856484413147,9.373823165893555,-2.5596261024475098
1788594204574209800,15.406209716796875,-0.40125325322151184,9.309030532836914,-2.4658780097961426
1788594204584329700,15.416329833984374,-0.43754035234451294,9.242815971374512,-2.3920319080352783
1788594204594372900,15.426372802734376,-0.6070049405097961,9.18857192993164,-2.419116258621216
1788594204604442600,15.436442626953125,-0.809015691280365,9.124602317810059,-2.468496799468994
1788594204614518000,15.44651806640625,-0.8818144202232361,9.072004318237305,-2.52341365814209
1788594204624588000,15.456588134765624,-0.821809709072113,9.018583297729492,-2.54421329498291
1788594204634664000,15.466663818359375,-0.7795370817184448,8.955361366271973,-2.527977705001831
1788594204644740600,15.47674072265625,-0.8129063248634338,8.93381404876709,-2.5434651374816895
1788594204654815500,15.4868154296875,-0.9042600393295288,8.966060638427734,-2.6110265254974365
1788594204664891600,15.4968916015625,-0.8952817916870117,9.035567283630371,-2.639308214187622
1788594204674978600,15.506978515625,-0.9781062006950378,9.06295108795166,-2.685471296310425
1788594204685043000,15.51704296875,-1.0302549600601196,9.034445762634277,-2.728492021560669
1788594204695121200,15.52712109375,-1.0220248699188232,8.926556587219238,-2.652625799179077
1788594204705195800,15.53719580078125,-1.1748048067092896,8.832135200500488,-2.7480945587158203
1788594204715273500,15.5472734375,-1.503783106803894,8.808866500854492,-2.879476547241211
1788594204725371600,15.55737158203125,-1.7184382677078247,8.840964317321777,-2.996642589569092
1788594204735448000,15.567447998046875,-1.854009985923767,8.868422508239746,-3.0831332206726074
1788594204745545500,15.57754541015625,-1.801636815071106,8.887800216674805,-3.1035587787628174
1788594204755599600,15.587599609375,-1.689483404159546,8.90381145477295,-3.1086463928222656
1788594204765675000,15.597675048828124,-1.6135423183441162,8.876053810119629,-2.974496364593506
1788594204775751000,15.6077509765625,-1.2865841388702393,8.808716773986816,-2.8936920166015625
1788594204785827000,15.6178271484375,-1.0566658973693848,8.729633331298828,-2.904540777206421
1788594204795902700,15.62790283203125,-1.2525415420532227,8.665962219238281,-2.9805567264556885
1788594204805978000,15.63797802734375,-1.5505448579788208,8.530091285705566,-3.0171430110931396
1788594204816028700,15.648028564453124,-1.8422633409500122,8.459238052368164,-3.145307779312134
1788594204826129700,15.658129638671875,-2.0335001945495605,8.395792007446289,-3.258284091949463
1788594204836206300,15.668206298828125,-2.118344783782959,8.337432861328125,-3.3406596183776855
1788594204846256400,15.67825634765625,-2.1233575344085693,8.323966026306152,-3.5043630599975586
1788594204856357600,15.688357666015625,-2.143932819366455,8.426318168640137,-3.6745009422302246
1788594204866433300,15.698433349609376,-2.2834699153900146,8.656011581420898,-3.828029155731201
1788594204876482600,15.708482666015625,-2.447697162628174,8.829216957092285,-3.9518544673919678
1788594204886584600,15.71858447265625,-2.4164977073669434,8.891092300415039,-4.106803894042969
1788594204896660700,15.72866064453125,-2.1875522136688232,8.949301719665527,-4.120570659637451
1788594204906736400,15.738736328125,-2.046069860458374,8.965836524963379,-3.983727216720581
1788594204916811500,15.7488115234375,-1.96915602684021,8.887202262878418,-3.734879732131958
1788594204926887700,15.7588876953125,-1.9725229740142822,8.78963851928711,-3.3581671714782715
1788594204936964000,15.768964111328126,-2.170119285583496,8.677634239196777,-3.082160711288452
1788594204947039700,15.779039794921875,-2.458171844482422,8.553211212158203,-3.0220062732696533
1788594204957116000,15.789115966796874,-2.576310634613037,8.439934730529785,-3.143960952758789
1788594204967192000,15.799192138671875,-2.575188398361206,8.333318710327148,-3.316418170928955
1788594204977266700,15.8092666015625,-2.3480384349823,8.21188735961914,-3.4611926078796387
1788594204987342800,15.8193427734375,-2.182913303375244,8.117316246032715,-3.5375077724456787
1788594204997418200,15.829418212890625,-2.180070400238037,8.067038536071777,-3.519925355911255
1788594205007504100,15.839504150390624,-2.454655408859253,8.107589721679688,-3.4885764122009277
1788594205017569800,15.84956982421875,-2.88067364692688,8.287155151367188,-3.63881254196167
1788594205027645700,15.859645751953124,-3.3185131549835205,8.543858528137207,-3.9163901805877686
1788594205037722400,15.869722412109375,-3.718569278717041,8.688407897949219,-4.189853191375732
1788594205047772700,15.879772705078125,-3.791293144226074,8.58852481842041,-4.560205936431885
1788594205057874000,15.8898740234375,-3.5621232986450195,8.41883659362793,-4.84137487411499
1788594205067949600,15.899949462890625,-2.9436709880828857,8.275632858276367,-4.887463569641113
1788594205078024700,15.910024658203126,-2.450615167617798,8.051027297973633,-4.773514270782471
1788594205088100900,15.920100830078125,-2.4775497913360596,7.938948154449463,-4.597391128540039
1788594205098176800,15.9301767578125,-3.0514848232269287,7.869591236114502,-4.531026840209961
1788594205108253000,15.9402529296875,-3.7690720558166504,7.880814075469971,-4.663156509399414
1788594205118327800,15.950327880859374,-4.141744613647461,7.931765556335449,-4.833369731903076
1788594205128403500,15.960403564453125,-3.93135404586792,7.956231594085693,-5.031040668487549
1788594205138480600,15.970480712890625,-3.8325932025909424,7.9310173988342285,-5.167659759521484
1788594205148555500,15.980555419921876,-3.5669116973876953,7.856797218322754,-5.171475887298584
1788594205158631700,15.990631591796875,-3.0346505641937256,7.754744529724121,-4.935272693634033
1788594205168707600,16.00070751953125,-2.900425672531128,7.634211540222168,-4.68290901184082
1788594205178758700,16.010758544921874,-3.45341157913208,7.507318496704102,-4.5632734298706055
1788594205188859100,16.020859130859375,-4.198382377624512,7.405490398406982,-4.570456027984619
1788594205198935000,16.03093505859375,-4.567164421081543,7.349226474761963,-4.565742492675781
1788594205208986400,16.040986328125,-4.3219828605651855,7.467365264892578,-4.605471611022949
1788594205219086800,16.0510869140625,-3.881300210952759,7.616329669952393,-4.692336082458496
1788594205229162000,16.061161865234375,-3.4035820960998535,7.638550758361816,-4.713210582733154
1788594205239238400,16.07123828125,-3.0621092319488525,7.480982303619385,-4.730867862701416
1788594205249313300,16.081313232421873,-2.9106760025024414,7.393594264984131,-4.792967319488525
1788594205259390500,16.091390380859377,-2.9570634365081787,7.464522361755371,-4.921356201171875
1788594205269466000,16.101466064453124,-3.546037197113037,7.514650821685791,-5.084760665893555
1788594205279541000,16.111541015625,-4.4182000160217285,7.45449686050415,-5.160552024841309
1788594205289591800,16.121591796875,-4.752864360809326,7.4140944480896,-4.980388641357422
1788594205299693300,16.131693359375,-4.7584757804870605,7.43145227432251,-4.879981517791748
1788594205309769200,16.141769287109376,-4.5545196533203125,7.342493057250977,-5.082964897155762
1788594205319843800,16.15184375,-4.0254011154174805,7.201159954071045,-5.3209638595581055
1788594205329920500,16.16192041015625,-3.6343233585357666,7.082722187042236,-5.465214252471924
1788594205339997000,16.171996826171874,-3.613598585128784,6.849661350250244,-5.429450988769531
1788594205350046700,16.182046630859375,-3.899930000305176,6.55614709854126,-5.2329020500183105
1788594205360148500,16.1921484375,-4.205789566040039,6.351891994476318,-5.001188278198242
1788594205370223600,16.2022236328125,-4.390965938568115,6.323760032653809,-4.765434265136719
1788594205380302300,16.21230224609375,-4.485537052154541,6.427982807159424,-4.666598320007324
1788594205390376000,16.2223759765625,-4.526612281799316,6.595726490020752,-4.787355899810791
1788594205400451600,16.23245166015625,-4.331634521484375,6.782623767852783,-4.986523628234863
1788594205410527000,16.24252685546875,-4.129100322723389,6.859313011169434,-5.112368583679199
1788594205420603100,16.25260302734375,-3.9956233501434326,6.829310894012451,-5.219285011291504
1788594205430678000,16.262677978515626,-3.95177960395813,6.694561958312988,-5.23447322845459
1788594205440755000,16.2727548828125,-4.2177605628967285,6.468833923339844,-5.198784351348877
1788594205450830300,16.282830322265625,-4.615347385406494,6.297348976135254,-5.109825134277344
1788594205460906500,16.292906494140624,-5.0417399406433105,6.150704383850098,-5.014655590057373
1788594205470982100,16.302982177734375,-5.295151233673096,5.967098712921143,-5.033734321594238
1788594205481056800,16.313056884765626,-5.225719451904297,5.802422523498535,-5.2425537109375
1788594205491133700,16.3231337890625,-4.894721031188965,5.735684394836426,-5.480776786804199
1788594205501209000,16.333208984375,-4.63053560256958,5.747355937957764,-5.694234848022461
1788594205511293700,16.343293701171874,-4.756081581115723,5.834894180297852,-5.849708080291748
1788594205521360400,16.3533603515625,-4.986149311065674,5.927370071411133,-5.8662428855896
1788594205531437300,16.363437255859374,-4.995576858520508,6.061295509338379,-5.904924392700195
1788594205541514800,16.3735146484375,-5.0836381912231445,6.099677562713623,-5.774216175079346
1788594205551588600,16.383588623046876,-5.445237636566162,5.995754241943359,-5.563226699829102
1788594205561664500,16.39366455078125,-5.598990440368652,5.952060222625732,-5.542576789855957
1788594205571740400,16.403740478515626,-5.708375453948975,5.847388744354248,-5.518485069274902
1788594205581815300,16.413815185546873,-5.7043352127075195,5.753117084503174,-5.538087844848633
1788594205591891700,16.4238916015625,-5.571606636047363,5.691915035247803,-5.612906455993652
1788594205601967900,16.4339677734375,-5.644480228424072,5.654880046844482,-5.659368991851807
1788594205612042800,16.444042724609375,-5.664681434631348,5.521852016448975,-5.820004940032959
1788594205622119400,16.454119384765626,-5.556418418884277,5.373187065124512,-5.876119136810303
1788594205632195300,16.4641953125,-5.739649772644043,5.191227912902832,-5.697302341461182
1788594205642245000,16.4742451171875,-5.76793098449707,5.024531364440918,-5.592929840087891
1788594205652346000,16.48434619140625,-5.734711647033691,4.878634929656982,-5.570858478546143
1788594205662422500,16.494422607421875,-5.749675273895264,4.7818193435668945,-5.5796122550964355
1788594205672498700,16.504498779296874,-5.713313579559326,4.79588508605957,-5.71937370300293
1788594205682573600,16.514573486328125,-5.758204936981201,4.776282787322998,-5.896020889282227
1788594205692650000,16.52464990234375,-6.157512664794922,4.712312698364258,-6.038101673126221
1788594205702725400,16.534725341796875,-6.1035685539245605,4.6804399490356445,-6.2999677658081055
1788594205712776200,16.544776123046876,-6.143820762634277,4.7061028480529785,-6.442946434020996
1788594205722877700,16.554877685546874,-6.445864200592041,4.639513969421387,-6.485069274902344
1788594205732953600,16.56495361328125,-6.317849159240723,4.553023338317871,-6.500556945800781
1788594205743028200,16.5750283203125,-6.149432182312012,4.533570766448975,-6.544325828552246
1788594205753104100,16.585104248046875,-6.230236530303955,4.46982479095459,-6.526443958282471
1788594205763154400,16.595154541015624,-5.923928260803223,4.290110111236572,-6.435389518737793
1788594205773256700,16.605256591796874,-5.613729476928711,4.0435075759887695,-6.35069465637207
1788594205783331300,16.615331298828124,-5.990292549133301,3.707645893096924,-6.347477436065674
1788594205793408500,16.625408447265624,-6.804844856262207,3.3854761123657227,-6.743568420410156
1788594205803483600,16.635483642578127,-6.929044246673584,3.20097279548645,-6.732120990753174
1788594205813558800,16.645558837890626,-6.605153560638428,3.0042741298675537,-6.362965106964111
1788594205823635700,16.6556357421875,-6.4351654052734375,2.9700071811676025,-6.088006019592285
1788594205833711600,16.665711669921876,-6.384363174438477,3.0026280879974365,-5.898190498352051
1788594205843787000,16.675787109375,-6.862156391143799,2.9128456115722656,-5.735609531402588
1788594205853862700,16.685862548828126,-6.818985939025879,2.865335702896118,-5.765911102294922
1788594205863939300,16.695939208984374,-6.8103814125061035,2.848576307296753,-5.7469072341918945
1788594205873995300,16.705995361328124,-7.054141044616699,2.9153895378112793,-5.90320348739624
1788594205884090000,16.716090087890624,-7.04217004776001,3.049614429473877,-5.98258638381958
1788594205894166500,16.72616650390625,-6.914229869842529,3.0633063316345215,-6.0149827003479
1788594205904215800,16.7362158203125,-7.142127990722656,3.0468461513519287,-6.231508255004883
1788594205914330600,16.74633056640625,-7.623287677764893,2.9963433742523193,-6.493748188018799
1788594205924374000,16.7563740234375,-7.725714683532715,3.00053334236145,-6.678400993347168
1788594205934445600,16.766445556640626,-7.382595539093018,3.044227361679077,-6.5732808113098145
1788594205944524500,16.776524658203126,-7.2363996505737305,3.0703392028808594,-6.439953804016113
1788594205954600200,16.78660009765625,-7.485546588897705,3.0924108028411865,-6.271760940551758
1788594205964671000,16.7966708984375,-7.5458502769470215,3.150993824005127,-6.317774772644043
1788594205974760000,16.806760009765625,-7.33119535446167,3.172018051147461,-6.546421051025391
1788594205984822800,16.81682275390625,-7.254281520843506,3.238382339477539,-6.616825103759766
1788594205994898400,16.8268984375,-7.2545061111450195,3.22678542137146,-6.690896034240723
1788594206004974300,16.836974365234376,-7.271190643310547,3.1863083839416504,-6.726883888244629
1788594206015050200,16.84705029296875,-7.607875347137451,3.105429172515869,-6.7987847328186035
1788594206025149000,16.85714892578125,-7.706112384796143,2.790741443634033,-6.770204067230225
1788594206035201800,16.867201904296873,-7.544952392578125,2.3949499130249023,-6.575899600982666
1788594206045277700,16.877277587890624,-7.352518558502197,2.0452468395233154,-6.271611213684082
1788594206055379500,16.88737939453125,-7.44065523147583,1.774552345275879,-5.954080581665039
1788594206065443800,16.89744384765625,-7.802628517150879,1.6601544618606567,-5.577218055725098
1788594206075505700,16.907505615234374,-7.645509243011475,1.6279075145721436,-5.230507850646973
1788594206085606700,16.917606689453127,-8.056937217712402,1.4737060070037842,-5.27031135559082
1788594206095682600,16.9276826171875,-7.943512439727783,1.3781623840332031,-5.426458358764648
1788594206105758700,16.9377587890625,-7.890316009521484,1.11427640914917,-5.411344528198242
1788594206115834400,16.94783447265625,-8.266056060791016,0.7787889242172241,-5.478531837463379
1788594206125909800,16.95790966796875,-8.152854919433594,0.5849334001541138,-5.559935092926025
1788594206135986200,16.967986083984375,-8.223633766174316,0.4950011968612671,-5.5434746742248535
1788594206146036000,16.978035888671876,-7.868917942047119,0.4941033720970154,-5.571157932281494
1788594206156137700,16.9881376953125,-8.0192289352417,0.4944026470184326,-5.5096564292907715
1788594206166213000,16.998213134765624,-8.263736724853516,0.5963806509971619,-5.535618782043457
1788594206176289300,17.008289306640624,-8.302717208862305,0.7500584721565247,-5.479804039001465
1788594206186364400,17.018364501953126,-8.303390502929688,0.7567921876907349,-5.625401496887207
1788594206196441000,17.028441162109374,-8.372673034667969,0.7484124898910522,-5.89976167678833
1788594206206489900,17.03848974609375,-8.258200645446777,0.6147112846374512,-5.610811710357666
1788594206216592600,17.048592529296876,-8.498517990112305,0.502632737159729,-5.517886638641357
1788594206226668300,17.058668212890623,-8.869619369506836,0.5291934013366699,-5.38021993637085
1788594206236717600,17.068717529296876,-8.603339195251465,0.6858639717102051,-5.45683479309082
1788594206246794000,17.0787939453125,-8.256853103637695,0.8023568391799927,-5.554323673248291
1788594206256895700,17.088895751953125,-8.33608627319336,0.8439561128616333,-5.571681499481201
1788594206266972000,17.098971923828124,-8.487594604492188,0.8349030017852783,-5.543699264526367
1788594206277047000,17.109047119140627,-8.228796005249023,0.821959376335144,-5.403862953186035
1788594206287123000,17.119123046875,-8.26583194732666,0.7933037877082825,-5.43610954284668
1788594206297199000,17.12919921875,-8.297255516052246,0.7618798613548279,-5.673285484313965
1788594206307275000,17.13927490234375,-8.318578720092773,0.7023240923881531,-5.72244119644165
1788594206317350100,17.14935009765625,-8.53525447845459,0.6212205290794373,-5.659967422485352
1788594206327426000,17.159426025390626,-8.347982406616211,0.46320322155952454,-5.691316604614258
1788594206337502200,17.169502197265626,-8.569371223449707,0.3832967281341553,-5.880757808685303
1788594206347577300,17.179577392578125,-8.708235740661621,0.3878606855869293,-5.92789363861084
1788594206357654000,17.189654052734376,-8.6967134475708,0.40858548879623413,-6.001889705657959
1788594206367729400,17.1997294921875,-8.475174903869629,0.4479401707649231,-5.8401312828063965
1788594206377809000,17.209808837890623,-8.562413215637207,0.4444985091686249,-5.7095723152160645
1788594206387881200,17.219881103515625,-8.715567588806152,0.3668365776538849,-5.594725608825684
1788594206397956600,17.22995654296875,-8.426841735839844,0.3172317147254944,-5.498209476470947
1788594206408012000,17.240011962890627,-8.435521125793457,0.3306242823600769,-5.5470662117004395
1788594206418109000,17.25010888671875,-8.540342330932617,0.34663552045822144,-5.717278957366943
1788594206428184300,17.260184326171874,-8.719832420349121,0.2478746920824051,-5.909338474273682
1788594206438260200,17.27026025390625,-8.738910675048828,0.1695394068956375,-6.0207438468933105
1788594206448335600,17.280335693359376,-8.839018821716309,0.22714988887310028,-6.1513776779174805
1788594206458412000,17.290412109375,-8.87403392791748,0.2876034677028656,-5.989319801330566
1788594206468487700,17.30048779296875,-8.898499488830566,0.2560299336910248,-5.904624938964844
1788594206478563300,17.310563232421874,-8.783204078674316,0.30690672993659973,-5.966874599456787
1788594206488639500,17.320639404296877,-8.811335563659668,0.3725976347923279,-5.749076843261719
1788594206498715000,17.33071484375,-8.661698341369629,0.35269585251808167,-5.7223663330078125
1788594206508791000,17.340791015625,-8.59892463684082,0.3024924099445343,-5.913827896118164
1788594206518866700,17.35086669921875,-8.648454666137695,0.17230769991874695,-5.950189590454102
1788594206528943000,17.360943115234374,-8.524031639099121,0.1157446876168251,-6.003460884094238
1788594206539018200,17.371018310546877,-8.644489288330078,0.14664486050605774,-6.071994781494141
1788594206549094000,17.381093994140624,-8.902688980102539,0.1826326996088028,-6.055310249328613
1788594206559170600,17.391170654296875,-8.685864448547363,0.15906476974487305,-5.966724872589111
1788594206569246200,17.40124609375,-8.588973999023438,0.08215104788541794,-6.041468620300293
1788594206579320800,17.41132080078125,-8.665140151977539,0.060229137539863586,-6.015057563781738
1788594206589397800,17.421397705078125,-8.533682823181152,0.052373163402080536,-6.0155816078186035
1788594206599473000,17.431472900390624,-8.620922088623047,0.17672201991081238,-6.098181247711182
1788594206609548300,17.44154833984375,-8.67598819732666,0.24196401238441467,-6.042740821838379
1788594206619625700,17.451625732421874,-8.582839012145996,0.21360768377780914,-5.911059379577637
1788594206629700000,17.4617001953125,-8.777517318725586,0.1298106163740158,-6.017003059387207
1788594206639777000,17.471777099609376,-8.980201721191406,0.03134907782077789,-6.0597243309021
1788594206649853000,17.48185302734375,-8.901941299438477,0.043020810931921005,-6.174571514129639
1788594206659928300,17.49192822265625,-9.01551628112793,0.0926256775856018,-6.378078460693359
1788594206670004200,17.502004150390626,-8.956259727478027,0.19774609804153442,-6.334758281707764
1788594206680078800,17.512078857421876,-9.090410232543945,0.21293431520462036,-6.135964870452881
1788594206690156000,17.522156005859376,-9.141061782836914,0.14193126559257507,-6.065710067749023
1788594206700231700,17.532231689453123,-9.083600997924805,0.23822307586669922,-6.1373114585876465
1788594206710285600,17.54228564453125,-9.193659782409668,0.3579331636428833,-6.267645835876465
1788594206720383200,17.55238330078125,-9.332972526550293,0.43537062406539917,-6.314407825469971
1788594206730458600,17.562458740234376,-9.12968921661377,0.46312838792800903,-6.236296653747559
1788594206740535000,17.57253515625,-9.0743989944458,0.4783914387226105,-6.14329719543457
1788594206750610400,17.5826103515625,-9.175253868103027,0.4644003212451935,-6.273107528686523
1788594206760686600,17.5926865234375,-9.227851867675781,0.5378723740577698,-6.428955078125
1788594206770762200,17.60276220703125,-9.060033798217773,0.6316951513290405,-6.4350905418396
1788594206780836900,17.6128369140625,-8.901717185974121,0.7572411298751831,-6.288670063018799
1788594206790913500,17.62291357421875,-8.753575325012207,0.8336310982704163,-6.186168193817139
1788594206800989400,17.632989501953126,-8.665214538574219,0.949151337146759,-6.283806800842285
1788594206811064800,17.64306494140625,-8.636857986450195,1.0410288572311401,-6.235623359680176
1788594206821141500,17.6531416015625,-8.325013160705566,1.0383353233337402,-5.969418048858643
1788594206831216400,17.66321630859375,-8.434398651123047,1.0420763492584229,-5.849558353424072
1788594206841293300,17.673293212890623,-8.208819389343262,1.1001356840133667,-5.825092792510986
1788594206851368000,17.683367919921874,-8.144550323486328,1.1388169527053833,-6.0877814292907715
1788594206861445000,17.693445068359374,-8.255356788635254,1.211316466331482,-6.374337673187256
1788594206871520800,17.703520751953125,-8.148815155029297,1.3029694557189941,-6.462623596191406
1788594206881595600,17.713595703125,-8.255955696105957,1.399560570716858,-6.501155376434326
1788594206891672300,17.72367236328125,-8.080580711364746,1.3457658290863037,-6.377928733825684
1788594206901747700,17.733747802734374,-7.860837459564209,1.3073837757110596,-6.190283298492432
1788594206911797500,17.743797607421875,-7.720776557922363,1.299228549003601,-6.135964870452881
1788594206921899800,17.753899658203125,-7.7346930503845215,1.24416184425354,-6.126687526702881
1788594206931975000,17.763974853515624,-7.8989949226379395,1.2834417819976807,-6.209362030029297
1788594206942050600,17.774050537109375,-7.791480541229248,1.495029330253601,-6.200084686279297
1788594206952127200,17.784127197265626,-7.513977527618408,1.7661726474761963,-6.007501125335693
1788594206962203000,17.794202880859373,-7.3279032707214355,2.0055928230285645,-5.739574909210205
1788594206972278800,17.80427880859375,-7.301492214202881,2.15493106842041,-5.507262229919434
1788594206982353700,17.814353759765623,-7.0093994140625,2.326266288757324,-5.398849964141846
1788594206992430600,17.8244306640625,-6.741772651672363,2.5194482803344727,-5.38096809387207
1788594207002506200,17.83450634765625,-6.906299114227295,2.682478666305542,-5.599140167236328
1788594207012581000,17.8445810546875,-7.020622253417969,2.8029367923736572,-5.877465724945068
1788594207022658000,17.854657958984376,-6.887070655822754,2.933645248413086,-6.000019073486328
1788594207032733200,17.864733154296875,-6.690896034240723,3.0541036128997803,-6.05620813369751
1788594207042797600,17.874797607421876,-6.6420392990112305,3.104381799697876,-6.262707710266113
1788594207052885500,17.884885498046874,-6.617648124694824,3.1860837936401367,-6.560860633850098
1788594207062961400,17.89496142578125,-6.6361284255981445,3.3708114624023438,-6.9538092613220215
1788594207073011500,17.905011474609374,-6.6664299964904785,3.589731454849243,-7.257050037384033
1788594207083112200,17.9151123046875,-6.867243766784668,3.8290019035339355,-7.467514991760254
1788594207093189000,17.925189208984374,-6.700697422027588,3.9572412967681885,-7.440056800842285
1788594207103264800,17.9352646484375,-6.2101850509643555,3.9222261905670166,-7.1000800132751465
1788594207113339600,17.945339599609376,-6.09436559677124,3.858405590057373,-6.688950538635254
1788594207123416000,17.955416015625,-6.038999557495117,3.783287525177002,-6.451924800872803
1788594207133491700,17.96549169921875,-6.049399375915527,3.805359125137329,-6.335955619812012
1788594207143568600,17.975568603515626,-5.890634059906006,3.875988006591797,-6.263381481170654
1788594207153644300,17.985644287109373,-5.694758415222168,3.960982322692871,-6.16222620010376
1788594207163719700,17.9957197265625,-5.7323174476623535,4.065878391265869,-6.134019374847412
1788594207173795300,18.00579541015625,-5.768604755401611,4.207435607910156,-6.281188011169434
1788594207183848400,18.015848388671873,-5.774216175079346,4.311209201812744,-6.431499004364014
1788594207193947100,18.025947021484374,-5.8039937019348145,4.436830043792725,-6.488062381744385
1788594207204023000,18.03602294921875,-5.781398773193359,4.579509258270264,-6.572158336639404
1788594207214097400,18.046097412109376,-5.5009026527404785,4.661510944366455,-6.529885768890381
1788594207224174000,18.056174072265627,-5.2201080322265625,4.731241703033447,-6.4159369468688965
1788594207234223900,18.066223876953124,-4.929586410522461,4.769998073577881,-6.322563171386719
1788594207244300300,18.07630029296875,-4.918588161468506,4.903998374938965,-6.351742267608643
1788594207254376000,18.0863759765625,-5.110498428344727,5.11768102645874,-6.458508491516113
1788594207264453600,18.09645361328125,-4.975375652313232,5.402067184448242,-6.599691867828369
1788594207274534100,18.1065341796875,-4.630086898803711,5.621660232543945,-6.5568952560424805
1788594207284603400,18.116603271484376,-4.262651443481445,5.789628505706787,-6.441674709320068
1788594207294679800,18.1266796875,-4.077624797821045,5.886593818664551,-6.343961238861084
1788594207304755700,18.136755615234375,-4.317493915557861,5.877017021179199,-6.289343357086182
1788594207314830800,18.146830810546874,-4.600758075714111,5.844171524047852,-6.360047340393066
1788594207324907800,18.15690771484375,-4.688819408416748,5.964704513549805,-6.632537364959717
1788594207334986200,18.166986328125,-4.587889194488525,6.032266139984131,-6.6886515617370605
1788594207345058800,18.177058837890623,-4.466458320617676,6.025607109069824,-6.5085625648498535
1788594207355134000,18.187134033203126,-4.346149444580078,6.032191276550293,-6.320318222045898
1788594207365235200,18.197235107421875,-4.29362678527832,6.0597243309021,-6.2917375564575195
1788594207375288300,18.207288330078125,-4.066925525665283,6.107159614562988,-6.2912139892578125
1788594207385361400,18.217361328125,-3.9332244396209717,6.207417011260986,-6.182502269744873
1788594207395463700,18.227463623046877,-3.861922264099121,6.355034351348877,-6.0435638427734375
1788594207405512700,18.2375126953125,-3.8419456481933594,6.481103897094727,-5.690718173980713
1788594207415615000,18.247614990234375,-3.850250482559204,6.65520715713501,-5.4164323806762695
1788594207425691000,18.25769091796875,-3.7854573726654053,6.856993675231934,-5.159878730773926
1788594207435767000,18.26776708984375,-3.6822073459625244,7.090578079223633,-4.9799394607543945
1788594207445842000,18.277842041015624,-3.4251298904418945,7.22405481338501,-4.745083332061768
1788594207455918300,18.28791845703125,-2.838625431060791,7.317653179168701,-4.6501383781433105
1788594207465993700,18.29799365234375,-2.511218309402466,7.360374450683594,-4.5854949951171875
1788594207476070000,18.30806982421875,-2.731410026550293,7.301641941070557,-4.4811224937438965
1788594207486145300,18.318145263671877,-3.0831332206726074,7.220014572143555,-4.420444488525391
1788594207496221700,18.3282216796875,-3.305270195007324,7.182380676269531,-4.460397720336914
1788594207506297000,18.338297119140623,-3.485957622528076,7.282114028930664,-4.655300617218018
1788594207516373500,18.34837353515625,-3.4186208248138428,7.428010940551758,-4.867337226867676
1788594207526448600,18.35844873046875,-3.012354612350464,7.5493669509887695,-4.953004837036133
1788594207536525300,18.368525390625,-2.4502410888671875,7.683816432952881,-4.91148042678833
1788594207546600400,18.378600341796876,-2.121262788772583,7.868544101715088,-4.823493480682373
1788594207556675600,18.388675537109375,-2.2043116092681885,8.05267333984375,-4.700416564941406
1788594207566752800,18.398752685546874,-2.475679397583008,8.170437812805176,-4.559083938598633
1788594207576802600,18.408802490234375,-2.575263261795044,8.204705238342285,-4.336422920227051
1788594207586878200,18.418878173828126,-2.403778553009033,8.116418838500977,-4.071863651275635
1788594207596954000,18.4289541015625,-2.29484224319458,8.01803207397461,-3.9116766452789307
1788594207607029200,18.439029296875,-2.3297078609466553,7.915978908538818,-3.84157133102417
1788594207617131500,18.449131591796874,-2.458770275115967,7.782577037811279,-3.779696226119995
1788594207627207400,18.45920751953125,-2.3745992183685303,7.677905559539795,-3.8032641410827637
1788594207637283000,18.469282958984376,-2.388066530227661,7.50851583480835,-3.859004259109497
1788594207647332900,18.479332763671874,-2.519223928451538,7.423596382141113,-3.9210290908813477
1788594207657433900,18.489433837890626,-2.570549726486206,7.41140079498291,-3.922076463699341
1788594207667510800,18.4995107421875,-2.4526352882385254,7.522207736968994,-3.9262664318084717
1788594207677586400,18.50958642578125,-2.200047016143799,7.657854080200195,-3.878756284713745
1788594207687660800,18.519660888671876,-1.713649868965149,7.742548942565918,-3.7428853511810303
1788594207697738200,18.52973828125,-1.407042384147644,7.914931774139404,-3.6058921813964844
1788594207707813000,18.539813232421874,-1.479691505432129,8.131607055664062,-3.5078048706054688
1788594207717889500,18.5498896484375,-1.5886276960372925,8.280720710754395,-3.327491521835327
1788594207727964400,18.55996435546875,-1.7324293851852417,8.311396598815918,-3.116652011871338
1788594207738016000,18.57001611328125,-1.7139490842819214,8.243236541748047,-3.102735757827759
1788594207748116700,18.58011669921875,-1.4293384552001953,8.212486267089844,-3.1721675395965576
1788594207758192000,18.590192138671874,-1.1584194898605347,8.152031898498535,-3.0672717094421387
1788594207768268500,18.6002685546875,-1.2309937477111816,8.214282035827637,-2.918606758117676
1788594207778344200,18.61034423828125,-1.3522002696990967,8.367361068725586,-2.813486337661743
1788594207788420600,18.620420654296876,-1.3008744716644287,8.591816902160645,-2.76118803024292
1788594207798496000,18.63049609375,-1.1598410606384277,8.785822868347168,-2.7451767921447754
1788594207808571100,18.640571044921874,-0.9216928482055664,8.919149398803711,-2.7275195121765137
1788594207818647800,18.650647705078125,-0.7549217343330383,9.018808364868164,-2.7025299072265625
1788594207828724200,18.66072412109375,-0.6214450001716614,9.039234161376953,-2.6834511756896973
1788594207838800100,18.670800048828124,-0.5802946090698242,8.970026016235352,-2.667290449142456
1788594207848875000,18.680875,-0.6985083222389221,8.878073692321777,-2.524012327194214
1788594207858924800,18.6909248046875,-0.8373720645904541,8.800636291503906,-2.430788040161133
1788594207869027300,18.70102734375,-0.6835445761680603,8.822857856750488,-2.458695411682129
1788594207879103000,18.71110302734375,-0.3926490843296051,8.914734840393066,-2.4700679779052734
1788594207889184800,18.721184814453125,-0.22363340854644775,9.041777610778809,-2.434229850769043
1788594207899254300,18.731254150390626,-0.3123685121536255,9.136722564697266,-2.3760955333709717
1788594207909329400,18.741329345703125,-0.40836101770401,9.243788719177246,-2.316988706588745
1788594207919406300,18.75140625,-0.34671032428741455,9.326388359069824,-2.3120505809783936
1788594207929481000,18.76148095703125,-0.12090718746185303,9.342549324035645,-2.2841432094573975
1788594207939558400,18.771558349609375,-0.03449146822094917,9.286808967590332,-2.290727376937866
1788594207949633300,18.78163330078125,-0.25505730509757996,9.208324432373047,-2.290353298187256
1788594207959708700,18.791708740234377,-0.6481552720069885,9.209221839904785,-2.2816741466522217
1788594207969785300,18.801785400390624,-0.885630190372467,9.293617248535156,-2.3650224208831787
1788594207979861200,18.811861328125,-0.7777414321899414,9.383923530578613,-2.4175450801849365
1788594207989937400,18.8219375,-0.45759180188179016,9.426421165466309,-2.3964462280273438
1788594208000013000,18.832012939453126,-0.20732291042804718,9.402928352355957,-2.3056161403656006
1788594208010087700,18.842087646484377,-0.14238017797470093,9.357587814331055,-2.275090217590332
1788594208020157000,18.852156982421874,-0.37072718143463135,9.34628963470459,-2.3255927562713623
1788594208030240500,18.862240478515623,-0.569819986820221,9.357064247131348,-2.470442056655884
1788594208040316000,18.87231591796875,-0.5843348503112793,9.338284492492676,-2.540921449661255
1788594208050391800,18.882391845703125,-0.40873512625694275,9.323545455932617,-2.5631425380706787
1788594208060466700,18.892466796875,-0.2164507955312729,9.338583946228027,-2.572195529937744
1788594208070544000,18.9025439453125,0.008454524911940098,9.38901138305664,-2.6565911769866943
1788594208080619800,18.912619873046875,0.20627543330192566,9.433005332946777,-2.7120320796966553
1788594208090694100,18.922694091796874,0.2960579991340637,9.422530174255371,-2.695721387863159
1788594208100770600,18.9327705078125,0.20792146027088165,9.360206604003906,-2.721982955932617
1788594208110846500,18.942846435546876,0.06337152421474457,9.305065155029297,-2.78857159614563
1788594208120922600,18.952922607421876,-0.13594576716423035,9.249624252319336,-2.829871654510498
1788594208130972000,18.962971923828125,-0.3043628931045532,9.241843223571777,-2.825681686401367
1788594208141048300,18.97304833984375,-0.33174657821655273,9.265336036682129,-2.7729344367980957
1788594208151150300,18.983150390625,-0.23927053809165955,9.315464973449707,-2.6931777000427246
1788594208161224700,18.993224609375,-0.10676643252372742,9.400309562683105,-2.5977089405059814
1788594208171275800,19.00327587890625,0.0338929183781147,9.498321533203125,-2.5189247131347656
1788594208181377800,19.013377685546875,0.021772271022200584,9.567304611206055,-2.4672248363494873
1788594208191427000,19.023427001953124,-0.11364976316690445,9.633668899536133,-2.459144353866577
1788594208201529000,19.033529052734377,-0.2644096612930298,9.655890464782715,-2.4787468910217285
1788594208211604700,19.043604736328124,-0.3728969097137451,9.593565940856934,-2.5121161937713623
1788594208221679900,19.053679931640627,-0.3577835261821747,9.484779357910156,-2.488847494125366
1788594208231756800,19.0637568359375,-0.2182464450597763,9.367164611816406,-2.5008184909820557
1788594208241832700,19.073832763671874,-0.07220014184713364,9.287931442260742,-2.547131299972534
1788594208251907800,19.083907958984376,-0.029478607699275017,9.274239540100098,-2.642899513244629
1788594208261983500,19.0939833984375,-0.11379940062761307,9.304316520690918,-2.7427077293395996
1788594208272060400,19.104060302734375,-0.21450550854206085,9.31853199005127,-2.7959787845611572
1788594208282136000,19.114135986328126,-0.2778022289276123,9.327810287475586,-2.786102533340454
1788594208292211500,19.12421142578125,-0.2743605375289917,9.342175483703613,-2.787224769592285
1788594208302288000,19.134287841796876,-0.19901801645755768,9.348384857177734,-2.7731590270996094
1788594208312362800,19.14436279296875,-0.12195464968681335,9.318831443786621,-2.798522472381592
1788594208322439200,19.154439208984375,-0.1554734706878662,9.30222225189209,-2.842665672302246
1788594208332514800,19.164514892578126,-0.30541035532951355,9.34501838684082,-2.9111247062683105
1788594208342591000,19.174591064453125,-0.4264671802520752,9.356839179992676,-2.971503496170044
1788594208352639700,19.1846396484375,-0.4527285695075989,9.360280990600586,-2.9653685092926025
1788594208362741800,19.19474169921875,-0.38546648621559143,9.339930534362793,-2.910825490951538
1788594208372818400,19.204818359375,-0.31551089882850647,9.276634216308594,-2.867280960083008
1788594208382894000,19.21489404296875,-0.1933317929506302,9.238775253295898,-2.8535890579223633
1788594208392943900,19.22494384765625,-0.1256955862045288,9.1963529586792,-2.8592753410339355
1788594208403046000,19.2350458984375,-0.21308395266532898,9.19740104675293,-2.8971335887908936
1788594208413121500,19.24512158203125,-0.45257893204689026,9.237428665161133,-2.9485342502593994
1788594208423196400,19.255196533203126,-0.6883329749107361,9.276185035705566,-2.980855941772461
1788594208433273600,19.265273681640625,-0.7851485013961792,9.290101051330566,-2.968510866165161
1788594208443349500,19.275349609375,-0.6857143044471741,9.274688720703125,-2.922422409057617
1788594208453425000,19.2854248046875,-0.4462941586971283,9.243040084838867,-2.880523920059204
1788594208463499800,19.295499755859375,-0.3064578175544739,9.229273796081543,-2.882319688796997
1788594208473577000,19.305576904296874,-0.33346739411354065,9.25643253326416,-2.9031190872192383
1788594208483651000,19.315651123046877,-0.47248074412345886,9.284789085388184,-2.939481019973755
1788594208493728000,19.32572802734375,-0.6688053011894226,9.305888175964355,-2.994697332382202
1788594208503804200,19.33580419921875,-0.8634837865829468,9.320552825927734,-2.96162748336792
1788594208513880000,19.345880126953126,-0.9780313968658447,9.328258514404297,-2.9169607162475586
1788594208523964200,19.355964111328124,-0.9429413676261902,9.282769203186035,-2.8755857944488525
1788594208534031000,19.366031005859377,-0.6408978700637817,9.16896915435791,-2.8367550373077393
1788594208544107800,19.376107666015624,-0.35681086778640747,9.04566764831543,-2.81939697265625
1788594208554179300,19.386179443359374,-0.33346739411354065,8.937180519104004,-2.8319664001464844
1788594208564232700,19.396232666015624,-0.4721814692020416,8.927305221557617,-2.8684780597686768
1788594208574334000,19.406333984375,-0.6688053011894226,8.996063232421875,-2.907982349395752
1788594208584384000,19.416384033203126,-0.9189993739128113,9.05023193359375,-2.93656325340271
1788594208594507500,19.426507568359376,-0.9654618501663208,9.006089210510254,-2.977189779281616
1788594208604536300,19.436536376953125,-0.8390180468559265,8.875006675720215,-2.953322649002075
1788594208614630000,19.4466298828125,-0.779761552810669,8.78312873840332,-2.9241433143615723
1788594208624688000,19.456688232421875,-0.8225579261779785,8.777966499328613,-2.884639024734497
1788594208634771700,19.466771728515624,-0.8209118843078613,8.815899848937988,-2.8792519569396973
1788594208644842200,19.47684228515625,-0.7425765991210938,8.848819732666016,-2.953397512435913
1788594208654916600,19.48691650390625,-0.7070376873016357,8.848072052001953,-3.0120553970336914
1788594208664995600,19.49699560546875,-0.7959223985671997,8.881515502929688,-3.072434186935425
1788594208675067400,19.5070673828125,-0.9689034819602966,8.942418098449707,-3.18361496925354
1788594208685169000,19.5171689453125,-1.156474232673645,9.06758975982666,-3.264643669128418
1788594208695242000,19.527241943359375,-1.2227636575698853,9.12841796875,-3.3058688640594482
1788594208705294600,19.537294677734376,-1.18325936794281,9.143905639648438,-3.264119863510132
1788594208715396600,19.547396728515626,-1.161487102508545,9.124077796936035,-3.2662148475646973
1788594208725447700,19.55744775390625,-1.2132617235183716,9.049484252929688,-3.2030677795410156
1788594208735548400,19.56754833984375,-1.3863924741744995,9.004817008972168,-3.234865665435791
1788594208745624000,19.5776240234375,-1.5690999031066895,8.936507225036621,-3.3157448768615723
1788594208755720700,19.587720703125,-1.621847152709961,8.866552352905273,-3.4531869888305664
1788594208765775400,19.597775390625,-1.673995852470398,8.749685287475586,-3.520449161529541
1788594208775851500,19.6078515625,-1.8047043085098267,8.62623405456543,-3.534964084625244
1788594208785927700,19.617927734375,-1.9078794717788696,8.587028503417969,-3.42490553855896
1788594208796003000,19.628003173828127,-1.8675521612167358,8.648380279541016,-3.2929999828338623
1788594208806078200,19.638078125,-1.6496797800064087,8.773327827453613,-3.2859671115875244
1788594208816155000,19.64815478515625,-1.2764836549758911,8.853907585144043,-3.350311279296875
1788594208826230500,19.65823046875,-0.9647884368896484,8.846874237060547,-3.3909378051757812
1788594208836306700,19.668306640625,-0.9976339340209961,8.758363723754883,-3.3900399208068848
1788594208846382300,19.67838232421875,-1.4537293910980225,8.648454666137695,-3.4760067462921143
1788594208856472600,19.68847265625,-2.22391414642334,8.564433097839355,-3.4782512187957764
1788594208866534000,19.698533935546877,-2.4368484020233154,8.5009126663208,-3.364377021789551
1788594208876609800,19.70860986328125,-2.425550699234009,8.358681678771973,-3.355473756790161
1788594208886664000,19.718663818359374,-2.1396682262420654,8.250269889831543,-3.4407670497894287
1788594208896761300,19.72876123046875,-1.821987509727478,8.162731170654297,-3.6011786460876465
1788594208906837200,19.738837158203125,-1.79108726978302,8.065766334533691,-3.7666029930114746
1788594208916913400,19.748913330078125,-2.0602853298187256,8.016610145568848,-3.9222261905670166
1788594208926987800,19.75898779296875,-2.2450878620147705,8.06195068359375,-4.041861534118652
1788594208937064700,19.769064697265627,-2.2568342685699463,8.167295455932617,-4.099771022796631
1788594208947140400,19.779140380859374,-2.1734862327575684,8.241440773010254,-4.057947635650635
1788594208957216300,19.78921630859375,-2.2107460498809814,8.266131401062012,-4.141894340515137
1788594208967292000,19.7992919921875,-2.3376386165618896,8.252887725830078,-4.22389554977417
1788594208977368300,19.809368408203124,-2.587907552719116,8.277578353881836,-4.314725399017334
1788594208987444000,19.81944384765625,-2.919130325317383,8.37761116027832,-4.482469081878662
1788594208997519000,19.82951904296875,-2.9251906871795654,8.485724449157715,-4.602478504180908
1788594209007595300,19.83959521484375,-2.4705917835235596,8.541463851928711,-4.667196750640869
1788594209017671400,19.84967138671875,-1.8763808012008667,8.47554874420166,-4.6746039390563965
1788594209027747300,19.859747314453124,-1.5662568807601929,8.4131498336792,-4.627168655395508
1788594209037796900,19.869796875,-1.6592565774917603,8.460360527038574,-4.375702857971191
1788594209047898000,19.879898193359374,-2.15799880027771,8.43507194519043,-4.001384258270264
1788594209057948400,19.889948486328127,-2.61820912361145,8.396689414978027,-3.836259365081787
1788594209068050200,19.90005029296875,-2.9017724990844727,8.407912254333496,-3.9019501209259033
1788594209078102300,19.910102294921874,-3.1379754543304443,8.333318710327148,-4.17840576171875
1788594209088201200,19.920201171875,-3.26995587348938,8.169689178466797,-4.283825397491455
1788594209098277400,19.93027734375,-3.55479097366333,8.035016059875488,-4.303727149963379
1788594209108353800,19.940353759765625,-3.987318515777588,7.866075038909912,-4.289810657501221
1788594209118429200,19.95042919921875,-4.028319358825684,7.670049667358398,-4.330886363983154
1788594209128504600,19.960504638671875,-3.44996976852417,7.367108345031738,-4.47438907623291
1788594209138581200,19.970581298828126,-2.5246856212615967,7.163675785064697,-4.673631191253662
1788594209148656600,19.98065673828125,-1.778817057609558,7.174524784088135,-4.85791015625
1788594209158732500,19.990732666015624,-1.9660136699676514,7.30650520324707,-5.104887008666992
1788594209168808700,20.00080859375,-2.8710219860076904,7.542483329772949,-5.403413772583008
1788594209178884900,20.010884765625,-4.428375244140625,7.65381383895874,-5.616497993469238
1788594209188958700,20.020958740234374,-5.270610809326172,7.643563747406006,-5.607369899749756
1788594209199036000,20.031035888671877,-5.144989967346191,7.599420547485352,-5.480701923370361
1788594209209112000,20.041112060546876,-4.725854873657227,7.380276203155518,-5.313930511474609
1788594209219197000,20.051197021484374,-3.9689130783081055,7.1426520347595215,-5.259612083435059
1788594209229264100,20.06126416015625,-2.848501443862915,6.923806667327881,-5.118204593658447
1788594209239339500,20.071339599609374,-2.2883331775665283,6.803722858428955,-5.068449974060059
1788594209249415000,20.081414794921876,-2.7369465827941895,6.693514347076416,-5.0935893058776855
1788594209259490600,20.091490478515624,-3.6198832988739014,6.583530902862549,-5.238812446594238
1788594209269567700,20.101567626953123,-4.026673316955566,6.499733924865723,-5.477634429931641
1788594209279643000,20.111642822265626,-3.947066068649292,6.486266613006592,-5.625775337219238
1788594209289717800,20.1217177734375,-3.9355437755584717,6.539013862609863,-5.644629955291748
1788594209299794700,20.131794677734376,-3.98956298828125,6.569913864135742,-5.651438236236572
1788594209309870600,20.14187060546875,-4.057573318481445,6.465242385864258,-5.787832736968994
1788594209319946000,20.151946044921875,-4.233397483825684,6.360421180725098,-5.969193935394287
1788594209330021000,20.162021240234374,-4.378620624542236,6.265625953674316,-5.9881978034973145
1788594209340098000,20.17209814453125,-4.452392101287842,6.178237438201904,-5.779453277587891
1788594209350173200,20.182173095703124,-4.393285274505615,6.132822513580322,-5.724985122680664
1788594209360249900,20.192249755859375,-3.730764865875244,6.144195079803467,-5.844470977783203
1788594209370325800,20.20232568359375,-3.5060839653015137,6.152050971984863,-5.825017929077148
1788594209380401200,20.212401123046874,-3.723282814025879,6.12369441986084,-5.8028717041015625
1788594209390456600,20.22245654296875,-3.4985272884368896,6.149432182312012,-6.004134178161621
1788594209400552400,20.232552490234376,-3.5295021533966064,6.1991868019104,-6.164994716644287
1788594209410628900,20.24262890625,-4.2235212326049805,6.064737319946289,-6.0651116371154785
1788594209420703700,20.252703857421874,-5.2252702713012695,5.764639377593994,-5.803694725036621
1788594209430780200,20.2627802734375,-5.783194065093994,5.43610954284668,-5.728052616119385
1788594209440856300,20.272856201171876,-5.412018299102783,5.199831962585449,-5.758055210113525
1788594209450931700,20.282931640625,-4.646771430969238,4.994454383850098,-5.92557430267334
1788594209461006800,20.2930068359375,-4.161346912384033,4.97702169418335,-6.141276836395264
1788594209471058400,20.303058349609376,-3.930605888366699,5.044283866882324,-6.281487464904785
1788594209481159700,20.31315966796875,-4.572102069854736,5.180828094482422,-6.330867767333984
1788594209491234600,20.323234619140624,-5.181950092315674,5.365480899810791,-6.4386067390441895
1788594209501311000,20.33331103515625,-5.42219352722168,5.386055946350098,-6.424391269683838
1788594209511386600,20.34338671875,-5.581632137298584,5.414487361907959,-6.4881367683410645
1788594209521463300,20.35346337890625,-5.614178657531738,5.52933406829834,-6.524573802947998
1788594209531538200,20.3635380859375,-6.1985883712768555,5.483320236206055,-6.36498498916626
1788594209541614800,20.37361474609375,-6.381669998168945,5.397428512573242,-6.290689945220947
1788594209551713300,20.38371337890625,-5.79254674911499,5.375730991363525,-6.293084144592285
1788594209561766000,20.393765869140626,-5.363011837005615,5.236717700958252,-6.3610944747924805
1788594209571842300,20.40384228515625,-4.740070343017578,5.053561210632324,-6.534000873565674
1788594209581918000,20.41391796875,-4.798653602600098,4.876540184020996,-6.534674167633057
1788594209591993600,20.42399365234375,-5.432892799377441,4.885892391204834,-6.474894046783447
1788594209602069800,20.43406982421875,-5.579761981964111,4.910208225250244,-6.19843864440918
1788594209612144600,20.44414453125,-5.694758415222168,4.946645259857178,-5.949516296386719
1788594209622220800,20.454220703125,-6.069450855255127,5.016077041625977,-6.0061540603637695
1788594209632296400,20.46429638671875,-6.384812355041504,4.973355293273926,-6.043414115905762
1788594209642347300,20.47434716796875,-6.0120649337768555,4.787206172943115,-6.056581974029541
1788594209652449500,20.484449462890623,-5.522076606750488,4.489951133728027,-6.2009077072143555
1788594209662523400,20.4945234375,-5.5096564292907715,4.230928421020508,-6.4601545333862305
1788594209672600300,20.504600341796873,-6.047454357147217,4.034529209136963,-6.514024257659912
1788594209682677000,20.514677001953125,-6.5925092697143555,3.92364764213562,-6.271087646484375
1788594209692751400,20.52475146484375,-6.467113018035889,3.871798276901245,-6.088006019592285
1788594209702828000,20.534828125,-5.896470069885254,3.8755390644073486,-6.1845221519470215
1788594209712903000,20.54490283203125,-5.9997944831848145,3.7749078273773193,-6.198962211608887
1788594209722954000,20.5549541015625,-6.285153388977051,3.590853691101074,-6.147487163543701
1788594209733055700,20.5650556640625,-6.585925102233887,3.349787473678589,-6.167837619781494
1788594209743131600,20.575131591796875,-6.7621235847473145,3.0422821044921875,-6.201057434082031
1788594209753206000,20.5852060546875,-7.115716934204102,2.739565372467041,-6.346879005432129
1788594209763282200,20.5952822265625,-7.0317702293396,2.5756373405456543,-6.473397731781006
1788594209773358800,20.60535888671875,-6.87637186050415,2.5038113594055176,-6.560337066650391
1788594209783434800,20.615434814453124,-6.854001045227051,2.6657190322875977,-6.663437366485596
1788594209793510100,20.62551025390625,-7.268721580505371,2.839897394180298,-6.691943168640137
1788594209803586600,20.635586669921874,-6.957400321960449,2.993500232696533,-6.602834224700928
1788594209813661200,20.6456611328125,-6.947150230407715,3.1041572093963623,-6.282310485839844
1788594209823737000,20.655737060546876,-7.017180919647217,3.0439281463623047,-6.0149078369140625
1788594209833813800,20.665813720703124,-7.129034996032715,2.9198787212371826,-6.349422931671143
1788594209843889700,20.6758896484375,-7.397185325622559,2.882319688796997,-6.6424880027771
1788594209853965300,20.68596533203125,-7.525350093841553,2.819322109222412,-6.803498268127441
1788594209864040200,20.696040283203125,-7.529913902282715,2.79665207862854,-6.802375793457031
1788594209874117000,20.7061171875,-7.720851421356201,2.700584650039673,-6.619518756866455
1788594209884178200,20.71617822265625,-7.498265743255615,2.611924409866333,-6.4083051681518555
1788594209894242300,20.7262421875,-7.220313549041748,2.603694438934326,-6.243479251861572
1788594209904347000,20.736346923828126,-6.958597660064697,2.5831191539764404,-6.010568618774414
1788594209914441000,20.74644091796875,-7.0295257568359375,2.441861391067505,-5.775787353515625
1788594209924507100,20.756507080078126,-7.055787086486816,2.3197569847106934,-5.70620584487915
1788594209934545700,20.766545654296873,-6.804471015930176,2.2276549339294434,-5.737554550170898
1788594209944622300,20.776622314453125,-7.008576393127441,2.1699697971343994,-6.039074420928955
1788594209954698500,20.786698486328124,-7.505598068237305,2.071134090423584,-6.443619728088379
1788594209964773600,20.796773681640627,-7.6134867668151855,1.9049615859985352,-6.48708963394165
1788594209984932000,20.81693212890625,-7.620070457458496,1.7820342779159546,-6.281113147735596
1788594209995001300,20.82700146484375,-7.490334987640381,1.6878373622894287,-6.00031852722168
1788594210005077000,20.837076904296875,-7.447314262390137,1.6492308378219604,-5.973757743835449
1788594210015153000,20.84715283203125,-7.398382663726807,1.6185551881790161,-6.019472122192383
1788594210025228300,20.857228271484374,-7.4362406730651855,1.509918212890625,-5.832425117492676
1788594210035330600,20.86733056640625,-7.59672737121582,1.3234697580337524,-5.928342819213867
1788594210045406000,20.877406005859374,-7.949123859405518,1.0693851709365845,-6.010643482208252
1788594210055456500,20.88745654296875,-7.697882175445557,1.0641478300094604,-6.1991119384765625
1788594210065532700,20.89753271484375,-8.040777206420898,1.140163779258728,-6.357353687286377
1788594210075634000,20.907634033203124,-8.154875755310059,1.217451572418213,-6.36610746383667
1788594210085683500,20.917683349609376,-8.012420654296875,1.256955862045288,-6.422146797180176
1788594210095785500,20.927785400390626,-8.198121070861816,1.320776343345642,-6.188263416290283
1788594210105861000,20.937861083984377,-8.002320289611816,1.3037176132202148,-5.981389045715332
1788594210115937300,20.947937255859376,-7.953537940979004,1.2446107864379883,-5.842226028442383
1788594210126012400,20.958012451171875,-7.863007068634033,1.1929110288619995,-5.717428684234619
1788594210136088800,20.9680888671875,-7.45801305770874,1.066167950630188,-5.6396918296813965
1788594210146138600,20.978138671875,-7.810933589935303,0.8837596774101257,-5.731194972991943
1788594210156240400,20.988240478515625,-8.278924942016602,0.814253032207489,-6.013935565948486
1788594210166316500,20.998316650390624,-8.108936309814453,0.6790554523468018,-6.344409942626953
1788594210176392200,21.00839208984375,-8.262614250183105,0.535702645778656,-6.448482990264893
1788594210186468400,21.01846826171875,-8.367361068725586,0.34259530901908875,-6.369025230407715
1788594210196543700,21.028543701171873,-8.26007080078125,0.15906476974487305,-6.1530985832214355
1788594210206619400,21.038619384765624,-8.233060836791992,0.013691840693354607,-6.201730728149414
1788594210216700700,21.04870068359375,-8.269647598266602,-0.05214870721101761,-6.207940578460693
1788594210226771200,21.058771240234375,-8.382399559020996,-0.07257423549890518,-5.804068565368652
1788594210236847000,21.06884716796875,-8.265308380126953,-0.11619359999895096,-5.6017584800720215
1788594210246922500,21.078922607421877,-7.85305643081665,-0.044517189264297485,-5.54093074798584
1788594210257016800,21.089016845703124,-7.695712566375732,0.1165676936507225,-5.396231174468994
1788594210267074600,21.099074462890623,-7.822380542755127,0.1338508427143097,-5.3622636795043945
1788594210277150700,21.109150634765626,-8.15981388092041,0.14028525352478027,-5.459977149963379
1788594210287225300,21.119225341796874,-8.421529769897461,0.05304653197526932,-5.860631465911865
1788594210297292000,21.1292919921875,-8.763301849365234,-0.10227730125188828,-6.096460342407227
1788594210307378000,21.1393779296875,-8.891915321350098,-0.33698388934135437,-6.074538707733154
1788594210317453800,21.149453857421875,-8.750283241271973,-0.5162497162818909,-6.185869216918945
1788594210327529200,21.159529296875,-8.845602989196777,-0.5740846991539001,-6.164246559143066
1788594210337606000,21.16960595703125,-8.70374584197998,-0.620771586894989,-6.046855449676514
1788594210347680800,21.1796806640625,-8.589946746826172,-0.5873275995254517,-6.187963962554932
1788594210357757400,21.18975732421875,-8.81275749206543,-0.4795885384082794,-6.160281181335449
1788594210367832600,21.19983251953125,-8.762104988098145,-0.44674307107925415,-6.018274784088135
1788594210377909000,21.209908935546874,-8.544456481933594,-0.4721814692020416,-6.018050193786621
1788594210387958300,21.219958251953123,-8.545654296875,-0.5030816197395325,-6.0504469871521
1788594210398060000,21.23006005859375,-8.570419311523438,-0.5758054852485657,-6.094889163970947
1788594210408136200,21.24013623046875,-8.5357027053833,-0.6593781113624573,-6.0609965324401855
1788594210418211300,21.25021142578125,-8.47322940826416,-0.6393266916275024,-5.964405536651611
1788594210428288300,21.260288330078126,-8.333393096923828,-0.589048445224762,-5.889436721801758
1788594210438363400,21.27036328125,-8.337059020996094,-0.7041945457458496,-5.80646276473999
1788594210448439000,21.28043896484375,-8.24847412109375,-0.7065139412879944,-5.7638163566589355
1788594210458515000,21.290514892578123,-8.33720874786377,-0.6220435500144958,-5.985130310058594
1788594210468591000,21.300591064453126,-8.453327178955078,-0.5698948502540588,-6.211232662200928
1788594210478667300,21.310667236328126,-8.720954895019531,-0.5482721924781799,-6.191031455993652
1788594210488742000,21.320741943359376,-8.682198524475098,-0.5369745492935181,-6.274604320526123
1788594210498792400,21.33079248046875,-8.592415809631348,-0.552312433719635,-6.255974292755127
1788594210508894700,21.340894775390623,-8.55500602722168,-0.5502174496650696,-6.172476291656494
1788594210518971000,21.350970947265626,-8.567800521850586,-0.5565770864486694,-6.099677562713623
1788594210529046500,21.361046630859374,-8.519018173217773,-0.3687070608139038,-6.137087345123291
1788594210539122400,21.371122314453125,-8.561590194702148,-0.3133411407470703,-6.236895561218262
1788594210549194800,21.38119482421875,-8.887800216674805,-0.2742857336997986,-6.174571514129639
1788594210559273700,21.391273681640627,-8.9041109085083,-0.24271219968795776,-6.04775333404541
1788594210569350000,21.401349853515626,-8.781782150268555,-0.238896444439888,-6.238092422485352
1788594210579425000,21.411425048828125,-8.760458946228027,-0.22198738157749176,-6.260837554931641
1788594210589475300,21.421475341796874,-8.880842208862305,-0.2215384691953659,-6.193500518798828
1788594210599577300,21.431577392578124,-9.02359676361084,-0.3422960340976715,-6.496816158294678
1788594210609653500,21.441653564453127,-8.957306861877441,-0.3911527097225189,-6.700323104858398
1788594210619728600,21.451728759765626,-9.07222843170166,-0.4816834628582001,-6.608370780944824
1788594210629805000,21.46180517578125,-9.177573204040527,-0.4308066666126251,-6.58502721786499
1788594210639880000,21.4718798828125,-9.030405044555664,-0.33922845125198364,-6.415562629699707
1788594210649956400,21.481956298828123,-9.061454772949219,-0.3298760950565338,-6.385560512542725
1788594210660032000,21.492031982421874,-9.35549259185791,-0.2915688753128052,-6.6158528327941895
1788594210670108200,21.502108154296874,-8.999579429626465,-0.3006967604160309,-6.674585342407227
1788594210680183800,21.512183837890625,-9.07095718383789,-0.30960020422935486,-6.620641231536865
1788594210690258700,21.5222587890625,-9.529296875,-0.3272574543952942,-6.5330281257629395
1788594210700334800,21.5323349609375,-9.224185943603516,-0.30054712295532227,-6.406285285949707
1788594210710411500,21.54241162109375,-9.074996948242188,-0.23081600666046143,-6.609493255615234
1788594210720492800,21.552492919921875,-9.076642990112305,-0.09030629694461823,-6.7567362785339355
1788594210730563300,21.562563232421876,-8.98311996459961,0.008080430328845978,-6.5784430503845215
1788594210740638200,21.57263818359375,-9.136348724365234,0.09083002805709839,-6.521281719207764
1788594210750693400,21.582693359375,-9.064447402954102,0.22744916379451752,-6.550760269165039
1788594210760790800,21.592790771484374,-8.902688980102539,0.36638766527175903,-6.513650417327881
1788594210770866400,21.602866455078125,-8.66783332824707,0.4982184171676636,-6.436212539672852
1788594210780916200,21.612916259765626,-8.493729591369629,0.610745906829834,-6.364686012268066
1788594210790992100,21.6229921875,-8.428787231445312,0.6889315247535706,-6.417058944702148
1788594210801067800,21.63306787109375,-8.18644905090332,0.7837269902229309,-6.323161602020264
1788594210811144200,21.643144287109376,-8.052597999572754,0.8920645713806152,-6.167912483215332
1788594210821244400,21.653244384765625,-7.6787285804748535,0.9824457168579102,-6.059051036834717
1788594210831321600,21.663321533203124,-7.637578010559082,1.139864444732666,-5.978396415710449
1788594210841396700,21.673396728515623,-7.416338920593262,1.3374608755111694,-5.926846504211426
1788594210851473000,21.683472900390626,-7.5651535987854,1.4835072755813599,-5.853898048400879
1788594210861548800,21.693548828125,-7.535001754760742,1.5331120491027832,-5.729623794555664
1788594210871625000,21.703625,-7.333888530731201,1.4977976083755493,-5.691166877746582
1788594210881700900,21.713700927734376,-7.398158073425293,1.4012813568115234,-5.773766994476318
1788594210891775500,21.723775390625,-7.532682418823242,1.3175591230392456,-5.871405601501465
1788594210901852200,21.73385205078125,-7.545251846313477,1.319354772567749,-5.994332790374756
1788594210911928600,21.743928466796874,-7.359925746917725,1.4600141048431396,-6.0396728515625
1788594210921989600,21.75398974609375,-7.308300495147705,1.5738883018493652,-6.076259613037109
1788594210932080000,21.764080078125,-7.320047378540039,1.6698060035705566,-6.153322696685791
1788594210942155000,21.774155029296875,-7.1828293800354,1.7383400201797485,-6.374412536621094
1788594210952230700,21.784230712890626,-7.028104305267334,1.816750168800354,-6.64555549621582
1788594210962307600,21.7943076171875,-7.017779350280762,1.9776105880737305,-6.785691261291504
1788594210972358000,21.80435791015625,-7.25293493270874,2.1144542694091797,-6.77155065536499
1788594210982459100,21.814459228515624,-6.918569564819336,2.2166566848754883,-6.669572353363037
1788594210992534000,21.824533935546874,-6.836792469024658,2.333897829055786,-6.654983043670654
1788594211002610700,21.834610595703126,-6.683264255523682,2.434828281402588,-6.651466369628906
1788594211012686300,21.844686279296877,-6.377779006958008,2.58813214302063,-6.516942024230957
1788594211022762000,21.854761962890624,-6.348599910736084,2.711134195327759,-6.492551326751709
1788594211032838100,21.864838134765623,-6.239065170288086,2.7843070030212402,-6.472275257110596
1788594211042913300,21.874913330078126,-5.894674301147461,2.909852981567383,-6.486042022705078
1788594211052967400,21.884967529296876,-5.563077449798584,3.0616602897644043,-6.493823051452637
1788594211063066000,21.895066162109377,-5.606696605682373,3.2769887447357178,-6.588019847869873
1788594211073141800,21.905141845703124,-5.8162641525268555,3.4536359310150146,-6.696133136749268
1788594211083192800,21.91519287109375,-6.198214054107666,3.5539679527282715,-6.733542442321777
1788594211093292800,21.925292724609374,-6.24737024307251,3.634772300720215,-6.912060260772705
1788594211103369000,21.935368896484373,-6.256124019622803,3.7491703033447266,-7.0964884757995605
1788594211113445400,21.9454453125,-6.063989162445068,3.833266496658325,-7.285406112670898
1788594211123519700,21.955519775390623,-5.587767601013184,3.8616976737976074,-7.3623199462890625
1788594211133596200,21.96559619140625,-5.4608001708984375,3.8638675212860107,-7.500884056091309
1788594211143672600,21.975672607421874,-5.590311527252197,3.891176223754883,-7.561188220977783
1788594211153747200,21.985747314453125,-5.929839134216309,4.032583713531494,-7.66421365737915
1788594211163824400,21.995824462890624,-5.9322333335876465,4.141669750213623,-7.508366107940674
1788594211173900000,22.005900146484375,-5.511377334594727,4.321907997131348,-7.189114570617676
1788594211183976000,22.015975830078126,-5.247267246246338,4.5457658767700195,-6.868964672088623
1788594211194050800,22.02605078125,-5.162871360778809,4.738648891448975,-6.688052654266357
1788594211204127700,22.036127685546877,-4.7975311279296875,4.94080924987793,-6.717007637023926
1788594211214178000,22.046177978515626,-4.788029193878174,5.121870994567871,-6.862829685211182
1788594211224255000,22.0562548828125,-4.728697776794434,5.249661445617676,-7.036708354949951
1788594211234355000,22.06635498046875,-4.508057117462158,5.3802947998046875,-7.192107200622559
1788594211244441900,22.07644189453125,-4.736254692077637,5.476811408996582,-7.316082000732422
1788594211254480600,22.086480712890626,-4.774262428283691,5.4823479652404785,-7.255029678344727
1788594211264556500,22.096556640625,-4.800673484802246,5.426458358764648,-7.096413612365723
1788594211274632400,22.106632568359377,-4.898237228393555,5.310489177703857,-6.918719291687012
1788594211284724500,22.116724365234376,-4.5935750007629395,5.215394496917725,-6.787860870361328
1788594211294784300,22.1267841796875,-4.248435974121094,5.263652324676514,-6.788384914398193
1788594211304862000,22.136862060546875,-3.810671329498291,5.323956489562988,-6.6035075187683105
1788594211314936000,22.14693603515625,-3.4939632415771484,5.4898295402526855,-6.354361057281494
1788594211325012000,22.157011962890625,-3.5316720008850098,5.696778297424316,-6.1979146003723145
1788594211335087900,22.167087890625,-3.697545289993286,5.878737926483154,-6.1664910316467285
1788594211345188600,22.177188720703125,-3.7199909687042236,6.03383731842041,-6.153622150421143
1788594211355289900,22.187289794921874,-3.456479072570801,6.155118465423584,-6.0895771980285645
1788594211365340200,22.197340087890623,-3.0575451850891113,6.270564079284668,-5.9555768966674805
1788594211375416800,22.207416748046874,-2.846855401992798,6.387655258178711,-5.825466632843018
1788594211385466600,22.217466552734376,-3.1006407737731934,6.49636697769165,-5.777358531951904
1788594211395568600,22.227568603515625,-3.407472848892212,6.624382019042969,-5.806537628173828
1788594211405644300,22.237644287109376,-3.5480573177337646,6.724414825439453,-5.843722820281982
1788594211415727600,22.2477275390625,-3.5465610027313232,6.814271926879883,-5.900584697723389
1788594211425795600,22.257795654296874,-3.330933094024658,6.892906665802002,-5.933206081390381
1788594211435872000,22.2678720703125,-3.1289970874786377,6.989647388458252,-5.787832736968994
1788594211445937400,22.2779375,-3.062932252883911,6.9881510734558105,-5.463343620300293
1788594211456022500,22.2880224609375,-3.0929346084594727,6.965181827545166,-5.242104530334473
1788594211466099700,22.298099609375,-2.9536967277526855,6.9684739112854,-5.09343957901001
1788594211476175400,22.30817529296875,-2.526780605316162,7.015908718109131,-4.955099582672119
1788594211486251300,22.318251220703125,-2.096273183822632,7.097610950469971,-4.748600006103516
1788594211496327000,22.328326904296876,-1.632022500038147,7.162553787231445,-4.510077476501465
1788594211506403000,22.338403076171875,-1.5622913837432861,7.235950946807861,-4.3260979652404785
1788594211516478000,22.34847802734375,-1.9728970527648926,7.286079406738281,-4.155885219573975
1788594211526554000,22.35855419921875,-2.1324856281280518,7.402422904968262,-4.1308207511901855
1788594211536630500,22.368630615234373,-2.135328531265259,7.570316314697266,-4.229282379150391
1788594211546706400,22.37870654296875,-2.271573781967163,7.71239709854126,-4.30327844619751
1788594211556782000,22.388781982421875,-2.5287258625030518,7.773449420928955,-4.274473190307617
1788594211566857200,22.398857177734374,-2.8110921382904053,7.706262111663818,-4.192546367645264
1788594211576933600,22.40893359375,-2.6326491832733154,7.632939338684082,-4.2031707763671875
1788594211586983000,22.41898291015625,-2.0351462364196777,7.631368160247803,-4.1780314445495605
1788594211597085400,22.42908544921875,-1.51163911819458,7.489437103271484,-4.084059238433838
1788594211607160800,22.439160888671875,-1.343296766281128,7.367931365966797,-4.024503231048584
1788594211617226000,22.44922607421875,-1.4212579727172852,7.336582183837891,-4.077699661254883
1788594211627312600,22.459312744140625,-1.6103999614715576,7.488239765167236,-4.1955389976501465
1788594211637388500,22.469388427734376,-1.8261773586273193,7.697134017944336,-4.317792892456055
1788594211647464200,22.479464111328124,-1.7117046117782593,7.906701564788818,-4.337470531463623
1788594211657539600,22.48953955078125,-1.466747760772705,8.019004821777344,-4.165910720825195
1788594211667615500,22.499615478515626,-1.6417490243911743,8.063896179199219,-3.965620994567871
1788594211677692200,22.509692138671873,-1.9458125829696655,8.107141494750977,-3.7660045623779297
1788594211687768000,22.51976806640625,-2.03043270111084,8.178892135620117,-3.613673448562622
1788594211697843500,22.529843505859375,-1.7799392938613892,8.377985000610352,-3.479672908782959
1788594211707919600,22.539919677734375,-1.3632733821868896,8.529268264770508,-3.3372178077697754
1788594211717995000,22.5499951171875,-0.9393500685691833,8.647183418273926,-3.209277629852295
1788594211728071700,22.56007177734375,-0.681973397731781,8.67134952545166,-3.0811879634857178
1788594211738147300,22.570147216796876,-0.6358850002288818,8.62204360961914,-2.9920787811279297
1788594211748236500,22.580236572265626,-0.7778162956237793,8.579696655273438,-2.9905824661254883
1788594211758299000,22.590298828125,-0.9803507924079895,8.642544746398926,-3.038391590118408
1788594211768373800,22.600373779296874,-0.9077765345573425,8.789189338684082,-3.163264274597168
1788594211778450700,22.61045068359375,-0.8819640278816223,8.946309089660645,-3.3291375637054443
1788594211788525300,22.620525390625,-0.954239010810852,9.007136344909668,-3.3679683208465576
1788594211798601700,22.630601806640627,-0.9935188889503479,9.015142440795898,-3.325920343399048
1788594211808678000,22.640677978515626,-0.8907926678657532,9.001225471496582,-3.3395373821258545
1788594211818753000,22.6507529296875,-0.8708160519599915,8.935160636901855,-3.2528223991394043
1788594211828830200,22.660830322265625,-0.7756465077400208,8.857573509216309,-3.1891515254974365
1788594211838905600,22.670905517578124,-0.6129156351089478,8.835352897644043,-3.1779286861419678
1788594211848981000,22.68098095703125,-0.6067056655883789,8.839841842651367,-3.1062521934509277
1788594211859057400,22.691057373046874,-0.6509236097335815,8.877100944519043,-3.005246877670288
1788594211869132500,22.701132568359377,-0.4504840075969696,8.993220329284668,-2.9063363075256348
1788594211879209200,22.711209228515624,-0.2149544209241867,9.042525291442871,-2.805480718612671
1788594211889284400,22.721284423828124,-0.1024269387125969,9.015366554260254,-2.7953052520751953
1788594211899361300,22.731361328125,-0.12023381888866425,8.973692893981934,-2.8300960063934326
1788594211909437000,22.74143701171875,-0.14432546496391296,8.971447944641113,-2.87296724319458
1788594211919495200,22.7514951171875,-0.2997989356517792,8.978106498718262,-2.8914475440979004
1788594211929588000,22.761587890625,-0.5267243981361389,8.993818283081055,-2.846331834793091
1788594211939664400,22.771664306640623,-0.6879588961601257,9.066019058227539,-2.8179752826690674
1788594211949739000,22.781739013671874,-0.5867290496826172,9.154529571533203,-2.776151657104492
1788594211959815200,22.791815185546874,-0.2396446317434311,9.246631622314453,-2.7817630767822266
1788594211969891300,22.801891357421876,0.1521814465522766,9.25994873046875,-2.7748050689697266
1788594211979967700,22.8119677734375,0.4812345504760742,9.22860050201416,-2.7165958881378174
1788594211990042000,22.8220419921875,0.6575824618339539,9.173907279968262,-2.643497943878174
1788594212000119000,22.832119140625,0.609399139881134,9.11465072631836,-2.536207675933838
1788594212010195000,22.84219482421875,0.3572597801685333,9.107842445373535,-2.553191661834717
1788594212020270000,22.85227001953125,0.08043020963668823,9.160590171813965,-2.6039936542510986
1788594212030346800,22.8623466796875,-0.16175825893878937,9.260248184204102,-2.6419267654418945
1788594212040422100,22.872422119140627,-0.3545663058757782,9.37629222869873,-2.5772833824157715
1788594212050498000,22.882498046875,-0.3726724684238434,9.467720985412598,-2.487201452255249
1788594212060573200,22.8925732421875,-0.09980828315019608,9.497873306274414,-2.350806713104248
1788594212070649600,22.902649658203124,0.11148001998662949,9.44759464263916,-2.190694570541382
1788594212080729600,22.9127294921875,-0.03411737456917763,9.412579536437988,-2.2141876220703125
1788594212090802000,22.922802001953126,-0.4405331015586853,9.430460929870605,-2.487126588821411
1788594212100877000,22.932876953125,-0.6777087450027466,9.506551742553711,-2.810643196105957
1788594212110953500,22.942953369140625,-0.5820154547691345,9.572242736816406,-2.961103677749634
1788594212121028400,22.9530283203125,-0.20358195900917053,9.494356155395508,-2.8901007175445557
1788594212131105300,22.963105224609375,0.30945056676864624,9.309404373168945,-2.787973165512085
1788594212141154800,22.97315478515625,0.5690718293190002,9.1307373046875,-2.70993709564209
1788594212151257000,22.983257080078126,0.38127660751342773,9.137395858764648,-2.7450270652770996
1788594212161332500,22.99333251953125,-0.06516718119382858,9.272967338562012,-2.712705373764038
1788594212171408400,23.003408447265624,-0.34588733315467834,9.474828720092773,-2.679560661315918
1788594212181484500,23.013484619140623,-0.28887540102005005,9.619677543640137,-2.6116251945495605
1788594212191559400,23.023559326171874,-0.09457096457481384,9.612420082092285,-2.469170093536377
1788594212201635600,23.033635498046873,0.12128128111362457,9.569623947143555,-2.349609613418579
1788594212211711700,23.043711669921876,0.21869535744190216,9.479093551635742,-2.338536500930786
1788594212221787000,23.053786865234375,0.08813655376434326,9.433978080749512,-2.4803929328918457
1788594212231863600,23.063863525390627,-0.2579752206802368,9.424176216125488,-2.6665420532226562
1788594212241939200,23.073939208984374,-0.45923781394958496,9.44303035736084,-2.763582229614258
1788594212251988700,23.08398876953125,-0.4057423770427704,9.458967208862305,-2.7982981204986572
1788594212262091300,23.09409130859375,-0.25004443526268005,9.454328536987305,-2.81363582611084
1788594212272167200,23.104167236328124,-0.16991350054740906,9.420210838317871,-2.8523173332214355
1788594212282216700,23.114216796875,-0.16639702022075653,9.383475303649902,-2.9110500812530518
1788594212292324900,23.124324951171875,-0.15352818369865417,9.386168479919434,-2.9671640396118164
1788594212302394600,23.13439453125,-0.019527707248926163,9.368735313415527,-2.9618520736694336
1788594212312470800,23.144470703125,0.18151041865348816,9.359607696533203,-2.8993782997131348
1788594212322545700,23.154545654296875,0.28558337688446045,9.390732765197754,-2.83750319480896
1788594212332622000,23.1646220703125,0.1767968386411667,9.41639518737793,-2.807126760482788
1788594212342697000,23.174697021484373,-0.08903437852859497,9.438691139221191,-2.8127381801605225
1788594212352772900,23.18477294921875,-0.39960724115371704,9.418490409851074,-2.816404104232788
1788594212362849800,23.194849853515624,-0.46978726983070374,9.366865158081055,-2.818798303604126
1788594212372925700,23.20492578125,-0.31034839153289795,9.293318748474121,-2.8162546157836914
1788594212383001300,23.21500146484375,-0.10429741442203522,9.205705642700195,-2.8175265789031982
1788594212393053000,23.225052978515624,-0.01219546515494585,9.150190353393555,-2.871845006942749
1788594212403153400,23.2351533203125,-0.13415011763572693,9.119065284729004,-2.9444191455841064
1788594212413246200,23.24524609375,-0.361299991607666,9.098265647888184,-3.0033016204833984
1788594212423305200,23.25530517578125,-0.4238485097885132,9.08375072479248,-3.056497812271118
1788594212433380400,23.26538037109375,-0.23590368032455444,9.03055477142334,-3.041982889175415
1788594212443455700,23.275455810546877,0.00613514194265008,8.963143348693848,-3.0015058517456055
1788594212453531400,23.285531494140624,0.13459903001785278,8.895282745361328,-2.9486091136932373
1788594212463608000,23.295608154296875,0.07534253597259521,8.848296165466309,-2.909179449081421
1788594212473683200,23.30568310546875,-0.05850830301642418,8.873958587646484,-2.888230323791504
1788594212483758600,23.315758544921874,-0.14252981543540955,8.978405952453613,-2.82171630859375
1788594212493834800,23.325834716796876,-0.1346738487482071,9.076269149780273,-2.7997944355010986
1788594212503911700,23.33591162109375,-0.0975637212395668,9.120711326599121,-2.8033857345581055
1788594212513986800,23.34598681640625,-0.12165537476539612,9.161113739013672,-2.78393292427063
1788594212524062000,23.35606201171875,-0.2868552803993225,9.18819808959961,-2.8273277282714844
1788594212534139400,23.366139404296874,-0.44936174154281616,9.160365104675293,-2.8639142513275146
1788594212544202500,23.376202392578126,-0.5663783550262451,9.120711326599121,-2.9018473625183105
1788594212554266000,23.38626611328125,-0.6440402865409851,9.093103408813477,-2.939929962158203
1788594212564366000,23.396365966796875,-0.689679741859436,9.099164009094238,-2.9886372089385986
1788594212574443300,23.406443359375,-0.7388356924057007,9.101632118225098,-3.0254478454589844
1788594212584540000,23.416539794921874,-0.702099621295929,9.07327651977539,-3.0462474822998047
1788594212594568000,23.42656787109375,-0.7259668707847595,9.043498039245605,-3.078569173812866
1788594212604643800,23.436643798828126,-0.7879916429519653,9.004069328308105,-3.109544277191162
1788594212614720000,23.446719970703125,-0.6875099539756775,8.99120044708252,-3.1016883850097656
1788594212624797000,23.456796875,-0.4603601098060608,9.01207447052002,-3.0487165451049805
1788594212634871800,23.466871826171875,-0.2960579991340637,9.090410232543945,-3.0608372688293457
1788594212644954400,23.476954345703124,-0.34850597381591797,9.204133987426758,-3.1472530364990234
1788594212655023400,23.4870234375,-0.4760720431804657,9.28531265258789,-3.2286558151245117
1788594212665124900,23.497124755859375,-0.7638999819755554,9.293916702270508,-3.293897867202759
1788594212675197700,23.50719775390625,-1.0695347785949707,9.216554641723633,-3.345672369003296
1788594212685276200,23.517276123046877,-1.1842319965362549,9.034594535827637,-3.342604875564575
1788594212695352600,23.5273525390625,-1.035567045211792,8.81619930267334,-3.276240587234497
1788594212705408500,23.537408447265626,-0.9723451733589172,8.671723365783691,-3.2533459663391113
1788594212715504000,23.547504150390626,-1.1442787647247314,8.621146202087402,-3.2876129150390625
1788594212725579800,23.557579833984374,-1.4386159181594849,8.65855598449707,-3.336394786834717
1788594212735656000,23.567656005859376,-1.547252893447876,8.773252487182617,-3.4130094051361084
1788594212745731600,23.577731689453124,-1.4835820198059082,8.852934837341309,-3.528679132461548
1788594212755807700,23.587807861328123,-1.2752116918563843,8.878223419189453,-3.649960517883301
1788594212765884200,23.59788427734375,-1.0364649295806885,8.865130424499512,-3.723806619644165
1788594212775959300,23.607959228515625,-0.7395090460777283,8.771756172180176,-3.709890365600586
1788594212786009000,23.618009033203126,-0.6053589582443237,8.475099563598633,-3.5340662002563477
1788594212796111000,23.628111083984376,-0.6668599843978882,8.112228393554688,-3.3948283195495605
1788594212806186800,23.638186767578127,-1.1124060153961182,7.768586158752441,-3.3268179893493652
1788594212816261600,23.64826171875,-1.8002899885177612,7.6199212074279785,-3.4658315181732178
1788594212826338800,23.6583388671875,-2.4567501544952393,7.708431720733643,-3.7147536277770996
1788594212836414200,23.668414306640624,-2.8360066413879395,7.9497971534729,-4.002207279205322
1788594212846490000,23.678489990234375,-2.54496169090271,8.224532127380371,-4.249034881591797
1788594212856566300,23.688566162109375,-1.8093430995941162,8.501885414123535,-4.4677300453186035
1788594212866641400,23.698641357421874,-1.0198551416397095,8.855179786682129,-4.550105571746826
1788594212876717800,23.7087177734375,-0.300921231508255,9.24491024017334,-4.338293552398682
1788594212886793500,23.71879345703125,-0.20964229106903076,9.366865158081055,-4.0610151290893555
1788594212896869600,23.72886962890625,-1.1166706085205078,9.190293312072754,-3.8172552585601807
1788594212906945000,23.738945068359374,-2.4065468311309814,8.74152946472168,-3.639261484146118
1788594212916994600,23.74899462890625,-3.1209168434143066,8.148889541625977,-3.6587142944335938
1788594212927096800,23.759096923828125,-2.9036428928375244,7.776292324066162,-3.9719057083129883
1788594212937173000,23.769173095703124,-2.063427686691284,7.686734199523926,-4.312256336212158
1788594212947225000,23.77922509765625,-1.2654104232788086,7.849016189575195,-4.628515720367432
1788594212957324500,23.789324462890626,-1.3180828094482422,8.095918655395508,-4.825214385986328
1788594212967400200,23.799400146484373,-2.0073137283325195,8.489764213562012,-5.006724834442139
1788594212977476600,23.8094765625,-2.6051158905029297,8.874707221984863,-4.80785608291626
1788594212987529700,23.81952978515625,-2.950629234313965,8.999205589294434,-4.44745397567749
1788594212997627400,23.82962744140625,-2.380434989929199,8.75881290435791,-4.216862678527832
1788594213007703800,23.839703857421874,-1.7310826778411865,8.248922348022461,-4.023829936981201
1788594213017779000,23.849779052734377,-1.2306196689605713,7.735815525054932,-4.00572395324707
1788594213027856000,23.85985595703125,-1.2345103025436401,7.312490463256836,-4.149974346160889
1788594213037931300,23.86993115234375,-1.684171199798584,7.083545207977295,-4.307094097137451
1788594213048006700,23.880006591796874,-2.5214684009552,6.986505031585693,-4.384306907653809
1788594213058083000,23.8900830078125,-3.1309423446655273,7.122076511383057,-4.470797538757324
1788594213068158700,23.90015869140625,-3.4078469276428223,7.35551118850708,-4.765733242034912
1788594213078235000,23.91023486328125,-3.5351884365081787,7.554230213165283,-5.167734622955322
1788594213088310300,23.920310302734375,-3.24182391166687,7.649773597717285,-5.414337635040283
1788594213098386000,23.930385986328126,-2.7630584239959717,7.596278190612793,-5.576469898223877
1788594213108462300,23.94046240234375,-2.2166566848754883,7.488688945770264,-5.641188144683838
1788594213118511400,23.950511474609375,-2.0196588039398193,7.428908824920654,-5.498957633972168
1788594213128614000,23.96061376953125,-2.2131402492523193,7.379378318786621,-5.293130874633789
1788594213138690000,23.97068994140625,-2.712780237197876,7.339649677276611,-5.129053592681885
1788594213148765200,23.98076513671875,-3.5797057151794434,7.225924968719482,-5.161524772644043
1788594213158841600,23.990841552734373,-3.829899787902832,7.035660743713379,-5.2737531661987305
1788594213168917800,24.000917724609376,-3.918485164642334,6.848015308380127,-5.314978122711182
1788594213178993200,24.0109931640625,-4.384980201721191,6.681917667388916,-5.397653102874756
1788594213189068300,24.021068359375,-4.430245876312256,6.623484134674072,-5.445537090301514
1788594213199145000,24.03114501953125,-3.403432607650757,6.6530375480651855,-5.581856727600098
1788594213209221000,24.04122119140625,-2.206930160522461,6.651017665863037,-5.736881256103516
1788594213219295700,24.051295654296876,-1.9200000762939453,6.559364318847656,-5.8221001625061035
1788594213229373000,24.061373046875,-2.2361843585968018,6.485742568969727,-5.890559196472168
1788594213239448600,24.071448486328126,-2.8721442222595215,6.492027759552002,-5.944204330444336
1788594213249517300,24.081517333984376,-3.617339611053467,6.552855014801025,-5.763067722320557
1788594213259600100,24.09160009765625,-4.447678565979004,6.566247940063477,-5.475688934326172
1788594213269675500,24.101675537109376,-5.047800064086914,6.5073652267456055,-5.362637519836426
1788594213279729000,24.11172900390625,-4.620210647583008,6.442721843719482,-5.498359203338623
1788594213289828400,24.121828369140626,-3.407996416091919,6.50601863861084,-5.790376663208008
1788594213299876900,24.131876953125,-3.2264113426208496,6.558990478515625,-5.972336292266846
1788594213309979400,24.1419794921875,-3.9766194820404053,6.386233806610107,-6.106636047363281
1788594213320054000,24.152053955078124,-3.9468414783477783,6.271461486816406,-6.29480504989624
1788594213330131000,24.162130859375,-3.8460605144500732,6.240711212158203,-6.510283470153809
1788594213340206600,24.17220654296875,-4.174814224243164,6.169783115386963,-6.652663707733154
1788594213350281700,24.18228173828125,-4.646546840667725,5.929165840148926,-6.416834831237793
1788594213360358700,24.192358642578125,-5.3115363121032715,5.680168628692627,-5.8639984130859375
1788594213370433800,24.202433837890624,-6.309170246124268,5.3984761238098145,-5.4700026512146
1788594213380509700,24.212509765625,-5.931933879852295,5.046528339385986,-5.518709659576416
1788594213390585000,24.222585205078126,-4.534543037414551,4.855141639709473,-5.935151100158691
1788594213400661500,24.23266162109375,-4.125957489013672,4.69682502746582,-6.429479122161865
1788594213410738000,24.242738037109376,-4.405630588531494,4.624924182891846,-6.812027454376221
1788594213420812800,24.252812744140623,-5.057003021240234,4.4624924659729,-6.819883346557617
1788594213430889500,24.262889404296875,-5.281085014343262,4.42313814163208,-6.755988121032715
1788594213440965600,24.272965576171874,-5.1675848960876465,4.519654273986816,-6.628122806549072
1788594213451020500,24.2830205078125,-4.96048641204834,4.693233966827393,-6.5575690269470215
1788594213461117000,24.293116943359376,-4.746953964233398,4.878185749053955,-6.367603778839111
1788594213471192000,24.303192138671875,-4.6075663566589355,4.913874626159668,-6.197615623474121
1788594213481267700,24.313267822265626,-4.81473970413208,4.791321277618408,-6.210634231567383
1788594213491344600,24.3233447265625,-5.16204833984375,4.5667901039123535,-6.458733081817627
1788594213501420300,24.333420166015625,-5.235744953155518,4.264896392822266,-6.791975975036621
1788594213511497000,24.3434970703125,-5.651812553405762,3.8459856510162354,-6.925078868865967
1788594213521571000,24.353571044921875,-6.2101850509643555,3.6332011222839355,-7.057732582092285
1788594213531648000,24.36364794921875,-5.979069709777832,3.445929527282715,-6.950965881347656
1788594213541724200,24.37372412109375,-5.522076606750488,3.2463130950927734,-6.842703342437744
1788594213551798800,24.383798828125,-5.4718732833862305,3.162740468978882,-6.795717239379883
1788594213561875500,24.39387548828125,-5.235296249389648,3.2538697719573975,-6.926275730133057
1788594213571950600,24.40395068359375,-5.325303077697754,3.3096845149993896,-6.92687463760376
1788594213582027300,24.41402734375,-5.934328079223633,3.3500118255615234,-7.062745571136475
1788594213592102100,24.42410205078125,-6.31365966796875,3.466804027557373,-7.2720136642456055
1788594213602179300,24.434179443359376,-6.632986068725586,3.4375498294830322,-7.385588645935059
1788594213612229000,24.44422900390625,-6.3856353759765625,3.391012668609619,-7.447688102722168
1788594213622329900,24.454329833984374,-5.949292182922363,3.33048415184021,-7.223979949951172
1788594213632406500,24.464406494140626,-6.363488674163818,3.187729835510254,-6.723965644836426
1788594213642456300,24.474456298828127,-6.998251438140869,3.056123733520508,-6.452373504638672
1788594213652557300,24.484557373046876,-6.589067459106445,2.988262891769409,-6.426860332489014
1788594213662634000,24.494634033203123,-5.972934722900391,2.81169056892395,-6.508936405181885
1788594213672709000,24.504709228515626,-5.94285774230957,2.6123733520507812,-6.7369842529296875
1788594213682785300,24.514785400390625,-6.368801116943359,2.5237131118774414,-6.990096092224121
1788594213692862200,24.5248623046875,-6.937648296356201,2.441187858581543,-7.139958381652832
1788594213702937600,24.5349375,-7.157915115356445,2.298433542251587,-7.166144847869873
1788594213713013500,24.545013427734375,-7.121852397918701,2.2259342670440674,-7.217994213104248
1788594213723088000,24.555087890625,-6.988674640655518,2.021678924560547,-7.130007266998291
1788594213733165000,24.5651650390625,-7.194875240325928,1.861342191696167,-6.984410285949707
1788594213743241200,24.5752412109375,-7.026158809661865,1.7013795375823975,-6.889165878295898
1788594213753316000,24.585316162109375,-6.8168158531188965,1.606958270072937,-6.969222068786621
1788594213763392800,24.595392822265627,-6.877194881439209,1.596708059310913,-6.875922679901123
1788594213773460500,24.60546044921875,-7.186570644378662,1.5916951894760132,-6.596624374389648
1788594213783518200,24.615518310546875,-7.031022071838379,1.66928231716156,-6.692317485809326
1788594213793620200,24.6256201171875,-6.771700382232666,1.7583166360855103,-6.831630229949951
1788594213803695900,24.63569580078125,-6.997653007507324,1.7754502296447754,-6.8378400802612305
1788594213813789700,24.645789794921875,-7.646631240844727,1.6522235870361328,-6.799009323120117
1788594213823847000,24.655846923828125,-7.550863265991211,1.351077914237976,-6.927473068237305
1788594213833923600,24.665923583984377,-7.467739582061768,1.2152069807052612,-6.710049629211426
1788594213843999500,24.67599951171875,-7.798064708709717,1.1516109704971313,-6.646977424621582
1788594213854075400,24.686075439453123,-7.362993240356445,1.141286015510559,-6.894702434539795
1788594213864151000,24.696151123046874,-7.361496925354004,1.2777554988861084,-7.163825511932373
1788594213874201600,24.70620166015625,-7.633912086486816,1.388113260269165,-7.089755058288574
1788594213884276500,24.7162763671875,-7.570765018463135,1.3670891523361206,-6.907421588897705
1788594213894372400,24.726372314453126,-7.114370346069336,1.2500725984573364,-6.819060325622559
1788594213904440000,24.736440185546876,-7.303362846374512,1.1534066200256348,-6.741249084472656
1788594213914509300,24.74650927734375,-7.464073657989502,0.9610475301742554,-6.6222124099731445
1788594213924580000,24.756580078125,-7.531186103820801,0.802880585193634,-6.3541364669799805
1788594213934656300,24.76665625,-7.2620625495910645,0.5544073581695557,-6.386308670043945
1788594213944733000,24.77673291015625,-7.234230041503906,0.3312228322029114,-6.626401901245117
1788594213954811100,24.78681103515625,-7.780856132507324,0.3503016233444214,-6.714313983917236
1788594213964884500,24.796884521484376,-7.879242897033691,0.3803039789199829,-7.03019905090332
1788594213974991400,24.806991455078126,-7.979799270629883,0.25565585494041443,-7.242908954620361
1788594213985035500,24.817035400390626,-8.249147415161133,0.1827823370695114,-7.202880859375
1788594213995111200,24.827111083984374,-8.325836181640625,0.03292027488350868,-6.932336330413818
1788594214005187000,24.83718701171875,-7.799261569976807,-0.21054011583328247,-6.838962554931641
1788594214015265800,24.847265869140625,-7.9812211990356445,-0.3305494785308838,-7.0860137939453125
1788594214025338600,24.857338623046875,-8.455572128295898,-0.44247838854789734,-7.248295783996582
1788594214035440600,24.867440673828124,-8.22655200958252,-0.5579986572265625,-7.45569372177124
1788594214045516300,24.877516357421875,-8.015337944030762,-0.5594950318336487,-7.258321762084961
1788594214055592400,24.887592529296874,-8.170138359069824,-0.6390274167060852,-7.002665996551514
1788594214065642200,24.897642333984376,-8.217124938964844,-0.7304559946060181,-6.682965278625488
1788594214075744000,24.907743896484376,-7.965508937835693,-0.7113772034645081,-6.509535312652588
1788594214085819600,24.917819580078124,-7.845873832702637,-0.7123498320579529,-6.464643955230713
1788594214095895300,24.927895263671875,-7.844377517700195,-0.7564929127693176,-6.476839542388916
1788594214105971500,24.937971435546874,-7.813551902770996,-0.8049007058143616,-6.3279500007629395
1788594214116036600,24.94803662109375,-7.718906402587891,-0.9035118818283081,-6.277072906494141
1788594214126122800,24.958122802734376,-7.767763137817383,-0.9938181638717651,-6.628347396850586
1788594214136199200,24.96819921875,-7.513528823852539,-1.031526803970337,-7.016357898712158
1788594214146248400,24.97824853515625,-7.896526336669922,-0.9551368355751038,-7.038354396820068
1788594214156351000,24.98835107421875,-8.052148818969727,-0.9460089206695557,-6.8382887840271
1788594214166426600,24.998426513671873,-7.918971538543701,-0.9888800978660583,-6.774618148803711
1788594214176502500,25.00850244140625,-7.953537940979004,-0.961870551109314,-6.71102237701416
1788594214186578400,25.018578369140624,-7.775169849395752,-0.9639654755592346,-6.6424880027771
1788594214196653300,25.0286533203125,-7.889194011688232,-0.9684545993804932,-6.5750017166137695
1788594214206729700,25.038729736328126,-7.941118240356445,-1.0072855949401855,-6.492626190185547
1788594214216806100,25.04880615234375,-7.7539963722229,-1.0654197931289673,-6.670320987701416
1788594214226882000,25.058882080078124,-7.85694694519043,-1.0939257144927979,-6.762048721313477
1788594214236958000,25.0689580078125,-7.852532863616943,-1.1290905475616455,-6.887594699859619
1788594214247007200,25.07900732421875,-8.138489723205566,-1.0691606998443604,-6.896946907043457
1788594214257109500,25.089109619140626,-8.026785850524902,-1.1382932662963867,-6.855946063995361
1788594214267185200,25.09918505859375,-7.958027362823486,-1.1753286123275757,-7.035436630249023
1788594214277234400,25.109234375,-7.977106094360352,-1.2018144130706787,-7.047108173370361
1788594214287336400,25.11933642578125,-7.845499515533447,-1.2204443216323853,-7.044190406799316
1788594214297408500,25.129408447265625,-7.885677337646484,-1.1889456510543823,-7.1537251472473145
1788594214307488800,25.13948876953125,-7.8249993324279785,-1.1267712116241455,-7.119009017944336
1788594214317538300,25.149538330078126,-7.748534679412842,-1.1516109704971313,-6.8937296867370605
1788594214327640000,25.15964013671875,-7.6956377029418945,-1.2871078252792358,-6.751349449157715
1788594214337716700,25.169716796875,-7.588122844696045,-1.3590087890625,-6.858415126800537
1788594214347791000,25.179791015625,-7.610867977142334,-1.430161476135254,-6.9805192947387695
1788594214357868000,25.189867919921873,-7.71239709854126,-1.4511107206344604,-7.108384609222412
1788594214367943700,25.199943603515624,-8.025214195251465,-1.324292778968811,-7.13157844543457
1788594214378019600,25.21001953125,-8.15300464630127,-1.309403896331787,-7.096413612365723
1788594214388095700,25.220095703125,-7.928847789764404,-1.4955530166625977,-7.202132701873779
1788594214398170600,25.230170654296874,-8.00336742401123,-1.4512603282928467,-7.501258373260498
1788594214408247000,25.2402470703125,-8.238448143005371,-1.3953707218170166,-7.617077827453613
1788594214418323000,25.250322998046876,-8.088735580444336,-1.4117560386657715,-7.574730396270752
1788594214428398600,25.260398681640623,-8.338255882263184,-1.2896517515182495,-7.34391450881958
1788594214438474800,25.270474853515626,-8.341024398803711,-1.1457751989364624,-7.223755359649658
1788594214448568300,25.280568359375,-7.939023017883301,-1.0948983430862427,-7.302689075469971
1788594214458626600,25.29062646484375,-7.9083476066589355,-1.096693992614746,-7.394716262817383
1788594214468702000,25.300701904296876,-8.022595405578613,-1.111657738685608,-7.57944393157959
1788594214478753500,25.31075341796875,-8.310199737548828,-0.9635913372039795,-7.548917770385742
1788594214488853500,25.320853515625,-8.389058113098145,-0.8607155084609985,-7.404742240905762
1788594214498930000,25.330929931640625,-8.373122215270996,-0.9370306730270386,-7.41716194152832
1788594214509006000,25.341006103515625,-8.191536903381348,-0.9173533320426941,-7.402273178100586
1788594214519080700,25.351080810546875,-8.352770805358887,-0.8816647529602051,-7.498041152954102
1788594214529157600,25.36115771484375,-8.047659873962402,-0.937778890132904,-7.745467185974121
1788594214539232800,25.371232666015626,-8.298677444458008,-0.7830535769462585,-7.817741870880127
1788594214549308400,25.381308349609377,-7.978377819061279,-0.6539163589477539,-7.606977462768555
1788594214559385000,25.391385009765624,-8.15293025970459,-0.4825064539909363,-7.390451908111572
1788594214569461200,25.401461181640624,-8.209044456481934,-0.3405003845691681,-7.174599647521973
1788594214579537000,25.411536865234375,-7.720701694488525,-0.3134159743785858,-7.213355541229248
1788594214589612300,25.4216123046875,-7.4024977684021,-0.27810150384902954,-7.349301338195801
1788594214599687700,25.431687744140625,-7.493627071380615,-0.19452889263629913,-7.391648769378662
1788594214609785900,25.441785888671873,-7.876100540161133,-0.06890811771154404,-7.245004177093506
1788594214619840300,25.45184033203125,-7.612663745880127,0.008604162372648716,-7.261164665222168
1788594214629916200,25.461916259765626,-7.413720607757568,0.09322422742843628,-7.539640426635742
1788594214639991800,25.47199169921875,-6.909965515136719,0.265232652425766,-7.654113292694092
1788594214650067000,25.48206689453125,-6.714313983917236,0.3694552481174469,-7.569568157196045
1788594214660143600,25.4921435546875,-6.9001641273498535,0.39900869131088257,-7.413496017456055
1788594214670219300,25.50221923828125,-6.927996635437012,0.3197007477283478,-7.335011005401611
1788594214680294400,25.51229443359375,-6.775516033172607,0.3024924099445343,-7.377358436584473
1788594214690371600,25.52237158203125,-6.472649574279785,0.36234745383262634,-7.423596382141113
1788594214700446200,25.5324462890625,-6.086883544921875,0.4232499599456787,-7.378181457519531
1788594214710523100,25.542523193359376,-6.562656402587891,0.5296422839164734,-7.275529861450195
1788594214720579600,25.55257958984375,-6.663886547088623,0.5288941264152527,-7.196371555328369
1788594214730675000,25.562675048828126,-6.483947277069092,0.5394435524940491,-7.031022071838379
1788594214740750300,25.572750244140625,-5.814019680023193,0.6062567830085754,-7.011793613433838
1788594214750825200,25.5828251953125,-5.811326026916504,0.7306804060935974,-7.043367385864258
1788594214760902100,25.592902099609375,-6.083517074584961,0.8883984684944153,-7.047183036804199
1788594214770978300,25.602978271484375,-6.615328788757324,1.0527753829956055,-7.09918212890625
1788594214781074000,25.613073974609375,-6.422221660614014,1.064746379852295,-7.191807746887207
1788594214791129900,25.6231298828125,-6.270564079284668,1.1390414237976074,-7.360374450683594
1788594214801205200,25.633205322265624,-5.766060829162598,1.2107179164886475,-7.471779823303223
1788594214811275300,25.643275146484374,-5.707552433013916,1.3914052248001099,-7.483002662658691
1788594214821357300,25.653357421875,-6.169259071350098,1.5894505977630615,-7.309422969818115
1788594214831433200,25.66343310546875,-6.184896469116211,1.6582839488983154,-7.229067802429199
1788594214841508600,25.673508544921877,-6.133271217346191,1.7428292036056519,-7.27029275894165
1788594214851584000,25.683583984375,-6.004134178161621,1.8584243059158325,-7.352518558502197
1788594214861660700,25.69366064453125,-5.974206447601318,1.9771616458892822,-7.423671245574951
1788594214871736600,25.703736572265626,-5.840804576873779,2.0919337272644043,-7.3495259284973145
1788594214881812200,25.713812255859374,-6.077531337738037,2.246584177017212,-7.166369438171387
1788594214891888400,25.723888427734376,-5.962011337280273,2.4146273136138916,-7.014337539672852
1788594214901963300,25.73396337890625,-5.4251861572265625,2.5882816314697266,-6.95814847946167
1788594214912040200,25.744040283203127,-4.95816707611084,2.7717373371124268,-6.9876275062561035
1788594214922115600,25.754115478515626,-5.061118125915527,2.9075334072113037,-7.070676326751709
1788594214932192300,25.764192138671874,-5.346102714538574,3.086425304412842,-7.209539890289307
1788594214942267600,25.774267578125,-5.436783313751221,3.3139493465423584,-7.385887622833252
1788594214952342300,25.78434228515625,-5.425111293792725,3.5779099464416504,-7.595904350280762
1788594214962419700,25.794419677734375,-4.867262363433838,3.8815994262695312,-7.71703577041626
1788594214972495400,25.804495361328126,-4.432041645050049,4.138153076171875,-7.811681747436523
1788594214982563300,25.814563232421875,-4.236166000366211,4.305148601531982,-7.85694694519043
1788594214992647000,25.82464697265625,-4.756829738616943,4.477531433105469,-8.072574615478516
1788594215002722000,25.83472216796875,-5.011961936950684,4.619836807250977,-8.305785179138184
1788594215012797400,25.84479736328125,-4.895244598388672,4.805836200714111,-8.381650924682617
1788594215022874400,25.854874267578126,-4.588263034820557,4.930334568023682,-8.227001190185547
1788594215032950500,25.864950439453125,-4.424559593200684,5.038821697235107,-8.071826934814453
1788594215043026200,25.875026123046876,-4.29482364654541,5.122843265533447,-8.05274772644043
1788594215053101000,25.88510107421875,-4.090643405914307,5.142670631408691,-8.053496360778809
1788594215063178200,25.89517822265625,-3.7269489765167236,5.162497520446777,-7.938948154449463
1788594215073253600,25.905253662109374,-3.589731454849243,5.153519153594971,-7.724592685699463
1788594215083328800,25.915328857421876,-3.3803882598876953,5.122095108032227,-7.464447498321533
1788594215093405700,25.92540576171875,-3.2865655422210693,5.0930657386779785,-7.102025032043457
1788594215103481900,25.93548193359375,-3.5953428745269775,5.15277099609375,-6.865298748016357
1788594215113533400,25.945533447265625,-3.658041000366211,5.215918064117432,-6.647426128387451
1788594215123633400,25.95563330078125,-3.7012860774993896,5.327472686767578,-6.541632175445557
1788594215133709000,25.965708984375,-3.5558383464813232,5.4921488761901855,-6.636801719665527
1788594215143761000,25.975760986328126,-3.2980875968933105,5.709647178649902,-6.927996635437012
1788594215153861600,25.985861572265627,-2.7316346168518066,5.900435447692871,-7.151256084442139
1788594215163936800,25.995936767578126,-2.553565740585327,6.147487163543701,-7.262511730194092
1788594215174011600,26.00601171875,-2.7370214462280273,6.38960075378418,-7.315483093261719
1788594215184087000,26.016087158203124,-2.7670986652374268,6.524947643280029,-7.171382427215576
1788594215194138400,26.026138427734374,-2.683151960372925,6.548440933227539,-6.808660507202148
1788594215204213500,26.036213623046876,-2.7783963680267334,6.530933380126953,-6.499135494232178
1788594215214328000,26.046328125,-2.934842348098755,6.492027759552002,-6.263530731201172
1788594215224370200,26.0563701171875,-3.0125043392181396,6.564077854156494,-6.157812118530273
1788594215234442500,26.0664423828125,-2.7292404174804688,6.65401029586792,-6.019920825958252
1788594215244518700,26.0765185546875,-2.4415619373321533,6.763245582580566,-5.923778533935547
1788594215254599400,26.086599365234374,-2.279728889465332,6.713416576385498,-5.879261493682861
1788594215264669200,26.096669189453124,-2.264465808868408,6.56535005569458,-5.884872913360596
1788594215274750500,26.10675048828125,-2.5273044109344482,6.449380874633789,-6.036081790924072
1788594215284821500,26.116821533203126,-2.5737667083740234,6.3897504806518555,-6.093542575836182
1788594215294897000,26.12689697265625,-2.2445640563964844,6.406808853149414,-5.931110858917236
1788594215304973300,26.136973388671876,-2.2566847801208496,6.5481414794921875,-5.777507781982422
1788594215315060000,26.14706005859375,-2.268730640411377,6.737882137298584,-5.528136730194092
1788594215325124400,26.157124267578126,-1.9613748788833618,6.941987991333008,-5.207762718200684
1788594215335200300,26.1672001953125,-1.7646763324737549,7.340547561645508,-4.997521877288818
1788594215345276000,26.17727587890625,-1.716493010520935,7.7911810874938965,-4.786383152008057
1788594215355378200,26.187378173828126,-1.4635306596755981,8.134000778198242,-4.379668235778809
1788594215365460500,26.19746044921875,-1.3124713897705078,8.373420715332031,-3.9193081855773926
1788594215375530000,26.207530029296876,-1.2435632944107056,8.475922584533691,-3.602674961090088
1788594215385605600,26.217605712890624,-1.4335283041000366,8.358831405639648,-3.501070976257324
1788594215395681500,26.227681640625,-1.6732476949691772,8.064419746398926,-3.5649664402008057
1788594215405756700,26.237756591796874,-1.7643022537231445,7.831209182739258,-3.81994891166687
1788594215415833300,26.247833251953125,-1.4968249797821045,7.718532085418701,-4.007818698883057
1788594215425908700,26.25790869140625,-1.0237456560134888,7.7131452560424805,-4.028768062591553
1788594215435985200,26.267985107421875,-0.9245359301567078,7.781080722808838,-3.928510904312134
1788594215446069200,26.2780693359375,-1.4352490901947021,7.9043073654174805,-3.860276222229004
1788594215456136400,26.288136474609374,-2.013448715209961,8.054094314575195,-3.8990323543548584
1788594215466212400,26.29821240234375,-2.25937819480896,8.197821617126465,-3.9104795455932617
1788594215476293000,26.308293212890625,-1.7661726474761963,8.274585723876953,-3.8558619022369385
1788594215486364000,26.318364013671875,-1.1810896396636963,8.30361557006836,-3.761066436767578
1788594215496440300,26.3284404296875,-1.1124060153961182,8.277054786682129,-3.6635775566101074
1788594215506516200,26.33851611328125,-1.2379518747329712,8.209118843078613,-3.780444383621216
1788594215516590600,26.348590576171876,-1.4291139841079712,8.092251777648926,-3.946317672729492
1788594215526667000,26.3586669921875,-1.5710452795028687,7.903933048248291,-3.8989574909210205
1788594215536743400,26.368743408203127,-1.479691505432129,7.878494739532471,-3.548431396484375
1788594215546819000,26.378819091796874,-1.1746551990509033,8.002618789672852,-3.306617021560669
1788594215556895200,26.388895263671873,-0.9212439060211182,8.181361198425293,-3.281552791595459
1788594215566970600,26.398970703125,-0.6512228846549988,8.314688682556152,-3.41719913482666
1788594215577047000,26.409047119140624,-0.5754314064979553,8.41771411895752,-3.4205660820007324
1788594215587123000,26.419123046875,-0.8042272925376892,8.524255752563477,-3.4011878967285156
1788594215597198800,26.42919873046875,-1.051877498626709,8.626907348632812,-3.329287052154541
1788594215607274000,26.43927392578125,-1.1438298225402832,8.667983055114746,-3.2487072944641113
1788594215617350700,26.4493505859375,-1.0027964115142822,8.695740699768066,-3.209726572036743
1788594215627426600,26.459426513671875,-0.7338976263999939,8.751106262207031,-3.1030349731445312
1788594215637502000,26.469501953125,-0.5675754547119141,8.777517318725586,-3.013925790786743
1788594215647569400,26.4795693359375,-0.6429179906845093,8.76801586151123,-2.861894130706787
1788594215657653800,26.48965380859375,-0.7647978067398071,8.78657054901123,-2.8458080291748047
1788594215667704800,26.499704833984374,-0.7501333355903625,8.853981971740723,-2.9338698387145996
1788594215677801000,26.509801025390626,-0.7713070511817932,8.937853813171387,-2.998962163925171
1788594215687881200,26.519881103515626,-0.7808090448379517,9.052925109863281,-3.0867245197296143
1788594215697956400,26.529956298828125,-0.7017255425453186,9.123180389404297,-3.2048635482788086
1788594215708033000,26.540032958984376,-0.6114192605018616,9.169044494628906,-3.241973638534546
1788594215718108000,26.55010791015625,-0.5567266941070557,9.098265647888184,-3.142240047454834
1788594215728184300,26.560184326171875,-0.5251531600952148,9.019930839538574,-2.9828760623931885
1788594215738260700,26.5702607421875,-0.4424035847187042,8.918925285339355,-2.785578966140747
1788594215748336000,26.580336181640625,-0.3000234067440033,8.847846984863281,-2.578704833984375
1788594215758412500,26.59041259765625,-0.13534721732139587,8.797569274902344,-2.4482955932617188
1788594215768488000,26.600488037109375,0.017956512048840523,8.80123519897461,-2.3557448387145996
1788594215778573300,26.6105732421875,-0.02536357380449772,8.906953811645508,-2.277409553527832
1788594215788639700,26.6206396484375,-0.24099136888980865,9.040804862976074,-2.198251247406006
1788594215798689800,26.630689697265623,-0.5110872387886047,9.196578025817871,-2.2549638748168945
1788594215808766500,26.640766357421874,-0.604461133480072,9.341277122497559,-2.3813328742980957
1788594215818867500,26.650867431640624,-0.5332335829734802,9.391854286193848,-2.4087913036346436
1788594215828943000,26.660943115234375,-0.3521721065044403,9.361029624938965,-2.3236474990844727
1788594215839019500,26.67101953125,-0.16579847037792206,9.386542320251465,-2.2824971675872803
1788594215849094100,26.68109423828125,0.05297171324491501,9.393126487731934,-2.2462849617004395
1788594215859171000,26.691171142578124,0.31461307406425476,9.415497779846191,-2.2292263507843018
1788594215869246700,26.701246826171875,0.552312433719635,9.40936279296875,-2.256460189819336
1788594215879321900,26.71132177734375,0.6420201659202576,9.363273620605469,-2.2988076210021973
1788594215889399000,26.72139892578125,0.5654805302619934,9.333122253417969,-2.3318028450012207
1788594215899474200,26.73147412109375,0.37641340494155884,9.348235130310059,-2.377591848373413
1788594215909550800,26.74155078125,0.2719663381576538,9.379284858703613,-2.4473979473114014
1788594215919625700,26.751625732421875,0.22961890697479248,9.391480445861816,-2.537928581237793
1788594215929702100,26.7617021484375,0.15644611418247223,9.395146369934082,-2.599729061126709
1788594215939777800,26.77177783203125,0.024091655388474464,9.354071617126465,-2.5970354080200195
1788594215949853200,26.781853271484376,-0.053345806896686554,9.313220024108887,-2.6041431427001953
1788594215959929900,26.791929931640624,-0.1264437735080719,9.329754829406738,-2.6228480339050293
1788594215970006000,26.802006103515627,-0.22602760791778564,9.398663520812988,-2.6268882751464844
1788594215980083000,26.8120830078125,-0.22288522124290466,9.457321166992188,-2.64095401763916
1788594215990157000,26.822156982421873,-0.02364274114370346,9.485602378845215,-2.6534488201141357
1788594216000232700,26.832232666015624,0.16063596308231354,9.470563888549805,-2.6256163120269775
1788594216010308000,26.84230810546875,0.21787235140800476,9.475651741027832,-2.6437222957611084
1788594216020384800,26.852384765625,0.27982231974601746,9.484405517578125,-2.674921751022339
1788594216030460400,26.86246044921875,0.3793313205242157,9.433379173278809,-2.672003984451294
1788594216040536800,26.872536865234373,0.5199906826019287,9.348684310913086,-2.598980665206909
1788594216050611500,26.882611572265624,0.6826467514038086,9.235109329223633,-2.459294080734253
1788594216060688600,26.892688720703124,0.7897124886512756,9.188422203063965,-2.3716063499450684
1788594216070763800,26.902763671875,0.7656208276748657,9.237129211425781,-2.342651605606079
1788594216080839000,26.9128388671875,0.6186766624450684,9.35886001586914,-2.420238733291626
1788594216090915600,26.92291552734375,0.40716391801834106,9.526678085327148,-2.4507646560668945
1788594216100990500,26.932990478515624,0.25812485814094543,9.661202430725098,-2.460266590118408
1788594216111067600,26.943067626953123,0.13931261003017426,9.702876091003418,-2.518101692199707
1788594216121142300,26.953142333984374,0.01069908868521452,9.654468536376953,-2.4915409088134766
1788594216131219000,26.963218994140625,-0.08379705995321274,9.590798377990723,-2.440589427947998
1788594216141272000,26.97327197265625,-0.01892915740609169,9.551518440246582,-2.4267477989196777
1788594216151370500,26.98337060546875,0.1685667634010315,9.536928176879883,-2.465728521347046
1788594216161447200,26.993447265625,0.3018190562725067,9.552266120910645,-2.564115285873413
1788594216171523000,27.003523193359374,0.31768062710762024,9.579425811767578,-2.7299885749816895
1788594216181598500,27.013598388671873,0.3001730442047119,9.584961891174316,-2.8838908672332764
1788594216191674000,27.023674072265624,0.2907458543777466,9.508871078491211,-2.9606549739837646
1788594216201749500,27.03374951171875,0.3206733763217926,9.324966430664062,-2.951003313064575
1788594216211825200,27.0438251953125,0.413448691368103,9.152284622192383,-2.9252655506134033
1788594216221901600,27.053901611328126,0.5455787181854248,9.071331024169922,-2.8880057334899902
1788594216231978200,27.063978271484373,0.6218190789222717,9.103877067565918,-2.8821699619293213
1788594216242054000,27.074053955078124,0.622118353843689,9.227028846740723,-2.9065608978271484
1788594216252128500,27.08412841796875,0.48983868956565857,9.347187995910645,-2.915015459060669
1788594216262205000,27.094204833984374,0.2993500232696533,9.422979354858398,-2.918606758117676
1788594216272281300,27.10428125,0.11417349427938461,9.429488182067871,-2.919055700302124
1788594216282356700,27.114356689453125,-0.018031330779194832,9.392976760864258,-2.878204584121704
1788594216292433000,27.124432861328124,-0.04750993847846985,9.352425575256348,-2.798522472381592
1788594216302508000,27.134508056640627,0.07227496057748795,9.33357048034668,-2.7608885765075684
1788594216312559000,27.14455908203125,0.17230769991874695,9.37936019897461,-2.7717373371124268
1788594216322660900,27.154660888671874,0.21465514600276947,9.43599796295166,-2.8360815048217773
1788594216332736500,27.164736572265625,0.1736544370651245,9.461212158203125,-2.887108087539673
1788594216342811600,27.174811767578124,0.10070610791444778,9.446771621704102,-2.916810989379883
1788594216352887800,27.1848876953125,0.07317279279232025,9.439589500427246,-2.9322237968444824
1788594216362964500,27.194964599609374,0.04092588648200035,9.451260566711426,-2.9117233753204346
1788594216373040000,27.2050400390625,0.06292261183261871,9.415497779846191,-2.874164342880249
1788594216383115300,27.215115234375,0.12307693064212799,9.38085651397705,-2.8256068229675293
1788594216393192000,27.22519189453125,0.2074725478887558,9.322273254394531,-2.7510125637054443
1788594216403266800,27.235266845703126,0.30122050642967224,9.2864351272583,-2.687117338180542
1788594216413342500,27.245342529296874,0.34678515791893005,9.294665336608887,-2.63826060295105
1788594216423419400,27.25541943359375,0.32867899537086487,9.343372344970703,-2.599729061126709
1788594216433495000,27.2654951171875,0.32613515853881836,9.400533676147461,-2.562394380569458
1788594216443571200,27.2755712890625,0.3043628931045532,9.452832221984863,-2.5346364974975586
1788594216453646000,27.28564599609375,0.24652795493602753,9.507450103759766,-2.487725257873535
1788594216463723300,27.29572314453125,0.19407998025417328,9.51425838470459,-2.455253839492798
1788594216473774800,27.30577490234375,0.12509703636169434,9.474529266357422,-2.4384944438934326
1788594216483874800,27.315874755859376,0.10040683299303055,9.439589500427246,-2.405125141143799
1788594216493951000,27.325950927734375,0.17425298690795898,9.442582130432129,-2.4567501544952393
1788594216504025600,27.336025634765626,0.19520226120948792,9.463306427001953,-2.534337282180786
1788594216514101000,27.34610107421875,0.1792658567428589,9.49458122253418,-2.5830442905426025
1788594216524177000,27.356177001953125,0.1264437735080719,9.506627082824707,-2.63055419921875
1788594216534227700,27.366227783203126,0.06052841246128082,9.48111343383789,-2.6431987285614014
1788594216544328400,27.376328369140627,0.02356792241334915,9.457171440124512,-2.6670658588409424
1788594216554380800,27.386380859375,-0.008529343642294407,9.41175651550293,-2.6815059185028076
1788594216564455200,27.396455078125,0.03486556187272072,9.373523712158203,-2.6520273685455322
1788594216574536200,27.4065361328125,0.03972878307104111,9.375843048095703,-2.63055419921875
1788594216584618200,27.4166181640625,0.02042553387582302,9.409213066101074,-2.6302549839019775
1788594216594683100,27.42668310546875,-0.011971008032560349,9.41871452331543,-2.646790027618408
1788594216604766200,27.43676611328125,-0.03696049004793167,9.409063339233398,-2.6408045291900635
1788594216614839800,27.44683984375,-0.00336684612557292,9.366341590881348,-2.6319010257720947
1788594216624912600,27.45691259765625,-0.008080430328845978,9.341352462768555,-2.665419816970825
1788594216634993200,27.4669931640625,0.007257423829287291,9.362899780273438,-2.6629507541656494
1788594216645062700,27.477062744140625,0.049230773001909256,9.364096641540527,-2.6297311782836914
1788594216655141400,27.487141357421876,0.016983868554234505,9.359233856201172,-2.642749786376953
1788594216665214200,27.497214111328127,-0.012794014997780323,9.329380989074707,-2.6547207832336426
1788594216675338200,27.507338134765625,0.07010521739721298,9.261594772338867,-2.662576675415039
1788594216685391400,27.517391357421875,0.19610008597373962,9.16657543182373,-2.669534921646118
1788594216695467800,27.5274677734375,0.2776525914669037,9.120561599731445,-2.682328939437866
1788594216705551600,27.537551513671875,0.3794061541557312,9.066168785095215,-2.7200376987457275
1788594216715619600,27.54761962890625,0.5340566039085388,8.989105224609375,-2.7269957065582275
1788594216725695000,27.557695068359376,0.49537530541419983,8.86243724822998,-2.743006944656372
1788594216735771100,27.567771240234375,0.1769464761018753,8.747963905334473,-2.773383378982544
1788594216745847000,27.577846923828126,-0.13250410556793213,8.674491882324219,-2.874089479446411
1788594216755923000,27.5879228515625,-0.0983119085431099,8.647781372070312,-3.0044987201690674
1788594216765998300,27.597998291015625,0.06950666755437851,8.667010307312012,-3.1292216777801514
1788594216776074800,27.60807470703125,0.08626607805490494,8.743699073791504,-3.2392799854278564
1788594216786150400,27.618150390625,-0.16347908973693848,8.865130424499512,-3.336768865585327
1788594216796226600,27.6282265625,-0.5735609531402588,9.057339668273926,-3.3795652389526367
1788594216806286600,27.63828662109375,-1.0187327861785889,9.298630714416504,-3.4601452350616455
1788594216816378400,27.64837841796875,-1.242740273475647,9.546430587768555,-3.485508680343628
1788594216826453800,27.658453857421875,-1.1846060752868652,9.693000793457031,-3.3774704933166504
1788594216836529700,27.66852978515625,-0.9573065638542175,9.645939826965332,-3.119495153427124
1788594216846579500,27.678579345703124,-0.7462427616119385,9.420136451721191,-2.743006944656372
1788594216856681700,27.688681640625,-0.5303905010223389,9.186925888061523,-2.488847494125366
1788594216866757400,27.69875732421875,-0.4602852761745453,9.055843353271484,-2.4969279766082764
1788594216876832500,27.70883251953125,-0.6053589582443237,9.029806137084961,-2.643348217010498
1788594216886909200,27.7189091796875,-0.7255179286003113,9.037213325500488,-2.7742063999176025
1788594216896985600,27.728985595703126,-0.7006032466888428,9.001898765563965,-2.8627917766571045
1788594216907060700,27.739060791015625,-0.6836193799972534,8.917503356933594,-2.929006576538086
1788594216917137200,27.74913720703125,-0.7622539401054382,8.832808494567871,-3.0079402923583984
1788594216927213300,27.75921337890625,-0.8121581077575684,8.786046981811523,-3.0020296573638916
1788594216937289000,27.7692890625,-0.5232079029083252,8.745570182800293,-3.029787540435791
1788594216947339800,27.77933984375,-0.3405003845691681,8.675165176391602,-3.156231164932251
1788594216957440300,27.789440185546876,-0.6164321303367615,8.599449157714844,-3.251101493835449
1788594216967515600,27.799515625,-1.0916063785552979,8.456171035766602,-3.3622074127197266
1788594216977565200,27.809565185546877,-1.482310175895691,8.300622940063477,-3.5847933292388916
1788594216987667700,27.819667724609374,-1.504980206489563,8.192584037780762,-3.7368998527526855
1788594216997743400,27.829743408203125,-1.1926116943359375,8.101828575134277,-3.7481226921081543
1788594217007800800,27.83980078125,-0.8579472303390503,8.03995418548584,-3.5563621520996094
1788594217017895400,27.8498955078125,-0.8054243922233582,8.073771476745605,-3.446977138519287
1788594217027977700,27.859977783203124,-1.0569652318954468,8.182633399963379,-3.4216134548187256
1788594217038047200,27.870047119140626,-1.0999860763549805,8.297629356384277,-3.51393985748291
1788594217048122400,27.880122314453125,-1.0857704877853394,8.370353698730469,-3.7118356227874756
1788594217058199000,27.890198974609376,-1.192088007926941,8.332046508789062,-3.7653310298919678
1788594217068275200,27.900275146484375,-1.1862521171569824,8.130484580993652,-3.816581964492798
1788594217078349800,27.910349853515626,-1.3377602100372314,7.821183681488037,-3.946542263031006
1788594217088401400,27.9204013671875,-1.5949124097824097,7.580865383148193,-4.08054256439209
1788594217098502400,27.93050244140625,-1.9101988077163696,7.469834327697754,-4.261754035949707
1788594217108578300,27.940578369140624,-2.2497265338897705,7.519963264465332,-4.49294376373291
1788594217118654200,27.950654296875,-2.2749404907226562,7.666009426116943,-4.576890468597412
1788594217128729300,27.960729248046874,-2.5371804237365723,7.885303497314453,-4.653505325317383
1788594217138806300,27.97080615234375,-2.637662172317505,8.072724342346191,-4.930334568023682
1788594217148882200,27.980882080078125,-1.831040620803833,8.3213472366333,-5.081393718719482
1788594217158957800,27.990957763671876,-1.2604724168777466,8.681150436401367,-4.963554382324219
1788594217169033700,28.00103369140625,-1.0542716979980469,9.05015754699707,-4.804788589477539
1788594217179083000,28.0110830078125,-1.4842554330825806,9.1662015914917,-4.434959411621094
1788594217189159000,28.021158935546875,-2.1058499813079834,9.004891395568848,-3.9462430477142334
1788594217199235300,28.0312353515625,-2.536058187484741,8.706364631652832,-3.5844192504882812
1788594217209311500,28.0413115234375,-2.4274959564208984,8.246378898620605,-3.497629404067993
1788594217219413200,28.051413330078127,-2.0732290744781494,7.819986343383789,-3.7137808799743652
1788594217229487600,28.061487548828126,-1.7642273902893066,7.672144412994385,-4.014178276062012
1788594217239564500,28.071564453125,-1.8166005611419678,7.7492828369140625,-4.401665210723877
1788594217249639700,28.0816396484375,-2.116698741912842,7.926528453826904,-4.704007625579834
1788594217259693000,28.091693115234374,-2.6588358879089355,8.080281257629395,-4.8675618171691895
1788594217269792000,28.1017919921875,-3.240252733230591,8.12173080444336,-4.973729610443115
1788594217279867400,28.111867431640626,-3.1937153339385986,8.069806098937988,-5.063736438751221
1788594217289939500,28.121939453125,-2.647987127304077,8.046013832092285,-5.155539035797119
1788594217300019500,28.13201953125,-2.2865374088287354,7.969549179077148,-5.128679275512695
1788594217310096000,28.142095947265624,-2.418442964553833,7.719280242919922,-5.33121395111084
1788594217320171800,28.152171875,-2.5585784912109375,7.502231121063232,-5.717428684234619
1788594217330246700,28.16224658203125,-2.935366153717041,7.337629795074463,-6.038027286529541
1788594217340323600,28.172323486328125,-3.587486743927002,7.282712459564209,-6.181005954742432
1788594217350398500,28.1823984375,-3.873668670654297,7.338003635406494,-5.988571643829346
1788594217360474400,28.192474365234375,-3.7789480686187744,7.364040851593018,-5.868263244628906
1788594217370551600,28.202551513671875,-3.327117443084717,7.345335960388184,-5.862951278686523
1788594217380626400,28.21262646484375,-2.846107244491577,7.327454090118408,-5.990217685699463
1788594217390702800,28.222702880859377,-2.2795794010162354,7.22136116027832,-6.100425720214844
1788594217400778000,28.232778076171876,-2.3891139030456543,7.110330104827881,-6.180556774139404
1788594217410854400,28.2428544921875,-2.891148090362549,7.101651191711426,-6.238391876220703
1788594217420930300,28.252930419921874,-3.5277066230773926,6.950816631317139,-6.165143966674805
1788594217431004700,28.263004638671877,-3.3028759956359863,6.870910167694092,-6.249988555908203
1788594217441082000,28.27308203125,-2.494159698486328,6.945130348205566,-6.182277679443359
1788594217451157500,28.283157470703124,-2.74540114402771,6.867393493652344,-6.1028947830200195
1788594217461213400,28.29321337890625,-3.662006378173828,6.616002082824707,-5.962160587310791
1788594217471310000,28.30331005859375,-4.151171684265137,6.268095016479492,-5.785438537597656
1788594217481385000,28.313385009765625,-3.8769607543945312,6.069002151489258,-5.675305366516113
1788594217491460400,28.32346044921875,-3.6372413635253906,5.920785903930664,-5.716381072998047
1788594217501536800,28.333536865234375,-3.995398998260498,5.8885393142700195,-5.799429893493652
1788594217511613200,28.34361328125,-4.8395795822143555,5.887641429901123,-6.212878704071045
1788594217521689300,28.353689453125,-4.702137470245361,5.935899257659912,-6.66209077835083
1788594217531765200,28.36376513671875,-4.090867519378662,5.847164154052734,-6.632687091827393
1788594217541841200,28.373841064453124,-3.8942439556121826,5.890035629272461,-6.6869306564331055
1788594217551916500,28.38391650390625,-3.822791814804077,5.9368720054626465,-6.923357963562012
1788594217561966600,28.393966552734376,-3.4671032428741455,6.019472122192383,-7.158288955688477
1788594217572068400,28.404068359375,-3.825859546661377,5.955427169799805,-7.046210289001465
1788594217582143700,28.414143798828125,-4.864269733428955,5.754987716674805,-6.722843647003174
1788594217592220400,28.424220458984376,-5.490054130554199,5.492373466491699,-6.506916522979736
1788594217602295600,28.434295654296875,-4.8588080406188965,5.317447185516357,-6.419528007507324
1788594217612372000,28.4443720703125,-4.016348361968994,5.20746374130249,-6.276474475860596
1788594217622440000,28.45443994140625,-3.994800329208374,5.14349365234375,-6.364012718200684
1788594217632523300,28.464523193359376,-3.9140708446502686,5.036502361297607,-6.637101173400879
1788594217642573800,28.47457373046875,-3.5784337520599365,4.963105201721191,-6.754641532897949
1788594217652675800,28.48467578125,-3.803114652633667,4.841225624084473,-6.680346488952637
1788594217662750200,28.494750244140626,-4.018592834472656,4.657994270324707,-6.471826553344727
1788594217672827000,28.504826904296873,-4.600383758544922,4.510975360870361,-6.40583610534668
1788594217682902800,28.51490283203125,-5.350217819213867,4.425831317901611,-6.409427642822266
1788594217692977700,28.524977783203123,-4.887014389038086,4.374580383300781,-6.567819118499756
1788594217703054800,28.535054931640627,-4.150423526763916,4.541800498962402,-6.730998992919922
1788594217713130800,28.545130859375,-4.361562252044678,4.729371547698975,-6.657601356506348
1788594217723206100,28.5552060546875,-4.842347621917725,4.891728401184082,-6.515146732330322
1788594217733281000,28.565281005859376,-5.207687854766846,5.081169605255127,-6.449530601501465
1788594217743358500,28.5753583984375,-5.1146135330200195,5.227963924407959,-6.586448669433594
1788594217753434000,28.58543408203125,-4.8960676193237305,5.217189788818359,-6.87869119644165
1788594217763509800,28.595509765625,-5.262380599975586,5.0184712409973145,-7.056161403656006
1788594217773585700,28.605585693359377,-5.614178657531738,4.750844478607178,-7.286677837371826
1788594217783660800,28.615660888671876,-5.765013217926025,4.367323398590088,-7.374066352844238
1788594217793711600,28.625711669921873,-5.754089832305908,4.031386852264404,-7.546598434448242
1788594217803813600,28.635813720703126,-5.897741794586182,3.6834044456481934,-7.576451301574707
1788594217813889300,28.64588916015625,-5.452120780944824,3.5035400390625,-7.583933353424072
1788594217823964200,28.655964111328124,-5.116259574890137,3.5019688606262207,-7.450755596160889
1788594217834040000,28.6660400390625,-5.401468753814697,3.527556896209717,-7.06985330581665
1788594217844117000,28.676116943359375,-5.4013190269470215,3.692233085632324,-6.809932708740234
1788594217854177300,28.68617724609375,-5.702389717102051,3.7502176761627197,-6.458658218383789
1788594217864242200,28.6962421875,-5.902978897094727,3.7504420280456543,-6.41848087310791
1788594217874346800,28.7063466796875,-5.642609596252441,3.7066731452941895,-6.7731218338012695
1788594217884440800,28.71644091796875,-5.392265796661377,3.6039469242095947,-7.049203395843506
1788594217894507300,28.72650732421875,-5.559186935424805,3.352555751800537,-7.067758083343506
1788594217904546000,28.736546142578124,-5.698424339294434,3.1237597465515137,-7.263035297393799
1788594217914627000,28.746626953125,-5.975254058837891,3.0704140663146973,-7.529689311981201
1788594217924697600,28.756697509765626,-6.20188045501709,3.050138235092163,-7.469235897064209
1788594217934774300,28.766774169921874,-5.908740043640137,3.0684688091278076,-7.3425679206848145
1788594217944849700,28.776849609375,-5.6128315925598145,3.1267526149749756,-7.090278625488281
1788594217954939400,28.786939453125,-5.194669723510742,3.125779867172241,-6.8471174240112305
1788594217965001200,28.797001220703127,-5.217489242553711,3.169698476791382,-6.803797721862793
1788594217975079400,28.807079345703126,-6.009521007537842,3.098994731903076,-6.865597724914551
1788594217985178600,28.8171787109375,-6.285976409912109,2.9857192039489746,-6.927846908569336
1788594217995229000,28.82722900390625,-5.994108200073242,2.818125009536743,-7.1041951179504395
1788594218005330700,28.83733056640625,-5.97562837600708,2.6099791526794434,-7.271265506744385
1788594218015406800,28.84740673828125,-6.098106384277344,2.5118916034698486,-7.550713539123535
1788594218025457700,28.857457763671874,-6.444068908691406,2.2928221225738525,-7.478887557983398
1788594218035551500,28.867551513671874,-6.5838303565979,2.0121021270751953,-7.352069854736328
1788594218045634000,28.877634033203126,-7.070526599884033,1.8221371173858643,-7.446715354919434
1788594218055710200,28.887710205078125,-7.0213704109191895,1.4827589988708496,-7.617002964019775
1788594218065786000,28.8977861328125,-6.798335552215576,1.3911808729171753,-7.91395902633667
1788594218075836000,28.9078359375,-7.0593037605285645,1.4439281225204468,-7.6810479164123535
1788594218085937200,28.917937255859375,-7.204153060913086,1.423427700996399,-7.511059761047363
1788594218096013600,28.928013671875,-7.05833101272583,1.4238766431808472,-7.496095657348633
1788594218106089500,28.93808935546875,-6.709974765777588,1.487472653388977,-7.52931547164917
1788594218116165600,28.94816552734375,-6.627748966217041,1.4689923524856567,-7.604957103729248
1788594218126240300,28.958240234375,-6.945205211639404,1.2728174924850464,-7.533131122589111
1788594218136317000,28.96831689453125,-6.811578750610352,1.0573393106460571,-7.3628435134887695
1788594218146367000,28.978366943359376,-6.315305709838867,0.8723124265670776,-7.498190879821777
1788594218156447200,28.988447265625,-6.202553749084473,0.8129063248634338,-7.484573841094971
1788594218166545000,28.998544921875,-6.4846954345703125,0.7075614333152771,-7.407660007476807
1788594218176620800,29.008620849609375,-6.465765953063965,0.5700444579124451,-7.371447563171387
1788594218186696400,29.018696533203126,-6.4083051681518555,0.4893897771835327,-7.2060980796813965
1788594218196772000,29.028772216796874,-6.3856353759765625,0.38733693957328796,-7.099256992340088
1788594218206847500,29.038847412109376,-6.542679786682129,0.3610755503177643,-6.97700309753418
1788594218216924200,29.048924072265624,-6.769156455993652,0.5139303803443909,-6.9024834632873535
1788594218227000600,29.05900048828125,-6.718728542327881,0.7317278981208801,-6.75194787979126
1788594218237075700,29.06907568359375,-6.936525821685791,0.7728034257888794,-6.768782138824463
1788594218247151400,29.0791513671875,-6.847716331481934,0.6435913443565369,-7.127987384796143
1788594218257227000,29.08922705078125,-7.204153060913086,0.5799205303192139,-7.295282363891602
1788594218267303400,29.099303466796876,-7.5668745040893555,0.40723875164985657,-7.427337169647217
1788594218277378800,29.10937890625,-7.544129371643066,0.08933365345001221,-7.605780124664307
1788594218287428600,29.1194287109375,-7.617527008056641,-0.07646481692790985,-7.704241752624512
1788594218297531000,29.12953076171875,-7.688080787658691,-0.15509937703609467,-7.568295955657959
1788594218307606500,29.1396064453125,-7.496918678283691,-0.24331074953079224,-7.634510517120361
1788594218317683200,29.14968310546875,-7.295955657958984,-0.2926163375377655,-7.651045799255371
1788594218327782100,29.1597822265625,-7.316605567932129,-0.3411737382411957,-7.521085262298584
1788594218337834800,29.169834716796874,-7.215226173400879,-0.3845686614513397,-7.371298313140869
1788594218347909600,29.17990966796875,-7.320197105407715,-0.40791210532188416,-7.102324485778809
1788594218357985500,29.189985595703124,-7.484199523925781,-0.4047697186470032,-6.905925273895264
1788594218368062000,29.20006201171875,-7.087061405181885,-0.5959317684173584,-7.075613975524902
1788594218378137900,29.210137939453126,-7.072995662689209,-0.6013187170028687,-7.408782482147217
1788594218388214000,29.220214111328126,-7.556848526000977,-0.5981014966964722,-7.526696681976318
1788594218398290000,29.2302900390625,-7.489287376403809,-0.6484545469284058,-7.449633598327637
1788594218408364800,29.24036474609375,-7.67274284362793,-0.6485294103622437,-7.330746173858643
1788594218418441500,29.25044140625,-7.198466777801514,-0.5836614966392517,-7.528043746948242
1788594218428517400,29.260517333984374,-7.282338619232178,-0.4033481776714325,-7.578097343444824
1788594218438593300,29.27059326171875,-7.246425628662109,-0.43529579043388367,-7.603460788726807
1788594218448668400,29.28066845703125,-7.1285858154296875,-0.548346996307373,-7.606902599334717
1788594218458748200,29.290748046875,-7.61677885055542,-0.5459527969360352,-7.488015651702881
1788594218468813300,29.300813232421874,-7.517194747924805,-0.6900538206100464,-7.480982303619385
1788594218478897000,29.31089697265625,-7.47574520111084,-0.7916577458381653,-7.450605869293213
1788594218488946400,29.320946533203124,-7.518765926361084,-0.848669707775116,-7.534328460693359
1788594218499048400,29.33104833984375,-7.512106895446777,-0.8622866868972778,-7.665709972381592
1788594218509124400,29.341124267578124,-7.737910270690918,-0.7636007070541382,-7.515100002288818
1788594218519200300,29.3512001953125,-7.537470817565918,-0.6937199234962463,-7.488015651702881
1788594218529275100,29.361275146484374,-7.246724605560303,-0.8224082589149475,-7.572186470031738
1788594218539351600,29.3713515625,-7.3977837562561035,-0.7784896492958069,-7.6263556480407715
1788594218549427700,29.381427734375,-7.761029243469238,-0.6227917075157166,-7.682918548583984
1788594218559502800,29.3915029296875,-7.688080787658691,-0.609548807144165,-7.654487133026123
1788594218569579800,29.401579833984375,-7.665036678314209,-0.6762871742248535,-7.66810417175293
1788594218579655700,29.41165576171875,-7.803301811218262,-0.659228503704071,-7.83337926864624
1788594218589731000,29.42173095703125,-7.922338485717773,-0.5864297747612,-7.901838302612305
1788594218599806700,29.431806640625,-7.915754318237305,-0.6689549088478088,-7.880814075469971
1788594218609882400,29.44188232421875,-7.826121807098389,-0.7540239095687866,-7.991396427154541
1788594218619959300,29.451959228515626,-8.285882949829102,-0.7190086841583252,-8.162581443786621
1788594218630035000,29.462034912109374,-8.28431224822998,-0.7358429431915283,-8.365639686584473
1788594218640110800,29.47211083984375,-7.9648356437683105,-0.6674585342407227,-8.422652244567871
1788594218650186800,29.482186767578124,-8.277952194213867,-0.5654056668281555,-8.287155151367188
1788594218660240000,29.492239990234374,-8.088959693908691,-0.6076034903526306,-8.310797691345215
1788594218670338600,29.502338623046874,-8.266056060791016,-0.5927145481109619,-8.082001686096191
1788594218680414700,29.512414794921874,-8.354192733764648,-0.5376479029655457,-7.94171667098999
1788594218690489600,29.522489501953125,-8.235455513000488,-0.47330373525619507,-8.272565841674805
1788594218700566000,29.53256591796875,-8.246079444885254,-0.4853495657444,-8.273762702941895
1788594218710641700,29.5426416015625,-8.079009056091309,-0.6027402877807617,-8.373645782470703
1788594218720717800,29.5527177734375,-7.896376609802246,-0.6967126727104187,-8.545578956604004
1788594218730793000,29.56279296875,-8.054543495178223,-0.7549965381622314,-8.467693328857422
1788594218740870000,29.572869873046876,-8.364218711853027,-0.7597101330757141,-8.249221801757812
1788594218750945300,29.5829453125,-7.967604160308838,-0.6964882612228394,-8.187122344970703
1788594218761020700,29.593020751953127,-7.557671546936035,-0.4563947021961212,-8.345065116882324
1788594218771097300,29.603097412109374,-7.718083381652832,-0.1933317929506302,-8.286931037902832
1788594218781173200,29.61317333984375,-7.588122844696045,0.0802057534456253,-7.960122108459473
1788594218791249000,29.623248779296876,-7.368081092834473,0.31783026456832886,-7.732149124145508
1788594218801324800,29.63332470703125,-7.346383571624756,0.5016600489616394,-7.701398849487305
1788594218811400400,29.643400390625,-7.2684221267700195,0.6890811920166016,-7.626729488372803
1788594218821475300,29.653475341796874,-7.349974632263184,0.8873509764671326,-7.669526100158691
1788594218831552800,29.663552734375,-6.9954833984375,0.9935188889503479,-7.861435890197754
1788594218841628700,29.673628662109376,-6.824746608734131,1.0407295227050781,-8.08506965637207
1788594218851704000,29.6837041015625,-6.5848774909973145,1.006387710571289,-8.200814247131348
1788594218861779500,29.693779541015626,-6.579041957855225,1.0196306705474854,-8.217498779296875
1788594218871856000,29.703856201171874,-6.865597724914551,1.0641478300094604,-7.798214435577393
1788594218881932000,29.71393212890625,-7.304559707641602,1.1658265590667725,-7.22405481338501
1788594218892007000,29.7240068359375,-6.793397903442383,1.2092214822769165,-6.950068473815918
1788594218902083800,29.734083740234375,-6.339172840118408,1.2178256511688232,-6.899191379547119
1788594218912159500,29.744159423828126,-6.274230003356934,1.2972084283828735,-6.953958988189697
1788594218922236000,29.75423583984375,-6.223353385925293,1.459191083908081,-6.829161167144775
1788594218932310300,29.764310302734376,-6.651017665863037,1.7292121648788452,-6.687603950500488
1788594218942386200,29.77438623046875,-6.792275428771973,1.9116203784942627,-6.4962921142578125
1788594218952463600,29.784463623046875,-6.70645809173584,2.14453125,-6.430900573730469
1788594218962538800,29.794538818359374,-6.092494964599609,2.3593361377716064,-6.422521114349365
1788594218972615200,29.804615234375,-5.6035542488098145,2.6291327476501465,-6.505420207977295
1788594218982690300,29.814690185546876,-5.744063854217529,2.8418426513671875,-6.619593620300293
1788594218992740000,29.824739990234374,-5.786710739135742,2.979135036468506,-6.868216514587402
1788594219002842600,29.834842529296875,-5.835268020629883,3.0677952766418457,-7.173252582550049
1788594219012918500,29.84491845703125,-5.794641494750977,3.1072998046875,-7.3856635093688965
1788594219022972200,29.85497216796875,-5.569511890411377,3.1493477821350098,-7.729006767272949
1788594219033069300,29.8650693359375,-5.258415222167969,3.20291805267334,-7.986158847808838
1788594219043145700,29.875145751953124,-5.103614807128906,3.1898248195648193,-8.11941146850586
1788594219053222000,29.885221923828126,-5.119327068328857,3.3610851764678955,-8.436044692993164
1788594219063297500,29.895297607421874,-5.307122230529785,3.5813517570495605,-8.42579460144043
1788594219073373700,29.905373779296873,-5.306074619293213,3.755829095840454,-8.219518661499023
1788594219083448800,29.91544873046875,-5.105111598968506,3.807080030441284,-7.832032203674316
1788594219093499600,29.925499755859374,-4.701538562774658,3.80378794670105,-7.3763108253479
1788594219103601200,29.93560107421875,-4.39732551574707,3.724405288696289,-7.062670707702637
1788594219113677600,29.945677490234374,-4.159102439880371,3.6587142944335938,-6.880187511444092
1788594219123753200,29.955753173828125,-4.072986125946045,3.6494367122650146,-6.873378753662109
1788594219133827800,29.965827880859376,-4.271106243133545,3.7422869205474854,-6.953360080718994
1788594219143905300,29.9759052734375,-4.566939830780029,4.0184431076049805,-6.9781999588012695
1788594219153958700,29.985958740234373,-4.640860557556152,4.336198329925537,-7.026458263397217
1788594219164056600,29.996056640625,-4.247313976287842,4.657619953155518,-6.998850345611572
1788594219174132500,30.006132568359376,-4.018293380737305,4.917540550231934,-6.972064971923828
1788594219184203300,30.016203369140626,-3.924994468688965,5.0720415115356445,-6.985981464385986
1788594219194261000,30.026260986328126,-3.9620296955108643,5.220856189727783,-7.097610950469971
1788594219204359700,30.036359619140626,-3.934795618057251,5.316249847412109,-7.277550220489502
1788594219214441700,30.046441650390626,-3.7731871604919434,5.366453647613525,-7.399654388427734
1788594219224507400,30.05650732421875,-3.6448729038238525,5.412841320037842,-7.50619649887085
1788594219234561500,30.0665615234375,-3.6961984634399414,5.419724464416504,-7.483301639556885
1788594219244637700,30.0766376953125,-3.8032641410827637,5.497236728668213,-7.531410217285156
1788594219254713900,30.0867138671875,-3.6833295822143555,5.549460411071777,-7.6128129959106445
1788594219264789500,30.09678955078125,-3.325695753097534,5.532551288604736,-7.5569233894348145
1788594219274865200,30.106865234375,-3.228955030441284,5.439401626586914,-7.454272270202637
1788594219284941300,30.11694140625,-3.165658473968506,5.36592960357666,-7.300893783569336
1788594219295017000,30.127016845703125,-3.0620343685150146,5.340416431427002,-7.137788772583008
1788594219305118700,30.13711865234375,-2.9917795658111572,5.337274074554443,-6.947075366973877
1788594219315168800,30.147168701171875,-2.971952438354492,5.355380058288574,-6.752471923828125
1788594219325244700,30.15724462890625,-2.9368624687194824,5.430947303771973,-6.54806661605835
1788594219335346400,30.167346435546875,-2.8949639797210693,5.551929473876953,-6.363713264465332
1788594219345396500,30.177396484375,-2.396745443344116,5.712714672088623,-6.148684024810791
1788594219355472100,30.18747216796875,-1.8854337930679321,5.87888765335083,-5.926771640777588
1788594219365573600,30.19757373046875,-1.9287539720535278,6.063989162445068,-5.725059986114502
1788594219375650000,30.207650146484376,-2.4946086406707764,6.222829341888428,-5.6611647605896
1788594219385725700,30.2177255859375,-2.792013168334961,6.387804985046387,-5.655628204345703
1788594219395801600,30.227801513671874,-2.5761611461639404,6.615703105926514,-5.692289352416992
1788594219405877800,30.237877685546874,-2.3744494915008545,6.804246425628662,-5.732616901397705
1788594219415936000,30.24793603515625,-2.25167179107666,6.97236442565918,-5.815814971923828
1788594219426029300,30.258029296875,-1.9586066007614136,7.126116752624512,-5.783942222595215
1788594219436105500,30.26810546875,-1.9318214654922485,7.253907203674316,-5.758279323577881
1788594219446180900,30.278180908203126,-2.132784843444824,7.308974266052246,-5.461099147796631
1788594219456256800,30.2882568359375,-2.0470423698425293,7.435268402099609,-5.341389179229736
1788594219466333000,30.2983330078125,-1.823109745979309,7.544653415679932,-5.089773654937744
1788594219476408600,30.30840869140625,-1.5045312643051147,7.629123687744141,-4.800449371337891
1788594219486458000,30.3184580078125,-1.3029694557189941,7.7405290603637695,-4.719420433044434
1788594219496560400,30.328560302734374,-1.7256208658218384,7.7113494873046875,-4.695328712463379
1788594219506636300,30.33863623046875,-2.22892689704895,7.597026348114014,-4.649764060974121
1788594219516712700,30.348712646484376,-2.1757307052612305,7.470283508300781,-4.515239715576172
1788594219526777300,30.35877734375,-1.876455545425415,7.448211669921875,-4.420968055725098
1788594219536863500,30.368863525390626,-1.6724246740341187,7.525125503540039,-4.373608112335205
1788594219546939600,30.378939697265626,-1.4638298749923706,7.646182537078857,-4.30095911026001
1788594219557015000,30.38901513671875,-1.4321067333221436,7.720252990722656,-4.058321475982666
1788594219567091500,30.399091552734376,-1.2350339889526367,7.743371963500977,-3.7748329639434814
1788594219577167600,30.409167724609375,-0.9802011251449585,7.836446762084961,-3.571176290512085
1788594219587243300,30.4192431640625,-0.9840168952941895,7.910217761993408,-3.520598888397217
1788594219597305300,30.429305419921874,-1.4750527143478394,7.957503318786621,-3.598036289215088
1788594219607395000,30.43939501953125,-2.0843021869659424,8.030077934265137,-3.7254526615142822
1788594219617471000,30.449470947265624,-2.1622633934020996,8.1417818069458,-3.9024739265441895
1788594219627547000,30.459546875,-1.7529296875,8.312369346618652,-4.026149272918701
1788594219637623300,30.469623291015626,-1.4076409339904785,8.368184089660645,-3.9555203914642334
1788594219647698200,30.4796982421875,-1.055917739868164,8.397363662719727,-3.8122425079345703
1788594219657748000,30.489748046875,-0.9058312773704529,8.40776252746582,-3.6432268619537354
1788594219667850200,30.499850341796876,-0.9424176216125488,8.439111709594727,-3.487753391265869
1788594219677926400,30.509926513671875,-1.0310031175613403,8.548946380615234,-3.452887773513794
1788594219687996200,30.51999609375,-1.0705074071884155,8.622343063354492,-3.3580174446105957
1788594219698052900,30.530052978515624,-1.2277017831802368,8.650849342346191,-3.205686330795288
1788594219708154000,30.540154052734376,-1.1890203952789307,8.629152297973633,-3.1402199268341064
1788594219718230000,30.55022998046875,-1.1434557437896729,8.614861488342285,-3.1249568462371826
1788594219728304600,30.5603046875,-1.2330138683319092,8.59196662902832,-3.1414918899536133
1788594219738381800,30.5703818359375,-1.1629834175109863,8.624737739562988,-3.1988778114318848
1788594219748456700,30.580456787109377,-0.8765770792961121,8.616731643676758,-3.2907555103302
1788594219758532400,30.590532470703124,-0.6382791996002197,8.594435691833496,-3.269731283187866
1788594219768609300,30.600609375,-0.5497685670852661,8.577900886535645,-3.008688449859619
1788594219778685200,30.610685302734375,-0.4703858196735382,8.614337921142578,-2.8404958248138428
1788594219788761000,30.620760986328126,-0.5275473594665527,8.657807350158691,-2.7433061599731445
1788594219798836500,30.63083642578125,-0.5704934000968933,8.6990327835083,-2.6605565547943115
1788594219808913000,30.640912841796876,-0.6022165417671204,8.767192840576172,-2.7078421115875244
1788594219818986000,30.650986083984375,-0.6687304377555847,8.85562801361084,-2.7620856761932373
1788594219829064700,30.661064697265626,-0.781033456325531,8.925359725952148,-2.923619508743286
1788594219839140600,30.671140625,-0.9096469879150391,9.006912231445312,-3.0305356979370117
1788594219849216300,30.68121630859375,-0.9628431797027588,9.062053680419922,-3.0992941856384277
1788594219859291100,30.691291015625,-0.8351274728775024,9.095871925354004,-3.079317569732666
1788594219869368300,30.701368408203123,-0.5170727372169495,9.132233619689941,-2.968136787414551
1788594219879444000,30.71144384765625,-0.4183119237422943,9.085546493530273,-2.8696751594543457
1788594219889493500,30.721493408203123,-0.4810849130153656,9.04910945892334,-2.7991957664489746
1788594219899595500,30.731595458984376,-0.41127896308898926,9.036913871765137,-2.708739995956421
1788594219909671000,30.7416708984375,-0.18570026755332947,9.107917785644531,-2.6543467044830322
1788594219919747600,30.75174755859375,0.020201077684760094,9.18819808959961,-2.610128879547119
1788594219929823200,30.7618232421875,0.060453593730926514,9.281272888183594,-2.552443504333496
1788594219939899400,30.7718994140625,0.05222352594137192,9.330877304077148,-2.461463689804077
1788594219949974800,30.781974853515624,-0.05184943228960037,9.38048267364502,-2.420163869857788
1788594219960050200,30.79205029296875,-0.2935889959335327,9.417966842651367,-2.4512884616851807
1788594219970126600,30.802126708984375,-0.5366004705429077,9.455525398254395,-2.48600435256958
1788594219980203000,30.812203125,-0.5693711042404175,9.499893188476562,-2.548927068710327
1788594219990259500,30.822259521484376,-0.40379709005355835,9.533038139343262,-2.606687068939209
1788594220000354300,30.832354248046876,-0.3083283007144928,9.481039047241211,-2.589852809906006
1788594220010429400,30.842429443359375,-0.41359832882881165,9.336039543151855,-2.5627684593200684
1788594220020505600,30.852505615234374,-0.5068973898887634,9.136423110961914,-2.6064627170562744
1788594220030582300,30.862582275390626,-0.5031564235687256,8.932168006896973,-2.6051158905029297
1788594220040658400,30.872658447265625,-0.42429742217063904,8.78881549835205,-2.5440638065338135
1788594220050734000,30.882734130859376,-0.30780455470085144,8.834978103637695,-2.615964651107788
1788594220060808700,30.89280859375,-0.18637363612651825,8.966509819030762,-2.7852795124053955
1788594220070885600,30.9028857421875,-0.08379705995321274,9.057415008544922,-2.9654433727264404
1788594220080961800,30.9129619140625,0.020724808797240257,9.080683708190918,-3.0761749744415283
1788594220091037700,30.92303759765625,0.15105916559696198,9.059808731079102,-3.0923359394073486
1788594220101112800,30.93311279296875,0.3000234067440033,8.98820686340332,-3.0132524967193604
1788594220111188500,30.9431884765625,0.31027358770370483,8.960225105285645,-2.9000515937805176
1788594220121265400,30.953265380859374,0.08043020963668823,9.051204681396484,-2.870049238204956
1788594220131315000,30.96331494140625,-0.295833557844162,9.194482803344727,-2.8976573944091797
1788594220141391400,30.973391357421875,-0.6998550891876221,9.389086723327637,-2.9261634349823
1788594220151481300,30.9834814453125,-0.8921394348144531,9.527201652526855,-2.977189779281616
1788594220161567700,30.993567626953126,-0.7094318866729736,9.530569076538086,-2.9665656089782715
1788594220171643600,31.0036435546875,-0.4804115295410156,9.465326309204102,-2.8937668800354004
1788594220181720300,31.01372021484375,-0.3892074227333069,9.415348052978516,-2.8704981803894043
1788594220191787300,31.023787353515626,-0.42048168182373047,9.432106971740723,-2.890549659729004
1788594220201872100,31.0338720703125,-0.4365677237510681,9.494356155395508,-2.927210807800293
1788594220211947500,31.043947509765626,-0.3853916525840759,9.527950286865234,-2.926013708114624
1788594220222023200,31.054023193359374,-0.3424456715583801,9.502062797546387,-2.9741222858428955
1788594220232099800,31.064099853515625,-0.40948331356048584,9.471162796020508,-3.040860652923584
1788594220242176300,31.07417626953125,-0.5252280235290527,9.476774215698242,-3.089118719100952
1788594220252252000,31.084251953125,-0.547075092792511,9.512612342834473,-3.105578899383545
1788594220262326300,31.094326171875,-0.4721066355705261,9.548824310302734,-3.12001895904541
1788594220272403700,31.10440380859375,-0.3696048855781555,9.583839416503906,-3.1261539459228516
1788594220282479400,31.114479248046877,-0.33256956934928894,9.582866668701172,-3.131092071533203
1788594220292554500,31.124554443359376,-0.34917935729026794,9.551816940307617,-3.1443350315093994
1788594220302631000,31.134630859375,-0.44921210408210754,9.498920440673828,-3.154959201812744
1788594220312706000,31.1447060546875,-0.568622887134552,9.477073669433594,-3.172541618347168
1788594220322783200,31.154783203125,-0.6320692300796509,9.476698875427246,-3.2158617973327637
1788594220332859100,31.164859130859377,-0.6666355133056641,9.442058563232422,-3.2433950901031494
1788594220342934800,31.174934814453124,-0.6460603475570679,9.370680809020996,-3.283198833465576
1788594220352984600,31.184984619140625,-0.5766285061836243,9.334095001220703,-3.3099091053009033
1788594220363064600,31.195064697265625,-0.4869207739830017,9.30341911315918,-3.3283891677856445
1788594220373162000,31.205161865234373,-0.4619312882423401,9.330877304077148,-3.3068413734436035
1788594220383212500,31.215212646484375,-0.5146785378456116,9.38781452178955,-3.269282341003418
1788594220393288200,31.2252880859375,-0.5507411956787109,9.422306060791016,-3.2677860260009766
1788594220403365600,31.23536572265625,-0.540640652179718,9.403900146484375,-3.3057191371917725
1788594220413466000,31.245466064453126,-0.4767454266548157,9.306262016296387,-3.314846992492676
1788594220423540700,31.255540771484377,-0.3636941909790039,9.193136215209961,-3.3051207065582275
1788594220433617700,31.26561767578125,-0.22789807617664337,9.08838939666748,-3.2882864475250244
1788594220443693000,31.275693115234375,-0.27219080924987793,9.084798812866211,-3.3191118240356445
1788594220453769700,31.285769775390627,-0.42108023166656494,9.1585693359375,-3.367145299911499
1788594220463843800,31.29584375,-0.5422866940498352,9.252467155456543,-3.3506853580474854
1788594220473921300,31.30592138671875,-0.4825812876224518,9.288230895996094,-3.3005566596984863
1788594220483997000,31.315996826171876,-0.3719990849494934,9.284639358520508,-3.2422728538513184
1788594220494071800,31.32607177734375,-0.27136778831481934,9.281197547912598,-3.1973066329956055
1788594220504149000,31.33614892578125,-0.25415948033332825,9.247454643249512,-3.1343092918395996
1788594220514201900,31.346201904296876,-0.23844753205776215,9.230694770812988,-3.1117141246795654
1788594220524274000,31.35627392578125,-0.23844753205776215,9.24131965637207,-3.099743127822876
1788594220534371800,31.366371826171875,-0.29224225878715515,9.269675254821777,-3.064802646636963
1788594220544441000,31.376441162109376,-0.3613748252391815,9.289427757263184,-3.008314371109009
1788594220554506500,31.386506591796874,-0.3538929522037506,9.27603530883789,-2.9606549739837646
1788594220564578600,31.39657861328125,-0.27974751591682434,9.270947456359863,-2.8877065181732178
1788594220574654000,31.406654052734375,-0.20148703455924988,9.247978210449219,-2.785504102706909
1788594220584742700,31.41674267578125,-0.10916063189506531,9.238475799560547,-2.7333552837371826
1788594220594805800,31.4268056640625,-0.08544307202100754,9.276708602905273,-2.7153239250183105
1788594220604882000,31.4368818359375,-0.14080898463726044,9.32085132598877,-2.7411365509033203
1788594220614969300,31.44696923828125,-0.2726397216320038,9.369483947753906,-2.7666497230529785
1788594220625034200,31.4570341796875,-0.3420715630054474,9.378761291503906,-2.7747302055358887
1788594220635109600,31.467109619140626,-0.38726213574409485,9.368885040283203,-2.7387423515319824
1788594220645185300,31.477185302734377,-0.28296470642089844,9.36589241027832,-2.704026460647583
1788594220655261200,31.48726123046875,-0.07826046645641327,9.332972526550293,-2.6583869457244873
1788594220665336600,31.497336669921875,0.04421791434288025,9.271097183227539,-2.6233716011047363
1788594220675439000,31.507439208984376,0.05162497237324715,9.218648910522461,-2.6320507526397705
1788594220685515300,31.517515380859376,0.03942950814962387,9.229572296142578,-2.67372465133667
1788594220695590700,31.527590576171875,-0.0719008669257164,9.266159057617188,-2.677914619445801
1788594220705666300,31.537666259765626,-0.21375732123851776,9.369783401489258,-2.715024709701538
1788594220715742500,31.547742431640625,-0.2726397216320038,9.428067207336426,-2.710909605026245
1788594220725817900,31.55781787109375,-0.2635866403579712,9.443329811096191,-2.6960954666137695
1788594220735894300,31.567894287109375,-0.25737667083740234,9.414525032043457,-2.675969362258911
1788594220745970200,31.57797021484375,-0.3082534670829773,9.329605102539062,-2.691756010055542
1788594220756046300,31.58804638671875,-0.3258358836174011,9.24139404296875,-2.7350761890411377
1788594220766121200,31.598121337890625,-0.2779518663883209,9.208324432373047,-2.7676970958709717
1788594220776197600,31.60819775390625,-0.2281973510980606,9.243339538574219,-2.807126760482788
1788594220786273800,31.618273681640623,-0.2503437101840973,9.305663108825684,-2.8615946769714355
1788594220796349400,31.628349365234374,-0.28558337688446045,9.373748779296875,-2.889801502227783
1788594220806424800,31.6384248046875,-0.2795230448246002,9.421707153320312,-2.9040169715881348
1788594220816501200,31.648501220703125,-0.2546083927154541,9.442132949829102,-2.9099276065826416
1788594220826577700,31.65857763671875,-0.23163901269435883,9.422979354858398,-2.8826937675476074
1788594220836664000,31.6686640625,-0.181959331035614,9.360654830932617,-2.8151323795318604
1788594220846728700,31.678728759765626,-0.13504794239997864,9.347412109375,-2.765228033065796
1788594220856778800,31.68877880859375,-0.04167407378554344,9.347637176513672,-2.7309610843658447
1788594220866880500,31.698880615234376,0.01346738450229168,9.33806037902832,-2.6978163719177246
1788594220876955600,31.70895556640625,-0.05820902809500694,9.367464065551758,-2.659209966659546
1788594220887032600,31.719032470703127,-0.186074361205101,9.43607234954834,-2.668562173843384
1788594220897108200,31.729108154296874,-0.301444947719574,9.514632225036621,-2.7035775184631348
1788594220907184400,31.739184326171873,-0.3676595985889435,9.568352699279785,-2.7364230155944824
1788594220917260000,31.749260009765624,-0.347308874130249,9.549423217773438,-2.7557260990142822
1788594220927335400,31.75933544921875,-0.237250417470932,9.503409385681152,-2.7957541942596436
1788594220937411000,31.7694111328125,-0.16303017735481262,9.463156700134277,-2.811840295791626
1788594220947487200,31.7794873046875,-0.14612112939357758,9.431059837341309,-2.826355218887329
1788594220957563400,31.7895634765625,-0.21555297076702118,9.408390045166016,-2.883516788482666
1788594220967639300,31.799639404296876,-0.29201778769493103,9.395071983337402,-2.9047651290893555
1788594220977715700,31.8097158203125,-0.3538929522037506,9.35661506652832,-2.9011738300323486
1788594220987780000,31.819780029296876,-0.38973113894462585,9.348160743713379,-2.9070098400115967
1788594220997841000,31.8298408203125,-0.3727472722530365,9.329007148742676,-2.891671895980835
1788594221007942700,31.839942626953125,-0.36915597319602966,9.32661247253418,-2.886958360671997
1788594221017992400,31.849992431640626,-0.3618237376213074,9.319355010986328,-2.859574556350708
1788594221028095000,31.860094970703123,-0.30204349756240845,9.327810287475586,-2.8418426513671875
1788594221038170000,31.870170166015626,-0.22685061395168304,9.353023529052734,-2.8157308101654053
1788594221048245800,31.880245849609373,-0.17717093229293823,9.382277488708496,-2.792686700820923
1788594221058321700,31.89032177734375,-0.20605097711086273,9.430984497070312,-2.7648539543151855
1788594221068398300,31.9003984375,-0.232162743806839,9.439064979553223,-2.7253496646881104
1788594221078474200,31.91047412109375,-0.25333645939826965,9.411307334899902,-2.6931777000427246
1788594221088548900,31.920548828125,-0.26396074891090393,9.386242866516113,-2.7015573978424072
1788594221098625800,31.930625732421873,-0.2712929844856262,9.389909744262695,-2.7242274284362793
1788594221108702200,31.9407021484375,-0.2620154619216919,9.41871452331543,-2.7456257343292236
1788594221118778000,31.950778076171876,-0.27810150384902954,9.453729629516602,-2.814608573913574
1788594221128853800,31.960853759765627,-0.2686743140220642,9.4775972366333,-2.8097453117370605
1788594221138929200,31.97092919921875,-0.2733879089355469,9.46682357788086,-2.8133366107940674
1788594221149005300,31.98100537109375,-0.29785364866256714,9.398438453674316,-2.7718122005462646
1788594221159081200,31.991081298828124,-0.2605190873146057,9.3543701171875,-2.774580478668213
1788594221169157000,32.0011572265625,-0.204180508852005,9.320028305053711,-2.780940055847168
1788594221179233500,32.01123364257813,-0.14088380336761475,9.323769569396973,-2.777573347091675
1788594221189321700,32.02132177734375,-0.13497312366962433,9.327435493469238,-2.7895443439483643
1788594221199384300,32.03138427734375,-0.13983634114265442,9.347711563110352,-2.7870004177093506
1788594221209460700,32.041460693359376,-0.18046295642852783,9.346065521240234,-2.7970261573791504
1788594221219536000,32.05153588867187,-0.19363106787204742,9.362675666809082,-2.781388998031616
1788594221229612800,32.06161279296875,-0.15427637100219727,9.383100509643555,-2.7730841636657715
1788594221239688000,32.07168798828125,-0.09202712774276733,9.38317584991455,-2.7410616874694824
1788594221249764400,32.08176440429688,-0.1239747554063797,9.372027397155762,-2.6968438625335693
1788594221259839200,32.09183911132813,-0.17881694436073303,9.379958152770996,-2.6559927463531494
1788594221269916700,32.101916748046875,-0.20620061457157135,9.371503829956055,-2.6511294841766357
1788594221279992000,32.11199194335938,-0.243011474609375,9.366341590881348,-2.596137762069702
1788594221290067000,32.12206689453125,-0.24151510000228882,9.371054649353027,-2.5510218143463135
1788594221300143600,32.1321435546875,-0.21764789521694183,9.3782377243042,-2.5439140796661377
1788594221310193400,32.142193359375,-0.16392800211906433,9.374945640563965,-2.5620951652526855
1788594221320296000,32.1522958984375,-0.13744214177131653,9.3404541015625,-2.561197280883789
1788594221330370600,32.16237060546875,-0.12876315414905548,9.30805778503418,-2.5374796390533447
1788594221340446200,32.1724462890625,-0.11529577523469925,9.275735855102539,-2.516231060028076
1788594221350497500,32.18249755859375,-0.09359832108020782,9.264962196350098,-2.4853310585021973
1788594221360599300,32.19259936523437,-0.06584054976701736,9.273042678833008,-2.41971492767334
1788594221370674700,32.2026748046875,-0.09352350234985352,9.27147102355957,-2.4037036895751953
1788594221380751400,32.21275146484375,-0.1521066278219223,9.27835464477539,-2.396296739578247
1788594221390826500,32.22282641601562,-0.2224363088607788,9.264886856079102,-2.3865702152252197
1788594221400902700,32.23290258789063,-0.2677764892578125,9.249175071716309,-2.382829189300537
1788594221410978600,32.242978515625,-0.23425766825675964,9.262343406677246,-2.361431121826172
1788594221421053200,32.25305322265625,-0.21787235140800476,9.305438995361328,-2.364872694015503
1788594221431104300,32.26310424804687,-0.1966986358165741,9.34501838684082,-2.3778913021087646
1788594221441206000,32.2732060546875,-0.15854103863239288,9.349956512451172,-2.3935282230377197
1788594221451281400,32.283281494140624,-0.13190555572509766,9.354969024658203,-2.406846046447754
1788594221461357000,32.29335717773437,-0.06494271755218506,9.339780807495117,-2.415524959564209
1788594221471433500,32.30343359375,0.06688801199197769,9.276932716369629,-2.4211363792419434
1788594221481509600,32.31350952148438,0.12711714208126068,9.171064376831055,-2.4625113010406494
1788594221491584500,32.32358447265625,0.0454898327589035,9.038261413574219,-2.4747815132141113
1788594221501661400,32.333661376953124,-0.1893663853406906,8.94309139251709,-2.4851813316345215
1788594221511737300,32.3437373046875,-0.3338415026664734,8.8855562210083,-2.5481789112091064
1788594221521794000,32.3537939453125,-0.22183774411678314,8.874483108520508,-2.635791540145874
1788594221531889400,32.36388940429688,-0.0252139363437891,8.847996711730957,-2.7258734703063965
1788594221541964300,32.37396435546875,-0.007481880486011505,8.823307037353516,-2.7965023517608643
1788594221552040000,32.3840400390625,-0.13661913573741913,8.758962631225586,-2.9133694171905518
1788594221562117000,32.3941171875,-0.32538697123527527,8.668132781982422,-3.036072254180908
1788594221572193300,32.404193359375,-0.5045779943466187,8.596306800842285,-3.1372272968292236
1788594221582268700,32.4142685546875,-0.5526865124702454,8.60124397277832,-3.1979053020477295
1788594221592343800,32.42434375,-0.5688473582267761,8.688483238220215,-3.2129437923431396
1788594221602420700,32.43442065429687,-0.690876841545105,8.846051216125488,-3.280879259109497
1788594221612496600,32.44449658203125,-0.9640402793884277,9.05831241607666,-3.3378164768218994
1788594221622571300,32.4545712890625,-1.1376198530197144,9.268178939819336,-3.3813610076904297
1788594221632648200,32.46464819335937,-1.1816133260726929,9.39596939086914,-3.409193515777588
1788594221642698200,32.4746982421875,-0.9660604000091553,9.372476577758789,-3.342081069946289
1788594221652800000,32.48480004882813,-0.5176712870597839,9.237204551696777,-3.195286512374878
1788594221662875000,32.494875,-0.3173065483570099,9.054197311401367,-3.0202853679656982
1788594221672952000,32.5049521484375,-0.47390228509902954,8.9041109085083,-2.9810802936553955
1788594221683000800,32.515000732421875,-0.881589949131012,8.86026668548584,-3.095553159713745
1788594221693103600,32.525103515625,-1.295113444328308,8.746243476867676,-3.253645181655884
1788594221703179500,32.535179443359375,-1.5354315042495728,8.593688011169434,-3.252298593521118
1788594221713255400,32.54525537109375,-1.5290719270706177,8.499566078186035,-3.2981624603271484
1788594221723330000,32.555330078125,-1.3988122940063477,8.453701972961426,-3.351433515548706
1788594221733407200,32.5654072265625,-1.1094132661819458,8.459238052368164,-3.2940473556518555
1788594221743482600,32.575482666015624,-0.6632686853408813,8.475772857666016,-3.164311647415161
1788594221753558000,32.58555810546875,-0.4552724063396454,8.305485725402832,-3.1266028881073
1788594221763611600,32.595611572265625,-0.3967640995979309,8.038756370544434,-3.253645181655884
1788594221773710800,32.6057109375,-0.49155953526496887,7.808688640594482,-3.462838649749756
1788594221783778800,32.61577880859375,-0.8699182271957397,7.553107738494873,-3.736151695251465
1788594221793861400,32.625861328125,-1.416170358657837,7.375862121582031,-4.034604072570801
1788594221803938600,32.6359384765625,-1.9574843645095825,7.36823034286499,-4.3191399574279785
1788594221814013400,32.646013427734374,-2.0983681678771973,7.5814642906188965,-4.527585029602051
1788594221824089900,32.65608984375,-2.026916265487671,7.7480854988098145,-4.596268653869629
1788594221834165800,32.66616577148437,-2.2683565616607666,7.866075038909912,-4.709320068359375
1788594221844215600,32.67621557617188,-1.9645920991897583,7.944110870361328,-4.806808948516846
1788594221854320400,32.6863203125,-1.1466729640960693,7.916353225708008,-4.77501106262207
1788594221864381400,32.69638134765625,-1.0590602159500122,7.80217981338501,-4.584896087646484
1788594221874444800,32.70644482421875,-1.3903578519821167,7.771578788757324,-4.447678565979004
1788594221884519000,32.716518798828126,-1.648632287979126,7.847893714904785,-4.372261047363281
1788594221894598700,32.7265986328125,-2.2100725173950195,7.852831840515137,-4.34255838394165
1788594221904671200,32.736671142578125,-2.473734140396118,7.834800720214844,-4.275969505310059
1788594221914748400,32.74674853515625,-2.027365207672119,7.890390872955322,-4.318017482757568
1788594221924823300,32.7568232421875,-1.5274258852005005,7.973814010620117,-4.604872703552246
1788594221934900700,32.766900634765626,-0.9257330298423767,8.040477752685547,-4.865616321563721
1788594221944975000,32.77697509765625,-1.090109944343567,8.02880573272705,-5.033360004425049
1788594221955055400,32.78705541992188,-2.0516064167022705,7.971569538116455,-5.044283866882324
1788594221965170200,32.797170166015626,-3.022230625152588,7.882834434509277,-4.738948345184326
1788594221975202600,32.80720263671875,-3.5592801570892334,7.830386161804199,-4.675053119659424
1788594221985278500,32.817278564453126,-3.3494882583618164,7.778387069702148,-4.864793300628662
1788594221995380200,32.82738012695312,-2.7468228340148926,7.701922416687012,-5.130175590515137
1788594222005456100,32.8374560546875,-2.231470823287964,7.5837836265563965,-5.482572078704834
1788594222015532000,32.84753198242188,-2.490119457244873,7.332168102264404,-5.930886745452881
1788594222025608000,32.85760791015625,-3.0439281463623047,7.0295257568359375,-6.233603477478027
1788594222035683600,32.86768359375,-2.874089479446411,6.760627269744873,-6.314482688903809
1788594222045759500,32.87775952148438,-2.225560188293457,6.623184680938721,-6.3081231117248535
1788594222055811300,32.887811279296876,-2.3279123306274414,6.559514045715332,-6.3092451095581055
1788594222065911800,32.89791186523438,-3.0002338886260986,6.581660270690918,-6.44743537902832
1788594222075987200,32.9079873046875,-3.613748073577881,6.740201473236084,-6.353463172912598
1788594222086062800,32.91806274414063,-4.225915431976318,6.9316630363464355,-6.166266441345215
1788594222096139000,32.92813891601563,-4.223297119140625,7.067384243011475,-6.089053630828857
1788594222106215000,32.93821484375,-3.8492777347564697,7.111452579498291,-6.025831699371338
1788594222116291000,32.948291015625,-3.166107177734375,6.9432597160339355,-6.055609703063965
1788594222126367000,32.95836694335937,-2.2833950519561768,6.729651927947998,-6.162749767303467
1788594222136443000,32.96844287109375,-2.162562608718872,6.51529598236084,-6.434192657470703
1788594222146493000,32.97849291992188,-2.8331634998321533,6.317625045776367,-6.790779113769531
1788594222156594400,32.988594482421874,-3.6237738132476807,6.188562393188477,-6.87794303894043
1788594222166670300,32.99867041015625,-4.367846965789795,6.151227951049805,-6.875324249267578
1788594222176746200,33.00874633789063,-4.466158866882324,6.141576290130615,-6.76459264755249
1788594222186795800,33.01879565429687,-4.469749927520752,6.135590553283691,-6.770577907562256
1788594222196897800,33.02889770507812,-4.355501651763916,5.997699737548828,-6.808735370635986
1788594222206973200,33.03897314453125,-4.0371479988098145,5.8215012550354,-6.936226844787598
1788594222217025800,33.04902587890625,-4.225691318511963,5.527538299560547,-7.048080921173096
1788594222227125800,33.059125732421876,-4.637793064117432,5.289764404296875,-7.094318866729736
1788594222237201700,33.06920166015625,-4.5283331871032715,5.149404048919678,-7.132476329803467
1788594222247277300,33.07927734375,-4.163741111755371,4.9997663497924805,-7.042694091796875
1788594222257332000,33.08933203125,-4.126706123352051,4.832022666931152,-6.926650047302246
1788594222267429000,33.09942919921875,-4.278438568115234,4.655824661254883,-6.916250228881836
1788594222277505000,33.109505126953124,-4.106729507446289,4.6401872634887695,-7.008875846862793
1788594222287580400,33.11958032226563,-3.8022167682647705,4.6047234535217285,-7.096189498901367
1788594222297656300,33.12965625,-4.288165092468262,4.457928657531738,-7.237147808074951
1788594222307733000,33.13973291015625,-4.93811559677124,4.129324436187744,-7.438186168670654
1788594222317808600,33.14980859375,-4.922852993011475,3.994351387023926,-7.4269633293151855
1788594222327884000,33.15988403320313,-5.141099452972412,3.9419033527374268,-7.137489318847656
1788594222337961000,33.1699609375,-5.039944171905518,3.9985413551330566,-6.876670837402344
1788594222348010200,33.18001025390625,-4.229955673217773,4.18416690826416,-6.62932014465332
1788594222358112800,33.19011279296875,-3.775207281112671,4.300210475921631,-6.570811748504639
1788594222368188000,33.20018798828125,-3.8446390628814697,4.442590713500977,-6.661716461181641
1788594222378264000,33.21026416015625,-4.561851978302002,4.576815605163574,-6.795567512512207
1788594222388313600,33.220313720703125,-4.888885021209717,4.662034511566162,-6.871433734893799
1788594222398415400,33.23041528320312,-5.06987190246582,4.6122050285339355,-7.062071800231934
1788594222408491300,33.2404912109375,-4.915146350860596,4.4140849113464355,-7.214103698730469
1788594222418567400,33.2505673828125,-5.282357215881348,4.14099645614624,-7.302614688873291
1788594222428643800,33.26064379882813,-5.6763529777526855,3.8414218425750732,-7.399354934692383
1788594222438719700,33.2707197265625,-5.309142112731934,3.6525790691375732,-7.582062721252441
1788594222448795000,33.280794921875,-4.957718372344971,3.555314779281616,-7.694964408874512
1788594222458871000,33.29087109375,-5.242927551269531,3.4614171981811523,-7.750479698181152
1788594222468947500,33.30094750976563,-5.530456066131592,3.457451820373535,-7.65029764175415
1788594222479023400,33.3110234375,-5.475539207458496,3.4421887397766113,-7.434445381164551
1788594222489099000,33.32109912109375,-5.467907905578613,3.426177501678467,-7.343839645385742
1788594222499174700,33.33117456054688,-5.414187908172607,3.4909706115722656,-7.352144718170166
1788594222509250800,33.34125073242188,-4.839504718780518,3.5156607627868652,-7.326780796051025
1788594222519329800,33.35132983398437,-5.34625244140625,3.4118123054504395,-7.2393927574157715
1788594222529402600,33.36140258789062,-5.769951343536377,3.251101493835449,-7.640944957733154
1788594222539477500,33.3714775390625,-5.379696369171143,3.1202433109283447,-7.920168876647949
1788594222549577200,33.3815771484375,-5.618293762207031,3.040710926055908,-7.9566802978515625
1788594222559630000,33.391630126953125,-6.0021138191223145,2.789095401763916,-7.850213050842285
1788594222569706200,33.401706298828124,-5.926023483276367,2.6070611476898193,-7.932663440704346
1788594222579782400,33.41178247070312,-5.602656364440918,2.439541816711426,-8.161160469055176
1788594222589856800,33.42185668945312,-5.9409871101379395,2.424278974533081,-8.220865249633789
1788594222599933200,33.43193310546875,-6.3913960456848145,2.389338493347168,-8.252737998962402
1788594222610009900,33.442009765625,-6.229263782501221,2.2550387382507324,-8.268375396728516
1788594222620084700,33.452084716796875,-5.743839740753174,2.066495418548584,-8.198419570922852
1788594222630161700,33.46216162109375,-5.825242519378662,1.7435773611068726,-8.173505783081055
1788594222640237300,33.4722373046875,-6.103194236755371,1.5450830459594727,-8.095843315124512
1788594222650313700,33.482313720703125,-6.5557732582092285,1.484853982925415,-7.8663740158081055
1788594222660388400,33.492388427734376,-6.543577671051025,1.5258547067642212,-7.511358737945557
1788594222670465000,33.50246508789063,-6.301464080810547,1.4735562801361084,-7.162777900695801
1788594222680541000,33.512541015625,-6.265101909637451,1.2962357997894287,-7.032443523406982
1788594222690590200,33.52259008789063,-6.679149150848389,1.2550106048583984,-6.972588539123535
1788594222700692200,33.53269213867188,-6.826991558074951,1.198372721672058,-6.9794721603393555
1788594222710769200,33.54276904296875,-6.833126544952393,1.255609154701233,-7.195249557495117
1788594222720843500,33.55284350585937,-6.7200751304626465,1.2982559204101562,-7.499911785125732
1788594222730901800,33.56290185546875,-6.610016822814941,1.3510031700134277,-7.917924404144287
1788594222740995600,33.57299560546875,-6.795792102813721,1.2933926582336426,-8.410980224609375
1788594222751071000,33.58307104492187,-7.099855422973633,1.2452841997146606,-8.341997146606445
1788594222761148400,33.5931484375,-6.9030070304870605,1.1203367710113525,-8.068758964538574
1788594222771223800,33.60322387695312,-6.664709568023682,0.9900023937225342,-7.86622428894043
1788594222781300000,33.61330004882812,-6.54918909072876,0.950498104095459,-8.0029935836792
1788594222791374600,33.62337451171875,-6.844124794006348,0.7901613712310791,-7.937003135681152
1788594222801451300,33.633451171875,-6.909591197967529,0.7335983514785767,-7.436764717102051
1788594222811527200,33.64352709960937,-6.600365161895752,0.7513304352760315,-7.191957473754883
1788594222821603300,33.65360327148438,-6.484246253967285,0.7089081406593323,-7.217695236206055
1788594222831679700,33.6636796875,-6.550535678863525,0.66042560338974,-7.13891077041626
1788594222841754600,33.67375463867187,-6.497564315795898,0.5701192617416382,-7.187318801879883
1788594222851832600,33.68383251953125,-6.863428115844727,0.503829836845398,-7.323563575744629
1788594222861907000,33.69390698242187,-6.880860805511475,0.3229927718639374,-7.486818313598633
1788594222871983000,33.70398315429688,-6.968099594116211,0.01660977490246296,-7.657629489898682
1788594222882032600,33.71403271484375,-6.958597660064697,-0.1934814304113388,-7.443797588348389
1788594222892134000,33.7241337890625,-6.89642333984375,-0.30615854263305664,-7.33239221572876
1788594222902211000,33.734211181640624,-6.848239898681641,-0.38404491543769836,-7.294459342956543
1788594222912286500,33.74428637695313,-7.0348381996154785,-0.4164414703845978,-7.396586894989014
1788594222922361600,33.75436157226562,-7.083096027374268,-0.4552724063396454,-7.5481696128845215
1788594222932437800,33.76443774414062,-6.844723224639893,-0.4074631929397583,-7.612139701843262
1788594222942513200,33.77451318359375,-6.938695907592773,-0.3025672435760498,-7.629123687744141
1788594222952589300,33.78458935546875,-7.187692642211914,-0.2057517021894455,-7.591864109039307
1788594222962666000,33.794666015625,-7.185597896575928,-0.18046295642852783,-7.629946708679199
1788594222972742100,33.8047421875,-6.917447090148926,-0.21308395266532898,-7.828141689300537
1788594222982818000,33.814818115234374,-7.087884426116943,-0.16834230720996857,-7.771578788757324
1788594222992893700,33.82489379882813,-7.359401702880859,-0.23912090063095093,-7.672967433929443
1788594223002969300,33.83496923828125,-7.217246055603027,-0.30630818009376526,-7.516296863555908
1788594223013045800,33.845045654296875,-7.271714210510254,-0.28461071848869324,-7.372719764709473
1788594223023120400,33.855120361328126,-7.155819892883301,-0.18562544882297516,-7.489661693572998
1788594223033197600,33.86519750976562,-7.345635414123535,-0.11394903808832169,-7.617452144622803
1788594223043272400,33.8752724609375,-7.3715972900390625,-0.12629413604736328,-7.560140609741211
1788594223053368600,33.88536865234375,-7.382521152496338,-0.17949031293392181,-7.67618465423584
1788594223063425000,33.89542504882812,-7.4024977684021,-0.09442132711410522,-7.966930389404297
1788594223073501200,33.90550122070312,-7.496469974517822,-0.0014215572737157345,-7.995960235595703
1788594223083575800,33.91557592773437,-7.231910705566406,-0.03890577703714371,-7.952939510345459
1788594223093651500,33.9256513671875,-7.308525085449219,-0.11611878126859665,-8.093973159790039
1788594223103728600,33.935728759765624,-7.479261875152588,-0.14911387860774994,-7.842731475830078
1788594223113804500,33.94580444335938,-7.497592449188232,-0.17986440658569336,-7.454795837402344
1788594223123879200,33.95587915039062,-7.258845329284668,-0.2902221381664276,-7.656881332397461
1788594223133956400,33.965956298828125,-7.505448341369629,-0.19198505580425262,-7.884629726409912
1788594223144032500,33.976032470703124,-7.846921443939209,-0.08693944662809372,-7.861510753631592
1788594223154107100,33.986107177734375,-7.413346290588379,-0.18951602280139923,-8.042797088623047
1788594223164176100,33.996176025390625,-7.5062713623046875,-0.19714754819869995,-8.250269889831543
1788594223174233300,34.0062333984375,-7.51158332824707,-0.19901801645755768,-8.121281623840332
1788594223184350200,34.01635009765625,-7.650521755218506,-0.2289455384016037,-7.971644401550293
1788594223194385200,34.02638525390625,-7.593210697174072,-0.20956747233867645,-8.21772289276123
1788594223204463000,34.036463134765626,-7.969998359680176,-0.038382045924663544,-8.319252014160156
1788594223214541800,34.04654174804688,-8.122404098510742,-0.10706570744514465,-8.30945110321045
1788594223224623000,34.056623046875,-7.7067108154296875,-0.20178630948066711,-8.41539478302002
1788594223234689500,34.066689453125,-7.985934734344482,-0.13325229287147522,-8.236053466796875
1788594223244765200,34.07676513671875,-8.161758422851562,-0.20844519138336182,-8.379032135009766
1788594223254842000,34.08684204101562,-7.619173049926758,-0.22423195838928223,-8.63431453704834
1788594223264917200,34.096917236328125,-7.859116554260254,-0.06524199992418289,-8.362722396850586
1788594223274993400,34.106993408203124,-8.056937217712402,-0.024989480152726173,-8.201786994934082
1788594223285068800,34.11706884765625,-7.864503860473633,0.005237316247075796,-8.135497093200684
1788594223295144400,34.12714453125,-7.644760608673096,0.06299743056297302,-8.075193405151367
1788594223305219800,34.1372197265625,-7.471480369567871,0.1785924881696701,-8.127716064453125
1788594223315322000,34.14732202148438,-7.6676554679870605,0.3274818956851959,-7.963788032531738
1788594223325399600,34.157399658203126,-7.491083145141602,0.38411974906921387,-7.930793285369873
1788594223335474200,34.16747412109375,-7.212607383728027,0.4587889015674591,-8.078335762023926
1788594223345551600,34.17755151367187,-7.301192760467529,0.6319196224212646,-8.122404098510742
1788594223355625700,34.18762573242188,-7.588122844696045,0.7187842130661011,-8.042048454284668
1788594223365701600,34.19770166015625,-7.387159824371338,0.6528688669204712,-8.084994316101074
1788594223375777500,34.207777587890625,-7.0703020095825195,0.6146364808082581,-8.08402156829834
1788594223385848800,34.21784887695313,-7.243806838989258,0.652719259262085,-7.803152084350586
1788594223395929300,34.22792944335937,-7.267524242401123,0.6879588961601257,-7.70970344543457
1788594223406005000,34.2380048828125,-7.307776927947998,0.7383867502212524,-7.561263084411621
1788594223416060200,34.24806005859375,-7.169586658477783,0.7986907362937927,-7.561487674713135
1788594223426157300,34.2581572265625,-6.990769863128662,0.9126397371292114,-7.757363319396973
1788594223436233200,34.26823315429687,-6.869039535522461,1.1102361679077148,-7.767538547515869
1788594223446308600,34.27830859375,-7.1426520347595215,1.3773393630981445,-7.648127555847168
1788594223456385000,34.288385009765626,-6.886846542358398,1.509918212890625,-7.687781810760498
1788594223466461000,34.2984609375,-6.2229790687561035,1.525405764579773,-7.623886585235596
1788594223476536600,34.30853662109375,-6.027926445007324,1.5292962789535522,-7.555352210998535
1788594223486612200,34.3186123046875,-6.392967224121094,1.4964509010314941,-7.468113422393799
1788594223496688600,34.32868872070313,-6.868964672088623,1.4747533798217773,-7.068805694580078
1788594223506764800,34.338764892578126,-6.453794956207275,1.4850784540176392,-6.928296089172363
1788594223516840200,34.34884008789062,-6.015431880950928,1.6186299324035645,-7.033192157745361
1788594223526916000,34.358916015625,-5.9216837882995605,1.8261773586273193,-7.149460315704346
1788594223536992300,34.3689921875,-5.852551460266113,2.001103639602661,-7.194201946258545
1788594223547054800,34.379054931640624,-6.00495719909668,2.2735190391540527,-7.240589618682861
1788594223557143800,34.38914379882812,-5.685854911804199,2.4503157138824463,-7.238494873046875
1788594223567219500,34.39921948242188,-5.676726818084717,2.575263261795044,-7.1519293785095215
1788594223577270000,34.40927001953125,-5.5691375732421875,2.7439796924591064,-6.905476093292236
1788594223587345400,34.419345458984374,-5.62495231628418,2.9367127418518066,-6.5604119300842285
1788594223597421000,34.42942114257813,-5.494094371795654,3.2519993782043457,-6.234576225280762
1788594223607497500,34.43949755859375,-5.5318779945373535,3.60028076171875,-6.158560276031494
1788594223617598200,34.44959814453125,-5.175366401672363,3.7531356811523438,-6.362142086029053
1788594223627675600,34.459675537109376,-5.28190803527832,3.8984336853027344,-6.723890781402588
1788594223637751300,34.469751220703124,-5.463194370269775,3.9973442554473877,-7.0271315574646
1788594223647826400,34.47982641601563,-5.46880578994751,4.043357849121094,-7.147440433502197
1788594223657902600,34.489902587890626,-5.385457515716553,4.067673683166504,-7.170334815979004
1788594223667977700,34.49997778320313,-5.2760725021362305,4.073285102844238,-7.023839473724365
1788594223678033200,34.510033203125,-5.094412326812744,3.963451385498047,-6.911686420440674
1788594223688131000,34.520131103515624,-4.961010456085205,4.07126522064209,-7.109806537628174
1788594223698206200,34.530206298828126,-5.072939395904541,4.136956214904785,-7.18784236907959
1788594223708282000,34.5402822265625,-5.086780548095703,4.104260444641113,-7.31234073638916
1788594223718332400,34.55033251953125,-5.108403205871582,4.07822322845459,-7.373318195343018
1788594223728434000,34.56043383789063,-4.958840847015381,4.025177001953125,-7.408782482147217
1788594223738510300,34.57051025390625,-4.528931617736816,4.047173500061035,-7.425840854644775
1788594223748585200,34.58058520507812,-4.668543815612793,4.156708240509033,-7.228918075561523
1788594223758661600,34.59066162109375,-4.918513298034668,4.370689868927002,-6.979696273803711
1788594223768737000,34.60073706054688,-4.764835357666016,4.574496269226074,-6.784643650054932
1788594223778814000,34.61081396484375,-4.3115081787109375,4.7725419998168945,-6.657601356506348
1788594223788888800,34.62088891601562,-3.9000048637390137,4.931905746459961,-6.679972171783447
1788594223798965200,34.63096533203125,-3.5026421546936035,5.0300679206848145,-6.665457725524902
1788594223809041200,34.64104125976562,-3.6292357444763184,5.161300182342529,-6.720374584197998
1788594223819116300,34.6511162109375,-3.96681809425354,5.287893772125244,-6.945280075073242
1788594223829193500,34.661193359375,-4.067299842834473,5.4077534675598145,-7.32274055480957
1788594223839268900,34.67126879882812,-4.129549026489258,5.540781497955322,-7.680000305175781
1788594223849344300,34.68134423828125,-3.9704842567443848,5.619640350341797,-7.804349422454834
1788594223859421000,34.6914208984375,-3.803114652633667,5.652186393737793,-7.736787796020508
1788594223869495800,34.70149584960937,-3.688342571258545,5.722516059875488,-7.597400665283203
1788594223879571500,34.71157153320313,-3.6116533279418945,5.801898956298828,-7.426589012145996
1788594223889648400,34.7216484375,-3.6938791275024414,5.887940406799316,-7.26221227645874
1788594223899724000,34.73172412109375,-3.4268507957458496,5.954604148864746,-7.0313215255737305
1788594223909801000,34.74180102539062,-3.2548422813415527,6.006079196929932,-6.705784797668457
1788594223919875300,34.75187524414063,-3.1709704399108887,6.105813026428223,-6.524049758911133
1788594223929952500,34.761952392578124,-2.902745008468628,6.180781364440918,-6.288295745849609
1788594223940028200,34.77202807617188,-2.507701873779297,6.228665351867676,-6.042441368103027
1788594223950103300,34.782103271484374,-2.1086931228637695,6.31717586517334,-5.798606872558594
1788594223960178700,34.7921787109375,-2.5412955284118652,6.441450119018555,-5.645901679992676
1788594223970254800,34.8022548828125,-3.4675521850585938,6.583157062530518,-5.750199317932129
1788594223980331800,34.81233178710937,-3.9180362224578857,6.784643650054932,-6.000542640686035
1788594223990406700,34.82240673828125,-3.6111295223236084,7.056610107421875,-6.171054840087891
1788594224000483000,34.832483154296874,-2.779817819595337,7.331718921661377,-6.110751152038574
1788594224010559500,34.8425595703125,-1.7981202602386475,7.5930609703063965,-5.8313775062561035
1788594224020634000,34.852634033203124,-1.1596914529800415,7.8273186683654785,-5.41949987411499
1788594224030711300,34.86271118164063,-1.375319242477417,8.019902229309082,-5.143269062042236
1788594224040787200,34.872787109375,-1.7731307744979858,8.227225303649902,-5.092841148376465
1788594224050836500,34.88283642578125,-2.0130746364593506,8.40649127960205,-5.054009914398193
1788594224060939300,34.89293920898437,-2.253018617630005,8.427888870239258,-4.974178314208984
1788594224071014000,34.903013916015624,-2.081010103225708,8.427440643310547,-4.986748218536377
1788594224081087700,34.91308764648438,-1.9205238819122314,8.347908020019531,-4.749048709869385
1788594224091166700,34.923166748046874,-2.236783027648926,8.175450325012207,-4.649614334106445
1788594224101242000,34.9332421875,-2.7090392112731934,7.993715763092041,-4.716801643371582
1788594224111318500,34.94331860351563,-2.5602993965148926,7.915455341339111,-4.929361820220947
1788594224121393200,34.95339306640625,-2.186579465866089,7.804274559020996,-4.881253719329834
1788594224131470600,34.963470703125,-1.8478000164031982,7.657554626464844,-4.686275959014893
1788594224141546800,34.973546630859374,-1.6531214714050293,7.590591907501221,-4.535740375518799
1788594224151621600,34.98362158203125,-1.506401777267456,7.5201873779296875,-4.438775062561035
1788594224161697800,34.99369775390625,-1.5621417760849,7.511134624481201,-4.357447147369385
1788594224171773200,35.00377319335937,-1.7929577827453613,7.5982985496521,-4.283301830291748
1788594224181849600,35.013849609375,-2.0486884117126465,7.71007776260376,-4.134860992431641
1788594224191925200,35.02392529296875,-1.972971796989441,7.812280178070068,-4.000710964202881
1788594224202001700,35.03400170898438,-1.7059435844421387,7.830461025238037,-3.856011390686035
1788594224212068900,35.04406884765625,-1.4829087257385254,7.747337341308594,-3.7951838970184326
1788594224222152700,35.05415258789063,-1.2706477642059326,7.6274027824401855,-3.793088912963867
1788594224232228900,35.064228759765626,-1.2623428106307983,7.5919389724731445,-3.8554129600524902
1788594224242305500,35.07430541992188,-1.4574702978134155,7.598822116851807,-3.9381625652313232
1788594224252380000,35.0843798828125,-1.684470534324646,7.7131452560424805,-4.022633075714111
1788594224262456800,35.09445678710937,-1.7642273902893066,7.799036979675293,-3.83925199508667
1788594224272532700,35.10453271484375,-1.4900164604187012,7.885452747344971,-3.4403181076049805
1788594224282607900,35.11460791015625,-1.1918635368347168,8.112378120422363,-3.228955030441284
1788594224292684800,35.124684814453126,-0.9812486171722412,8.318055152893066,-3.1295957565307617
1788594224302760700,35.1347607421875,-1.1829601526260376,8.533084869384766,-3.033378839492798
1788594224312836600,35.14483666992187,-1.5274258852005005,8.63895320892334,-2.959831953048706
1788594224322911000,35.15491088867188,-1.457993984222412,8.643741607666016,-2.924292802810669
1788594224332988200,35.16498828125,-1.2903250455856323,8.70217514038086,-3.015347480773926
1788594224343064300,35.175064208984374,-1.0437222719192505,8.762104988098145,-3.101987600326538
1788594224353140000,35.18513989257813,-0.7443722486495972,8.801459312438965,-3.2142906188964844
1788594224363216100,35.19521606445313,-0.6897545456886292,8.809165954589844,-3.2765398025512695
1788594224373291000,35.205291015625,-0.8034791350364685,8.712724685668945,-3.1954362392425537
1788594224383365400,35.21536547851562,-0.9359832406044006,8.526800155639648,-2.9117233753204346
1788594224393444000,35.225444091796874,-0.8358756899833679,8.440683364868164,-2.822988271713257
1788594224403519700,35.23551977539063,-0.47165772318840027,8.5241060256958,-2.754753589630127
1788594224413599200,35.24559912109375,-0.21360768377780914,8.603339195251465,-2.652625799179077
1788594224423670800,35.2556708984375,-0.26994624733924866,8.653094291687012,-2.6139445304870605
1788594224433746700,35.26574658203125,-0.45190557837486267,8.736441612243652,-2.5778818130493164
1788594224443823400,35.2758232421875,-0.7287351489067078,8.898723602294922,-2.518700122833252
1788594224453898200,35.28589819335937,-0.7882161140441895,9.04783821105957,-2.5200469493865967
1788594224463975400,35.295975341796876,-0.6919242739677429,9.150713920593262,-2.4793455600738525
1788594224474050600,35.30605053710938,-0.49313074350357056,9.194931983947754,-2.570549726486206
1788594224484125400,35.31612548828125,-0.39631518721580505,9.197625160217285,-2.5626187324523926
1788594224494176800,35.3261767578125,-0.35516485571861267,9.17353343963623,-2.4864532947540283
1788594224504256300,35.33625634765625,-0.33204585313796997,9.1446533203125,-2.435352087020874
1788594224514354000,35.34635400390625,-0.35740941762924194,9.112706184387207,-2.373701333999634
1788594224524437200,35.356437255859376,-0.40222588181495667,9.084573745727539,-2.2817490100860596
1788594224534508500,35.36650854492188,-0.3709516227245331,9.10574722290039,-2.2029647827148438
1788594224544556000,35.37655615234375,-0.24914661049842834,9.134702682495117,-2.1710920333862305
1788594224554640600,35.386640625,-0.1157446876168251,9.158195495605469,-2.2299745082855225
1788594224564708900,35.396708984375,-0.07781155407428741,9.204957008361816,-2.2334160804748535
1788594224574784300,35.4067841796875,-0.13265374302864075,9.214085578918457,-2.1913678646087646
1788594224584860700,35.41686059570313,-0.2595464289188385,9.240047454833984,-2.2158336639404297
1788594224594936000,35.42693603515625,-0.20395605266094208,9.28381633758545,-2.3481132984161377
1788594224605011700,35.43701171875,-0.07092822343111038,9.344494819641113,-2.4366986751556396
1788594224615088000,35.44708813476562,-0.028655601665377617,9.447444915771484,-2.4530093669891357
1788594224625203700,35.45720361328125,-0.051699791103601456,9.512986183166504,-2.441861391067505
1788594224635288300,35.46728833007813,-0.012569558806717396,9.54665470123291,-2.463334321975708
1788594224645315800,35.47731591796875,0.1140986755490303,9.509096145629883,-2.502239942550659
1788594224655417600,35.48741748046875,0.28042086958885193,9.446697235107422,-2.5509471893310547
1788594224665467100,35.497467041015625,0.30862757563591003,9.351078033447266,-2.521692991256714
1788594224675568600,35.50756860351562,0.0454898327589035,9.314641952514648,-2.5616462230682373
1788594224685644500,35.51764453125,-0.2899976670742035,9.361852645874023,-2.6878654956817627
1788594224695720700,35.527720703125,-0.4423287510871887,9.415348052978516,-2.7503392696380615
1788594224705796600,35.537796630859376,-0.3579331636428833,9.464802742004395,-2.7742812633514404
1788594224715871500,35.54787158203125,-0.10489596426486969,9.487323760986328,-2.79897141456604
1788594224725949000,35.557948974609374,0.076015904545784,9.439963340759277,-2.756923198699951
1788594224736024600,35.56802465820312,0.1942296177148819,9.344269752502441,-2.651653289794922
1788594224746122500,35.57812255859375,0.24675241112709045,9.24827766418457,-2.5293993949890137
1788594224756176400,35.58817626953125,0.24585458636283875,9.248202323913574,-2.478372812271118
1788594224766252000,35.598251953125,0.15831658244132996,9.315838813781738,-2.4537575244903564
1788594224776328200,35.608328125,0.05506663769483566,9.4014310836792,-2.4421606063842773
1788594224786403600,35.618403564453125,0.05551555007696152,9.506627082824707,-2.4571990966796875
1788594224796479000,35.62847900390625,0.07653963565826416,9.577255249023438,-2.4664018154144287
1788594224806555400,35.63855541992187,0.15031097829341888,9.616909980773926,-2.4700679779052734
1788594224816631600,35.64863159179688,0.339078813791275,9.608156204223633,-2.4839842319488525
1788594224826707700,35.65870776367188,0.3015197813510895,9.532588958740234,-2.4532337188720703
1788594224836783600,35.66878369140625,0.186074361205101,9.450961112976074,-2.465129852294922
1788594224846858000,35.67885791015625,0.16108489036560059,9.400982856750488,-2.5178024768829346
1788594224856935400,35.68893530273437,0.13953706622123718,9.374871253967285,-2.5632174015045166
1788594224867011000,35.699010986328126,0.08424597233533859,9.416544914245605,-2.573542356491089
1788594224877087200,35.709087158203126,0.10796353220939636,9.434651374816895,-2.5843162536621094
1788594224887162400,35.71916235351563,0.20979192852973938,9.408614158630371,-2.570474863052368
1788594224897238300,35.72923828125,0.2802712321281433,9.388711929321289,-2.5911996364593506
1788594224907314700,35.73931469726563,0.25490766763687134,9.407865524291992,-2.6256163120269775
1788594224917365000,35.749364990234376,0.25992050766944885,9.470190048217773,-2.6657938957214355
1788594224927466200,35.75946630859375,0.24099136888980865,9.45919132232666,-2.634744167327881
1788594224937542400,35.76954248046875,0.14836569130420685,9.413178443908691,-2.5772833824157715
1788594224947594500,35.77959448242188,0.10212766379117966,9.372252464294434,-2.560598611831665
1788594224957694500,35.78969458007813,0.11896190047264099,9.392303466796875,-2.4996962547302246
1788594224967769600,35.79976953125,0.1495627909898758,9.465326309204102,-2.500594139099121
1788594224977846000,35.80984594726562,0.22430677711963654,9.511190414428711,-2.5424177646636963
1788594224987921200,35.819921142578124,0.33264440298080444,9.528623580932617,-2.603694438934326
1788594224997996800,35.82999682617187,0.3832967281341553,9.476698875427246,-2.6711061000823975
1788594225008073500,35.84007348632812,0.38726213574409485,9.396867752075195,-2.7049989700317383
1788594225018150000,35.85014990234375,0.28221651911735535,9.314566612243652,-2.8052561283111572
1788594225028225800,35.86022583007812,0.13751696050167084,9.286958694458008,-2.872892379760742
1788594225038301400,35.870301513671876,0.09569324553012848,9.27371597290039,-2.883591413497925
1788594225048386800,35.88038671875,0.18891747295856476,9.275212287902832,-2.8779799938201904
1788594225058437000,35.89043701171875,0.3429693877696991,9.3126220703125,-2.8425159454345703
1788594225068529200,35.90052905273438,0.3892074227333069,9.3712797164917,-2.83406138420105
1788594225078595600,35.910595703125,0.28550854325294495,9.417667388916016,-2.8207437992095947
1788594225088681000,35.920680908203124,0.08731354027986526,9.394248962402344,-2.8272528648376465
1788594225098756900,35.9307568359375,-0.004489128012210131,9.386617660522461,-2.7971010208129883
1788594225108833000,35.9408330078125,0.08424597233533859,9.379434585571289,-2.73537540435791
1788594225118908000,35.950907958984374,0.2638859152793884,9.38437271118164,-2.642899513244629
1788594225128984800,35.96098486328125,0.3391536474227905,9.417817115783691,-2.584540843963623
1788594225139060200,35.97106030273437,0.3148375153541565,9.46682357788086,-2.604442596435547
1788594225149135600,35.981135498046875,0.24907179176807404,9.455974578857422,-2.634145498275757
1788594225159212500,35.99121264648438,0.20118775963783264,9.449689865112305,-2.614842414855957
1788594225169288200,36.0012880859375,0.24106618762016296,9.39828872680664,-2.5889549255371094
1788594225179363800,36.01136376953125,0.2685246765613556,9.409137725830078,-2.5794529914855957
1788594225189440300,36.02144018554687,0.2816179692745209,9.41400146484375,-2.5842413902282715
1788594225199515400,36.031515380859375,0.2074725478887558,9.42447566986084,-2.583942174911499
1788594225209592000,36.041592041015626,0.12853869795799255,9.446771621704102,-2.5703999996185303
1788594225219641600,36.0516416015625,0.17649756371974945,9.43367862701416,-2.5479543209075928
1788594225229744000,36.061744140625,0.2380734384059906,9.372700691223145,-2.494758129119873
1788594225239819800,36.07181982421875,0.233135387301445,9.354595184326172,-2.4649055004119873
1788594225249868800,36.08186889648437,0.12786532938480377,9.381604194641113,-2.4560019969940186
1788594225259971000,36.09197119140625,0.024914661422371864,9.395745277404785,-2.488922357559204
1788594225270047700,36.1020478515625,0.04975450411438942,9.406744003295898,-2.5212440490722656
1788594225280122600,36.11212255859375,0.1405097097158432,9.400084495544434,-2.547879457473755
1788594225290199300,36.12219921875,0.1322048306465149,9.384522438049316,-2.544363021850586
1788594225300274700,36.13227465820312,0.012943653389811516,9.354220390319824,-2.5463831424713135
1788594225310350800,36.14235083007812,-0.10901099443435669,9.359757423400879,-2.549525499343872
1788594225320426000,36.152426025390625,-0.1331774741411209,9.366565704345703,-2.5394248962402344
1788594225330503000,36.1625029296875,-0.04249707981944084,9.390807151794434,-2.543240785598755
1788594225340578800,36.172578857421875,-0.002094926545396447,9.42672061920166,-2.539649486541748
1788594225350628400,36.18262841796875,-0.052522800862789154,9.412579536437988,-2.6123733520507812
1788594225360731100,36.192731201171874,-0.10429741442203522,9.389161109924316,-2.7280433177948
1788594225370805800,36.2028056640625,-0.1331026554107666,9.325191497802734,-2.853663921356201
1788594225380882400,36.21288232421875,-0.1032499447464943,9.268328666687012,-2.9281086921691895
1788594225390957000,36.22295703125,-0.0653168186545372,9.256956100463867,-3.008314371109009
1788594225401034000,36.23303393554688,-0.09554360806941986,9.317111015319824,-3.0631566047668457
1788594225411086000,36.24308618164063,-0.14612112939357758,9.36125373840332,-3.0866496562957764
1788594225421186300,36.25318627929688,-0.13190555572509766,9.378087997436523,-3.099743127822876
1788594225431262000,36.263261962890624,-0.09928455203771591,9.351676940917969,-3.060612678527832
1788594225441337900,36.273337890625,-0.09045593440532684,9.313220024108887,-3.0095114707946777
1788594225451412700,36.283412841796874,-0.03868132084608078,9.297582626342773,-2.945317029953003
1788594225461489700,36.29348974609375,0.007481880486011505,9.230470657348633,-2.8693759441375732
1788594225471565600,36.303565673828125,0.06756138056516647,9.162759780883789,-2.897433042526245
1788594225481640400,36.313640380859376,0.02753331884741783,9.119738578796387,-2.9426982402801514
1788594225491717400,36.32371728515625,-0.15801730751991272,9.139640808105469,-2.9967923164367676
1788594225501793500,36.33379345703125,-0.3081038296222687,9.19089126586914,-3.0831332206726074
1788594225511869700,36.34386962890625,-0.3494786322116852,9.246182441711426,-3.1674540042877197
1788594225521922000,36.35392211914063,-0.27234044671058655,9.270797729492188,-3.253570556640625
1788594225532035300,36.36403540039063,-0.2223614901304245,9.26758098602295,-3.297938108444214
1788594225542097200,36.37409716796875,-0.2868552803993225,9.276782989501953,-3.276165723800659
1788594225552171800,36.384171875,-0.39556699991226196,9.283516883850098,-3.267411947250366
1788594225562248700,36.39424877929687,-0.425494521856308,9.3096284866333,-3.2468366622924805
1788594225572324400,36.40432446289063,-0.31625908613204956,9.284489631652832,-3.164984941482544
1788594225582376000,36.4143759765625,-0.14088380336761475,9.23787784576416,-3.033378839492798
1788594225592477000,36.42447680664063,-0.07481880486011505,9.228225708007812,-2.972775459289551
1788594225602552600,36.434552490234374,-0.148889422416687,9.262269020080566,-2.911424160003662
1788594225612607200,36.444607177734376,-0.29553428292274475,9.272069931030273,-2.835632562637329
1788594225622703400,36.454703369140624,-0.4354454278945923,9.270498275756836,-2.858976125717163
1788594225632780300,36.4647802734375,-0.4944026470184326,9.292120933532715,-2.9171102046966553
1788594225642830300,36.474830322265625,-0.38142624497413635,9.292570114135742,-2.9485342502593994
1788594225652931300,36.48493139648438,-0.2894739508628845,9.277531623840332,-2.969259023666382
1788594225663007700,36.4950078125,-0.32763153314590454,9.27379035949707,-2.967912197113037
1788594225673083100,36.505083251953124,-0.47083473205566406,9.239823341369629,-2.9759178161621094
1788594225683158500,36.51515844726563,-0.609548807144165,9.258452415466309,-2.970456123352051
1788594225693235000,36.52523486328125,-0.6575824618339539,9.26915168762207,-3.00247859954834
1788594225703311600,36.5353115234375,-0.5582979321479797,9.264737129211426,-2.9945478439331055
1788594225713387300,36.54538720703125,-0.5318120718002319,9.245583534240723,-2.969633102416992
1788594225723462100,36.55546215820313,-0.6236147284507751,9.208024978637695,-2.9419500827789307
1788594225733538600,36.56553857421875,-0.5638344883918762,9.190367698669434,-2.9554176330566406
1788594225743613400,36.57561352539062,-0.4464437961578369,9.1632080078125,-2.9309518337249756
1788594225753691100,36.58569116210938,-0.38322192430496216,9.165976524353027,-2.9514522552490234
1788594225763767300,36.59576733398438,-0.32837972044944763,9.174580574035645,-2.9647698402404785
1788594225773842000,36.60584204101563,-0.3332429528236389,9.172261238098145,-2.9862427711486816
1788594225783917600,36.61591748046875,-0.4611082971096039,9.15280818939209,-3.0097360610961914
1788594225793994200,36.625994140625,-0.7212532758712769,9.07327651977539,-3.0557496547698975
1788594225804070700,36.636070556640625,-0.846051037311554,8.960299491882324,-3.0802900791168213
1788594225814145500,36.6461455078125,-0.7127987146377563,8.864083290100098,-3.0837318897247314
1788594225824200700,36.65620068359375,-0.6129156351089478,8.804302215576172,-3.012803554534912
1788594225834274600,36.66627465820312,-0.5149778127670288,8.837896347045898,-2.9735984802246094
1788594225844370700,36.67637060546875,-0.477119505405426,8.882413864135742,-2.9997851848602295
1788594225854441500,36.68644140625,-0.6041618585586548,8.914361000061035,-3.034950017929077
1788594225864510200,36.69651025390625,-0.7381623387336731,8.879719734191895,-3.131316661834717
1788594225874575400,36.706575439453125,-0.8248773217201233,8.775647163391113,-3.163712978363037
1788594225884652000,36.71665209960938,-0.7476642727851868,8.605508804321289,-3.1750106811523438
1788594225894746400,36.726746337890624,-0.8031798601150513,8.493206024169922,-3.205237627029419
1788594225904808200,36.73680810546875,-1.0420763492584229,8.4293851852417,-3.2691328525543213
1788594225914879000,36.74687890625,-1.2751368284225464,8.412027359008789,-3.311330556869507
1788594225924955400,36.756955322265625,-1.2909984588623047,8.434847831726074,-3.3481414318084717
1788594225935031300,36.76703125,-1.2062287330627441,8.466047286987305,-3.3244237899780273
1788594225945107500,36.777107421875,-1.0855460166931152,8.500837326049805,-3.269806146621704
1788594225955183000,36.78718310546875,-1.059808373451233,8.564433097839355,-3.2981624603271484
1788594225965284400,36.797284423828124,-0.9081506133079529,8.648006439208984,-3.353752851486206
1788594225975361000,36.807361083984375,-0.745644211769104,8.63551139831543,-3.372382640838623
1788594225985411800,36.81741186523438,-0.9901520609855652,8.527473449707031,-3.4328362941741943
1788594225995512800,36.82751293945312,-1.2297219038009644,8.404919624328613,-3.4659810066223145
1788594226005568300,36.837568359375,-1.2960113286972046,8.31977653503418,-3.4542346000671387
1788594226015664600,36.84766455078125,-1.2935422658920288,8.307879447937012,-3.463886022567749
1788594226025714400,36.85771435546875,-1.1074678897857666,8.355165481567383,-3.467926263809204
1788594226035816400,36.86781640625,-1.0925041437149048,8.402076721191406,-3.5131168365478516
1788594226045866500,36.87786645507813,-1.3263877630233765,8.364068984985352,-3.7568764686584473
1788594226055968800,36.88796875,-1.5822679996490479,8.373046875,-4.043582439422607
1788594226066044200,36.898044189453124,-1.828347086906433,8.410157203674316,-4.241777420043945
1788594226076133000,36.90813305664062,-1.7300351858139038,8.498144149780273,-4.3109846115112305
1788594226086195500,36.918195556640626,-1.5595979690551758,8.404096603393555,-4.2619781494140625
1788594226096271600,36.928271728515625,-1.4786440134048462,8.304962158203125,-4.209081172943115
1788594226106347800,36.93834765625,-1.387888789176941,8.307730674743652,-4.2165632247924805
1788594226116423000,36.9484228515625,-1.4637550115585327,8.330699920654297,-4.323628902435303
1788594226126499300,36.95849926757813,-1.6979379653930664,8.340426445007324,-4.518382549285889
1788594226136575500,36.968575439453126,-1.8724901676177979,8.347234725952148,-4.7946882247924805
1788594226146626800,36.97862670898437,-2.4753053188323975,8.320823669433594,-4.969165802001953
1788594226156727300,36.98872729492187,-2.899752378463745,8.318428993225098,-5.032088279724121
1788594226166803000,36.99880297851563,-2.6021978855133057,8.286332130432129,-5.077578067779541
1788594226176879000,37.00887915039063,-1.758466362953186,8.210914611816406,-5.142071723937988
1788594226186954500,37.01895458984375,-0.9789292216300964,8.20837116241455,-5.028048038482666
1788594226197030700,37.02903076171875,-0.783652126789093,8.261866569519043,-4.843470096588135
1788594226207106300,37.039106201171876,-1.1801917552947998,8.358906745910645,-4.684180736541748
1788594226217183000,37.04918286132813,-2.1559786796569824,8.404769897460938,-4.536937236785889
1788594226227258400,37.05925830078125,-3.199326753616333,8.500837326049805,-4.446406841278076
1788594226237334800,37.069334716796874,-3.3623569011688232,8.53757381439209,-4.5172600746154785
1788594226247384600,37.07938452148438,-2.7416601181030273,8.393322944641113,-4.595595359802246
1788594226257486300,37.089486328125,-2.202740430831909,8.18764591217041,-4.623802185058594
1788594226267562000,37.09956201171875,-2.030956506729126,7.877671718597412,-4.8517746925354
1788594226277611800,37.10961181640625,-2.1623382568359375,7.507019519805908,-5.109899997711182
1788594226287714600,37.119714599609374,-2.201692819595337,7.2643818855285645,-5.404087543487549
1788594226297789400,37.12978955078125,-2.225560188293457,7.112499713897705,-5.617246150970459
1788594226307865900,37.139865966796876,-2.4468741416931152,7.069404125213623,-5.747954368591309
1788594226317941000,37.14994091796875,-2.3530514240264893,7.197194576263428,-5.682039260864258
1788594226328017400,37.16001733398438,-2.2388031482696533,7.383119583129883,-5.527463436126709
1788594226338093800,37.17009375,-2.3231239318847656,7.509338855743408,-5.497835159301758
1788594226348168400,37.18016845703125,-2.958185911178589,7.532607555389404,-5.595548629760742
1788594226358245600,37.19024560546875,-3.32277774810791,7.528043746948242,-5.8914570808410645
1788594226368321300,37.2003212890625,-3.2516252994537354,7.512630939483643,-6.0225396156311035
1788594226378397200,37.21039721679688,-3.0441527366638184,7.385588645935059,-6.028749465942383
1788594226388473000,37.22047314453125,-2.6303298473358154,7.240589618682861,-5.885471343994141
1788594226398548700,37.230548828125,-2.2433669567108154,7.105466842651367,-5.583203315734863
1788594226408625200,37.240625244140624,-2.128819465637207,6.9954833984375,-5.259462356567383
1788594226418701000,37.250701171875,-2.3326258659362793,6.981118202209473,-5.16204833984375
1788594226428776700,37.260776611328126,-2.643348217010498,7.060800075531006,-5.322834014892578
1788594226438853400,37.27085327148438,-3.11769962310791,7.200636386871338,-5.656974792480469
1788594226448902400,37.28090234375,-3.62302565574646,7.296030521392822,-5.984007835388184
1788594226459004700,37.29100463867187,-3.66851544380188,7.330447196960449,-6.209287166595459
1788594226469080600,37.30108056640625,-3.3067667484283447,7.2515130043029785,-6.390199184417725
1788594226479166700,37.31116674804687,-2.631826162338257,7.102174758911133,-6.370895862579346
1788594226489232600,37.321232666015625,-2.3289597034454346,6.945953369140625,-6.203301906585693
1788594226499307500,37.3313076171875,-2.885761260986328,6.7644429206848145,-5.931110858917236
1788594226509384400,37.34138452148437,-3.459247350692749,6.505868911743164,-5.767856121063232
1788594226519460000,37.351460205078126,-3.4607436656951904,6.261660575866699,-5.660491466522217
1788594226529536300,37.361536376953126,-3.2421231269836426,6.053963661193848,-5.656675815582275
1788594226539611600,37.37161157226563,-3.0989201068878174,5.9456257820129395,-5.8547210693359375
1788594226549687000,37.38168701171875,-3.022081136703491,5.842525482177734,-6.176741123199463
1788594226559763500,37.391763427734375,-3.0953288078308105,5.70276403427124,-6.458957672119141
1788594226569839900,37.40183984375,-3.3855507373809814,5.529633045196533,-6.67368745803833
1788594226579914200,37.411914306640625,-3.8197243213653564,5.331587791442871,-6.7900309562683105
1788594226589991700,37.42199169921875,-4.113089084625244,5.180453777313232,-6.885200500488281
1788594226600066300,37.43206640625,-3.9187095165252686,5.143642902374268,-7.013888835906982
1788594226610118400,37.44211840820312,-4.059069633483887,5.13967752456665,-6.96271276473999
1788594226620219400,37.452219482421874,-4.255693435668945,5.144316673278809,-6.835371017456055
1788594226630295000,37.462294921875,-4.072836399078369,5.200654983520508,-6.754641532897949
1788594226640371000,37.472370849609376,-3.9722797870635986,5.178284168243408,-6.749179840087891
1788594226650445800,37.48244580078125,-4.0464253425598145,5.211429119110107,-6.97199010848999
1788594226660523000,37.49252294921875,-4.3406877517700195,5.375955581665039,-7.334113121032715
1788594226670598700,37.5025986328125,-4.637942790985107,5.189432144165039,-7.277849197387695
1788594226680674300,37.51267431640625,-4.478129863739014,4.990563869476318,-6.835371017456055
1788594226690750700,37.522750732421876,-4.234220504760742,4.9322052001953125,-6.494945526123047
1788594226700825300,37.53282543945313,-3.9911341667175293,4.772392272949219,-6.598195552825928
1788594226710902300,37.54290234375,-3.881075859069824,4.5545196533203125,-6.885125637054443
1788594226720978700,37.55297875976562,-4.579808712005615,4.428375244140625,-7.010821342468262
1788594226731054300,37.56305444335938,-5.101295471191406,4.321384429931641,-7.00820255279541
1788594226741130000,37.5731298828125,-4.770147800445557,4.3022308349609375,-7.00356388092041
1788594226751205000,37.583205078125,-4.261604309082031,4.3424835205078125,-7.038803577423096
1788594226761282000,37.59328198242188,-4.483516693115234,4.409146785736084,-7.140257835388184
1788594226771357700,37.603357666015626,-4.599935054779053,4.487332344055176,-7.072771072387695
1788594226781407200,37.6134072265625,-4.767454147338867,4.518980979919434,-7.0767364501953125
1788594226791484200,37.623484130859374,-4.396352767944336,4.475810527801514,-7.239542007446289
1788594226801559300,37.63355932617188,-4.380491256713867,4.3237786293029785,-7.395614147186279
1788594226811635500,37.643635498046876,-4.676848411560059,4.064007759094238,-7.496095657348633
1788594226821737500,37.653737548828126,-5.0760817527771,3.7410898208618164,-7.46998405456543
1788594226831813000,37.66381323242187,-5.517512798309326,3.4694228172302246,-7.447014808654785
1788594226841889300,37.67388916015625,-5.584176063537598,3.3359460830688477,-7.334038257598877
1788594226851964200,37.68396411132812,-5.780426025390625,3.2410008907318115,-7.381398677825928
1788594226862040800,37.694040771484374,-5.757307052612305,3.2764649391174316,-7.510236740112305
1788594226872116700,37.70411669921875,-5.80878210067749,3.23718523979187,-7.581838130950928
1788594226882192100,37.714192138671876,-5.6233811378479,3.136927843093872,-7.689352989196777
1788594226892269000,37.72426904296875,-5.457732200622559,3.0264205932617188,-7.682245254516602
1788594226902344200,37.73434423828125,-5.541379928588867,2.883591413497925,-7.613411903381348
1788594226912414500,37.74441455078125,-5.874099254608154,2.790367364883423,-7.612588882446289
1788594226922496300,37.75449633789062,-5.9991960525512695,2.6268882751464844,-7.498340606689453
1788594226932572700,37.76457275390625,-6.060622215270996,2.5759365558624268,-7.565677165985107
1788594226942647000,37.77464697265625,-6.065036773681641,2.4723873138427734,-7.645060062408447
1788594226952726500,37.7847265625,-6.048651218414307,2.3412299156188965,-7.903634071350098
1788594226962800000,37.79480004882812,-5.673734188079834,2.2741174697875977,-8.054693222045898
1788594226972876000,37.8048759765625,-5.753042221069336,2.2195746898651123,-7.961543560028076
1788594226982951400,37.814951416015624,-6.032789707183838,2.152162790298462,-7.831882476806641
1788594226993027600,37.825027587890624,-5.938966751098633,2.00230073928833,-7.655160427093506
1788594227003102700,37.835102783203126,-5.773018836975098,1.7716344594955444,-7.751302719116211
1788594227013179000,37.845178955078126,-5.9688944816589355,1.5642367601394653,-7.984363555908203
1788594227023256000,37.85525610351562,-6.289493083953857,1.333345890045166,-8.130035400390625
1788594227033331000,37.8653310546875,-6.225373268127441,1.2318916320800781,-8.09973430633545
1788594227043408100,37.875408203125,-6.2486419677734375,1.3365631103515625,-7.811382293701172
1788594227053482500,37.885482421875,-6.371494293212891,1.4653263092041016,-7.850811958312988
1788594227063559700,37.8955595703125,-6.237419128417969,1.6517747640609741,-7.778761386871338
1788594227073634800,37.905634765625,-6.64555549621582,1.7506103515625,-7.539041996002197
1788594227083710000,37.9157099609375,-6.659322261810303,1.7723826169967651,-7.381248950958252
1788594227093787400,37.925787353515624,-6.513650417327881,1.8220622539520264,-7.164423942565918
1788594227103862300,37.9358623046875,-6.467861175537109,1.890446662902832,-6.97199010848999
1788594227113949700,37.94594970703125,-6.511330604553223,1.8171242475509644,-6.91490364074707
1788594227124015000,37.95601513671875,-6.33221435546875,1.5426888465881348,-7.06985330581665
1788594227134090800,37.9660908203125,-6.2550764083862305,1.3180828094482422,-7.244405269622803
1788594227144168700,37.97616870117187,-6.617947578430176,1.0067617893218994,-7.344962120056152
1788594227154216200,37.98621630859375,-6.806117057800293,0.6198737621307373,-7.502604961395264
1788594227164334600,37.99633447265625,-6.840757846832275,0.30870237946510315,-7.421726226806641
1788594227174369800,38.00636987304687,-6.575076580047607,0.04100070521235466,-7.464522361755371
1788594227184447200,38.016447265625,-6.2986955642700195,-0.10781389474868774,-7.592911243438721
1788594227194519800,38.026519775390625,-6.503774166107178,-0.05431845039129257,-7.694515228271484
1788594227204599600,38.036599609375,-6.88370418548584,0.03696049004793167,-7.819088459014893
1788594227214672400,38.04667236328125,-7.035062313079834,0.21256022155284882,-7.476119041442871
1788594227224749300,38.05674926757813,-6.929119110107422,0.3093009293079376,-7.168015480041504
1788594227234824200,38.06682421875,-6.628122806549072,0.17402853071689606,-7.1257429122924805
1788594227244900400,38.076900390625,-6.759205341339111,-0.061875149607658386,-7.11691427230835
1788594227254976500,38.0869765625,-6.943334579467773,-0.2527379095554352,-7.536048889160156
1788594227265052200,38.09705224609375,-7.15739107131958,-0.2720411717891693,-7.875651836395264
1788594227275128600,38.107128662109375,-7.253982067108154,-0.2380734384059906,-8.04818344116211
1788594227285228800,38.117228759765624,-7.400103569030762,-0.3164087235927582,-8.233060836791992
1788594227295305200,38.12730517578125,-7.469011306762695,-0.44165539741516113,-8.325387954711914
1788594227305360100,38.13736010742188,-7.55976676940918,-0.46238020062446594,-8.08402156829834
1788594227315456800,38.14745678710938,-7.262810707092285,-0.5628618597984314,-8.077288627624512
1788594227325533400,38.15753344726563,-6.9969048500061035,-0.49956515431404114,-8.10901165008545
1788594227335608800,38.16760888671875,-7.268571853637695,-0.4453963339328766,-7.921515464782715
1788594227345684700,38.17768481445312,-7.213430404663086,-0.5262006521224976,-7.728707313537598
1788594227355761000,38.18776098632812,-7.183802127838135,-0.5614402890205383,-7.828141689300537
1788594227365836300,38.197836181640625,-7.236549377441406,-0.43679216504096985,-7.94904899597168
1788594227375913000,38.207912841796876,-7.231686115264893,-0.3381809890270233,-8.06195068359375
1788594227385988600,38.21798852539062,-7.507692813873291,-0.4067150056362152,-8.165125846862793
1788594227396064800,38.22806469726562,-7.443274021148682,-0.5676502585411072,-8.41696548461914
1788594227406140400,38.23814038085938,-7.4736504554748535,-0.6241384744644165,-8.597428321838379
1788594227416216600,38.24821655273438,-7.648800849914551,-0.6227169036865234,-8.759112358093262
1788594227426266400,38.258266357421874,-7.634585380554199,-0.6937199234962463,-8.887276649475098
1788594227436368100,38.2683681640625,-7.757737159729004,-0.6634183526039124,-8.59892463684082
1788594227446417700,38.278417724609376,-7.410129070281982,-0.7570914626121521,-8.492083549499512
1788594227456520200,38.28852026367188,-7.478737831115723,-0.701052188873291,-8.515427589416504
1788594227466595600,38.298595703125,-7.559841632843018,-0.6054337620735168,-8.35344409942627
1788594227476685000,38.30868505859375,-7.696834564208984,-0.6444143652915955,-8.306532859802246
1788594227486747600,38.31874755859375,-7.567248344421387,-0.6004956960678101,-8.38920783996582
1788594227496823600,38.328823486328126,-7.563507556915283,-0.6110451817512512,-8.416741371154785
1788594227506900000,38.33889990234375,-7.908796310424805,-0.631096601486206,-8.710479736328125
1788594227516975600,38.3489755859375,-7.690924167633057,-0.6590040326118469,-8.922740936279297
1788594227527050500,38.359050537109376,-8.04930591583252,-0.5357774496078491,-8.986412048339844
1788594227537127400,38.36912744140625,-8.054543495178223,-0.4735282063484192,-9.009904861450195
1788594227547203000,38.379203125,-7.396287441253662,-0.5090671181678772,-9.069984436035156
1788594227557279200,38.389279296875,-7.397335052490234,-0.4238485097885132,-8.914286613464355
1788594227567354600,38.39935473632813,-7.716137886047363,-0.3363105058670044,-8.751481056213379
1788594227577430300,38.40943017578125,-7.688380241394043,-0.29373863339424133,-8.449063301086426
1788594227587507200,38.41950708007813,-7.225101947784424,-0.18637363612651825,-8.104073524475098
1788594227597582600,38.42958251953125,-7.018752098083496,-0.10220248252153397,-8.060229301452637
1788594227607663600,38.43966357421875,-7.08608865737915,-0.10556933283805847,-8.14597225189209
1788594227617734700,38.44973461914063,-6.943184852600098,-0.01182137057185173,-8.393173217773438
1788594227627810000,38.45981005859375,-7.060126781463623,0.2023848593235016,-8.312743186950684
1788594227637886700,38.46988671875,-7.003189563751221,0.3809025287628174,-8.153304100036621
1788594227647949300,38.47994921875,-6.962488174438477,0.548346996307373,-8.156147003173828
1788594227658038300,38.49003833007812,-6.52217960357666,0.5837363004684448,-8.194903373718262
1788594227668114000,38.500114013671876,-6.426560878753662,0.6791302561759949,-8.326135635375977
1788594227678189000,38.51018896484375,-6.602909088134766,0.7110779285430908,-8.165275573730469
1788594227688265700,38.520265625,-7.006481647491455,0.6878840923309326,-7.8832831382751465
1788594227698341400,38.53034130859375,-6.603357791900635,0.6899042129516602,-7.766640663146973
1788594227708418000,38.54041796875,-6.667627334594727,0.7142950892448425,-7.679102897644043
1788594227718493700,38.55049365234375,-6.729726791381836,0.7982417941093445,-7.551910877227783
1788594227728569300,38.5605693359375,-6.91378116607666,0.9519196152687073,-7.608847618103027
1788594227738646300,38.570646240234375,-6.822203159332275,1.0768669843673706,-7.719205379486084
1788594227748721200,38.58072119140625,-6.623708724975586,1.18557870388031,-7.808988094329834
1788594227758797600,38.59079760742188,-6.411447525024414,1.2591255903244019,-7.796268939971924
1788594227768873500,38.60087353515625,-6.19379997253418,1.2477531433105469,-7.76132869720459
1788594227778925000,38.61092504882812,-6.260762691497803,1.183558702468872,-7.859341144561768
1788594227789025300,38.621025390625,-6.227243900299072,1.1172691583633423,-7.950545310974121
1788594227799101200,38.63110107421875,-6.315230846405029,1.213860273361206,-7.981969356536865
1788594227809150700,38.64115063476562,-6.139930248260498,1.3902829885482788,-7.793051719665527
1788594227819253000,38.6512529296875,-5.887566566467285,1.6045640707015991,-7.670199394226074
1788594227829328100,38.661328125,-5.721169471740723,1.8314894437789917,-7.54667329788208
1788594227839404800,38.67140478515625,-5.694458961486816,2.064849376678467,-7.383194446563721
1788594227849480200,38.68148022460937,-5.503671169281006,2.2568342685699463,-7.185971736907959
1788594227859556900,38.691556884765625,-5.529034614562988,2.393453598022461,-7.056161403656006
1788594227869632500,38.70163256835937,-5.627795696258545,2.5481040477752686,-7.006032943725586
1788594227879707400,38.71170727539062,-5.184269905090332,2.6290578842163086,-7.100453853607178
1788594227889784600,38.72178466796875,-4.819677829742432,2.7061960697174072,-7.214926719665527
1788594227899884300,38.73188427734375,-4.961908340454102,2.7741315364837646,-7.524227619171143
1788594227909937000,38.74193701171875,-5.032088279724121,2.8663084506988525,-7.832705497741699
1788594227920011800,38.75201171875,-5.076530456542969,2.930652618408203,-8.065017700195312
1788594227930087400,38.76208740234375,-5.359644889831543,3.0223803520202637,-8.439560890197754
1788594227940138000,38.772137939453124,-5.600187301635742,3.1062521934509277,-8.663867950439453
1788594227950239700,38.78223974609375,-5.415010929107666,3.2056117057800293,-8.802507400512695
1788594227960316200,38.79231616210937,-5.046004772186279,3.3115551471710205,-8.697161674499512
1788594227970392000,38.80239208984375,-4.947618007659912,3.4489972591400146,-8.410231590270996
1788594227980467700,38.8124677734375,-4.702511310577393,3.5439422130584717,-8.142006874084473
1788594227990543400,38.82254345703125,-4.5685858726501465,3.647416591644287,-7.968801021575928
1788594228000618800,38.83261865234375,-4.695553302764893,3.7433342933654785,-7.893832683563232
1788594228010694700,38.842694580078124,-4.721964359283447,3.8418707847595215,-7.792901992797852
1788594228020771000,38.85277099609375,-4.5767412185668945,3.994800329208374,-7.694739818572998
1788594228030846700,38.8628466796875,-4.436680316925049,4.174215793609619,-7.646631240844727
1788594228040923600,38.872923583984374,-4.638092517852783,4.3284173011779785,-7.573383808135986
1788594228050998300,38.882998291015625,-4.613252639770508,4.461520195007324,-7.428384780883789
1788594228061075000,38.893074951171876,-4.269085884094238,4.629787445068359,-7.3716721534729
1788594228071150800,38.90315087890625,-3.816956043243408,4.838606834411621,-7.233856201171875
1788594228081225700,38.913225830078126,-3.7391445636749268,5.074809551239014,-7.121927261352539
1788594228091303000,38.92330297851562,-3.5788826942443848,5.284078121185303,-7.055787086486816
1788594228101378600,38.93337866210938,-3.5142390727996826,5.458630084991455,-7.041945934295654
1788594228111472600,38.94347265625,-3.441814661026001,5.549535274505615,-7.011943340301514
1788594228121530400,38.9535302734375,-3.204115152359009,5.569437026977539,-7.001992702484131
1788594228131606000,38.96360595703125,-3.140519142150879,5.5504326820373535,-6.971316814422607
1788594228141659600,38.97365966796875,-3.0941317081451416,5.537788391113281,-6.807987213134766
1788594228151758800,38.9837587890625,-3.174935817718506,5.521627902984619,-6.738555431365967
1788594228161834800,38.993834716796876,-3.037344217300415,5.628767967224121,-6.805368900299072
1788594228171910400,39.00391040039062,-3.2310500144958496,5.880009651184082,-7.013439655303955
1788594228181985300,39.0139853515625,-3.425429344177246,6.092644691467285,-7.151256084442139
1788594228192062200,39.02406225585938,-3.1353566646575928,6.312312602996826,-7.1524529457092285
1788594228202138000,39.03413818359375,-2.638859272003174,6.487912654876709,-7.030498504638672
1788594228212213200,39.04421313476563,-2.3673417568206787,6.572757244110107,-6.849586486816406
1788594228222290000,39.0542900390625,-1.9981857538223267,6.677952289581299,-6.647127151489258
1788594228232365300,39.064365234375,-2.074575662612915,6.778284072875977,-6.47556734085083
1788594228242442000,39.07444189453125,-2.243067741394043,6.764517784118652,-6.2457990646362305
1788594228252516600,39.0845166015625,-2.4484453201293945,6.711246490478516,-6.019621849060059
1788594228262594000,39.094593994140624,-3.0538041591644287,6.6076226234436035,-5.812448501586914
1788594228272643300,39.10464331054688,-3.1193454265594482,6.513350963592529,-5.652710437774658
1788594228282745300,39.114745361328126,-2.622399091720581,6.541333198547363,-5.641337871551514
1788594228292821500,39.124821533203125,-1.9727473258972168,6.657900810241699,-5.541753768920898
1788594228302897400,39.1348974609375,-1.827000379562378,6.847192287445068,-5.254225254058838
1788594228312972000,39.14497192382812,-2.214038133621216,7.124545574188232,-5.112742900848389
1788594228323049000,39.155049072265626,-2.3375637531280518,7.511508464813232,-5.177161693572998
1788594228333125000,39.165125,-2.0351462364196777,7.8150482177734375,-4.9904890060424805
1788594228343200000,39.17519995117188,-1.4484920501708984,8.063746452331543,-4.640411853790283
1788594228353251300,39.18525122070312,-1.2165536880493164,8.307655334472656,-4.518232822418213
1788594228363352800,39.19535278320313,-1.5589245557785034,8.323442459106445,-4.118101596832275
1788594228373403000,39.20540283203125,-1.9984850883483887,8.256255149841309,-3.917362928390503
1788594228383503600,39.21550366210938,-2.222642183303833,8.193033218383789,-3.9234232902526855
1788594228393580500,39.22558056640625,-2.182314872741699,8.14724349975586,-4.056301593780518
1788594228403655700,39.23565576171875,-1.9208979606628418,8.118812561035156,-4.145784854888916
1788594228413731800,39.24573193359375,-1.6813281774520874,8.150012016296387,-4.226589202880859
1788594228423808300,39.255808349609374,-1.3418751955032349,8.193780899047852,-4.139275550842285
1788594228433884200,39.26588427734375,-1.386916160583496,8.120683670043945,-3.8995559215545654
1788594228443940400,39.2759404296875,-1.8562544584274292,7.998803615570068,-3.764657735824585
1788594228454035200,39.28603515625,-2.0084359645843506,7.824251174926758,-3.8389527797698975
1788594228464111600,39.29611157226562,-1.8163012266159058,7.674388885498047,-4.0009355545043945
1788594228474183400,39.30618334960938,-1.5622913837432861,7.526247978210449,-4.052859783172607
1788594228484237800,39.31623779296875,-1.2865092754364014,7.426589012145996,-3.993528366088867
1788594228494342400,39.32634228515625,-1.2651859521865845,7.4136457443237305,-3.7823898792266846
1788594228504437500,39.3364375,-1.5056536197662354,7.5755534172058105,-3.62302565574646
1788594228514507800,39.3465078125,-1.6671873331069946,7.80180549621582,-3.603273630142212
1788594228524548900,39.356548828125,-1.5518168210983276,7.9333367347717285,-3.537358283996582
1788594228534617300,39.36661743164063,-1.1072434186935425,8.100931167602539,-3.5346646308898926
1788594228544693500,39.376693603515626,-0.8315361738204956,8.340201377868652,-3.621753692626953
1788594228554769200,39.38676904296875,-0.7145943641662598,8.45699405670166,-3.4962079524993896
1788594228564845000,39.39684497070313,-0.6447884440422058,8.515951156616211,-3.293224334716797
1788594228574921000,39.4069208984375,-0.7660697102546692,8.54677677154541,-3.1123125553131104
1788594228584997000,39.4169970703125,-0.9027636647224426,8.435221672058105,-3.120692253112793
1788594228595073000,39.427072998046874,-0.9261071681976318,8.235156059265137,-3.0190136432647705
1788594228605177000,39.437177001953124,-0.7350947260856628,8.074444770812988,-2.7638814449310303
1788594228615266000,39.44726611328125,-0.3895066976547241,7.989825248718262,-2.5638906955718994
1788594228625300700,39.45730078125,-0.1958756297826767,8.009726524353027,-2.4016835689544678
1788594228635402500,39.467402587890625,-0.20118775963783264,8.128912925720215,-2.352078676223755
1788594228645452800,39.477452880859374,-0.4025251567363739,8.248623847961426,-2.310105323791504
1788594228655554000,39.48755395507813,-0.6295254230499268,8.481534004211426,-2.2376060485839844
1788594228665630200,39.497630126953126,-0.7055413126945496,8.81784439086914,-2.1901707649230957
1788594228675705600,39.50770556640625,-0.5862801671028137,9.21251392364502,-2.204087018966675
1788594228685781500,39.51778149414063,-0.4670189619064331,9.475427627563477,-2.143483877182007
1788594228695858000,39.52785791015625,-0.32441434264183044,9.638083457946777,-2.07397723197937
1788594228705934000,39.53793408203125,-0.22827216982841492,9.664419174194336,-2.0038719177246094
1788594228715983400,39.5479833984375,-0.1835305243730545,9.62252140045166,-1.9612252712249756
1788594228726085400,39.55808544921875,-0.005386953707784414,9.536478996276855,-2.0578911304473877
1788594228736162000,39.568162109375,0.18233342468738556,9.378087997436523,-2.2408978939056396
1788594228746237400,39.57823754882813,0.270320326089859,9.20203971862793,-2.329333782196045
1788594228756313300,39.588313232421875,0.1842038929462433,9.040431022644043,-2.3226749897003174
1788594228766389200,39.59838916015625,-0.00823006872087717,8.89146614074707,-2.2881085872650146
1788594228776448000,39.60844799804688,-0.12135609984397888,8.850241661071777,-2.2508487701416016
1788594228786541300,39.61854125976563,-0.04159925505518913,8.99164867401123,-2.2613234519958496
1788594228796617500,39.62861743164063,0.22251112759113312,9.163357734680176,-2.2578818798065186
1788594228806667000,39.6386669921875,0.559869110584259,9.272294044494629,-2.283694267272949
1788594228816769300,39.648769287109374,0.6124666929244995,9.286659240722656,-2.2539913654327393
1788594228826845200,39.65884521484375,0.29478609561920166,9.27221965789795,-2.2385036945343018
1788594228836921000,39.66892114257813,-0.16811785101890564,9.294889450073242,-2.3249194622039795
1788594228846972000,39.67897192382812,-0.43207859992980957,9.380631446838379,-2.447622299194336
1788594228857073000,39.689072998046875,-0.44008418917655945,9.447894096374512,-2.5260324478149414
1788594228867148800,39.69914868164062,-0.23523031175136566,9.45919132232666,-2.543091058731079
1788594228877224700,39.709224609375,0.12876315414905548,9.409886360168457,-2.451587677001953
1788594228887300000,39.719300048828124,0.494253009557724,9.324592590332031,-2.3376386165618896
1788594228897398500,39.7293984375,0.6835445761680603,9.289203643798828,-2.2836194038391113
1788594228907452200,39.7394521484375,0.7179612517356873,9.340529441833496,-2.2572085857391357
1788594228917528800,39.74952880859375,0.5906196236610413,9.424999237060547,-2.283769130706787
1788594228927604000,39.75960400390625,0.4655974209308624,9.488296508789062,-2.3617303371429443
1788594228937680100,39.76968017578125,0.36750996112823486,9.504681587219238,-2.3744494915008545
1788594228947755800,39.779755859375,0.3100491166114807,9.45447826385498,-2.345120668411255
1788594228957832000,39.78983203125,0.2817676067352295,9.425522804260254,-2.310554265975952
1788594228967907800,39.79990795898438,0.3100491166114807,9.361852645874023,-2.223839282989502
1788594228977959400,39.80995947265625,0.3605518043041229,9.350929260253906,-2.160767078399658
1788594228988059600,39.8200595703125,0.3606266379356384,9.371054649353027,-2.1164743900299072
1788594228998135300,39.83013525390625,0.20350714027881622,9.487323760986328,-2.0854244232177734
1788594229008220000,39.840219970703124,0.07900865375995636,9.685443878173828,-2.1268742084503174
1788594229018287600,39.85028759765625,0.03419219329953194,9.884087562561035,-2.229600429534912
1788594229028363300,39.86036328125,0.019228432327508926,9.953818321228027,-2.351929187774658
1788594229038439700,39.870439697265624,-0.03157353401184082,9.856928825378418,-2.3570168018341064
1788594229048514800,39.88051489257813,0.06636428087949753,9.6757173538208,-2.363077163696289
1788594229058591200,39.89059130859375,0.3324947655200958,9.495478630065918,-2.428318977355957
1788594229068667000,39.9006669921875,0.6155343055725098,9.334019660949707,-2.430264472961426
1788594229078743300,39.910743408203125,0.7743746042251587,9.271920204162598,-2.5386767387390137
1788594229088819500,39.9208193359375,0.6419453024864197,9.316362380981445,-2.681206703186035
1788594229098894600,39.93089453125,0.44008418917655945,9.401132583618164,-2.812513589859009
1788594229108944600,39.940944580078124,0.32531216740608215,9.449390411376953,-2.7864766120910645
1788594229119047200,39.951047119140625,0.3258358836174011,9.436970710754395,-2.695796251296997
1788594229129122800,39.96112280273437,0.35149872303009033,9.404349327087402,-2.61125111579895
1788594229139172000,39.971172119140626,0.36900633573532104,9.362076759338379,-2.506504774093628
1788594229149274600,39.98127465820313,0.43499651551246643,9.366715431213379,-2.4375216960906982
1788594229159350300,39.991350341796874,0.5831377506256104,9.378013610839844,-2.4320600032806396
1788594229169426200,40.00142626953125,0.5790975093841553,9.423502922058105,-2.464007616043091
1788594229179501600,40.01150146484375,0.4447977840900421,9.466224670410156,-2.5062801837921143
1788594229189578200,40.021578125,0.3381809890270233,9.430012702941895,-2.485929489135742
1788594229199654100,40.031654052734375,0.3618237376213074,9.35077953338623,-2.393303871154785
1788594229209729000,40.04172900390625,0.4701613485813141,9.309927940368652,-2.274491548538208
1788594229219806000,40.05180590820312,0.607977569103241,9.313519477844238,-2.181865930557251
1788594229229882400,40.06188232421875,0.7043442130088806,9.404424667358398,-2.140042304992676
1788594229239958000,40.0719580078125,0.6900538206100464,9.563488960266113,-2.1808931827545166
1788594229250032600,40.08203271484375,0.5874024033546448,9.682899475097656,-2.241945505142212
1788594229260110000,40.092110107421874,0.49043726921081543,9.705270767211914,-2.2426936626434326
1788594229270185700,40.10218579101563,0.3850923776626587,9.640552520751953,-2.1967549324035645
1788594229280238000,40.11223803710938,0.2926163375377655,9.58129596710205,-2.1262755393981934
1788594229290337500,40.122337646484375,0.22595278918743134,9.559449195861816,-2.1058499813079834
1788594229300413000,40.13241284179688,0.2721159756183624,9.60516357421875,-2.1368250846862793
1788594229310463200,40.14246313476563,0.32097265124320984,9.622072219848633,-2.138097047805786
1788594229320539600,40.15253955078125,0.36474165320396423,9.6571626663208,-2.189422607421875
1788594229330640600,40.162640625,0.34917935729026794,9.646463394165039,-2.213289737701416
1788594229340716000,40.17271606445313,0.3049614429473877,9.629703521728516,-2.239476442337036
1788594229350792700,40.18279272460938,0.2364274114370346,9.583765029907227,-2.23895263671875
1788594229360868900,40.19286889648438,0.21615152060985565,9.56820297241211,-2.2449381351470947
1788594229370945300,40.2029453125,0.2539350092411041,9.594987869262695,-2.307037830352783
1788594229381019600,40.21301953125,0.27638065814971924,9.609577178955078,-2.3500585556030273
1788594229391096600,40.2230966796875,0.27735331654548645,9.590872764587402,-2.4182186126708984
1788594229401172200,40.233172119140626,0.2539350092411041,9.501314163208008,-2.4519617557525635
1788594229411247400,40.24324731445312,0.18876783549785614,9.402105331420898,-2.473734140396118
1788594229421324500,40.253324462890625,0.16879121959209442,9.350629806518555,-2.467972993850708
1788594229431399700,40.26339965820313,0.2082955539226532,9.345991134643555,-2.465728521347046
1788594229441476000,40.27347607421875,0.2602197825908661,9.413252830505371,-2.5109939575195312
1788594229451551700,40.2835517578125,0.2809446156024933,9.514931678771973,-2.5248353481292725
1788594229461628200,40.293628173828125,0.30361470580101013,9.543587684631348,-2.5044846534729004
1788594229471677400,40.30367749023438,0.2861070930957794,9.509843826293945,-2.4544308185577393
1788594229481779000,40.313779052734375,0.2626888155937195,9.461735725402832,-2.4104373455047607
1788594229491856400,40.3238564453125,0.24166473746299744,9.404274940490723,-2.396296739578247
1788594229501932300,40.33393237304688,0.24854806065559387,9.425971984863281,-2.4308629035949707
1788594229512007200,40.34400708007813,0.2875286638736725,9.50961971282959,-2.4386441707611084
1788594229522083600,40.35408349609375,0.3280056416988373,9.556157112121582,-2.402805805206299
1788594229532159200,40.3641591796875,0.3470844328403473,9.576432228088379,-2.3884406089782715
1788594229542234600,40.37423461914062,0.35090017318725586,9.558326721191406,-2.352677345275879
1788594229552311800,40.384311767578126,0.3514239192008972,9.515081405639648,-2.3027732372283936
1788594229562387700,40.3943876953125,0.36975452303886414,9.46959114074707,-2.2708253860473633
1788594229572463900,40.4044638671875,0.3940706253051758,9.43135929107666,-2.246060371398926
1788594229582538200,40.41453833007812,0.40372225642204285,9.411083221435547,-2.2486042976379395
1788594229592615400,40.424615478515626,0.43671736121177673,9.441309928894043,-2.272696018218994
1788594229602691300,40.43469140625,0.44442370533943176,9.520393371582031,-2.3021745681762695
1788594229612766500,40.44476635742188,0.3828478157520294,9.595586776733398,-2.3338229656219482
1788594229622843100,40.45484301757813,0.32187050580978394,9.610849380493164,-2.329932451248169
1788594229632918300,40.46491821289062,0.2635118365287781,9.598579406738281,-2.3034465312957764
1788594229642977500,40.4749775390625,0.25094226002693176,9.544485092163086,-2.249951124191284
1788594229653071600,40.485071533203126,0.25490766763687134,9.499070167541504,-2.244264841079712
1788594229663146500,40.495146484375,0.2620154619216919,9.47303295135498,-2.286238193511963
1788594229673222000,40.505221923828124,0.2685246765613556,9.497274398803711,-2.3197569847106934
1788594229683297800,40.5152978515625,0.2454804927110672,9.507000923156738,-2.3733272552490234
1788594229693374700,40.525374755859374,0.25498247146606445,9.505953788757324,-2.3900866508483887
1788594229703450600,40.53545068359375,0.25745150446891785,9.499967575073242,-2.385373115539551
1788594229713525500,40.545525390625,0.2421136498451233,9.480664253234863,-2.3662943840026855
1788594229723602400,40.5556025390625,0.24443303048610687,9.487847328186035,-2.3710827827453613
1788594229733677600,40.56567749023438,0.2743605375289917,9.496301651000977,-2.3567922115325928
1788594229743753000,40.5757529296875,0.3018190562725067,9.490466117858887,-2.3641245365142822
1788594229753829600,40.58582958984375,0.28476035594940186,9.47722339630127,-2.4007108211517334
1788594229763906300,40.59590625,0.22849662601947784,9.45335578918457,-2.4555530548095703
1788594229773982200,40.605982177734376,0.20208558440208435,9.442731857299805,-2.494907855987549
1788594229784056600,40.616056640625,0.21136312186717987,9.462109565734863,-2.5282769203186035
1788594229794108000,40.62610791015625,0.24585458636283875,9.482535362243652,-2.5282769203186035
1788594229804182800,40.63618286132812,0.25086745619773865,9.48111343383789,-2.4805426597595215
1788594229814259500,40.646259521484374,0.24652795493602753,9.45799446105957,-2.416198492050171
1788594229824361000,40.65636083984375,0.24331074953079224,9.439888000488281,-2.3721301555633545
1788594229834439700,40.66643969726562,0.2397194504737854,9.433902740478516,-2.3733272552490234
1788594229844507100,40.676507080078125,0.22759880125522614,9.454253196716309,-2.387468099594116
1788594229854563000,40.68656298828125,0.2224363088607788,9.515081405639648,-2.38118314743042
1788594229864639200,40.69663916015625,0.22468087077140808,9.555633544921875,-2.3582887649536133
1788594229874715600,40.706715576171874,0.2439092993736267,9.560346603393555,-2.334496259689331
1788594229884791800,40.71679174804687,0.26321256160736084,9.544709205627441,-2.3107786178588867
1788594229894868000,40.72686791992187,0.2885012924671173,9.500716209411621,-2.3265655040740967
1788594229904942800,40.73694287109375,0.309151291847229,9.448267936706543,-2.3341221809387207
1788594229915021600,40.747021484375,0.3167079985141754,9.445051193237305,-2.3796868324279785
1788594229925095000,40.75709497070312,0.3009960353374481,9.453505516052246,-2.4130561351776123
1788594229935170800,40.7671708984375,0.2528127431869507,9.497723579406738,-2.438868522644043
1788594229945246500,40.77724658203125,0.194977805018425,9.54433536529541,-2.483759880065918
1788594229955348700,40.7873486328125,0.16512510180473328,9.544185638427734,-2.4800937175750732
1788594229965424000,40.79742407226563,0.1687164008617401,9.541791915893555,-2.481290817260742
1788594229975475000,40.80747485351562,0.1818845123052597,9.523984909057617,-2.4874260425567627
1788594229985554700,40.8175546875,0.21921908855438232,9.472808837890625,-2.4985740184783936
1788594229995626500,40.82762646484375,0.2198924571275711,9.448866844177246,-2.5056817531585693
1788594230005702100,40.8377021484375,0.1925836056470871,9.427244186401367,-2.5068788528442383
1788594230015804700,40.8478046875,0.2116623967885971,9.430910110473633,-2.5057566165924072
1788594230025880300,40.85788037109375,0.2106897532939911,9.419986724853516,-2.481964111328125
1788594230035956000,40.8679560546875,0.2561047673225403,9.421333312988281,-2.4665515422821045
1788594230046031600,40.87803149414062,0.28715455532073975,9.441609382629395,-2.44747257232666
1788594230056107800,40.88810766601563,0.2726397216320038,9.470264434814453,-2.4508395195007324
1788594230066183700,40.89818359375,0.2595464289188385,9.47490406036377,-2.4292917251586914
1788594230076259600,40.908259521484375,0.26979660987854004,9.461885452270508,-2.4059481620788574
1788594230086308900,40.91830883789063,0.2711433470249176,9.45343017578125,-2.385747194290161
1788594230096411400,40.92841137695312,0.2414402812719345,9.445948600769043,-2.348637104034424
1788594230106487000,40.938487060546876,0.21016602218151093,9.480440139770508,-2.3423521518707275
1788594230116563200,40.948563232421876,0.20380641520023346,9.535431861877441,-2.3551461696624756
1788594230126626000,40.9586259765625,0.17455226182937622,9.617807388305664,-2.3594110012054443
1788594230136715300,40.96871533203125,0.1695394068956375,9.651326179504395,-2.37115740776062
1788594230146791700,40.97879174804687,0.21383213996887207,9.635913848876953,-2.3725790977478027
1788594230156866000,40.98886596679687,0.27316343784332275,9.54777717590332,-2.3733272552490234
1788594230166942700,40.998942626953124,0.30720600485801697,9.452308654785156,-2.3704092502593994
1788594230177018600,41.0090185546875,0.2380734384059906,9.393875122070312,-2.431311845779419
1788594230187095000,41.01909497070312,0.12794014811515808,9.397167205810547,-2.4595184326171875
1788594230197170700,41.02917065429688,0.05828384682536125,9.429413795471191,-2.5020904541015625
1788594230207246600,41.03924658203125,0.06157587468624115,9.433304786682129,-2.5498247146606445
1788594230217322500,41.049322509765624,0.10953472554683685,9.415497779846191,-2.548927068710327
1788594230227398700,41.05939868164062,0.1611597090959549,9.37277603149414,-2.5552866458892822
1788594230237474800,41.06947485351562,0.18861819803714752,9.311799049377441,-2.5520694255828857
1788594230247549700,41.0795498046875,0.2172738015651703,9.30005168914795,-2.56770658493042
1788594230257628700,41.08962866210938,0.17395371198654175,9.33229923248291,-2.5900774002075195
1788594230267676200,41.09967626953125,0.11611878126859665,9.389534950256348,-2.61820912361145
1788594230277778200,41.10977807617188,0.07863456010818481,9.449240684509277,-2.6320507526397705
1788594230287830800,41.11983081054687,0.09906009584665298,9.428964614868164,-2.6286838054656982
1788594230297929500,41.12992944335937,0.18323124945163727,9.36940860748291,-2.5995044708251953
1788594230308005000,41.14000512695313,0.2643348276615143,9.251194953918457,-2.546682357788086
1788594230318082000,41.15008203125,0.275407999753952,9.180566787719727,-2.5172038078308105
1788594230328157000,41.160156982421874,0.20231004059314728,9.198372840881348,-2.551395893096924
1788594230338234000,41.17023413085938,0.12786532938480377,9.237578392028809,-2.565237522125244
1788594230348309000,41.18030908203125,0.04489128291606903,9.297208786010742,-2.5992801189422607
1788594230358386000,41.190385986328124,-0.0752677172422409,9.360356330871582,-2.6581623554229736
1788594230368461000,41.2004609375,-0.1884685605764389,9.471312522888184,-2.7049241065979004
1788594230378537500,41.210537353515626,-0.31206923723220825,9.537826538085938,-2.7207858562469482
1788594230388613600,41.220613525390625,-0.36144962906837463,9.597381591796875,-2.719139814376831
1788594230398689000,41.23068896484375,-0.3164835274219513,9.617433547973633,-2.6569652557373047
1788594230408764400,41.240764404296876,-0.2686743140220642,9.63531494140625,-2.622399091720581
1788594230418841300,41.25084130859375,-0.09958382695913315,9.571195602416992,-2.5732431411743164
1788594230428916700,41.260916748046874,0.09404723346233368,9.440037727355957,-2.4839093685150146
1788594230438993200,41.2709931640625,0.2048538774251938,9.299453735351562,-2.4886977672576904
1788594230449069300,41.2810693359375,0.14320318400859833,9.209820747375488,-2.511592388153076
1788594230459144200,41.291144287109375,0.004638765938580036,9.16777229309082,-2.5745151042938232
1788594230469220900,41.30122094726563,-0.17485153675079346,9.185205459594727,-2.6012253761291504
1788594230479297000,41.311297119140626,-0.21794717013835907,9.234585762023926,-2.6809821128845215
1788594230489371600,41.32137158203125,-0.09285013377666473,9.280524253845215,-2.6990883350372314
1788594230499448600,41.33144848632813,0.09853636473417282,9.250147819519043,-2.699986219406128
1788594230509524000,41.34152392578125,0.21607670187950134,9.204957008361816,-2.6577134132385254
1788594230519601000,41.35160083007813,0.14844051003456116,9.162684440612793,-2.621875286102295
1788594230529675800,41.36167578125,-0.06554127484560013,9.160888671875,-2.6449193954467773
1788594230539751700,41.37175170898438,-0.2486976981163025,9.176076889038086,-2.707393169403076
1788594230549828600,41.38182861328125,-0.306682288646698,9.208474159240723,-2.7881975173950195
1788594230559903500,41.39190356445312,-0.2610428035259247,9.217302322387695,-2.8586020469665527
1788594230569980200,41.401980224609375,-0.2480243295431137,9.211541175842285,-2.8873324394226074
1788594230580056300,41.412056396484374,-0.34012627601623535,9.197101593017578,-2.933645248413086
1788594230590109200,41.422109130859376,-0.4655974209308624,9.186028480529785,-2.952275037765503
1788594230600208000,41.432207763671876,-0.6104466319084167,9.203536033630371,-2.9815292358398438
1788594230610283000,41.44228295898437,-0.5975777506828308,9.22642993927002,-3.006518840789795
1788594230620340200,41.45234033203125,-0.47412675619125366,9.184980392456055,-2.9917047023773193
1788594230630435800,41.46243579101562,-0.4091840386390686,9.146822929382324,-2.955118179321289
1788594230640511700,41.47251171875,-0.44173020124435425,9.126248359680176,-2.9111247062683105
1788594230650587400,41.48258740234375,-0.45482349395751953,9.142707824707031,-2.8751368522644043
1788594230660662800,41.49266284179687,-0.39234980940818787,9.148544311523438,-2.803684949874878
1788594230670739700,41.50273974609375,-0.32778117060661316,9.158195495605469,-2.7812392711639404
1788594230680815600,41.51281567382812,-0.34416648745536804,9.151836395263672,-2.7071688175201416
1788594230690890500,41.52289038085937,-0.43439796566963196,9.074996948242188,-2.695272445678711
1788594230700942300,41.5329423828125,-0.5914426445960999,8.94196891784668,-2.7335798740386963
1788594230711042800,41.54304272460938,-0.7460930943489075,8.81619930267334,-2.764704465866089
1788594230721119200,41.553119140625,-0.8280945420265198,8.676960945129395,-2.7207858562469482
1788594230731194000,41.56319409179687,-0.7364414930343628,8.561366081237793,-2.708590269088745
1788594230741270500,41.5732705078125,-0.5589712858200073,8.46282958984375,-2.7038018703460693
1788594230751346700,41.5833466796875,-0.4869955778121948,8.398784637451172,-2.73305606842041
1788594230761421600,41.593421630859375,-0.5897217988967896,8.359280586242676,-2.789020538330078
1788594230771499300,41.60349926757812,-0.8132804036140442,8.322993278503418,-2.863539934158325
1788594230781574700,41.61357470703125,-1.0362404584884644,8.38232421875,-2.936413526535034
1788594230791650600,41.623650634765625,-1.274762749671936,8.447491645812988,-3.0067431926727295
1788594230801726700,41.633726806640624,-1.1134533882141113,8.517671585083008,-3.0773720741271973
1788594230811802000,41.64380200195313,-0.7305307984352112,8.552911758422852,-3.158625364303589
1788594230821878500,41.65387841796875,-0.7745242714881897,8.490961074829102,-3.2077813148498535
1788594230831954700,41.66395458984375,-1.028010368347168,8.480710983276367,-3.2522237300872803
1788594230842030600,41.674030517578124,-1.1494412422180176,8.542736053466797,-3.3289878368377686
1788594230852106500,41.6841064453125,-1.2636147737503052,8.546701431274414,-3.478999614715576
1788594230862182000,41.69418188476563,-1.2527660131454468,8.481459617614746,-3.5545666217803955
1788594230872258600,41.70425854492188,-1.1976245641708374,8.365265846252441,-3.68198299407959
1788594230882334700,41.71433471679688,-1.384297490119934,8.214580535888672,-3.9333741664886475
1788594230892409000,41.7244091796875,-1.4460978507995605,8.1417818069458,-4.228384494781494
1788594230902485200,41.7344853515625,-1.3405284881591797,8.126519203186035,-4.425831317901611
1788594230912561400,41.7445615234375,-1.4020295143127441,8.097265243530273,-4.579808712005615
1788594230922611500,41.754611572265624,-1.832237720489502,8.017582893371582,-4.720617771148682
1788594230932714000,41.7647138671875,-2.1372740268707275,8.005013465881348,-4.811447620391846
1788594230942789600,41.77478955078125,-2.041430950164795,8.098835945129395,-4.874594688415527
1788594230952842800,41.7848427734375,-1.8315643072128296,8.252140045166016,-5.026252269744873
1788594230962941000,41.79494091796875,-1.622146487236023,8.414945602416992,-5.220481872558594
1788594230973017300,41.805017333984374,-1.3379098176956177,8.521862030029297,-5.361889362335205
1788594230983093500,41.81509350585937,-1.2617442607879639,8.560467720031738,-5.379920959472656
1788594230993168100,41.825168212890624,-1.401879906654358,8.522235870361328,-5.25063419342041
1788594231003245300,41.83524536132813,-1.8804209232330322,8.431854248046875,-4.97702169418335
1788594231013320200,41.8453203125,-2.225036382675171,8.319327354431152,-4.719645023345947
1788594231023396600,41.85539672851562,-2.149843454360962,8.282815933227539,-4.537386417388916
1788594231033473300,41.86547338867187,-2.1833622455596924,8.21263599395752,-4.387225151062012
1788594231043549200,41.87554907226563,-2.0632781982421875,8.115745544433594,-4.328118324279785
1788594231053625000,41.885625,-1.6421979665756226,8.038456916809082,-4.328941345214844
1788594231063700500,41.89570043945312,-1.4434791803359985,7.998504161834717,-4.312032222747803
1788594231073777000,41.90577685546875,-2.0242226123809814,7.894505977630615,-4.472668170928955
1788594231083852800,41.91585278320313,-2.7254245281219482,7.734094619750977,-4.665401458740234
1788594231093927700,41.925927734375,-2.67140531539917,7.618873596191406,-4.759373664855957
1788594231104004600,41.936004638671875,-2.7257986068725586,7.4794111251831055,-4.844666957855225
1788594231114080500,41.94608056640625,-2.834510326385498,7.418509006500244,-4.923376560211182
1788594231124130000,41.95613012695313,-2.5240871906280518,7.482329368591309,-5.01630163192749
1788594231134207500,41.96620751953125,-2.1781997680664062,7.604208946228027,-5.243825435638428
1788594231144332300,41.976332275390625,-1.9204490184783936,7.659051418304443,-5.501276969909668
1788594231154367700,41.98636767578125,-1.920149803161621,7.675511360168457,-5.675455093383789
1788594231164440300,41.9964404296875,-2.4151508808135986,7.672967433929443,-5.760748386383057
1788594231174509600,42.006509521484375,-3.1377508640289307,7.686809062957764,-5.940537929534912
1788594231184585500,42.01658544921875,-3.2487072944641113,7.7136688232421875,-6.128632545471191
1788594231194662400,42.026662353515626,-2.9217491149902344,7.709404468536377,-6.232630729675293
1788594231204751000,42.036751220703124,-2.5870096683502197,7.677531719207764,-6.249913692474365
1788594231214813700,42.04681372070313,-2.506355047225952,7.554978370666504,-6.291438102722168
1788594231224900600,42.056900634765626,-2.2445640563964844,7.31847620010376,-6.343811511993408
1788594231234966300,42.06696630859375,-2.0307319164276123,7.073668956756592,-6.427084922790527
1788594231245041400,42.07704150390625,-2.3510313034057617,6.8768205642700195,-6.473472595214844
1788594231255121000,42.08712084960938,-3.1978304386138916,6.628945827484131,-6.48940896987915
1788594231265205000,42.097205078125,-3.5608513355255127,6.373215198516846,-6.273257255554199
1788594231275295700,42.10729565429688,-3.343353033065796,6.160206317901611,-6.047154903411865
1788594231285345300,42.11734521484375,-3.6587891578674316,5.89392614364624,-6.067505836486816
1788594231295447300,42.127447265625,-3.4736874103546143,5.8010759353637695,-6.232256889343262
1788594231305518800,42.137518798828125,-2.8564321994781494,5.802647113800049,-6.328922748565674
1788594231315599600,42.147599609375,-2.749516248703003,5.826214790344238,-6.424765586853027
1788594231325674200,42.15767431640625,-2.657339334487915,5.761197566986084,-6.481553077697754
1788594231335751000,42.1677509765625,-2.74540114402771,5.625251770019531,-6.594155311584473
1788594231345827000,42.1778271484375,-3.1093945503234863,5.467159748077393,-6.998326301574707
1788594231355903000,42.18790307617188,-3.3103580474853516,5.2876691818237305,-7.293411731719971
1788594231365978000,42.19797802734375,-3.2485575675964355,5.194145679473877,-7.220987319946289
1788594231376054800,42.2080546875,-3.6163668632507324,5.269488334655762,-6.812027454376221
1788594231386130700,42.21813061523437,-3.8856396675109863,5.492897033691406,-6.331092357635498
1788594231396206800,42.22820678710937,-3.4163761138916016,5.768978595733643,-6.260987281799316
1788594231406282200,42.2382822265625,-3.3111062049865723,5.94981575012207,-6.502801418304443
1788594231416358400,42.2483583984375,-2.931924343109131,6.063764572143555,-6.783072471618652
1788594231426434300,42.25843432617187,-3.2947208881378174,6.05620813369751,-6.958373069763184
1788594231436510700,42.2685107421875,-4.5924530029296875,5.897367477416992,-6.955455303192139
1788594231446586000,42.27858618164063,-5.214870452880859,5.719598293304443,-6.941164970397949
1788594231456636200,42.28863623046875,-5.171999454498291,5.595249176025391,-6.888267993927002
1788594231466738200,42.29873828125,-4.803815841674805,5.442245006561279,-7.064765453338623
1788594231476814300,42.308814453125,-4.272677421569824,5.118354320526123,-7.122226238250732
1788594231486863400,42.31886328125,-3.7758805751800537,4.800000190734863,-7.104269981384277
1788594231496965600,42.328965576171875,-3.4222121238708496,4.57576847076416,-7.156942367553711
1788594231507042000,42.3390419921875,-3.8377556800842285,4.430544853210449,-7.313762664794922
1788594231517117700,42.34911767578125,-4.122889995574951,4.254720687866211,-7.463998794555664
1788594231527193300,42.359193359375,-4.445882797241211,4.194192409515381,-7.518167495727539
1788594231537268700,42.369268798828124,-4.961235046386719,4.16763162612915,-7.369427680969238
1788594231547319000,42.37931909179687,-4.596493244171143,4.110320568084717,-7.118036270141602
1788594231557421800,42.389421875,-4.290858268737793,4.045078754425049,-7.0001220703125
1788594231567497000,42.3994970703125,-4.153565883636475,3.9163901805877686,-6.959570407867432
1788594231577574000,42.40957397460937,-4.352434158325195,3.7606923580169678,-7.025260925292969
1788594231587649000,42.41964892578125,-4.695328712463379,3.714603900909424,-7.353715896606445
1788594231597725200,42.42972509765625,-5.043759822845459,3.7724387645721436,-7.697134017944336
1788594231607800800,42.43980078125,-4.665027141571045,3.9005286693573,-7.984064102172852
1788594231617854700,42.44985473632813,-4.118251323699951,3.951629877090454,-8.002618789672852
1788594231627953000,42.459952880859376,-4.478653430938721,3.892897129058838,-7.990797996520996
1788594231638028300,42.4700283203125,-5.337947368621826,3.566986322402954,-7.714566707611084
1788594231648108800,42.48010888671875,-5.560159206390381,3.3714101314544678,-7.46998405456543
1788594231658185700,42.49018579101563,-5.7136125564575195,3.3261446952819824,-7.375338554382324
1788594231668257000,42.50025708007813,-5.548487663269043,3.4501194953918457,-7.67618465423584
1788594231678333000,42.5103330078125,-5.302632808685303,3.4193689823150635,-7.7883381843566895
1788594231688408600,42.52040869140625,-4.579883575439453,3.3551743030548096,-7.78444766998291
1788594231698484200,42.53048413085938,-5.035754203796387,3.388693332672119,-7.875651836395264
1788594231708560400,42.54056030273438,-6.068029403686523,3.1688756942749023,-7.907449722290039
1788594231718636500,42.55063647460938,-5.9147257804870605,2.905588150024414,-7.933262348175049
1788594231728712000,42.5607119140625,-5.633556365966797,2.772036552429199,-7.790582656860352
1788594231738787600,42.57078759765625,-5.7374796867370605,2.5234885215759277,-7.6111674308776855
1788594231748864300,42.5808642578125,-5.777657508850098,2.2497265338897705,-7.379677772521973
1788594231758940400,42.5909404296875,-5.951087474822998,2.013000011444092,-7.223830223083496
1788594231769015800,42.601015869140625,-6.043937683105469,1.8501942157745361,-7.243208408355713
1788594231779092000,42.611092041015624,-6.174795627593994,1.8539351224899292,-7.366883754730225
1788594231789141200,42.62114135742188,-5.8855462074279785,1.9167081117630005,-7.521683692932129
1788594231799243500,42.631243408203126,-5.8419270515441895,2.0492122173309326,-7.467440128326416
1788594231809319700,42.641319580078125,-5.762469291687012,2.2993314266204834,-7.507019519805908
1788594231819369500,42.65136938476562,-5.966799736022949,2.376993417739868,-7.652691841125488
1788594231829472000,42.661471923828124,-6.254851818084717,2.3927054405212402,-7.658677101135254
1788594231839547000,42.671546875,-6.069825172424316,2.315342664718628,-7.804274559020996
1788594231849623300,42.681623291015626,-6.0761847496032715,1.9640684127807617,-7.9712700843811035
1788594231859698400,42.69169848632812,-6.938321590423584,1.4773720502853394,-8.02416706085205
1788594231869775600,42.701775634765625,-7.008576393127441,1.1077672243118286,-7.972093105316162
1788594231879851800,42.711851806640624,-6.7474589347839355,0.8645312786102295,-7.655609607696533
1788594231889927200,42.72192724609375,-6.289567947387695,0.8277204036712646,-7.379378318786621
1788594231900002800,42.7320029296875,-6.038401126861572,0.8853309154510498,-7.245153427124023
1788594231910079700,42.74207983398438,-6.237868309020996,0.9472808837890625,-7.133000373840332
1788594231920129300,42.75212939453125,-6.208763599395752,0.9243863224983215,-7.071125030517578
1788594231930231000,42.76223095703125,-6.301239490509033,0.9284265041351318,-7.4456682205200195
1788594231940306200,42.77230615234375,-6.4520745277404785,0.8427590131759644,-7.6222405433654785
1788594231950356200,42.78235620117187,-6.541258335113525,0.7231985330581665,-7.441029071807861
1788594231960459300,42.792459228515625,-6.576498031616211,0.46829089522361755,-7.1472907066345215
1788594231970535200,42.80253515625,-6.3728413581848145,0.34745851159095764,-7.198915481567383
1788594231980610800,42.81261083984375,-6.808735370635986,0.34094929695129395,-7.160234451293945
1788594231990686000,42.82268603515625,-6.565649032592773,0.23567922413349152,-7.197568893432617
1788594232000762600,42.8327626953125,-6.593556880950928,0.22535423934459686,-7.2917656898498535
1788594232010838800,42.8428388671875,-6.902109622955322,0.287453830242157,-7.273584842681885
1788594232020913700,42.85291357421875,-6.646004676818848,0.2892494797706604,-7.450082302093506
1788594232030990000,42.862989990234375,-6.6851348876953125,0.3399018347263336,-7.56904411315918
1788594232041067000,42.87306689453125,-6.900463581085205,0.3050362467765808,-7.675810813903809
1788594232051142000,42.88314184570312,-6.8395609855651855,0.21996727585792542,-7.81145715713501
1788594232061217300,42.89321728515625,-6.96271276473999,0.12951134145259857,-7.947552680969238
1788594232071294500,42.90329443359375,-7.413346290588379,0.051026422530412674,-8.109759330749512
1788594232081370400,42.91337036132813,-7.504849910736084,0.02760813757777214,-8.028356552124023
1788594232091420700,42.923420654296876,-7.431153297424316,0.015337854623794556,-7.978078842163086
1788594232101521700,42.93352172851562,-7.348029613494873,0.044517189264297485,-7.7860188484191895
1788594232111573500,42.94357348632813,-7.3995795249938965,-0.01496376097202301,-7.640496253967285
1788594232121650200,42.95365014648438,-7.130082130432129,-0.03239654004573822,-7.7801079750061035
1788594232131750000,42.96375,-7.184700012207031,-0.10145429521799088,-8.077512741088867
1788594232141826000,42.973825927734374,-7.4636993408203125,-0.08289923518896103,-8.175450325012207
1788594232151915300,42.983915283203125,-7.4426751136779785,-0.12846387922763824,-8.34648609161377
1788594232161977000,42.99397705078125,-7.3751139640808105,-0.1835305243730545,-8.287379264831543
1788594232172053800,43.0040537109375,-7.428534507751465,-0.25430911779403687,-8.23044204711914
1788594232182129700,43.014129638671875,-7.471555233001709,-0.24854806065559387,-8.22191333770752
1788594232192204500,43.02420458984375,-7.286004543304443,-0.190189391374588,-8.065916061401367
1788594232202281000,43.03428100585938,-7.179013729095459,-0.2439092993736267,-8.002095222473145
1788594232212356600,43.044356689453124,-7.504026889801025,-0.3280804455280304,-8.114697456359863
1788594232222432500,43.0544326171875,-7.874454498291016,-0.22744916379451752,-7.976656913757324
1788594232232509400,43.064509521484375,-7.770157337188721,-0.23934535682201385,-7.916203498840332
1788594232242584800,43.07458471679688,-7.573308944702148,-0.3056347966194153,-8.341174125671387
1788594232252661000,43.08466088867188,-7.754071235656738,-0.2421884685754776,-8.508394241333008
1788594232262736000,43.09473583984375,-7.787215709686279,-0.2877531051635742,-8.501360893249512
1788594232272813000,43.10481298828125,-7.621716499328613,-0.3886088728904724,-8.510863304138184
1788594232282898000,43.11489794921875,-7.757587432861328,-0.3883095979690552,-8.438663482666016
1788594232292964900,43.12496484375,-7.830386161804199,-0.40529346466064453,-8.432528495788574
1788594232303040800,43.13504077148438,-7.8897175788879395,-0.5257517099380493,-8.518868446350098
1788594232313116200,43.1451162109375,-7.859116554260254,-0.6390274167060852,-8.527921676635742
1788594232323193300,43.155193359375,-7.684340000152588,-0.8534581065177917,-8.747066497802734
1788594232333268700,43.16526879882812,-7.896900177001953,-0.8399158716201782,-8.971821784973145
1788594232343345000,43.17534497070312,-7.8296380043029785,-0.7023240923881531,-8.967782020568848
1788594232353419300,43.18541918945313,-7.52587366104126,-0.5721393823623657,-8.97661018371582
1788594232363495700,43.19549560546875,-7.739631175994873,-0.48654666543006897,-8.829666137695312
1788594232373572400,43.205572265625,-8.00680923461914,-0.37895724177360535,-8.567800521850586
1788594232383648500,43.2156484375,-7.495946407318115,-0.32927754521369934,-8.348655700683594
1788594232393723400,43.225723388671874,-7.350797653198242,-0.07908347249031067,-8.128239631652832
1788594232403800300,43.23580029296875,-7.686135768890381,0.11035773158073425,-8.04115104675293
1788594232413875200,43.24587524414063,-7.714941024780273,0.21428105235099792,-8.239121437072754
1788594232423950800,43.255950927734375,-7.908123016357422,0.3629460036754608,-8.477568626403809
1788594232434028000,43.26602807617188,-7.653738975524902,0.41861119866371155,-8.672845840454102
1788594232444104200,43.27610424804688,-7.470582485198975,0.5080196857452393,-8.738760948181152
1788594232454180000,43.28618017578125,-7.587449550628662,0.6225672364234924,-8.792631149291992
1788594232464229400,43.2962294921875,-7.425467014312744,0.6521955132484436,-8.855179786682129
1788594232474332000,43.30633178710937,-7.089455604553223,0.65907883644104,-8.795548439025879
1788594232484381400,43.31638134765625,-6.990694999694824,0.6395511031150818,-8.644414901733398
1788594232494457000,43.32645703125,-6.855123043060303,0.6565349698066711,-8.658780097961426
1788594232504534000,43.336533935546875,-6.947599411010742,0.7385364174842834,-8.64127254486084
1788594232514625000,43.346625,-6.811803340911865,0.8508394360542297,-8.317605972290039
1788594232524690400,43.3566904296875,-6.473173141479492,0.9344868659973145,-8.086865425109863
1788594232534769400,43.36676928710938,-6.375459671020508,0.9219173192977905,-7.901090145111084
1788594232544837400,43.37683740234375,-6.36610746383667,0.8780734539031982,-7.73895788192749
1788594232554913800,43.386913818359375,-6.260538101196289,0.9065046310424805,-7.616254806518555
1788594232564989700,43.39698974609375,-6.556221961975098,1.0767173767089844,-7.484050273895264
1788594232575065000,43.40706518554688,-6.030993938446045,1.0961703062057495,-7.370550155639648
1788594232585187300,43.417187255859375,-6.233079433441162,1.204882025718689,-7.512481212615967
1788594232595216600,43.42721655273437,-6.01071834564209,1.358709454536438,-7.528043746948242
1788594232605318700,43.43731860351563,-6.079626083374023,1.5348329544067383,-7.446865081787109
1788594232615394800,43.44739477539063,-5.831452369689941,1.5907225608825684,-7.454720973968506
1788594232625444900,43.45744482421875,-5.930512428283691,1.5475521087646484,-7.493926048278809
1788594232635541200,43.467541259765625,-6.214748859405518,1.5262287855148315,-7.49654483795166
1788594232645597200,43.47759716796875,-6.395361423492432,1.5719430446624756,-7.465794086456299
1788594232655672600,43.48767260742188,-5.875595569610596,1.6701053380966187,-7.3634419441223145
1788594232665774600,43.49777465820313,-5.72281551361084,1.9188029766082764,-7.306654453277588
1788594232675850800,43.50785083007813,-5.325003623962402,2.1885247230529785,-7.205275058746338
1788594232685925400,43.51792529296875,-5.329866886138916,2.529099941253662,-7.011270046234131
1788594232696002300,43.52800219726562,-5.1437177658081055,2.8301708698272705,-6.8850507736206055
1788594232706078000,43.538077880859376,-5.066729545593262,3.152714729309082,-6.835894584655762
1788594232716154000,43.548154052734375,-4.975375652313232,3.4706199169158936,-6.799981594085693
1788594232726230000,43.55822998046875,-4.960860729217529,3.8407485485076904,-6.759878635406494
1788594232736306000,43.56830590820312,-5.12808084487915,4.100369453430176,-6.784943103790283
1788594232746382000,43.57838208007813,-5.1536688804626465,4.265868663787842,-6.926051616668701
1788594232756457700,43.588457763671876,-5.115062236785889,4.375029563903809,-7.213355541229248
1788594232766533600,43.59853369140625,-4.960860729217529,4.4992289543151855,-7.550040245056152
1788594232776610000,43.608610107421875,-4.999916076660156,4.597465991973877,-7.852607250213623
1788594232786659000,43.6186591796875,-4.891204357147217,4.632331371307373,-8.060604095458984
1788594232796760800,43.6287607421875,-4.761094570159912,4.752939224243164,-8.186972618103027
1788594232806837500,43.63883740234375,-4.525565147399902,4.825962543487549,-8.05499267578125
1788594232816922600,43.64892260742187,-4.254122257232666,4.901454448699951,-7.86966609954834
1788594232826989300,43.6589892578125,-3.716848611831665,5.027075290679932,-7.767239093780518
1788594232837065500,43.6690654296875,-3.4302923679351807,5.172972202301025,-7.603984832763672
1788594232847141600,43.6791416015625,-3.9107041358947754,5.298218727111816,-7.4462666511535645
1788594232857216800,43.689216796875,-4.413711071014404,5.41141939163208,-7.292140007019043
1788594232867293200,43.69929321289062,-4.31023645401001,5.476212501525879,-7.041496753692627
1788594232877369300,43.70936938476562,-4.089670658111572,5.44650936126709,-6.924255847930908
1788594232887444200,43.7194443359375,-3.7025580406188965,5.417105674743652,-6.959345817565918
1788594232897520600,43.729520751953125,-3.2128689289093018,5.399074554443359,-6.851232528686523
1788594232907597600,43.73959765625,-3.1266777515411377,5.418153285980225,-6.788235187530518
1788594232917673000,43.7496728515625,-3.0374937057495117,5.498359203338623,-6.764293193817139
1788594232927748600,43.75974853515625,-3.1408934593200684,5.5948004722595215,-6.76810884475708
1788594232937824800,43.76982470703125,-2.972551107406616,5.759326934814453,-6.816890716552734
1788594232947900400,43.779900390625,-3.0218565464019775,6.0527663230896,-7.0061821937561035
1788594232957965300,43.78996533203125,-3.104381799697876,6.313734531402588,-7.1716814041137695
1788594232968052500,43.80005249023438,-2.8029367923736572,6.46284818649292,-7.142202854156494
1788594232978128600,43.81012866210938,-2.645742416381836,6.561833381652832,-6.9908447265625
1788594232988178200,43.82017822265625,-2.9351415634155273,6.562057971954346,-6.784344673156738
1788594232998280200,43.8302802734375,-2.946289539337158,6.447136402130127,-6.511480331420898
1788594233008356000,43.84035620117187,-2.6103532314300537,6.351891994476318,-6.3389482498168945
1788594233018431500,43.850431396484375,-2.1151275634765625,6.355408191680908,-6.2107086181640625
1788594233028508400,43.86050830078125,-1.925162672996521,6.466439723968506,-6.066383361816406
1788594233038584300,43.870584228515625,-2.0410568714141846,6.588094711303711,-5.888613700866699
1788594233048660000,43.88065991210937,-2.406172752380371,6.778433799743652,-5.764489650726318
1788594233058735400,43.8907353515625,-2.4007108211517334,6.934356212615967,-5.682188987731934
1788594233068811000,43.90081103515625,-1.8721909523010254,7.039027690887451,-5.450923919677734
1788594233078888200,43.91088818359375,-1.3716530799865723,7.079878807067871,-5.158905982971191
1788594233088963000,43.92096313476563,-1.3530980348587036,7.124246597290039,-4.9438018798828125
1788594233099039200,43.93103930664063,-1.9335423707962036,7.088482856750488,-4.679093360900879
1788594233109115600,43.94111572265625,-2.373551607131958,7.043217658996582,-4.558260917663574
1788594233119165200,43.951165283203125,-2.6348190307617188,7.05025053024292,-4.718372821807861
1788594233129267700,43.961267822265626,-2.549450635910034,7.140481948852539,-5.000065803527832
1788594233139343000,43.97134301757813,-2.1827638149261475,7.234005451202393,-5.090147495269775
1788594233149419800,43.98141967773437,-1.7804630994796753,7.273659706115723,-4.846687316894531
1788594233159496000,43.99149584960937,-1.2961609363555908,7.4018988609313965,-4.588786602020264
1788594233169571600,44.001571533203126,-1.0570400953292847,7.639822959899902,-4.472668170928955
1788594233179655200,44.0116552734375,-1.0164883136749268,7.960346698760986,-4.295646667480469
1788594233189697300,44.021697265625,-1.0741735696792603,8.309301376342773,-4.132466793060303
1788594233199773200,44.03177319335938,-1.250596284866333,8.658406257629395,-4.079794406890869
1788594233209849900,44.04184985351562,-1.417292594909668,8.848146438598633,-3.928959846496582
1788594233219950000,44.0519501953125,-1.7952772378921509,8.861538887023926,-3.757026195526123
1788594233230027000,44.062027099609374,-1.8763808012008667,8.69873332977295,-3.9664440155029297
1788594233240102400,44.072102294921876,-1.6760908365249634,8.47210693359375,-4.116455554962158
1788594233250178600,44.082178466796876,-1.2423661947250366,8.248024940490723,-3.9187095165252686
1788594233260254000,44.09225390625,-1.2012158632278442,8.135871887207031,-3.687818765640259
1788594233270330600,44.10233056640625,-1.4600889682769775,8.154650688171387,-3.5721490383148193
1788594233280406800,44.11240673828125,-1.4593408107757568,8.308104515075684,-3.4519898891448975
1788594233290481700,44.122481689453124,-1.3832499980926514,8.432153701782227,-3.3668460845947266
1788594233300558600,44.13255859375,-1.3667899370193481,8.475249290466309,-3.3027265071868896
1788594233310634000,44.14263403320312,-1.1018564701080322,8.380304336547852,-3.2469115257263184
1788594233320695600,44.15269555664062,-0.7165396809577942,8.106842041015625,-2.9824271202087402
1788594233330786800,44.162786865234374,-0.5428104400634766,7.871910572052002,-2.9460651874542236
1788594233340861700,44.17286181640625,-0.530614972114563,7.6402716636657715,-2.956913948059082
1788594233350937600,44.1829375,-0.480935275554657,7.3751139640808105,-2.917858600616455
1788594233361014500,44.1930146484375,-0.3973626494407654,7.228244781494141,-2.8819453716278076
1788594233371090400,44.20309033203125,-0.34596213698387146,7.259294509887695,-2.8389995098114014
1788594233381166600,44.21316650390625,-0.26568156480789185,7.356558799743652,-2.6785879135131836
1788594233391216000,44.223216064453126,-0.030151978135108948,7.70738410949707,-2.6752212047576904
1788594233401317600,44.233317626953124,0.09023147821426392,8.100931167602539,-2.69991135597229
1788594233411394300,44.243394287109375,-0.003142389701679349,8.473453521728516,-2.7382185459136963
1788594233421469000,44.253468994140626,-0.16317981481552124,8.821810722351074,-2.7537059783935547
1788594233431545300,44.26354541015625,-0.3860650360584259,9.113529205322266,-2.727444648742676
1788594233441621000,44.27362109375,-0.5714660286903381,9.363423347473145,-2.682478666305542
1788594233451698000,44.283697998046875,-0.6039373874664307,9.508273124694824,-2.5311200618743896
1788594233461772500,44.2937724609375,-0.578947901725769,9.542240142822266,-2.3995885848999023
1788594233471850000,44.30385009765625,-0.45190557837486267,9.518523216247559,-2.3512556552886963
1788594233481899000,44.31389892578125,-0.17642274498939514,9.429862976074219,-2.3289597034454346
1788594233492001000,44.3240009765625,0.15105916559696198,9.290924072265625,-2.2557120323181152
1788594233502077700,44.33407763671875,0.43185412883758545,9.137545585632324,-2.205059766769409
1788594233512153600,44.34415356445312,0.5163993835449219,8.976759910583496,-2.2288520336151123
1788594233522228500,44.354228515625,0.4623053967952728,8.833332061767578,-2.2521207332611084
1788594233532305400,44.36430541992188,0.3238905966281891,8.770933151245117,-2.294917106628418
1788594233542370300,44.374370361328126,0.0867898091673851,8.828768730163574,-2.2927474975585938
1788594233552456400,44.38445654296875,-0.08626607805490494,8.971522331237793,-2.3104045391082764
1788594233562533600,44.39453369140625,-0.21420623362064362,9.201366424560547,-2.261024236679077
1788594233572609500,44.40460961914062,-0.17223288118839264,9.3782377243042,-2.245910882949829
1788594233582685000,44.414684814453125,0.1289876103401184,9.533486366271973,-2.260575294494629
1788594233592759800,44.424759765625,0.4406079351902008,9.592967987060547,-2.219649314880371
1788594233602837000,44.4348369140625,0.5985504388809204,9.585037231445312,-2.192864418029785
1788594233612913000,44.44491284179688,0.6893056035041809,9.56049633026123,-2.229151487350464
1788594233622988500,44.454988525390625,0.6925228238105774,9.52129077911377,-2.2818238735198975
1788594233633065000,44.46506494140625,0.6772598028182983,9.460389137268066,-2.301201820373535
1788594233643114500,44.47511450195312,0.7229741215705872,9.403302192687988,-2.317138433456421
1788594233653194500,44.48519458007812,0.6640917062759399,9.332149505615234,-2.2230162620544434
1788594233663292400,44.49529248046875,0.491784006357193,9.278279304504395,-2.103231430053711
1788594233673368300,44.505368408203125,0.22520460188388824,9.30117416381836,-2.0925323963165283
1788594233683443500,44.515443359375,0.028805239126086235,9.367388725280762,-2.097395420074463
1788594233693520000,44.52551977539063,-0.05214870721101761,9.485527992248535,-2.131063938140869
1788594233703596300,44.53559619140625,-0.10437223315238953,9.614590644836426,-2.170867681503296
1788594233713672400,44.54567236328125,0,9.709535598754883,-2.214935779571533
1788594233723747600,44.55574755859375,0.15569792687892914,9.687164306640625,-2.166677713394165
1788594233733824500,44.565824462890625,0.2638859152793884,9.621623039245605,-2.116100311279297
1788594233743899100,44.575899169921875,0.4365677237510681,9.571643829345703,-2.0406079292297363
1788594233753975300,44.585975341796875,0.5618892312049866,9.552116394042969,-2.097320795059204
1788594233764052200,44.59605224609375,0.6429179906845093,9.514781951904297,-2.2064812183380127
1788594233774127900,44.6061279296875,0.6928969621658325,9.484331130981445,-2.2880337238311768
1788594233784202200,44.6162021484375,0.7760206460952759,9.463306427001953,-2.344447135925293
1788594233794254600,44.626254638671874,0.8057985305786133,9.442132949829102,-2.387692451477051
1788594233804355300,44.636355224609375,0.7220014333724976,9.444452285766602,-2.421959400177002
1788594233814405400,44.6464052734375,0.5629366636276245,9.455974578857422,-2.449941635131836
1788594233824512800,44.6565126953125,0.4588637053966522,9.434276580810547,-2.4950573444366455
1788594233834557400,44.66655737304688,0.42931029200553894,9.38048267364502,-2.502389669418335
1788594233844633600,44.67663354492188,0.38793548941612244,9.339481353759766,-2.4606409072875977
1788594233854710000,44.6867099609375,0.31551089882850647,9.305588722229004,-2.4187421798706055
1788594233864785700,44.69678564453125,0.26396074891090393,9.326388359069824,-2.333523750305176
1788594233874861300,44.706861328125,0.32763153314590454,9.450812339782715,-2.3343467712402344
1788594233884937500,44.7169375,0.4189853072166443,9.578752517700195,-2.2958149909973145
1788594233895013000,44.72701318359375,0.4292354881763458,9.665916442871094,-2.2822728157043457
1788594233905091000,44.737091064453125,0.42669162154197693,9.66845989227295,-2.3145196437835693
1788594233915165400,44.74716552734375,0.3900304138660431,9.599177360534668,-2.338611364364624
1788594233925267000,44.75726684570313,0.3865887522697449,9.529072761535645,-2.4093899726867676
1788594233935343000,44.76734301757813,0.40611645579338074,9.455151557922363,-2.4241292476654053
1788594233945396000,44.77739599609375,0.5167734622955322,9.39088249206543,-2.3855974674224854
1788594233955495200,44.7874951171875,0.6369324922561646,9.315913200378418,-2.3493852615356445
1788594233965570800,44.79757080078125,0.6804022192955017,9.288230895996094,-2.2840683460235596
1788594233975647000,44.80764697265625,0.6345382928848267,9.377564430236816,-2.2607250213623047
1788594233985700000,44.8177001953125,0.553509533405304,9.511190414428711,-2.288407802581787
1788594233995799000,44.82779907226563,0.4444985091686249,9.559747695922852,-2.2841432094573975
1788594234005874400,44.83787451171875,0.3703530728816986,9.58436393737793,-2.2538416385650635
1788594234015924500,44.84792456054687,0.33189621567726135,9.62843132019043,-2.253467559814453
1788594234026026500,44.85802661132813,0.328230082988739,9.67766284942627,-2.2619221210479736
1788594234036103000,44.86810302734375,0.36152446269989014,9.666065216064453,-2.3015761375427246
1788594234046178300,44.87817822265625,0.4382137358188629,9.610400199890137,-2.346317768096924
1788594234056254200,44.88825415039062,0.4969464838504791,9.547553062438965,-2.3850739002227783
1788594234066329900,44.89832983398438,0.5043535232543945,9.49271011352539,-2.405648946762085
1788594234076406800,44.90840673828125,0.474500834941864,9.48193645477295,-2.425924777984619
1788594234086482700,44.91848266601563,0.41464582085609436,9.494880676269531,-2.4256255626678467
1788594234096558000,44.92855810546875,0.318054735660553,9.478943824768066,-2.4157495498657227
1788594234106634000,44.93863403320312,0.24944588541984558,9.470115661621094,-2.395099639892578
1788594234116709600,44.94870971679688,0.2709188759326935,9.452458381652832,-2.4262988567352295
1788594234126786000,44.9587861328125,0.2860322892665863,9.46719741821289,-2.4967033863067627
1788594234136862000,44.968862060546876,0.30608370900154114,9.461660385131836,-2.560149908065796
1788594234146937300,44.97893725585938,0.2604442536830902,9.44759464263916,-2.6435728073120117
1788594234157014000,44.98901391601562,0.23508067429065704,9.447744369506836,-2.691232442855835
1788594234167089000,44.9990888671875,0.276754766702652,9.463531494140625,-2.703278064727783
1788594234177166300,45.00916625976563,0.36997899413108826,9.46143627166748,-2.697666883468628
1788594234187225000,45.01922509765625,0.4165911078453064,9.449166297912598,-2.649782657623291
1788594234197293300,45.02929321289062,0.45654433965682983,9.422679901123047,-2.5831940174102783
1788594234207393300,45.03939331054688,0.4305822253227234,9.413851737976074,-2.519897222518921
1788594234217469200,45.04946923828125,0.3924994468688965,9.417143821716309,-2.4815151691436768
1788594234227545300,45.05954541015625,0.35913026332855225,9.425224304199219,-2.453907012939453
1788594234237621800,45.069621826171876,0.36152446269989014,9.425224304199219,-2.453907012939453
1788594234247696600,45.079696533203126,0.34835633635520935,9.426421165466309,-2.457423686981201
1788594234257747200,45.08974731445313,0.3148375153541565,9.418041229248047,-2.4764275550842285
1788594234267848400,45.09984838867187,0.26897358894348145,9.446621894836426,-2.499920606613159
1788594234277925000,45.109925048828124,0.2926163375377655,9.488446235656738,-2.4950573444366455
1788594234288001000,45.1200009765625,0.34858080744743347,9.53273868560791,-2.4699182510375977
1788594234298076700,45.13007666015625,0.3808276951313019,9.559000015258789,-2.440065622329712
1788594234308152800,45.14015283203125,0.3834463655948639,9.546878814697266,-2.4031050205230713
1788594234318206500,45.15020654296875,0.34685996174812317,9.522488594055176,-2.3445968627929688
1788594234328305000,45.160304931640624,0.3158849775791168,9.511565208435059,-2.3266403675079346
1788594234338380800,45.170380859375,0.3304746448993683,9.498321533203125,-2.2969372272491455
1788594234348458200,45.18045825195313,0.3446902334690094,9.499967575073242,-2.3023242950439453
1788594234358533000,45.190533203125,0.3398270010948181,9.490540504455566,-2.332251787185669
1788594234368608000,45.20060791015625,0.36743512749671936,9.452532768249512,-2.3564181327819824
1788594234378684700,45.2106845703125,0.35666123032569885,9.444228172302246,-2.3778913021087646
1788594234388759600,45.220759521484375,0.3420715630054474,9.4729585647583,-2.3884406089782715
1788594234398836200,45.230836181640626,0.3357867896556854,9.514781951904297,-2.3977181911468506
1788594234408912600,45.24091259765625,0.34424132108688354,9.526528358459473,-2.3594858646392822
1788594234418987300,45.2509873046875,0.3719242811203003,9.511040687561035,-2.3501334190368652
1788594234429064400,45.261064453125,0.38726213574409485,9.497723579406738,-2.3131728172302246
1788594234439140600,45.271140625,0.4340238869190216,9.4799165725708,-2.3038954734802246
1788594234449215700,45.2812158203125,0.43514615297317505,9.493084907531738,-2.3038206100463867
1788594234459291100,45.291291015625,0.3800047039985657,9.513211250305176,-2.314220428466797
1788594234469367600,45.30136743164063,0.3068319261074066,9.544111251831055,-2.328136682510376
1788594234479445000,45.311445068359376,0.2614169120788574,9.548674583435059,-2.3255181312561035
1788594234489494800,45.32149487304687,0.2709188759326935,9.544035911560059,-2.3434746265411377
1788594234499596000,45.331595947265626,0.29732993245124817,9.527426719665527,-2.347290277481079
1788594234509672400,45.34167236328125,0.2999485731124878,9.532439231872559,-2.376020669937134
1788594234519724000,45.35172412109375,0.32014966011047363,9.530269622802734,-2.4035539627075195
1788594234529823700,45.36182373046875,0.33833062648773193,9.488520622253418,-2.408641815185547
1788594234539899600,45.37189965820313,0.3470095992088318,9.431283950805664,-2.416123628616333
1788594234549974800,45.38197485351562,0.35673606395721436,9.406294822692871,-2.4234559535980225
1788594234560052000,45.392052001953125,0.3874865770339966,9.430386543273926,-2.4461259841918945
1788594234570127400,45.40212744140625,0.41105449199676514,9.479467391967773,-2.4495675563812256
1788594234580203800,45.41220385742187,0.4011036157608032,9.5130615234375,-2.4875755310058594
1788594234590279000,45.42227880859375,0.4026747941970825,9.512986183166504,-2.4921395778656006
1788594234600355000,45.43235498046875,0.39706337451934814,9.471013069152832,-2.469619035720825
1788594234610431200,45.44243115234375,0.37828385829925537,9.433828353881836,-2.44709849357605
1788594234620506000,45.452506103515624,0.38209962844848633,9.413402557373047,-2.4257004261016846
1788594234630583600,45.46258349609375,0.3819499909877777,9.43375301361084,-2.4327332973480225
1788594234640659200,45.4726591796875,0.3660135865211487,9.483956336975098,-2.453907012939453
1788594234650746400,45.482746337890624,0.36571431159973145,9.512762069702148,-2.4764275550842285
1788594234660811000,45.49281103515625,0.33099839091300964,9.5316162109375,-2.4571242332458496
1788594234670886400,45.502886474609376,0.3348141312599182,9.537601470947266,-2.444031000137329
1788594234680940300,45.512940185546874,0.3529951274394989,9.503035545349121,-2.439467191696167
1788594234691020800,45.523020751953126,0.34858080744743347,9.455151557922363,-2.428992509841919
1788594234701114600,45.53311450195312,0.3415478467941284,9.420510292053223,-2.439915895462036
1788594234711191300,45.54319140625,0.3415478467941284,9.409960746765137,-2.466177463531494
1788594234721266200,45.55326611328125,0.3866635859012604,9.431733131408691,-2.486528158187866
1788594234731343400,45.56334326171875,0.4391115605831146,9.445125579833984,-2.505831241607666
1788594234741419000,45.5734189453125,0.4076128304004669,9.48694896697998,-2.529324531555176
1788594234751494000,45.58349389648438,0.36908116936683655,9.509469985961914,-2.5254337787628174
1788594234761570800,45.59357080078125,0.3718494474887848,9.496002197265625,-2.4670004844665527
1788594234771646000,45.60364599609375,0.3949684500694275,9.463605880737305,-2.4147019386291504
1788594234781722600,45.61372265625,0.40357261896133423,9.453804969787598,-2.370633840560913
1788594234791797500,45.62379760742188,0.39534255862236023,9.454852104187012,-2.350283145904541
1788594234801874400,45.63387451171875,0.3809025287628174,9.481039047241211,-2.335768222808838
1788594234811950300,45.64395043945313,0.3686322569847107,9.521590232849121,-2.341529369354248
1788594234822025500,45.654025390625,0.31932663917541504,9.571569442749023,-2.339883327484131
1788594234832102400,45.664102294921875,0.306682288646698,9.595511436462402,-2.332700729370117
1788594234842178600,45.674178466796874,0.33092355728149414,9.570372581481934,-2.299481153488159
1788594234852228000,45.68422802734375,0.3480570614337921,9.510592460632324,-2.290278434753418
1788594234862330400,45.69433032226563,0.35920506715774536,9.459266662597656,-2.276287317276001
1788594234872406000,45.704406005859376,0.35913026332855225,9.45103645324707,-2.3085341453552246
1788594234882481200,45.71448120117188,0.3793313205242157,9.455974578857422,-2.3288848400115967
1788594234892558300,45.724558349609374,0.3753659427165985,9.490765571594238,-2.3621792793273926
1788594234902634200,45.73463427734375,0.3273322582244873,9.50034236907959,-2.392929792404175
1788594234912710100,45.74471020507813,0.30623334646224976,9.50393295288086,-2.4013094902038574
1788594234922785000,45.75478491210937,0.2917933464050293,9.511116027832031,-2.408417224884033
1788594234932861700,45.76486181640625,0.28715455532073975,9.50266170501709,-2.392929792404175
1788594234942937900,45.77493774414062,0.30047231912612915,9.48231029510498,-2.3727285861968994
1788594234953013800,45.785013671875,0.3496282696723938,9.471686363220215,-2.3622541427612305
1788594234963063800,45.795063720703126,0.3124433159828186,9.496601104736328,-2.36075758934021
1788594234973165800,45.805165771484376,0.29201778769493103,9.515604972839355,-2.3558197021484375
1788594234983215900,45.8152158203125,0.27151742577552795,9.533561706542969,-2.374748706817627
1788594234993316900,45.82531689453125,0.29560908675193787,9.537227630615234,-2.403254747390747
1788594235003393000,45.83539306640625,0.28131869435310364,9.507450103759766,-2.426074504852295
1788594235013456000,45.84545581054687,0.28393736481666565,9.46338176727295,-2.4465749263763428
1788594235023545600,45.855545654296876,0.2851344645023346,9.438467025756836,-2.483759880065918
1788594235033621200,45.86562133789062,0.2825906276702881,9.42672061920166,-2.5195980072021484
1788594235043696400,45.8756962890625,0.256329208612442,9.40404987335205,-2.550647735595703
1788594235053772300,45.88577221679687,0.25251346826553345,9.42567253112793,-2.5672576427459717
1788594235063849200,45.89584912109375,0.27877485752105713,9.428141593933105,-2.5721209049224854
1788594235073925000,45.905925048828124,0.27720367908477783,9.427767753601074,-2.546607494354248
1788594235084000800,45.91600073242188,0.2785504162311554,9.426421165466309,-2.5167548656463623
1788594235094076400,45.926076416015626,0.3001730442047119,9.433528900146484,-2.4893712997436523
1788594235104153000,45.93615307617188,0.3312228322029114,9.44071102142334,-2.470367193222046
1788594235114202600,45.94620263671875,0.3026420474052429,9.432256698608398,-2.46789813041687
1788594235124329000,45.95632885742187,0.22954408824443817,9.47610092163086,-2.4601919651031494
1788594235134368300,45.9663681640625,0.16849194467067719,9.483133316040039,-2.4706664085388184
1788594235144439000,45.97643896484375,0.1900397539138794,9.49734878540039,-2.4361002445220947
1788594235154507000,45.98650708007813,0.20635025203227997,9.485452651977539,-2.416048765182495
1788594235164582400,45.99658251953125,0.24091655015945435,9.499893188476562,-2.413729429244995
1788594235174659600,46.00665966796875,0.24443303048610687,9.522562980651855,-2.4040777683258057
1788594235184734700,46.01673461914063,0.23844753205776215,9.520169258117676,-2.4136545658111572
1788594235194810400,46.026810302734376,0.24907179176807404,9.542913436889648,-2.4111855030059814
1788594235204886500,46.036886474609375,0.26089316606521606,9.54897403717041,-2.418368101119995
1788594235214967600,46.04696752929687,0.218171626329422,9.540295600891113,-2.38118314743042
1788594235225039400,46.057039306640625,0.20043957233428955,9.526902198791504,-2.358513116836548
1788594235235114000,46.067114013671876,0.232162743806839,9.503409385681152,-2.349684476852417
1788594235245216000,46.077216064453125,0.25498247146606445,9.483208656311035,-2.3582139015197754
1788594235255296300,46.087296142578126,0.23582886159420013,9.457097053527832,-2.3976433277130127
1788594235265342000,46.09734204101562,0.18652327358722687,9.47265911102295,-2.4403648376464844
1788594235275444000,46.10744384765625,0.16243162751197815,9.485827445983887,-2.4628853797912598
1788594235285519600,46.11751953125,0.19819501042366028,9.482460021972656,-2.4821887016296387
1788594235295596300,46.12759619140625,0.2281973510980606,9.478869438171387,-2.4631845951080322
1788594235305672000,46.137671875,0.2091933786869049,9.463306427001953,-2.4619874954223633
1788594235315721200,46.14772119140625,0.20941783487796783,9.452383041381836,-2.436998128890991
1788594235325823700,46.15782373046875,0.21173721551895142,9.461885452270508,-2.4262242317199707
1788594235335899600,46.167899658203126,0.2406172752380371,9.452308654785156,-2.3953239917755127
1788594235345950200,46.1779501953125,0.23822307586669922,9.452308654785156,-2.4013094902038574
1788594235356052000,46.188052001953125,0.20949265360832214,9.467720985412598,-2.3915083408355713
1788594235366127600,46.19812768554687,0.1818845123052597,9.496227264404297,-2.385298252105713
1788594235376203500,46.20820361328125,0.160261869430542,9.510442733764648,-2.385148525238037
1788594235386256100,46.21825610351563,0.17320552468299866,9.543961524963379,-2.3790884017944336
1788594235396355600,46.22835546875,0.22363340854644775,9.52578067779541,-2.3644237518310547
1788594235406431500,46.23843139648437,0.25251346826553345,9.492411613464355,-2.368314504623413
1788594235416507100,46.24850708007813,0.20014029741287231,9.47191047668457,-2.355071544647217
1788594235426583300,46.25858325195313,0.12240356206893921,9.476400375366211,-2.367865562438965
1788594235436633300,46.26863330078125,0.09247604012489319,9.488296508789062,-2.367715835571289
1788594235446734800,46.27873486328125,0.12225392460823059,9.493234634399414,-2.3797616958618164
1788594235456811300,46.28881127929687,0.15345336496829987,9.4706392288208,-2.3728034496307373
1788594235466887400,46.29888745117187,0.1702875941991806,9.456348419189453,-2.3813328742980957
1788594235476962600,46.308962646484375,0.19737200438976288,9.425298690795898,-2.375422239303589
1788594235487038700,46.319038818359374,0.2056768834590912,9.419387817382812,-2.3814826011657715
1788594235497115000,46.32911499023437,0.19602526724338531,9.438467025756836,-2.3825299739837646
1788594235507190800,46.33919067382813,0.09285013377666473,9.478869438171387,-2.4141783714294434
1788594235517240800,46.34924072265625,0.04953004792332649,9.530119895935059,-2.418517827987671
1788594235527342300,46.35934228515625,0.09135375916957855,9.523086547851562,-2.4234559535980225
1788594235537419000,46.3694189453125,0.11806406825780869,9.463456153869629,-2.419116258621216
1788594235547499000,46.3794990234375,0.13033436238765717,9.402628898620605,-2.426598310470581
1788594235557570600,46.38957055664063,0.09359832108020782,9.333046913146973,-2.4064719676971436
1788594235567646000,46.39964599609375,0.09868600219488144,9.292495727539062,-2.409090757369995
1788594235577722600,46.40972265625,0.1379658728837967,9.292719841003418,-2.4343793392181396
1788594235587797200,46.41979736328125,0.12584522366523743,9.307159423828125,-2.453308582305908
1788594235597874200,46.42987426757813,0.06950666755437851,9.34628963470459,-2.4385693073272705
1788594235607950000,46.4399501953125,0.05184943228960037,9.323395729064941,-2.417171001434326
1788594235618026500,46.45002661132813,0.14896424114704132,9.259350776672363,-2.4298155307769775
1788594235628102400,46.460102294921874,0.2296937257051468,9.181763648986816,-2.39465069770813
1788594235638178300,46.47017822265625,0.23238719999790192,9.122431755065918,-2.3932290077209473
1788594235648254000,46.48025390625,0.12532149255275726,9.04439640045166,-2.399139642715454
1788594235658330400,46.49033032226563,0.00613514194265008,8.971372604370117,-2.4432828426361084
1788594235668406000,46.500406005859375,-0.027308862656354904,8.916680335998535,-2.522216558456421
1788594235678492400,46.51049243164063,0.014514847658574581,8.877699851989746,-2.5727193355560303
1788594235688558300,46.520558349609374,0.0859668031334877,8.872312545776367,-2.63631534576416
1788594235698633700,46.5306337890625,0.07706336677074432,8.90613079071045,-2.7077672481536865
1788594235708710000,46.5407099609375,0.01586158573627472,8.9203462600708,-2.736048698425293
1788594235718785000,46.55078491210938,-0.1992424726486206,8.954314231872559,-2.8026375770568848
1788594235728861700,46.56086181640625,-0.303390234708786,8.962470054626465,-2.841618061065674
1788594235738937900,46.57093774414062,-0.16819266974925995,8.931868553161621,-2.8422915935516357
1788594235749012700,46.5810126953125,-0.09299977123737335,8.931045532226562,-2.8556840419769287
1788594235759090000,46.59108984375,-0.21996727585792542,8.967782020568848,-2.8824691772460938
1788594235769165800,46.601165771484375,-0.3809025287628174,9.045219421386719,-2.9542951583862305
1788594235779241700,46.61124169921875,-0.47143328189849854,9.145476341247559,-3.001206636428833
1788594235789317400,46.6213173828125,-0.4967220425605774,9.187150001525879,-2.9961190223693848
1788594235799393300,46.631393310546876,-0.5101146101951599,9.18976879119873,-2.9822027683258057
1788594235809470000,46.64146997070313,-0.5062240362167358,9.160964012145996,-2.9561657905578613
1788594235819545300,46.65154541015625,-0.4637269377708435,9.085620880126953,-2.91845703125
1788594235829621800,46.661621826171874,-0.5414636731147766,8.929923057556152,-2.8879308700561523
1788594235839697700,46.67169775390625,-0.6503250598907471,8.767043113708496,-2.8871827125549316
1788594235849747200,46.681747314453126,-0.8111106157302856,8.630722999572754,-2.973224401473999
1788594235859849200,46.69184912109375,-1.0162638425827026,8.544157981872559,-3.011082649230957
1788594235869925000,46.70192504882812,-1.1965770721435547,8.49597454071045,-3.054851770401001
1788594235880000000,46.712,-1.2087725400924683,8.430133819580078,-3.0597150325775146
1788594235890077400,46.72207739257812,-0.9722703695297241,8.343194007873535,-2.945317029953003
1788594235900152600,46.732152587890624,-0.6220435500144958,8.225579261779785,-2.81475830078125
1788594235910203400,46.742203369140626,-0.5505167245864868,8.063371658325195,-2.818274736404419
1788594235920304000,46.75230419921875,-0.5399672985076904,7.902212142944336,-2.828674554824829
1788594235930381000,46.76238110351562,-0.4412064850330353,7.8448262214660645,-2.7469723224639893
1788594235940457000,46.77245703125,-0.568772554397583,7.814374923706055,-2.720411777496338
1788594235950532400,46.782532470703124,-0.8129063248634338,7.861361503601074,-2.741884708404541
1788594235960609000,46.792609130859375,-0.7356932759284973,8.03538990020752,-2.8215668201446533
1788594235970684000,46.802683837890626,-0.54692542552948,8.309151649475098,-2.958111047744751
1788594235980760800,46.8127607421875,-0.7198317050933838,8.585981369018555,-3.021707057952881
1788594235990836500,46.82283642578125,-1.258227825164795,8.797344207763672,-3.146280288696289
1788594236000912400,46.832912353515624,-1.6063597202301025,9.074323654174805,-3.359588623046875
1788594236010962200,46.84296215820312,-1.7553987503051758,9.239748001098633,-3.5778350830078125
1788594236021064000,46.85306396484375,-1.9215713739395142,9.277457237243652,-3.818153142929077
1788594236031140400,46.86314038085938,-2.0498855113983154,9.18505573272705,-4.0569748878479
1788594236041216500,46.87321655273438,-1.9302502870559692,8.871415138244629,-4.3179426193237305
1788594236051291400,46.88329150390625,-1.703399658203125,8.588899612426758,-4.506560802459717
1788594236061368000,46.8933681640625,-1.117119550704956,8.436119079589844,-4.79970121383667
1788594236071443200,46.903443115234374,-0.8512883186340332,8.359729766845703,-5.303830146789551
1788594236081519000,46.91351904296875,-1.3798084259033203,8.29089641571045,-5.760599136352539
1788594236091596500,46.92359643554688,-2.415599822998047,8.237401008605957,-6.069675445556641
1788594236101672400,46.93367236328125,-3.093981981277466,8.08851146697998,-5.9496660232543945
1788594236111747800,46.94374780273437,-3.032106876373291,7.929820537567139,-5.7095723152160645
1788594236121822700,46.95382275390625,-2.5007436275482178,7.8203606605529785,-5.42563533782959
1788594236131900200,46.96390014648438,-1.7485902309417725,7.721375465393066,-5.156811237335205
1788594236141949700,46.97394970703125,-1.1162216663360596,7.663914680480957,-4.92075777053833
1788594236152051700,46.9840517578125,-1.0529998540878296,7.6356329917907715,-4.7241339683532715
1788594236162128000,46.9941279296875,-1.606958270072937,7.641394138336182,-4.6145243644714355
1788594236172203300,47.004203369140626,-2.1723639965057373,7.60637903213501,-4.710442066192627
1788594236182259500,47.01425952148438,-2.3423521518707275,7.574131965637207,-4.831723690032959
1788594236192355800,47.02435595703125,-2.176703453063965,7.5563249588012695,-4.959064960479736
1788594236202431500,47.03443139648437,-1.7892168760299683,7.504176139831543,-4.993107795715332
1788594236212481300,47.04448120117188,-1.5682768821716309,7.36860466003418,-4.956446647644043
1788594236222583000,47.0545830078125,-1.7602620124816895,7.195324420928955,-4.849156379699707
1788594236232659500,47.064659423828125,-2.2166566848754883,7.031022071838379,-4.811223030090332
1788594236242735600,47.074735595703125,-2.576310634613037,6.922983646392822,-4.965649127960205
1788594236252811500,47.0848115234375,-2.599130392074585,6.799831867218018,-5.17746114730835
1788594236262887400,47.09488745117188,-2.751685857772827,6.691120147705078,-5.510554313659668
1788594236272962800,47.104962890625,-3.1354315280914307,6.620192050933838,-5.914201736450195
1788594236283038500,47.11503857421875,-3.470919132232666,6.59004020690918,-6.33565616607666
1788594236293115100,47.125115234375,-3.242422580718994,6.664335250854492,-6.683563709259033
1788594236303191000,47.13519091796875,-2.9671640396118164,6.718429088592529,-6.783446788787842
1788594236313267200,47.14526708984375,-2.6426000595092773,6.817265033721924,-6.722095489501953
1788594236323341800,47.155341796875,-2.7601404190063477,6.8658223152160645,-6.490905284881592
1788594236333419000,47.1654189453125,-2.9403040409088135,6.741398811340332,-6.357203960418701
1788594236343468500,47.17546850585938,-2.3860464096069336,6.7387800216674805,-6.3867573738098145
1788594236353570600,47.18557055664063,-2.337414264678955,6.662165641784668,-6.322862148284912
1788594236363647000,47.19564697265625,-3.0188639163970947,6.469432353973389,-6.280514717102051
1788594236373722400,47.205722412109374,-3.634547710418701,6.307300090789795,-6.313584804534912
1788594236383772000,47.21577197265625,-3.772887706756592,5.975403785705566,-6.210933208465576
1788594236393849000,47.22584912109375,-2.9011738300323486,5.6122331619262695,-6.058602333068848
1788594236403925200,47.23592529296875,-2.319382905960083,5.2643256187438965,-6.050671577453613
1788594236414026800,47.24602685546875,-2.5540895462036133,4.97432804107666,-6.042964935302734
1788594236424102100,47.25610205078125,-2.842590808868408,4.905045986175537,-6.005181789398193
1788594236434174500,47.26617456054687,-3.350759983062744,4.889184474945068,-5.849334239959717
1788594236444228000,47.27622802734375,-3.339163064956665,5.025279521942139,-6.037353515625
1788594236454329600,47.28632958984375,-3.0131776332855225,5.033734321594238,-6.067206382751465
1788594236464383200,47.29638330078125,-3.1075990200042725,5.037026405334473,-6.072817802429199
1788594236474505700,47.30650561523437,-4.72607946395874,4.9240498542785645,-6.376357555389404
1788594236484533000,47.316532958984375,-5.303979873657227,4.6227545738220215,-6.726734161376953
1788594236494623000,47.326623046875,-4.455684185028076,4.400542736053467,-7.041571617126465
1788594236504684500,47.3366845703125,-4.530203819274902,4.239532470703125,-7.3704752922058105
1788594236514760700,47.3467607421875,-4.642955780029297,4.153191566467285,-7.848043441772461
1788594236524836600,47.356836669921876,-4.16800594329834,4.154388904571533,-8.170063972473145
1788594236534923300,47.36692333984375,-4.362609386444092,4.257040023803711,-8.514978408813477
1788594236544994300,47.376994384765624,-4.740743637084961,4.343081951141357,-8.781707763671875
1788594236555064000,47.38706396484375,-4.7812957763671875,4.268113613128662,-8.871489524841309
1788594236565165800,47.397165771484374,-4.695104122161865,4.046275615692139,-8.882563591003418
1788594236575257300,47.40725732421875,-4.281506061553955,3.7508163452148438,-8.737639427185059
1788594236585291800,47.41729174804688,-4.71111536026001,3.4661307334899902,-8.508244514465332
1788594236595394000,47.42739404296875,-5.115286827087402,3.3401358127593994,-8.22079086303711
1788594236605469700,47.4374697265625,-5.082964897155762,3.2735471725463867,-7.975833892822266
1788594236615545900,47.4475458984375,-4.6145243644714355,3.248931646347046,-7.734244346618652
1788594236625621500,47.45762158203125,-3.994725465774536,3.2620997428894043,-7.532382965087891
1788594236635697700,47.46769775390625,-3.852644681930542,3.310133457183838,-7.483750820159912
1788594236645747700,47.47774780273438,-4.639888286590576,3.3926587104797363,-7.596053600311279
1788594236655849700,47.487849609375,-5.604302406311035,3.3669958114624023,-7.9351325035095215
1788594236665925400,47.49792529296875,-5.688548564910889,3.2988357543945312,-8.43664264678955
1788594236676001800,47.508001708984374,-5.12576150894165,3.093383312225342,-8.721628189086914
1788594236686078200,47.518078125,-5.125387191772461,2.8253824710845947,-8.719982147216797
1788594236696153600,47.52815356445313,-5.8369140625,2.6749966144561768,-8.547300338745117
1788594236706229500,47.5382294921875,-5.993061065673828,2.5409960746765137,-8.398185729980469
1788594236716278800,47.54827880859375,-5.9397149085998535,2.3529765605926514,-8.491260528564453
1788594236726380800,47.558380859375,-5.664531707763672,2.1721394062042236,-8.667608261108398
1788594236736457500,47.56845751953125,-5.679570198059082,2.0922329425811768,-8.92580795288086
1788594236746532000,47.57853198242187,-5.862801551818848,2.132410764694214,-8.966733932495117
1788594236756609000,47.588609130859375,-5.888090133666992,2.188225507736206,-8.935310363769531
1788594236766684700,47.5986845703125,-5.783044338226318,2.2015433311462402,-8.888997077941895
1788594236776760800,47.6087607421875,-5.587767601013184,2.1980268955230713,-8.779911994934082
1788594236786837200,47.61883715820313,-5.522226333618164,2.0750246047973633,-8.735469818115234
1788594236796913200,47.6289130859375,-5.836315631866455,1.9726725816726685,-8.573561668395996
1788594236806988800,47.63898876953125,-5.906345844268799,1.9160346984863281,-8.295459747314453
1788594236817043700,47.64904370117188,-5.978695869445801,1.9945944547653198,-8.067935943603516
1788594236827140900,47.65914086914062,-6.218265533447266,2.1094412803649902,-8.030526161193848
1788594236837217000,47.66921704101563,-6.293084144592285,2.0908114910125732,-7.959897518157959
1788594236847266600,47.6792666015625,-6.121973514556885,1.9208979606628418,-7.789460182189941
1788594236857344500,47.68934448242187,-6.0749125480651855,1.6216226816177368,-7.862782955169678
1788594236867444500,47.69944458007812,-6.673313617706299,1.2168530225753784,-7.855450630187988
1788594236877494300,47.70949438476563,-6.630068302154541,0.7539491057395935,-7.9427642822265625
1788594236887596000,47.719595947265624,-6.375983715057373,0.369679719209671,-8.054393768310547
1788594236897672000,47.729671875,-6.49674129486084,0.11424831300973892,-8.175899505615234
1788594236907748600,47.73974853515625,-7.057957172393799,0.14851532876491547,-8.04459285736084
1788594236917823500,47.749823486328125,-7.10150146484375,0.25101709365844727,-8.028356552124023
1788594236927900000,47.75989990234375,-6.702717304229736,0.3131915032863617,-7.987804889678955
1788594236937975800,47.769975830078124,-6.438232898712158,0.26253917813301086,-7.716886043548584
1788594236948051500,47.78005151367187,-6.552780628204346,0.21787235140800476,-7.477839946746826
1788594236958128400,47.79012841796875,-6.864475727081299,0.1381155103445053,-7.288473606109619
1788594236968204300,47.80020434570312,-6.516268730163574,-0.058059390634298325,-7.457938194274902
1788594236978279700,47.81027978515625,-6.417208671569824,-0.2593219578266144,-7.503577709197998
1788594236988355800,47.82035595703125,-6.7218708992004395,-0.33997663855552673,-7.366734027862549
1788594236998431200,47.83043115234375,-6.586897850036621,-0.3785831332206726,-7.424718856811523
1788594237008507600,47.84050756835938,-6.525172233581543,-0.4131494164466858,-7.362245082855225
1788594237018584000,47.850583984375,-6.659172534942627,-0.3885340392589569,-7.356858253479004
1788594237028660000,47.86065991210938,-6.61892032623291,-0.42354923486709595,-7.490858554840088
1788594237038736400,47.870736328125,-6.912733554840088,-0.43768998980522156,-7.498190879821777
1788594237048814600,47.88081469726563,-7.005434036254883,-0.49320554733276367,-7.462277889251709
1788594237058888000,47.89088793945312,-6.825195789337158,-0.48400282859802246,-7.492804050445557
1788594237068964400,47.90096435546875,-7.08990478515625,-0.4925321936607361,-7.64221715927124
1788594237079038700,47.91103881835937,-7.1577653884887695,-0.4835539162158966,-7.582212448120117
1788594237089115600,47.92111572265625,-7.182530403137207,-0.5633856058120728,-7.46033239364624
1788594237099190800,47.93119067382813,-7.0492777824401855,-0.6714987754821777,-7.4888386726379395
1788594237109268000,47.94126806640625,-7.158139228820801,-0.722749650478363,-7.57944393157959
1788594237119343400,47.95134326171875,-7.295581340789795,-0.62458735704422,-7.72047758102417
1788594237129419800,47.961419677734376,-7.4036946296691895,-0.7204302549362183,-7.972467422485352
1788594237139496000,47.971495849609376,-7.35783052444458,-0.8417115211486816,-8.041300773620605
1788594237149571800,47.98157177734375,-7.559317588806152,-0.921169102191925,-8.066065788269043
1788594237159647500,47.9916474609375,-7.5575971603393555,-0.8527846932411194,-8.123003005981445
1788594237169723600,48.0017236328125,-7.563507556915283,-0.7574655413627625,-7.833678245544434
1788594237179798500,48.01179858398437,-7.389404296875,-0.7778910994529724,-7.6828436851501465
1788594237189875500,48.02187548828125,-7.3826704025268555,-0.6147860884666443,-7.8122053146362305
1788594237199950600,48.03195068359375,-7.477615833282471,-0.49238255620002747,-7.750255584716797
1788594237210025700,48.04202563476562,-7.471779823303223,-0.44337621331214905,-7.9852614402771
1788594237220102400,48.05210229492187,-7.471330642700195,-0.41038113832473755,-8.352770805358887
1788594237230179300,48.062179443359376,-7.6075758934021,-0.45355159044265747,-8.420557022094727
1788594237240255000,48.0722548828125,-7.808988094329834,-0.47973817586898804,-8.348281860351562
1788594237250330000,48.082330078125,-7.8378682136535645,-0.5269488096237183,-8.438214302062988
1788594237260407300,48.0924072265625,-8.223858833312988,-0.5306897759437561,-8.45467472076416
1788594237270483200,48.10248315429688,-8.220341682434082,-0.42504560947418213,-8.316858291625977
1788594237280558600,48.11255859375,-7.985710144042969,-0.38052842020988464,-8.678083419799805
1788594237290635000,48.122635009765624,-7.855600357055664,-0.2455553114414215,-9.034893989562988
1788594237300710000,48.1327099609375,-7.898621082305908,-0.09277531504631042,-8.816573143005371
1788594237310786800,48.14278686523438,-8.034043312072754,-0.14395137131214142,-8.725593566894531
1788594237320861700,48.15286181640625,-7.926154136657715,-0.1809118688106537,-8.436119079589844
1788594237330912800,48.162912841796874,-8.108412742614746,-0.1975964605808258,-8.341174125671387
1788594237341015000,48.17301513671875,-7.7504048347473145,-0.23253683745861053,-8.48123550415039
1788594237351089400,48.18308935546875,-7.711873531341553,-0.2313397377729416,-8.681973457336426
1788594237361166600,48.19316650390625,-7.84265661239624,-0.2537105679512024,-8.834380149841309
1788594237371242500,48.203242431640625,-7.623063564300537,-0.22415713965892792,-8.854131698608398
1788594237381317600,48.21331762695313,-7.449334144592285,-0.1611597090959549,-8.910619735717773
1788594237391394600,48.22339453125,-7.5604400634765625,-0.0011971008498221636,-8.954763412475586
1788594237401469200,48.23346923828125,-7.478139400482178,0.17702129483222961,-8.728436470031738
1788594237411542800,48.24354272460938,-7.29730224609375,0.37880760431289673,-8.349628448486328
1788594237421622500,48.25362255859375,-7.216497898101807,0.4563198685646057,-7.814674377441406
1788594237431698200,48.2636982421875,-7.2463507652282715,0.4272901713848114,-7.318027019500732
1788594237441774300,48.2737744140625,-6.8978447914123535,0.5689221620559692,-7.206397533416748
1788594237451850000,48.28385009765625,-7.015085697174072,0.7609072327613831,-7.22405481338501
1788594237461926400,48.29392651367188,-7.067608833312988,1.0053402185440063,-7.390900611877441
1788594237472002000,48.304001953125,-6.602235794067383,1.1513866186141968,-7.582960605621338
1788594237482077400,48.31407739257813,-6.849062919616699,1.2273277044296265,-7.8920369148254395
1788594237492153600,48.32415356445313,-6.935927391052246,1.2510452270507812,-8.162431716918945
1788594237502229500,48.3342294921875,-6.938695907592773,1.2384008169174194,-8.254459381103516
1788594237512311000,48.34431103515625,-6.739153861999512,1.2509703636169434,-8.245630264282227
1788594237522381000,48.35438110351563,-6.188487529754639,1.305363655090332,-8.203283309936523
1788594237532457500,48.36445751953125,-6.682965278625488,1.3934253454208374,-8.028955459594727
1788594237542558000,48.37455786132813,-6.82399845123291,1.455674648284912,-7.69735860824585
1788594237552609500,48.384609619140626,-6.376357555389404,1.5191209316253662,-7.42180061340332
1788594237562685700,48.394685791015625,-6.041992664337158,1.5465794801712036,-7.1769938468933105
1788594237572761600,48.40476171875,-5.6117095947265625,1.5111901760101318,-6.963984489440918
1788594237582836700,48.414836669921876,-5.86040735244751,1.4878467321395874,-6.785242557525635
1788594237592914000,48.42491381835937,-5.970765113830566,1.404723048210144,-6.731522560119629
1788594237602988800,48.43498876953125,-5.733514308929443,1.4370447397232056,-6.803872108459473
1788594237613065000,48.44506494140625,-5.605125427246094,1.5248072147369385,-6.824223041534424
1788594237623142000,48.455141845703125,-5.41291618347168,1.688286304473877,-6.875473976135254
1788594237633217300,48.46521728515625,-5.53973388671875,1.8873791694641113,-6.8966474533081055
1788594237643267800,48.47526782226562,-5.5329999923706055,2.133458137512207,-6.897769927978516
1788594237653369300,48.485369384765626,-5.214346885681152,2.3445968627929688,-6.8855743408203125
1788594237663445200,48.4954453125,-5.212401390075684,2.566958427429199,-6.925004005432129
1788594237673521200,48.50552124023437,-5.372289180755615,2.764554738998413,-7.119158744812012
1788594237683596300,48.51559619140625,-5.2527289390563965,2.9395558834075928,-7.3861870765686035
1788594237693673200,48.52567309570313,-5.026028156280518,3.180622100830078,-7.641244411468506
1788594237703749400,48.535749267578126,-4.822371006011963,3.3886184692382812,-7.752050876617432
1788594237713825300,48.5458251953125,-4.776133060455322,3.5434932708740234,-7.866000175476074
1788594237723901000,48.55590087890625,-4.6617350578308105,3.709291696548462,-7.963489055633545
1788594237733977300,48.56597729492187,-4.876764297485352,3.813663959503174,-7.9515180587768555
1788594237744052000,48.57605200195312,-5.110198974609375,3.8832454681396484,-7.94904899597168
1788594237754129200,48.586129150390626,-5.2049946784973145,3.966369152069092,-7.916053771972656
1788594237764200700,48.59620068359375,-5.012934684753418,4.063409328460693,-7.843479633331299
1788594237774254600,48.60625463867188,-4.381239414215088,4.16800594329834,-7.766565799713135
1788594237784355800,48.61635595703125,-4.35415506362915,4.288389205932617,-7.6967597007751465
1788594237794437600,48.626437744140624,-4.385653972625732,4.426280498504639,-7.584905624389648
1788594237804482800,48.63648291015625,-4.173467636108398,4.599560737609863,-7.453449249267578
1788594237814558500,48.64655834960938,-4.064531326293945,4.760346412658691,-7.270517349243164
1788594237824635000,48.656634765625,-4.2747721672058105,4.894721031188965,-7.069628715515137
1788594237834711000,48.6667109375,-4.308290958404541,5.0143561363220215,-6.906448841094971
1788594237844791300,48.67679125976562,-4.196362018585205,5.15509033203125,-6.792724132537842
1788594237854863000,48.686863037109376,-4.1105451583862305,5.328969478607178,-6.856619358062744
1788594237864942600,48.696942626953124,-3.891550302505493,5.522974491119385,-7.02361536026001
1788594237875018200,48.70701831054687,-3.630657196044922,5.720645904541016,-7.185971736907959
1788594237885141200,48.71714135742187,-3.406724452972412,5.897966384887695,-7.3482537269592285
1788594237895166700,48.727166748046876,-3.1086463928222656,6.0499982833862305,-7.409680366516113
1788594237905242000,48.7372421875,-3.0317327976226807,6.103119373321533,-7.239018440246582
1788594237915344100,48.74734423828125,-3.0975732803344727,6.069525718688965,-7.0371575355529785
1788594237925420000,48.757419921875,-3.082160711288452,5.980715751647949,-6.9409403800964355
1788594237935496400,48.76749633789063,-3.0597150325775146,5.954977989196777,-7.0307230949401855
1788594237945572400,48.777572265625,-2.9937996864318848,5.98834753036499,-7.191957473754883
1788594237955648000,48.78764794921875,-2.916810989379883,5.9822869300842285,-7.347505569458008
1788594237965724200,48.79772412109375,-2.955193042755127,5.964554786682129,-7.415515899658203
1788594237975800300,48.80780029296875,-2.9088802337646484,5.990217685699463,-7.48726749420166
1788594237985876500,48.81787646484375,-2.9583353996276855,5.897741794586182,-7.199813365936279
1788594237995952000,48.8279521484375,-3.1840639114379883,5.7718963623046875,-6.827065944671631
1788594238006027800,48.83802783203125,-3.2241666316986084,5.703437328338623,-6.549114227294922
1788594238016104000,48.84810400390625,-3.2024691104888916,5.76134729385376,-6.4210991859436035
1788594238026179800,48.85817993164063,-2.9718029499053955,5.848660469055176,-6.2830586433410645
1788594238036256300,48.86825634765625,-2.3988404273986816,6.019771099090576,-6.166191577911377
1788594238046323500,48.87832348632813,-1.5390228033065796,6.2439284324646,-5.9450273513793945
1788594238056408000,48.888407958984374,-1.266981601715088,6.466215133666992,-5.764713764190674
1788594238066484000,48.89848388671875,-1.6613515615463257,6.738929748535156,-5.656750202178955
1788594238076534000,48.90853393554688,-2.29020357131958,6.958897113800049,-5.672237873077393
1788594238086635500,48.918635498046875,-2.800093650817871,7.184774875640869,-5.818358898162842
1788594238096711700,48.928711669921874,-3.1750855445861816,7.294833183288574,-5.886743545532227
1788594238106787800,48.938787841796874,-3.3545758724212646,7.3407721519470215,-5.878663063049316
1788594238116863500,48.94886352539063,-3.03794264793396,7.353715896606445,-5.8500075340271
1788594238126939400,48.958939453125,-2.240149736404419,7.418658256530762,-5.8360161781311035
1788594238137016000,48.96901611328125,-1.5406688451766968,7.479935169219971,-5.649717330932617
1788594238147091700,48.979091796875,-1.2320412397384644,7.542259216308594,-5.476287364959717
1788594238157167400,48.98916748046875,-1.3009493350982666,7.543680667877197,-5.117830753326416
1788594238167243000,48.999242919921876,-1.5336358547210693,7.610119819641113,-4.957793235778809
1788594238177319200,49.009319091796876,-2.0002806186676025,7.657629489898682,-4.780248165130615
1788594238187395300,49.019395263671875,-2.365994930267334,7.684714317321777,-4.504091739654541
1788594238197470700,49.029470703125,-2.3983914852142334,7.770157337188721,-4.41161584854126
1788594238207546000,49.039546142578125,-2.14453125,7.8891191482543945,-4.374954700469971
1788594238217623300,49.04962329101563,-1.8081459999084473,7.998055458068848,-4.236764430999756
1788594238227699200,49.05969921875,-1.586832046508789,8.1325044631958,-3.980210781097412
1788594238237775000,49.069775146484375,-1.5592238903045654,8.331672668457031,-3.6736032962799072
1788594238247826200,49.079826171875,-1.3655928373336792,8.651372909545898,-3.4602200984954834
1788594238257927200,49.08992724609375,-1.0937761068344116,8.884284019470215,-3.260603427886963
1788594238268003300,49.10000341796875,-1.1362731456756592,8.979602813720703,-3.0223803520202637
1788594238278053000,49.11005322265625,-1.4713865518569946,8.887351989746094,-2.7433810234069824
1788594238288155000,49.12015478515625,-1.4676456451416016,8.720954895019531,-2.6797850131988525
1788594238298230300,49.13023022460938,-1.2256067991256714,8.531438827514648,-2.6146178245544434
1788594238308306700,49.140306640625,-1.0144681930541992,8.402076721191406,-2.6185085773468018
1788594238318382000,49.150382080078124,-1.006687045097351,8.340950012207031,-2.577058792114258
1788594238328457700,49.16045776367187,-1.0940005779266357,8.446369171142578,-2.7015573978424072
1788594238338534700,49.17053466796875,-1.2783540487289429,8.480561256408691,-2.73769474029541
1788594238348610300,49.1806103515625,-1.2889783382415771,8.600346565246582,-2.8039095401763916
1788594238358686700,49.19068676757813,-1.0901848077774048,8.70022964477539,-2.8172271251678467
1788594238368763000,49.20076293945313,-0.9481038451194763,8.845677375793457,-2.892270565032959
1788594238378837500,49.21083740234375,-0.8049007058143616,8.901268005371094,-2.873715400695801
1788594238388915000,49.2209150390625,-0.7921066880226135,8.838644027709961,-2.7702410221099854
1788594238398990000,49.23098999023438,-0.9132382869720459,8.74721622467041,-2.734402894973755
1788594238409040400,49.24104028320313,-1.0663175582885742,8.727912902832031,-2.799644708633423
1788594238419122200,49.2511220703125,-1.1074678897857666,8.736741065979004,-2.909254312515259
1788594238429218800,49.26121875,-0.9735422730445862,8.718036651611328,-2.899153709411621
1788594238439294500,49.27129443359375,-0.8138041496276855,8.682123184204102,-2.7793688774108887
1788594238449369600,49.28136962890625,-0.6542904376983643,8.693870544433594,-2.625840663909912
1788594238459446500,49.29144653320313,-0.3783586919307709,8.653617858886719,-2.4898948669433594
1788594238469522400,49.3015224609375,-0.04743511974811554,8.560992240905762,-2.3674914836883545
1788594238479597300,49.31159741210938,0.09808745235204697,8.459612846374512,-2.304119825363159
1788594238489674500,49.321674560546874,0.07264905422925949,8.407613754272461,-2.1920413970947266
1788594238499749600,49.33174951171875,-0.10093056410551071,8.411877632141113,-1.9919757843017578
1788594238509826600,49.34182666015625,-0.12599486112594604,8.473379135131836,-1.8912696838378906
1788594238519902000,49.35190185546875,-0.07257423549890518,8.564059257507324,-1.8372504711151123
1788594238529977000,49.36197705078125,-0.040028057992458344,8.714670181274414,-1.833060622215271
1788594238540053200,49.37205322265625,-0.03456628695130348,8.915782928466797,-1.913191556930542
1788594238550129400,49.38212939453125,-0.03082534670829773,9.100958824157715,-2.147449254989624
1788594238560206600,49.39220654296875,-0.08873510360717773,9.269974708557129,-2.288407802581787
1788594238570281700,49.40228173828125,-0.18794482946395874,9.32893180847168,-2.2160580158233643
1788594238580357000,49.41235717773438,-0.22333413362503052,9.295039176940918,-2.1588218212127686
1788594238590434000,49.42243408203125,-0.259471595287323,9.219172477722168,-2.064774513244629
1788594238600509400,49.43250952148438,-0.2751087248325348,9.11120891571045,-1.9864392280578613
1788594238610584800,49.44258471679687,-0.28640636801719666,9.104475975036621,-1.8491467237472534
1788594238620662000,49.452662109375,-0.18555063009262085,9.186851501464844,-1.7904887199401855
1788594238630737700,49.46273754882812,-0.0702548548579216,9.326762199401855,-1.730484127998352
1788594238640807700,49.4728076171875,0.11529577523469925,9.489643096923828,-1.6897826194763184
1788594238650890000,49.48288989257812,0.2799719572067261,9.638906478881836,-1.7815853357315063
1788594238660965400,49.49296533203125,0.33930328488349915,9.697639465332031,-1.7815104722976685
1788594238671041800,49.503041748046876,0.4645499587059021,9.67579174041748,-1.8608932495117188
1788594238681117400,49.51311743164062,0.6034136414527893,9.625064849853516,-1.88318932056427
1788594238691193900,49.52319384765625,0.6363339424133301,9.584064483642578,-1.7844284772872925
1788594238701243100,49.5332431640625,0.7018752098083496,9.567678451538086,-1.7458219528198242
1788594238711364600,49.54336450195313,0.8520365357398987,9.486650466918945,-1.6883611679077148
1788594238721421600,49.553421630859376,0.9212439060211182,9.369483947753906,-1.6139912605285645
1788594238731497000,49.5634970703125,0.9050830602645874,9.26915168762207,-1.6252140998840332
1788594238741547300,49.57354736328125,0.722749650478363,9.216928482055664,-1.5985037088394165
1788594238751624400,49.58362451171875,0.5606172680854797,9.308581352233887,-1.6487820148468018
1788594238761725200,49.59372509765625,0.48407766222953796,9.478120803833008,-1.6834230422973633
1788594238771801000,49.603801025390624,0.5730372071266174,9.664344787597656,-1.8200422525405884
1788594238781876500,49.61387646484375,0.6127659678459167,9.797447204589844,-1.884087085723877
1788594238791953000,49.62395288085938,0.518943190574646,9.86538314819336,-1.9179800748825073
1788594238802028300,49.6340283203125,0.3944447338581085,9.8877534866333,-1.9424457550048828
1788594238812104400,49.6441044921875,0.402749627828598,9.855880737304688,-2.005892038345337
1788594238822181400,49.654181396484375,0.5080196857452393,9.803881645202637,-2.048389196395874
1788594238832256800,49.6642568359375,0.6366332173347473,9.669432640075684,-2.0650737285614014
1788594238842333200,49.67433325195312,0.6883329749107361,9.460463523864746,-2.0329766273498535
1788594238852408300,49.684408203125,0.6473323106765747,9.313519477844238,-2.0622305870056152
1788594238862485200,49.6944853515625,0.5608417391777039,9.340080261230469,-2.1645078659057617
1788594238872560600,49.704560546875,0.5761047601699829,9.504307746887207,-2.2615480422973633
1788594238882636500,49.71463647460938,0.7003788352012634,9.672051429748535,-2.277933359146118
1788594238892712700,49.72471264648438,0.8005611896514893,9.758017539978027,-2.2037878036499023
1788594238902788000,49.7347880859375,0.8262988328933716,9.71230411529541,-2.12178635597229
1788594238912864000,49.74486401367187,0.7743746042251587,9.495328903198242,-2.017638683319092
1788594238922940700,49.75494067382812,0.6792799234390259,9.293916702270508,-1.946710467338562
1788594238933016800,49.76501684570312,0.6919991374015808,9.289651870727539,-2.03507137298584
1788594238943092000,49.775092041015625,0.7104793787002563,9.4706392288208,-2.2031893730163574
1788594238953167600,49.78516772460937,0.6910264492034912,9.638307571411133,-2.3049428462982178
1788594238963244800,49.795244873046876,0.5740846991539001,9.763628959655762,-2.3587374687194824
1788594238973320400,49.80532055664062,0.4527285695075989,9.826701164245605,-2.402132511138916
1788594238983395300,49.815395263671874,0.5097405314445496,9.753678321838379,-2.323946952819824
1788594238993472800,49.82547265625,0.7292588949203491,9.548151016235352,-2.1598691940307617
1788594239003547600,49.83554760742187,0.9240122437477112,9.307833671569824,-1.9839701652526855
1788594239013623600,49.84562353515625,0.9920973181724548,9.173907279968262,-1.912069320678711
1788594239023700500,49.85570043945312,0.9520692825317383,9.241169929504395,-1.9408745765686035
1788594239033776600,49.86577661132812,0.8563011884689331,9.421407699584961,-1.9789572954177856
1788594239043844600,49.8758447265625,0.7317278981208801,9.630152702331543,-2.0155436992645264
1788594239053927400,49.88592749023437,0.6254103779792786,9.800664901733398,-2.0322282314300537
1788594239064004400,49.89600439453125,0.6054337620735168,9.799018859863281,-1.959280014038086
1788594239074054100,49.90605419921875,0.5962310433387756,9.663222312927246,-1.8106898069381714
1788594239084156400,49.91615649414062,0.665513277053833,9.541193008422852,-1.7256957292556763
1788594239094205700,49.926205810546875,0.7349451184272766,9.505728721618652,-1.7440263032913208
1788594239104325600,49.93632568359375,0.7338228225708008,9.594538688659668,-1.857825756072998
1788594239114365700,49.94636572265625,0.6432172656059265,9.690156936645508,-1.9417723417282104
1788594239124439000,49.95643896484375,0.5277718305587769,9.729736328125,-2.04853892326355
1788594239134516700,49.966516845703126,0.5143044590950012,9.682600975036621,-2.183661699295044
1788594239144585700,49.976585693359375,0.6047604084014893,9.537302017211914,-2.206256866455078
1788594239154662400,49.98666235351563,0.6700024008750916,9.425298690795898,-2.2070798873901367
1788594239164738000,49.996738037109374,0.6304232478141785,9.424101829528809,-2.2391772270202637
1788594239174814000,50.00681396484375,0.6606500148773193,9.490466117858887,-2.335693359375
1788594239184889600,50.0168896484375,0.7778162956237793,9.516203880310059,-2.367117404937744
1788594239194966000,50.02696606445313,0.8482955694198608,9.514034271240234,-2.3674166202545166
1788594239205045000,50.037044921875,0.6878092288970947,9.531765937805176,-2.438344717025757
1788594239215121700,50.04712158203125,0.4374655485153198,9.568352699279785,-2.5231893062591553
1788594239225200000,50.0572001953125,0.3643675744533539,9.591919898986816,-2.525134563446045
1788594239235295500,50.06729541015625,0.4174140989780426,9.565508842468262,-2.459817886352539
1788594239245359900,50.07735986328125,0.4455459713935852,9.511565208435059,-2.4028806686401367
1788594239255447800,50.08744775390625,0.47405192255973816,9.404948234558105,-2.3235726356506348
1788594239265523700,50.097523681640624,0.4626794755458832,9.317410469055176,-2.275015354156494
1788594239275595800,50.107595703125,0.47831660509109497,9.31381893157959,-2.2607250213623047
1788594239285675800,50.11767578125,0.4371662735939026,9.367613792419434,-2.294917106628418
1788594239295751400,50.12775146484375,0.4266168177127838,9.512163162231445,-2.301276683807373
1788594239305827300,50.137827392578124,0.4495113790035248,9.661576271057129,-2.3113772869110107
1788594239315903500,50.147903564453124,0.45265376567840576,9.72734260559082,-2.319382905960083
1788594239325979100,50.15797924804688,0.4209305942058563,9.667337417602539,-2.287360429763794
1788594239336055300,50.16805517578125,0.3909282386302948,9.541492462158203,-2.236558437347412
1788594239346131200,50.178131103515625,0.3952677249908447,9.410859107971191,-2.2270565032958984
1788594239356207000,50.18820703125,0.47412675619125366,9.35773754119873,-2.290876865386963
1788594239366282800,50.19828271484375,0.5525368452072144,9.384672164916992,-2.3615059852600098
1788594239376358400,50.2083583984375,0.5731868743896484,9.449764251708984,-2.4483704566955566
1788594239386435000,50.21843505859375,0.4589385390281677,9.533187866210938,-2.500070333480835
1788594239396511200,50.22851123046875,0.325761079788208,9.619902610778809,-2.4955062866210938
1788594239406559700,50.238559814453126,0.29718029499053955,9.635090827941895,-2.449941635131836
1788594239416663300,50.248663330078124,0.33369186520576477,9.586981773376465,-2.3679401874542236
1788594239426739000,50.25873901367188,0.35815760493278503,9.51657772064209,-2.261772394180298
1788594239436814800,50.26881494140625,0.4040215313434601,9.446248054504395,-2.2563107013702393
1788594239446890000,50.27888989257813,0.4661959707736969,9.428590774536133,-2.275763511657715
1788594239456967000,50.288966796875,0.48879122734069824,9.43712043762207,-2.2889316082000732
1788594239467042800,50.29904272460937,0.47734397649765015,9.500716209411621,-2.3494601249694824
1788594239477117700,50.30911767578125,0.45415014028549194,9.558101654052734,-2.3693618774414062
1788594239487194400,50.3191943359375,0.47831660509109497,9.543587684631348,-2.3289597034454346
1788594239497268500,50.3292685546875,0.46477439999580383,9.471536636352539,-2.2647652626037598
1788594239507346700,50.3393466796875,0.41030630469322205,9.42223072052002,-2.227804660797119
1788594239517423000,50.34942309570312,0.4125508666038513,9.442506790161133,-2.2277297973632812
1788594239527498500,50.35949853515625,0.4165911078453064,9.513285636901855,-2.2822728157043457
1788594239537575000,50.36957495117188,0.40125325322151184,9.638906478881836,-2.3221511840820312
1788594239547650600,50.379650634765625,0.4225017726421356,9.682002067565918,-2.329184055328369
1788594239557726700,50.389726806640624,0.4456956088542938,9.623344421386719,-2.292597770690918
1788594239567802000,50.39980200195313,0.4430021345615387,9.525107383728027,-2.244115114212036
1788594239577852200,50.40985205078125,0.4579658806324005,9.450961112976074,-2.2171056270599365
1788594239587928600,50.419928466796875,0.47008654475212097,9.437494277954102,-2.2106711864471436
1788594239598004500,50.43000439453125,0.45183074474334717,9.486425399780273,-2.21156907081604
1788594239608080100,50.440080078125,0.458564430475235,9.528399467468262,-2.2400002479553223
1788594239618183000,50.45018286132812,0.45482349395751953,9.538050651550293,-2.268580913543701
1788594239628257800,50.4602578125,0.4097825884819031,9.498396873474121,-2.249502182006836
1788594239638334700,50.47033471679688,0.36257192492485046,9.435848236083984,-2.1983261108398438
1788594239648410400,50.480410400390625,0.4043208062648773,9.43375301361084,-2.2200236320495605
1788594239658460000,50.4904599609375,0.43260231614112854,9.474604606628418,-2.2461352348327637
1788594239668562000,50.50056201171875,0.45482349395751953,9.523835182189941,-2.25937819480896
1788594239678637600,50.510637451171874,0.42833763360977173,9.534608840942383,-2.2783074378967285
1788594239688714200,50.52071435546875,0.41187751293182373,9.502286911010742,-2.2760627269744873
1788594239698790100,50.5307900390625,0.42033204436302185,9.484405517578125,-2.2726211547851562
1788594239708866000,50.54086596679687,0.42354923486709595,9.523984909057617,-2.3046436309814453
1788594239718942500,50.5509423828125,0.4278887212276459,9.57433795928955,-2.3354690074920654
1788594239729017000,50.56101708984375,0.4563198685646057,9.59835433959961,-2.342576742172241
1788594239739114000,50.571114013671874,0.455422043800354,9.561319351196289,-2.3380126953125
1788594239749169700,50.58116967773437,0.4381389021873474,9.524059295654297,-2.3295583724975586
1788594239759246300,50.591246337890624,0.42048168182373047,9.495179176330566,-2.3057658672332764
1788594239769322000,50.60132202148438,0.3809773325920105,9.497498512268066,-2.319906711578369
1788594239779397600,50.611397705078126,0.361299991607666,9.553762435913086,-2.360159158706665
1788594239789474000,50.62147412109375,0.3908534348011017,9.593341827392578,-2.3707833290100098
1788594239799549400,50.63154956054687,0.4182371199131012,9.605462074279785,-2.386345624923706
1788594239809625000,50.641625,0.4473416209220886,9.557653427124023,-2.3544728755950928
1788594239819701500,50.65170141601563,0.4506336450576782,9.452308654785156,-2.3132476806640625
1788594239829777000,50.66177685546875,0.4578910768032074,9.381080627441406,-2.298957347869873
1788594239839854000,50.67185400390625,0.4819079041481018,9.37629222869873,-2.2811505794525146
1788594239849929000,50.68192895507813,0.47884035110473633,9.456498146057129,-2.31294846534729
1788594239860005600,50.69200561523437,0.43754035234451294,9.548376083374023,-2.319457769393921
1788594239870081500,50.70208154296875,0.4231003224849701,9.56977367401123,-2.3145196437835693
1788594239880156700,50.71215673828125,0.41030630469322205,9.53969669342041,-2.2848165035247803
1788594239890233600,50.722233642578125,0.40963295102119446,9.475128173828125,-2.2624456882476807
1788594239900309000,50.73230908203125,0.4288613796234131,9.447744369506836,-2.276960611343384
1788594239910363100,50.74236303710938,0.4099322259426117,9.455824851989746,-2.294243812561035
1788594239920461600,50.75246166992188,0.3916016221046448,9.494132041931152,-2.3190836906433105
1788594239930537000,50.762536865234374,0.36242228746414185,9.556231498718262,-2.344896078109741
1788594239940612900,50.77261279296875,0.3454384207725525,9.596783638000488,-2.338611364364624
1788594239950689300,50.78268920898437,0.3671358525753021,9.588403701782227,-2.3172879219055176
1788594239960765200,50.79276513671875,0.347308874130249,9.540369987487793,-2.280402183532715
1788594239970841600,50.80284155273438,0.314238965511322,9.49353313446045,-2.2590789794921875
1788594239980916500,50.81291650390625,0.33601123094558716,9.464802742004395,-2.239027500152588
1788594239990993700,50.82299365234375,0.3182791769504547,9.487323760986328,-2.2445640563964844
1788594240001069300,50.8330693359375,0.3256862461566925,9.601122856140137,-2.295366048812866
1788594240011144200,50.843144287109375,0.37401920557022095,9.653047561645508,-2.3633015155792236
1788594240021221000,50.85322119140625,0.4325275123119354,9.640178680419922,-2.3838768005371094
1788594240031296500,50.863296630859374,0.4330512285232544,9.562516212463379,-2.377142906188965
1788594240041373200,50.873373291015625,0.36174890398979187,9.503783226013184,-2.3795371055603027
1788594240051448000,50.883447998046876,0.33773207664489746,9.494356155395508,-2.421286106109619
1788594240061525000,50.89352490234375,0.3339163064956665,9.512388229370117,-2.446275472640991
1788594240071579400,50.90357934570312,0.3636941909790039,9.534235000610352,-2.459743022918701
1788594240081676300,50.91367626953125,0.36010289192199707,9.537751197814941,-2.4501662254333496
1788594240091753000,50.9237529296875,0.3205985724925995,9.537676811218262,-2.4583213329315186
1788594240101828900,50.93382885742187,0.2967313826084137,9.524582862854004,-2.4809916019439697
1788594240111903700,50.94390380859375,0.24907179176807404,9.480365753173828,-2.5133132934570312
1788594240121981000,50.95398095703125,0.25647884607315063,9.42911434173584,-2.533888339996338
1788594240132030500,50.964030517578124,0.30451253056526184,9.370905876159668,-2.561870574951172
1788594240142107100,50.974107177734375,0.3704279065132141,9.319878578186035,-2.582670211791992
1788594240152209000,50.984208984375,0.33997663855552673,9.333271980285645,-2.6280853748321533
1788594240162285000,50.99428515625,0.2680009603500366,9.352350234985352,-2.6610803604125977
1788594240172360400,51.0043603515625,0.2255786955356598,9.403825759887695,-2.714426279067993
1788594240182435600,51.014435546875,0.2718167006969452,9.42103385925293,-2.7766005992889404
1788594240192512800,51.0245126953125,0.32456398010253906,9.39133071899414,-2.776899814605713
1788594240202589000,51.0345888671875,0.342894583940506,9.338733673095703,-2.756998062133789
1788594240212664300,51.04466430664063,0.3159598112106323,9.287108421325684,-2.7201123237609863
1788594240222740700,51.05474072265625,0.23358429968357086,9.27723217010498,-2.718690872192383
1788594240232815600,51.06481567382812,0.20126257836818695,9.301773071289062,-2.69991135597229
1788594240242872000,51.0748720703125,0.24024318158626556,9.366415977478027,-2.708066463470459
1788594240252968200,51.08496826171875,0.30114567279815674,9.396344184875488,-2.677091598510742
1788594240263044600,51.09504467773438,0.3179799020290375,9.397541046142578,-2.658087730407715
1788594240273095700,51.105095703125,0.3016694188117981,9.382726669311523,-2.5900025367736816
1788594240283195600,51.11519555664062,0.27301380038261414,9.387290954589844,-2.5695769786834717
1788594240293271800,51.12527172851563,0.23238719999790192,9.412130355834961,-2.5383026599884033
1788594240303348200,51.13534814453125,0.17245733737945557,9.455974578857422,-2.5234885215759277
1788594240313423400,51.14542333984375,0.1429039090871811,9.494206428527832,-2.4949827194213867
1788594240323500500,51.15550048828125,0.1619827151298523,9.516951560974121,-2.4818146228790283
1788594240333575700,51.16557568359375,0.19767127931118011,9.523086547851562,-2.4938602447509766
1788594240343651000,51.175651123046876,0.17500117421150208,9.512312889099121,-2.509347915649414
1788594240353728300,51.18572827148437,0.16901567578315735,9.49809741973877,-2.528501510620117
1788594240363804400,51.19580444335938,0.199092835187912,9.461286544799805,-2.546682357788086
1788594240373879000,51.20587915039062,0.262763649225235,9.394622802734375,-2.5520694255828857
1788594240383955200,51.215955078125,0.281169056892395,9.32541561126709,-2.551321268081665
1788594240394031900,51.22603198242187,0.2198176383972168,9.312995910644531,-2.549525499343872
1788594240404082200,51.23608227539062,0.1430535465478897,9.341501235961914,-2.5777323246002197
1788594240414174500,51.246174560546876,0.05656301602721214,9.405695915222168,-2.5841665267944336
1788594240424233500,51.2562333984375,0.10459668934345245,9.441235542297363,-2.4886977672576904
1788594240434329900,51.26632983398437,0.19789573550224304,9.447370529174805,-2.4520366191864014
1788594240444395800,51.276395751953125,0.24248774349689484,9.404349327087402,-2.422558069229126
1788594240454508000,51.28650805664063,0.18083705008029938,9.349133491516113,-2.4070706367492676
1788594240464541700,51.29654174804688,0.03875613957643509,9.316437721252441,-2.432957887649536
1788594240474613800,51.30661376953125,-0.09808745235204697,9.325864791870117,-2.469619035720825
1788594240484690200,51.316690185546875,-0.16549919545650482,9.374795913696289,-2.5156326293945312
1788594240494766300,51.326766357421874,-0.14103344082832336,9.43607234954834,-2.5632174015045166
1788594240504843000,51.336843017578126,-0.06643909960985184,9.471536636352539,-2.6659436225891113
1788594240514918100,51.34691821289063,0.0003740940010175109,9.4683198928833,-2.683002233505249
1788594240524993500,51.35699365234375,0.053196169435977936,9.43031120300293,-2.692953109741211
1788594240535070000,51.367070068359375,0.048482585698366165,9.400533676147461,-2.7169699668884277
1788594240545169200,51.37716918945313,-0.005237316247075796,9.348085403442383,-2.7742812633514404
1788594240555249200,51.38724926757813,-0.04593874514102936,9.310077667236328,-2.8447604179382324
1788594240565323000,51.397322998046874,0.014290391467511654,9.242217063903809,-2.8489503860473633
1788594240575387100,51.40738720703125,0.08057985454797745,9.163507461547852,-2.825756549835205
1788594240585450800,51.41745068359375,0.04481646418571472,9.159767150878906,-2.810119390487671
1788594240595551500,51.42755151367187,-0.041449617594480515,9.198822021484375,-2.8107926845550537
1788594240605624300,51.43762426757812,-0.08955810964107513,9.238177299499512,-2.82710337638855
1788594240615703600,51.44770361328125,-0.03935468941926956,9.245434761047363,-2.8081741333007812
1788594240625779500,51.457779541015626,0.008604162372648716,9.22291374206543,-2.8072762489318848
1788594240635855600,51.467855712890625,0.04721066355705261,9.160888671875,-2.773383378982544
1788594240645905400,51.47790551757812,0.04159925505518913,9.107169151306152,-2.7736079692840576
1788594240656006700,51.488006591796875,-0.04900631681084633,9.06863784790039,-2.7842321395874023
1788594240666083300,51.498083251953126,-0.19954174757003784,9.042001724243164,-2.8267292976379395
1788594240676159200,51.5081591796875,-0.3456628620624542,9.058462142944336,-2.8786535263061523
1788594240686234600,51.51823461914063,-0.39639002084732056,9.101632118225098,-2.9331214427948
1788594240696311300,51.52831127929687,-0.41861119866371155,9.172261238098145,-2.9887866973876953
1788594240706386200,51.53838623046875,-0.38314709067344666,9.222689628601074,-3.0089879035949707
1788594240716463400,51.54846337890625,-0.2808697819709778,9.306561470031738,-2.9898343086242676
1788594240726539300,51.558539306640625,-0.2273743450641632,9.360430717468262,-2.9730746746063232
1788594240736615000,51.56861499023437,-0.22752398252487183,9.368885040283203,-2.9944729804992676
1788594240746691000,51.57869116210937,-0.2941875457763672,9.337535858154297,-2.983624219894409
1788594240756766500,51.588766357421875,-0.35000234842300415,9.269376754760742,-3.002927541732788
1788594240766842600,51.598842529296874,-0.4976198673248291,9.198298454284668,-2.994323253631592
1788594240776892400,51.60889233398437,-0.5958569645881653,9.218424797058105,-3.0213329792022705
1788594240786995000,51.61899487304687,-0.6486790180206299,9.242142677307129,-3.0329298973083496
1788594240797070800,51.62907080078125,-0.6456862688064575,9.268104553222656,-2.986093282699585
1788594240807146000,51.63914599609375,-0.7660697102546692,9.24595832824707,-2.953472137451172
1788594240817223000,51.649222900390626,-0.8684218525886536,9.215506553649902,-2.912696123123169
1788594240827298800,51.659298828125,-0.8918401598930359,9.17465591430664,-2.8710219860076904
1788594240837374700,51.66937475585937,-0.8136544823646545,9.102006912231445,-2.858527183532715
1788594240847450600,51.67945068359375,-0.6266074776649475,9.016489028930664,-2.833462953567505
1788594240857526000,51.689526123046875,-0.62458735704422,8.877999305725098,-2.8425159454345703
1788594240867602400,51.6996025390625,-0.7711573839187622,8.781034469604492,-2.90573787689209
1788594240877678800,51.709678955078125,-0.7184101343154907,8.701276779174805,-2.923021078109741
1788594240887754200,51.71975415039063,-0.5678747296333313,8.699481964111328,-2.9379847049713135
1788594240897830100,51.729830078125,-0.6777835488319397,8.68017864227295,-2.96626615524292
1788594240907880000,51.7398798828125,-0.7404816746711731,8.580743789672852,-2.9605801105499268
1788594240917982200,51.749982177734374,-0.7347954511642456,8.454001426696777,-2.9385833740234375
1788594240928058000,51.76005810546875,-0.6763619780540466,8.32022476196289,-2.8977322578430176
1788594240938127600,51.770127685546875,-0.5416881442070007,8.228422164916992,-2.842590808868408
1788594240948210200,51.78021020507813,-0.460659384727478,8.249147415161133,-2.8559086322784424
1788594240958285600,51.79028564453125,-0.5562030076980591,8.262614250183105,-2.967912197113037
1788594240968362200,51.8003623046875,-0.8568997383117676,8.274286270141602,-3.1266777515411377
1788594240978437600,51.81043774414063,-1.2737901210784912,8.298901557922363,-3.3266685009002686
1788594240988514300,51.82051440429687,-1.7837550640106201,8.327781677246094,-3.4989013671875
1788594240998590200,51.83059008789063,-2.0112791061401367,8.34184741973877,-3.5994577407836914
1788594241008665600,51.84066552734375,-1.8442834615707397,8.239420890808105,-3.5456631183624268
1788594241018742500,51.850742431640626,-1.679756999015808,8.007706642150879,-3.4245314598083496
1788594241028818400,51.860818359375,-1.372925043106079,7.872509479522705,-3.409717321395874
1788594241038894600,51.87089453125,-1.1736077070236206,7.858368396759033,-3.557185173034668
1788594241048970000,51.88096997070313,-1.4572458267211914,7.969549179077148,-3.7633109092712402
1788594241059045600,51.891045654296875,-1.5383493900299072,8.167445182800293,-3.972055435180664
1788594241069122300,51.901122314453126,-1.4244003295898438,8.248099327087402,-4.021061897277832
1788594241079199500,51.91119946289062,-1.4609867334365845,8.233210563659668,-3.9398086071014404
1788594241089274000,51.92127416992187,-1.6187796592712402,8.200738906860352,-4.00265645980835
1788594241099349800,51.93134985351563,-1.7877204418182373,8.089184761047363,-4.267589569091797
1788594241109399800,51.94139990234375,-1.9934722185134888,7.925107002258301,-4.556614875793457
1788594241119502000,51.951502197265626,-1.9095255136489868,7.764620780944824,-4.8552165031433105
1788594241129578000,51.96157788085937,-1.845929503440857,7.6222405433654785,-4.9898905754089355
1788594241139653400,51.9716533203125,-1.977012038230896,7.721001148223877,-4.777554512023926
1788594241149729500,51.9817294921875,-1.509918212890625,7.923386096954346,-4.771120071411133
1788594241159806000,51.991805908203126,-1.3886369466781616,8.198494911193848,-4.7690253257751465
1788594241169882000,52.001882080078126,-1.4355484247207642,8.518046379089355,-4.911630153656006
1788594241179957000,52.01195703125,-1.839495062828064,8.726715087890625,-4.894646167755127
1788594241190034200,52.0220341796875,-2.3710079193115234,8.774374961853027,-4.788478374481201
1788594241200109600,52.03210961914063,-2.8633904457092285,8.631172180175781,-4.708497047424316
1788594241210184700,52.04218481445312,-2.9584851264953613,8.21847152709961,-4.6576948165893555
1788594241220262000,52.052261962890626,-2.246060371398926,7.686659336090088,-4.56888484954834
1788594241230337800,52.062337890625,-1.3070844411849976,7.30194091796875,-4.364405155181885
1788594241240387300,52.07238720703125,-1.3683611154556274,7.091924667358398,-4.217236518859863
1788594241250489000,52.082489013671875,-2.530222177505493,7.038429260253906,-4.3884968757629395
1788594241260565000,52.09256494140625,-3.4047791957855225,7.199214935302734,-4.681636810302734
1788594241270647300,52.102647216796875,-3.2771384716033936,7.48502254486084,-5.102043628692627
1788594241280718000,52.112718017578125,-2.747645616531372,7.726837158203125,-5.319916248321533
1788594241290794000,52.1227939453125,-2.384176015853882,7.782651901245117,-5.455936908721924
1788594241300869000,52.132869140625,-2.0211551189422607,7.742698669433594,-5.559037208557129
1788594241310944800,52.14294482421875,-1.7446248531341553,7.661221027374268,-5.546168327331543
1788594241321022000,52.15302197265625,-2.4349780082702637,7.457938194274902,-5.525518417358398
1788594241331097600,52.16309765625,-3.265915632247925,7.246650218963623,-5.678597450256348
1788594241341173200,52.17317333984375,-3.6470425128936768,7.09342098236084,-5.88928747177124
1788594241351249000,52.183248779296875,-3.727921724319458,6.9351043701171875,-6.042591094970703
1788594241361324800,52.19332470703125,-3.4450318813323975,6.789058208465576,-6.191779613494873
1788594241371401500,52.2034013671875,-2.508150815963745,6.86365270614624,-6.320393085479736
1788594241381476600,52.2134765625,-1.841215968132019,6.952611923217773,-6.420351028442383
1788594241391553000,52.22355297851563,-1.7643022537231445,7.0890069007873535,-6.639645099639893
1788594241401629200,52.23362915039063,-2.305466651916504,7.107187747955322,-6.602834224700928
1788594241411704800,52.243704833984374,-3.356745719909668,7.009324550628662,-6.43935489654541
1788594241421781800,52.25378173828125,-4.106205463409424,6.850035667419434,-6.198513507843018
1788594241431857400,52.263857421875,-4.475361347198486,6.723965644836426,-6.105813026428223
1788594241441911300,52.27391137695312,-4.520552158355713,6.580089092254639,-6.299518585205078
1788594241452009200,52.28400927734375,-3.6857237815856934,6.483947277069092,-6.519336223602295
1788594241462085400,52.29408544921875,-2.865934371948242,6.24587345123291,-6.563105583190918
1788594241472160300,52.30416015625,-2.8842649459838867,6.036231517791748,-6.690671443939209
1788594241482237200,52.3142373046875,-3.28267502784729,5.827561855316162,-6.583980083465576
1788594241492313000,52.32431298828125,-3.97257924079895,5.674706935882568,-6.385111331939697
1788594241502389200,52.33438916015625,-4.298040866851807,5.635950565338135,-6.279018402099609
1788594241512464100,52.34446411132812,-4.330961227416992,5.6471734046936035,-6.394613265991211
1788594241522541300,52.354541259765625,-4.470124244689941,5.6094651222229,-6.617274284362793
1788594241532617000,52.36461694335937,-4.2876410484313965,5.544073104858398,-6.7806782722473145
1788594241542692000,52.374692138671875,-3.883395195007324,5.5073370933532715,-7.0033392906188965
1788594241552768300,52.384768310546875,-3.536161184310913,5.522151470184326,-7.084592342376709
1788594241562845000,52.394844970703126,-4.3278937339782715,5.480851650238037,-7.050699710845947
1788594241572920800,52.4049208984375,-5.276222229003906,5.477185249328613,-7.236923694610596
1788594241582996000,52.414995849609376,-5.287893772125244,5.367650508880615,-7.322216987609863
1788594241593072600,52.42507275390625,-4.763189315795898,5.183072566986084,-7.294159889221191
1788594241603130600,52.43513061523438,-3.846808671951294,4.950087070465088,-7.103072643280029
1788594241613225000,52.445224853515626,-3.6199581623077393,4.638840675354004,-6.807089328765869
1788594241623300900,52.45530078125,-4.061913013458252,4.316521167755127,-6.7043633460998535
1788594241633376000,52.4653759765625,-4.599560737609863,4.146083831787109,-6.687678813934326
1788594241643427300,52.47542724609375,-4.816984176635742,3.949310541152954,-6.685509204864502
1788594241653529000,52.48552905273438,-4.866364479064941,3.8238394260406494,-6.701445579528809
1788594241663605000,52.49560498046875,-4.456207752227783,3.811793565750122,-6.6350812911987305
1788594241673681000,52.505680908203125,-4.640561580657959,3.8352866172790527,-6.680795192718506
1788594241683756300,52.51575634765625,-4.708646774291992,3.9006783962249756,-6.832378387451172
1788594241693832700,52.52583276367187,-5.027973175048828,3.9486372470855713,-7.08765983581543
1788594241703908900,52.53590893554688,-5.275473594665527,3.9863457679748535,-7.6058549880981445
1788594241713985000,52.54598510742188,-5.222726345062256,3.9070379734039307,-7.941941261291504
1788594241724061000,52.55606103515625,-5.311686038970947,3.711536407470703,-8.073921203613281
1788594241734136000,52.56613598632813,-5.545120716094971,3.510573148727417,-8.186299324035645
1788594241744200000,52.57619995117187,-5.447931289672852,3.388244390487671,-8.021398544311523
1788594241754264000,52.58626416015625,-5.137882232666016,3.1845126152038574,-7.91859769821167
1788594241764363800,52.59636376953125,-4.575095176696777,3.050138235092163,-7.723694801330566
1788594241774414000,52.6064140625,-4.2434234619140625,3.011157512664795,-7.353865146636963
1788594241784506600,52.61650659179688,-4.6168437004089355,2.993575096130371,-6.99436092376709
1788594241794566000,52.62656591796875,-5.252504348754883,3.003002405166626,-6.722020626068115
1788594241804650000,52.63664990234375,-5.307197093963623,2.9076082706451416,-6.7999067306518555
1788594241814719700,52.6467197265625,-5.206864833831787,2.8464064598083496,-6.894927024841309
1788594241824797700,52.65679760742187,-5.365630626678467,2.780416250228882,-6.949544429779053
1788594241834876400,52.66687646484375,-5.430647850036621,2.6797101497650146,-6.935553550720215
1788594241844947200,52.676947265625,-5.684957027435303,2.641178607940674,-7.043517112731934
1788594241855025000,52.68702490234375,-5.967996597290039,2.516904592514038,-7.4549455642700195
1788594241865101300,52.69710131835937,-6.044386863708496,2.4349780082702637,-7.820435523986816
1788594241875174400,52.70717431640625,-6.414889335632324,2.2545149326324463,-7.84265661239624
1788594241885250300,52.71725024414062,-6.235174655914307,2.194136142730713,-7.814973831176758
1788594241895352000,52.72735205078125,-6.319570064544678,2.1138556003570557,-7.833004951477051
1788594241905407700,52.73740771484375,-6.574552536010742,1.9712510108947754,-8.149114608764648
1788594241915504400,52.74750439453125,-6.445340633392334,1.7189619541168213,-8.461407661437988
1788594241925580000,52.757580078125,-6.802450656890869,1.4782699346542358,-8.762702941894531
1788594241935634200,52.76763427734375,-6.665457725524902,1.157596468925476,-8.78881549835205
1788594241945732000,52.77773217773437,-6.552705764770508,0.8310872912406921,-8.62735652923584
1788594241955808000,52.78780810546875,-7.0895304679870605,0.7447463870048523,-8.03232192993164
1788594241965884000,52.7978837890625,-7.195997714996338,0.6931962370872498,-7.611989974975586
1788594241975940600,52.80794067382813,-6.729203224182129,0.7508814930915833,-7.357980251312256
1788594241986036200,52.8180361328125,-6.741772651672363,0.9493009448051453,-6.942586421966553
1788594241996112100,52.82811206054687,-6.5999908447265625,0.9453355669975281,-6.772373676300049
1788594242006187800,52.838187744140626,-6.609867095947266,0.9266308546066284,-7.053243160247803
1788594242016264000,52.848263916015625,-6.860959053039551,0.8133552074432373,-7.264232635498047
1788594242026321200,52.85832104492187,-6.881160259246826,0.4858733117580414,-7.704017162322998
1788594242036416000,52.868416015625,-6.920365333557129,0.06082768738269806,-7.997381687164307
1788594242046491600,52.87849169921875,-7.224129676818848,-0.1784428507089615,-8.140734672546387
1788594242056567800,52.88856787109375,-7.5791449546813965,-0.2555810213088989,-8.01915454864502
1788594242066644000,52.89864404296875,-7.331345081329346,-0.2991255819797516,-7.977405071258545
1788594242076719900,52.908719970703125,-7.189263820648193,-0.44337621331214905,-7.936853408813477
1788594242086795500,52.91879541015625,-7.001169681549072,-0.4677671492099762,-7.760580539703369
1788594242096871700,52.92887158203125,-7.013065814971924,-0.36474165320396423,-7.591714382171631
1788594242106932500,52.938932373046875,-6.812252044677734,-0.17672201991081238,-7.315707683563232
1788594242117023700,52.949023681640625,-6.719401836395264,-0.08117840439081192,-7.254655838012695
1788594242127099400,52.95909936523437,-7.067234516143799,0.04361936077475548,-7.369652271270752
1788594242137151500,52.9691513671875,-7.2509894371032715,0.12105682492256165,-7.456891059875488
1788594242147225900,52.97922583007813,-6.962413311004639,-0.010025719180703163,-7.771503925323486
1788594242157327600,52.98932763671875,-7.010072708129883,-0.22378304600715637,-8.054169654846191
1788594242167403300,52.9994033203125,-7.134047508239746,-0.5909937024116516,-8.060229301452637
1788594242177478700,53.00947875976563,-7.300669193267822,-1.0005518198013306,-7.982867240905762
1788594242187555600,53.0195556640625,-7.390002727508545,-1.1045500040054321,-7.806369304656982
1788594242197631200,53.02963134765625,-7.100828170776367,-1.1179425716400146,-7.556848526000977
1788594242207707100,53.03970703125,-7.142202854156494,-1.0095300674438477,-7.306580066680908
1788594242217783600,53.049783447265625,-7.214776992797852,-0.9366565942764282,-7.133972644805908
1788594242227859700,53.059859619140624,-7.005060195922852,-0.9495254158973694,-7.266177654266357
1788594242237935600,53.069935546875,-6.902782917022705,-1.014917016029358,-7.474697589874268
1788594242248010500,53.080010498046875,-7.288997650146484,-0.9840916991233826,-7.699827671051025
1788594242258087400,53.09008740234375,-7.911415100097656,-0.9282768964767456,-7.613561630249023
1788594242268143900,53.10014379882813,-7.7171854972839355,-1.1049989461898804,-7.719130516052246
1788594242278239500,53.110239501953124,-7.5778727531433105,-1.058835744857788,-8.007108688354492
1788594242288315100,53.12031518554687,-7.718906402587891,-0.980799674987793,-8.174552917480469
1788594242298391000,53.13039111328125,-7.687781810760498,-0.922515869140625,-8.336759567260742
1788594242308466700,53.140466796875,-7.689427852630615,-0.8508394360542297,-8.330400466918945
1788594242318543400,53.15054345703125,-7.729006767272949,-0.8592939376831055,-8.123750686645508
1788594242328619000,53.16061889648437,-7.71471643447876,-0.9073276519775391,-7.845724105834961
1788594242338695700,53.17069580078125,-7.566949367523193,-0.8458265662193298,-7.8483428955078125
1788594242348770300,53.180770263671874,-7.998429298400879,-0.7119008898735046,-7.9474778175354
1788594242358847200,53.19084716796875,-8.101978302001953,-0.6319944262504578,-8.005163192749023
1788594242368923400,53.20092333984375,-8.318055152893066,-0.7858967185020447,-8.18068790435791
1788594242378998300,53.21099829101563,-8.332869529724121,-1.006163239479065,-8.338181495666504
1788594242389075500,53.221075439453124,-8.514155387878418,-1.011699914932251,-8.538097381591797
1788594242399150800,53.23115087890625,-8.925284385681152,-1.090109944343567,-8.678980827331543
1788594242409227500,53.2412275390625,-8.774075508117676,-1.1450269222259521,-8.755520820617676
1788594242419303000,53.251302978515625,-8.490662574768066,-1.1952303647994995,-8.78080940246582
1788594242429379000,53.261379150390624,-8.193482398986816,-1.0949732065200806,-9.236306190490723
1788594242439428400,53.27142846679688,-8.831088066101074,-0.9707739949226379,-9.227178573608398
1788594242449530600,53.281530517578126,-8.507795333862305,-0.8720131516456604,-8.928277015686035
1788594242459607000,53.29160693359375,-8.195950508117676,-0.6929717659950256,-8.687360763549805
1788594242469682200,53.30168212890625,-7.65037202835083,-0.652569591999054,-8.720281600952148
1788594242479758800,53.3117587890625,-8.029179573059082,-0.4556465148925781,-8.713024139404297
1788594242489834800,53.32183471679687,-7.965359210968018,-0.2554313838481903,-8.5880765914917
1788594242499884500,53.331884521484376,-7.925405979156494,-0.06479308009147644,-8.463053703308105
1788594242509985800,53.34198583984375,-7.494075775146484,0.05177461355924606,-8.293365478515625
1788594242520063200,53.35206323242188,-7.16434907913208,0.07556699216365814,-8.276605606079102
1788594242530139100,53.36213916015625,-7.38364315032959,0.19400516152381897,-8.242937088012695
1788594242540214500,53.37221459960937,-7.346907138824463,0.32381579279899597,-8.133776664733887
1788594242550290200,53.382290283203126,-7.2521867752075195,0.4424035847187042,-8.1394624710083
1788594242560366000,53.39236596679687,-7.103372097015381,0.4994155168533325,-8.18989086151123
1788594242570442800,53.40244287109375,-7.110629558563232,0.564956784248352,-8.191686630249023
1788594242580519000,53.412518798828124,-7.243582248687744,0.6596773862838745,-8.13220500946045
1788594242590594800,53.4225947265625,-7.038429260253906,0.7497591972351074,-8.076390266418457
1788594242600660500,53.432660400390624,-6.807912349700928,0.8313117027282715,-7.98488712310791
1788594242610746400,53.442746337890625,-6.798111438751221,0.8985738158226013,-7.824625015258789
1788594242620822800,53.45282275390625,-6.641366004943848,0.9997288584709167,-7.643189430236816
1788594242630898700,53.462898681640624,-6.6320881843566895,1.1577461957931519,-7.471704959869385
1788594242640948700,53.47294873046875,-6.5999908447265625,1.3430722951889038,-7.249941825866699
1788594242651051500,53.483051513671874,-6.121674537658691,1.40180504322052,-7.170409679412842
1788594242661125600,53.49312573242187,-6.121001243591309,1.456946611404419,-7.208342552185059
1788594242671201800,53.50320190429687,-6.210933208465576,1.6053122282028198,-7.324236869812012
1788594242681278700,53.51327880859375,-6.1321492195129395,1.7659481763839722,-7.369053363800049
1788594242691354600,53.52335473632812,-5.711667537689209,1.9966145753860474,-7.327678680419922
1788594242701430500,53.53343041992188,-5.823970317840576,2.2560861110687256,-7.229217052459717
1788594242711505200,53.54350512695312,-5.966650009155273,2.4671499729156494,-7.037755966186523
1788594242721582300,53.553582275390625,-5.735609531402588,2.5730185508728027,-6.788534641265869
1788594242731658500,53.563658447265624,-5.506289958953857,2.577657461166382,-6.619668483734131
1788594242741734100,53.57373413085938,-5.152322292327881,2.59509015083313,-6.520608425140381
1788594242751810600,53.583810546875,-4.871975898742676,2.5597009658813477,-6.39887809753418
1788594242761885700,53.5938857421875,-4.714931488037109,2.6298060417175293,-6.450502872467041
1788594242771938000,53.60393798828125,-4.904148101806641,2.704475164413452,-6.702492713928223
1788594242782012000,53.61401196289062,-4.98472785949707,2.811840295791626,-7.187542915344238
1788594242792088800,53.6240888671875,-4.8855180740356445,3.0190882682800293,-7.684714317321777
1788594242802165000,53.6341650390625,-4.889483451843262,3.260528564453125,-7.936553955078125
1788594242812266200,53.64426635742188,-4.598962306976318,3.5178303718566895,-8.055740356445312
1788594242822341600,53.65434155273437,-4.390666484832764,3.804311752319336,-8.100407600402832
1788594242832418600,53.66441845703125,-4.39889669418335,4.07478141784668,-8.204030990600586
1788594242842495000,53.674494873046875,-4.4834418296813965,4.438700199127197,-8.417938232421875
1788594242852570400,53.6845703125,-4.822595596313477,4.726902484893799,-8.477194786071777
1788594242862645500,53.6946455078125,-4.7934160232543945,4.9222540855407715,-8.3544921875
1788594242872722400,53.704722412109376,-4.444012641906738,5.061641693115234,-8.047061920166016
1788594242882798300,53.71479833984375,-4.302978992462158,5.103465557098389,-7.721450328826904
1788594242892873200,53.724873291015626,-4.311209201812744,5.098003387451172,-7.571214199066162
1788594242902950400,53.73495043945312,-4.319738388061523,5.098153114318848,-7.604583263397217
1788594242913025500,53.745025634765625,-4.2649712562561035,5.102118492126465,-7.644162178039551
1788594242923076000,53.755076171875,-4.253448963165283,5.1559882164001465,-7.653514862060547
1788594242933178400,53.765178466796876,-4.020462989807129,5.19481897354126,-7.613636016845703
1788594242943254300,53.77525415039062,-3.841047763824463,5.197587490081787,-7.5581955909729
1788594242953329200,53.7853291015625,-3.466729164123535,5.084536075592041,-7.378705024719238
1788594242963405600,53.795405517578125,-3.2375593185424805,5.030965805053711,-7.2545061111450195
1788594242973457700,53.805457763671875,-3.2781858444213867,5.030517101287842,-7.240889072418213
1788594242983558000,53.815557861328124,-3.6112043857574463,5.1203742027282715,-7.2976765632629395
1788594242993632800,53.8256328125,-3.5789575576782227,5.285499572753906,-7.32079553604126
1788594243003710200,53.83571020507812,-3.4764556884765625,5.436783313751221,-7.17474889755249
1788594243013785600,53.84578564453125,-3.036670684814453,5.636324882507324,-6.87330436706543
1788594243023861200,53.855861328125,-2.445228099822998,5.793519020080566,-6.382866859436035
1788594243033938200,53.865938232421875,-2.0543746948242188,5.958195209503174,-5.852252006530762
1788594243044014000,53.87601416015625,-2.3784148693084717,6.149207592010498,-5.3628621101379395
1788594243054089700,53.88608984375,-2.7540054321289062,6.3913960456848145,-5.045555591583252
1788594243064164600,53.89616455078125,-3.0238020420074463,6.643984317779541,-4.895094871520996
1788594243074215700,53.906215576171874,-3.092036724090576,6.835071563720703,-4.926070213317871
1788594243084319200,53.9163193359375,-2.7025299072265625,6.969371318817139,-4.988992691040039
1788594243094370000,53.9263701171875,-2.1692216396331787,7.036259651184082,-5.068300724029541
1788594243104443400,53.936443359375,-1.9583073854446411,7.082722187042236,-5.126135349273682
1788594243114519600,53.94651953125,-2.363151788711548,7.12155294418335,-5.293953895568848
1788594243124596000,53.956595947265626,-2.90035080909729,7.11923360824585,-5.4554877281188965
1788594243134672000,53.966671875,-2.897956609725952,7.123722553253174,-5.431246757507324
1788594243144752000,53.976752197265625,-2.3879168033599854,7.218218803405762,-5.334805011749268
1788594243154824700,53.98682470703125,-1.6965163946151733,7.381248950958252,-5.193322658538818
1788594243164899800,53.99689990234375,-1.1555016040802002,7.580266952514648,-4.952032089233398
1788594243174976500,54.0069765625,-1.1534066200256348,7.732298851013184,-4.550105571746826
1788594243185052000,54.017052001953125,-1.6490812301635742,7.918747425079346,-4.2439470291137695
1788594243195127600,54.02712744140625,-2.196979284286499,8.051325798034668,-3.933149576187134
1788594243205229300,54.03722924804688,-2.4013843536376953,8.065840721130371,-3.6612582206726074
1788594243215305700,54.0473056640625,-2.3086090087890625,8.035614013671875,-3.6896891593933105
1788594243225355800,54.057355712890626,-2.2206220626831055,7.938050746917725,-3.9305310249328613
1788594243235457800,54.067457763671875,-2.007463216781616,7.7888617515563965,-4.039542198181152
1788594243245533400,54.07753344726562,-1.7514333724975586,7.643339157104492,-3.899256706237793
1788594243255594200,54.08759423828125,-1.2882301807403564,7.640571117401123,-3.727921724319458
1788594243265685500,54.097685546875,-1.120635986328125,7.681122779846191,-3.606565475463867
1788594243275761400,54.107761474609376,-1.498620629310608,7.729829788208008,-3.366097927093506
1788594243285811200,54.11781127929687,-1.746794581413269,7.796194076538086,-3.200000286102295
1788594243295913700,54.127913818359374,-1.644891381263733,7.896002292633057,-3.145158052444458
1788594243305990000,54.137989990234374,-1.5516672134399414,8.04234790802002,-3.2008233070373535
1788594243316065500,54.1480654296875,-1.511115312576294,8.162507057189941,-3.304222822189331
1788594243326141000,54.158140869140624,-1.582492470741272,8.116867065429688,-3.309011220932007
1788594243336217300,54.16821728515625,-1.4197616577148438,8.04122543334961,-3.3553988933563232
1788594243346293200,54.17829321289062,-1.144802451133728,8.01720905303955,-3.367295026779175
1788594243356369700,54.18836962890625,-0.8660276532173157,8.144774436950684,-3.3545758724212646
1788594243366445000,54.198445068359376,-0.7446715235710144,8.250120162963867,-3.3127522468566895
1788594243376521700,54.20852172851563,-0.7733271718025208,8.27398681640625,-3.1966333389282227
1788594243386597600,54.21859765625,-0.6055833697319031,8.370353698730469,-3.2277579307556152
1788594243396673500,54.228673583984374,-0.49208328127861023,8.388534545898438,-3.2066590785980225
1788594243406749000,54.2387490234375,-0.4784662425518036,8.303914070129395,-3.225064516067505
1788594243416846000,54.24884619140625,-0.5992985963821411,8.118438720703125,-3.247061252593994
1788594243426901800,54.25890185546875,-0.8530839681625366,7.910217761993408,-3.12772536277771
1788594243436976600,54.2689765625,-1.022773027420044,7.851410388946533,-2.961477756500244
1788594243447027200,54.27902709960937,-1.2119150161743164,8.001721382141113,-2.8274025917053223
1788594243457128700,54.28912866210938,-1.3468133211135864,8.282740592956543,-2.807126760482788
1788594243467205000,54.299205078125,-1.202487826347351,8.661025047302246,-2.8594250679016113
1788594243477281000,54.309281005859376,-0.7205050587654114,9.124003410339355,-2.8826937675476074
1788594243487357000,54.31935693359375,-0.35097500681877136,9.491662979125977,-2.8034605979919434
1788594243497432600,54.3294326171875,-0.32606035470962524,9.662698745727539,-2.604442596435547
1788594243507509500,54.33950952148437,-0.5272480845451355,9.707365989685059,-2.3849241733551025
1788594243517585400,54.34958544921875,-0.6612485647201538,9.61444091796875,-2.2881834506988525
1788594243527660800,54.359660888671876,-0.4924573600292206,9.404648780822754,-2.2601263523101807
1788594243537736200,54.36973608398438,-0.14492401480674744,9.1824369430542,-2.251746654510498
1788594243547812900,54.37981274414062,0.058807577937841415,9.029282569885254,-2.068290948867798
1788594243557889300,54.38988916015625,0.16916531324386597,8.87366008758545,-1.93099844455719
1788594243567964700,54.399964599609376,0.2861819267272949,8.849119186401367,-1.7190368175506592
1788594243578041300,54.41004125976563,0.42265141010284424,8.863558769226074,-1.6407015323638916
1788594243588094500,54.420094482421874,0.4744260311126709,8.961871147155762,-1.6798317432403564
1788594243598193000,54.43019287109375,0.43013331294059753,9.130363464355469,-1.7265187501907349
1788594243608268500,54.4402685546875,0.18502689898014069,9.325565338134766,-1.753229022026062
1788594243618318800,54.45031884765625,-0.15928922593593597,9.527950286865234,-1.8192939758300781
1788594243628420900,54.4604208984375,-0.4712836444377899,9.670629501342773,-1.9092261791229248
1788594243638496300,54.47049633789062,-0.6698527336120605,9.784204483032227,-2.0631284713745117
1788594243648572200,54.480572265625,-0.5645078420639038,9.790489196777344,-2.2795794010162354
1788594243658648300,54.4906484375,-0.21188685297966003,9.680131912231445,-2.3973441123962402
1788594243668725000,54.50072509765625,0.1330278366804123,9.50498104095459,-2.479569911956787
1788594243678801200,54.51080126953125,0.3050362467765808,9.322872161865234,-2.4823381900787354
1788594243688876000,54.5208759765625,0.19108721613883972,9.139041900634766,-2.5819969177246094
1788594243698952700,54.53095263671875,-0.007107786368578672,8.974889755249023,-2.639233350753784
1788594243709029000,54.54102905273437,-0.08708908408880234,8.912790298461914,-2.7085154056549072
1788594243719105000,54.55110498046875,-0.06718728691339493,8.953640937805176,-2.7382185459136963
1788594243729181200,54.56118115234375,0.0843207910656929,9.044620513916016,-2.664297580718994
1788594243739256000,54.57125610351562,0.2661304771900177,9.109039306640625,-2.526182174682617
1788594243749354000,54.58135400390625,0.44098201394081116,9.130587577819824,-2.408492088317871
1788594243759409200,54.5914091796875,0.5371242165565491,9.097068786621094,-2.337414264678955
1788594243769484800,54.60148486328125,0.3340659439563751,9.041627883911133,-2.1470751762390137
1788594243779561000,54.61156103515625,0.12756605446338654,9.149517059326172,-2.151639223098755
1788594243789635800,54.6216357421875,0.08940847218036652,9.359383583068848,-2.1074211597442627
1788594243799712300,54.63171215820312,0.16744448244571686,9.534982681274414,-2.0423288345336914
1788594243809788400,54.64178833007813,0.23672668635845184,9.609951972961426,-1.9407249689102173
1788594243819863800,54.65186376953125,0.15674538910388947,9.642722129821777,-1.8781764507293701
1788594243829940700,54.66194067382813,0.09973346441984177,9.635015487670898,-1.8147300481796265
1788594243840016000,54.67201586914062,0.13040918111801147,9.667561531066895,-1.8480992317199707
1788594243850092300,54.68209228515625,0.15442600846290588,9.818246841430664,-1.8665046691894531
1788594243860167700,54.69216772460938,0.359354704618454,10.08093547821045,-1.9244892597198486
1788594243870244400,54.70224438476563,0.6599018573760986,10.315268516540527,-1.9829227924346924
1788594243880320800,54.71232080078125,0.7704092264175415,10.249801635742188,-1.9514240026474
1788594243890395400,54.7223955078125,0.7056909799575806,9.922170639038086,-1.9230676889419556
1788594243900472000,54.73247216796875,0.759635329246521,9.576807022094727,-1.865382432937622
1788594243910548700,54.742548828125,0.9787047505378723,9.334992408752441,-1.843610167503357
1788594243920602000,54.75260205078125,1.2466309070587158,9.264588356018066,-1.8915690183639526
1788594243930700800,54.76270068359375,1.3100024461746216,9.390583038330078,-1.9544167518615723
1788594243940776000,54.77277587890625,1.1893197298049927,9.62596321105957,-2.0305075645446777
1788594243950863600,54.782863525390624,1.0250176191329956,9.85034465789795,-2.1122844219207764
1788594243960928300,54.79292822265625,0.8144775032997131,9.897255897521973,-2.098068952560425
1788594243971004700,54.80300463867187,0.6816741228103638,9.78173542022705,-2.0253450870513916
1788594243981080000,54.813080078125,0.7151181101799011,9.641824722290039,-1.9760394096374512
1788594243991155500,54.82315551757812,0.8693944811820984,9.490316390991211,-1.8997989892959595
1788594244001232000,54.83323193359375,0.9899275898933411,9.457695007324219,-1.970876932144165
1788594244011308500,54.84330859375,0.9882067441940308,9.497424125671387,-2.033949136734009
1788594244021383400,54.853383544921876,0.8708908557891846,9.572542190551758,-2.1366004943847656
1788594244031460400,54.86346044921875,0.7274632453918457,9.715670585632324,-2.202141761779785
1788594244041536000,54.873535888671874,0.6085761189460754,9.785924911499023,-2.2347629070281982
1788594244051612400,54.8836123046875,0.52418053150177,9.757793426513672,-2.172513484954834
1788594244061687600,54.8936875,0.5094412565231323,9.664344787597656,-2.1275475025177
1788594244071764200,54.90376416015625,0.5270236730575562,9.542539596557617,-2.124629497528076
1788594244081839900,54.91383984375,0.5586720108985901,9.461286544799805,-2.106074571609497
1788594244091915300,54.92391528320312,0.6313958764076233,9.461735725402832,-2.141014814376831
1788594244101992400,54.933992431640625,0.7286603450775146,9.551592826843262,-2.1489455699920654
1788594244112068600,54.944068603515625,0.7604582905769348,9.63636302947998,-2.128295660018921
1788594244122160600,54.95416064453125,0.714893639087677,9.692177772521973,-2.089689254760742
1788594244132220400,54.96422045898437,0.6805518269538879,9.670330047607422,-2.046668291091919
1788594244142270500,54.9742705078125,0.6815244555473328,9.558924674987793,-1.993546962738037
1788594244152371500,54.98437133789062,0.7638251781463623,9.405097961425781,-1.9838954210281372
1788594244162447600,54.99444750976563,0.8194155097007751,9.293169021606445,-2.014496326446533
1788594244172524300,55.00452416992187,0.7451952695846558,9.238475799560547,-2.1220109462738037
1788594244182600400,55.01460034179688,0.6909516453742981,9.206005096435547,-2.0649988651275635
1788594244192675300,55.02467529296875,0.7225251793861389,9.27566146850586,-2.11250901222229
1788594244202752300,55.034752197265625,0.7400327920913696,9.371054649353027,-2.077493667602539
1788594244212828200,55.044828125,0.6821978688240051,9.487547874450684,-2.0073885917663574
1788594244222903000,55.054903076171875,0.6798036694526672,9.525555610656738,-1.963020920753479
1788594244232980500,55.06498046875,0.7586626410484314,9.545981407165527,-1.93099844455719
1788594244243055900,55.075055908203126,0.866551399230957,9.532888412475586,-1.8717420101165771
1788594244253131000,55.08513110351562,0.9730185270309448,9.555633544921875,-1.8075474500656128
1788594244263208000,55.0952080078125,1.061229944229126,9.607257843017578,-1.7601871490478516
1788594244273284400,55.105284423828124,1.0562918186187744,9.65955638885498,-1.7132757902145386
1788594244283335000,55.1153349609375,0.9757868051528931,9.710732460021973,-1.736619234085083
1788594244293436200,55.12543627929688,0.847472608089447,9.754725456237793,-1.780089020729065
1788594244303512000,55.135511962890625,0.7609820365905762,9.76437759399414,-1.8608932495117188
1788594244313588200,55.145588134765624,0.7573907375335693,9.720608711242676,-1.9387048482894897
1788594244323663000,55.1556630859375,0.8199392557144165,9.618330955505371,-1.988384485244751
1788594244333740000,55.16573999023438,0.9050082564353943,9.532962799072266,-2.04891300201416
1788594244343816000,55.17581591796875,0.9332897663116455,9.489119529724121,-2.1371991634368896
1788594244353891000,55.18589111328125,0.9151087999343872,9.483358383178711,-2.200421094894409
1788594244363942000,55.19594189453125,0.8148515820503235,9.460389137268066,-2.218078136444092
1788594244374044200,55.206044189453124,0.7362918257713318,9.43487548828125,-2.1796960830688477
1788594244384120300,55.21612036132812,0.7200561761856079,9.407042503356934,-2.122459888458252
1788594244394173700,55.22617358398438,0.7571662664413452,9.414151191711426,-2.095150947570801
1788594244404246300,55.23624633789063,0.7857470512390137,9.454702377319336,-2.0532524585723877
1788594244414347000,55.24634692382813,0.8690952062606812,9.534758567810059,-2.000580072402954
1788594244424435200,55.256435302734374,0.9417442679405212,9.613542556762695,-1.9171570539474487
1788594244434507300,55.26650732421875,0.9671078324317932,9.625214576721191,-1.8443583250045776
1788594244444550000,55.2765498046875,0.9782558679580688,9.604564666748047,-1.777694821357727
1788594244454625800,55.286625732421875,0.9595511555671692,9.56737995147705,-1.7479169368743896
1788594244464716000,55.29671606445312,0.9754127264022827,9.517176628112793,-1.7375171184539795
1788594244474778000,55.306778076171874,1.0316016674041748,9.513809204101562,-1.7329530715942383
1788594244484860400,55.3168603515625,1.0710312128067017,9.519869804382324,-1.735496997833252
1788594244494930000,55.32692993164063,1.0385597944259644,9.556830406188965,-1.731606364250183
1788594244505006000,55.33700610351563,0.9368062615394592,9.598130226135254,-1.7402853965759277
1788594244515081700,55.347081787109374,0.8982745409011841,9.655217170715332,-1.7170915603637695
1788594244525192200,55.35719213867188,0.901940643787384,9.656339645385742,-1.7063924074172974
1788594244535284700,55.36728466796875,0.8997709155082703,9.626411437988281,-1.6945710182189941
1788594244545309400,55.377309326171876,0.9511714577674866,9.600449562072754,-1.7247978448867798
1788594244555411700,55.38741162109375,0.9668834209442139,9.554136276245117,-1.7644518613815308
1788594244565487600,55.397487548828124,0.9883564114570618,9.52937126159668,-1.807697057723999
1788594244575563800,55.40756372070312,0.9332149028778076,9.520992279052734,-1.8480992317199707
1788594244585666800,55.41766674804688,0.9432406425476074,9.556081771850586,-1.8911200761795044
1788594244595715800,55.4277158203125,0.9488520622253418,9.602694511413574,-1.9028666019439697
1788594244605791500,55.43779150390625,0.922515869140625,9.620426177978516,-1.8787750005722046
1788594244615850200,55.44785034179687,0.8487445116043091,9.612719535827637,-1.8308161497116089
1788594244625943300,55.457943359375,0.8132804036140442,9.57897663116455,-1.79146146774292
1788594244636019700,55.46801977539062,0.8388684391975403,9.536928176879883,-1.7344495058059692
1788594244646069800,55.47806982421875,0.9036614894866943,9.514408111572266,-1.7204583883285522
1788594244656171500,55.48817163085938,0.9252093434333801,9.50617790222168,-1.7241992950439453
1788594244666247200,55.4982470703125,0.9209446310997009,9.516951560974121,-1.7182886600494385
1788594244676323600,55.50832348632812,0.9281272292137146,9.528847694396973,-1.7015292644500732
1788594244686399200,55.51839916992188,0.9184756278991699,9.552639961242676,-1.6906805038452148
1788594244696475600,55.5284755859375,0.895581066608429,9.594314575195312,-1.6820014715194702
1788594244706551300,55.53855126953125,0.9048585891723633,9.64923095703125,-1.6674118041992188
1788594244716627500,55.54862744140625,0.9725696444511414,9.722179412841797,-1.6398037672042847
1788594244726703000,55.558703125,1.0298808813095093,9.737892150878906,-1.6292542219161987
1788594244736779800,55.56877978515625,1.0301052331924438,9.712677955627441,-1.607856035232544
1788594244746856200,55.578856201171874,0.9686790704727173,9.675193786621094,-1.6228946447372437
1788594244756931600,55.588931640625,0.9161562323570251,9.6571626663208,-1.6347160339355469
1788594244767007500,55.599007568359376,0.9112930297851562,9.662025451660156,-1.6561142206192017
1788594244777083600,55.609083740234375,0.9519944787025452,9.646687507629395,-1.6599299907684326
1788594244787133000,55.6191328125,0.9805752038955688,9.638532638549805,-1.6816273927688599
1788594244797235200,55.62923510742188,1.002347469329834,9.60748291015625,-1.6710779666900635
1788594244807311000,55.63931103515625,1.002571940422058,9.595361709594727,-1.6365116834640503
1788594244817363500,55.649363525390626,1.009904146194458,9.585710525512695,-1.6163105964660645
1788594244827463400,55.65946337890625,0.9861866235733032,9.575984001159668,-1.5947628021240234
1788594244837539800,55.669539794921874,0.9646388292312622,9.59132194519043,-1.583914041519165
1788594244847615000,55.67961499023438,0.9871593117713928,9.614141464233398,-1.5886276960372925
1788594244857691400,55.68969140625,1.0097545385360718,9.638008117675781,-1.5694739818572998
1788594244867766500,55.6997666015625,1.0182090997695923,9.638008117675781,-1.5575778484344482
1788594244877843500,55.709843505859375,1.024269461631775,9.628506660461426,-1.558849811553955
1788594244887918800,55.7199189453125,1.0243442058563232,9.622446060180664,-1.5493477582931519
1788594244897995000,55.7299951171875,1.0016741752624512,9.608006477355957,-1.5493477582931519
1788594244908071000,55.74007080078125,0.9920225143432617,9.605836868286133,-1.5543606281280518
1788594244918124800,55.750124755859375,1.0108020305633545,9.645340919494629,-1.5708955526351929
1788594244928223500,55.760223388671875,1.0226234197616577,9.675193786621094,-1.558849811553955
1788594244938299400,55.77029931640625,1.0082582235336304,9.678709983825684,-1.5480759143829346
1788594244948372500,55.78037255859375,0.9944167137145996,9.633070945739746,-1.5171756744384766
1788594244958451700,55.79045166015625,1.0019733905792236,9.573365211486816,-1.5079729557037354
1788594244968526300,55.8005263671875,1.0010007619857788,9.52922248840332,-1.5296704769134521
1788594244978603800,55.81060375976563,0.9972598552703857,9.541267395019531,-1.5451579093933105
1788594244988679200,55.82067919921875,0.99112468957901,9.568427085876465,-1.5587000846862793
1788594244998755000,55.83075512695312,1.024194598197937,9.612794876098633,-1.5741127729415894
1788594245008831500,55.84083154296875,1.0488847494125366,9.676240921020508,-1.5762825012207031
1788594245018906400,55.85090625,1.0464158058166504,9.692925453186035,-1.5642367601394653
1788594245028983300,55.8609833984375,0.9902268648147583,9.690306663513184,-1.569997787475586
1788594245039059700,55.871059814453126,0.9258078932762146,9.6733980178833,-1.5794249773025513
1788594245049135000,55.88113500976562,0.9101707339286804,9.65918254852295,-1.6152631044387817
1788594245059211300,55.89121118164063,0.8922142386436462,9.643844604492188,-1.6594061851501465
1788594245069287700,55.90128759765625,0.8984990119934082,9.627459526062012,-1.675417423248291
1788594245079363000,55.911363037109375,0.9150339365005493,9.621772766113281,-1.7233015298843384
1788594245089439500,55.921439453125,0.9113678336143494,9.625438690185547,-1.7387889623641968
1788594245099514600,55.9315146484375,0.9008932113647461,9.593042373657227,-1.7209820747375488
1788594245109591000,55.94159106445313,0.9549123644828796,9.587057113647461,-1.6758663654327393
1788594245119642400,55.951642333984374,0.9608230590820312,9.590648651123047,-1.6758663654327393
1788594245129743400,55.96174340820313,0.9594763517379761,9.616984367370605,-1.6793080568313599
1788594245139819300,55.9718193359375,0.9270797967910767,9.622895240783691,-1.695842981338501
1788594245149894400,55.98189428710938,0.9405471682548523,9.614590644836426,-1.6852935552597046
1788594245159971600,55.9919716796875,0.987308919429779,9.587206840515137,-1.6820014715194702
1788594245170047200,56.00204711914063,1.0079588890075684,9.553688049316406,-1.651250958442688
1788594245180123400,56.01212329101563,0.9867851734161377,9.52129077911377,-1.6393548250198364
1788594245190198300,56.0221982421875,0.945260763168335,9.486425399780273,-1.6202759742736816
1788594245200274700,56.03227465820312,0.9094973802566528,9.470788955688477,-1.628580927848816
1788594245210351000,56.04235107421875,0.8795698285102844,9.481412887573242,-1.6236428022384644
1788594245220426500,56.052426513671875,0.8745570182800293,9.504158020019531,-1.6318728923797607
1788594245230503200,56.06250317382813,0.9196727275848389,9.534309387207031,-1.6333693265914917
1788594245240579000,56.0725791015625,0.9602245092391968,9.551143646240234,-1.6238672733306885
1788594245250654200,56.082654296875,0.9805004000663757,9.559523582458496,-1.6071827411651611
1788594245260730400,56.09273046875,0.9386767148971558,9.572466850280762,-1.6045640707015991
1788594245270807600,56.1028076171875,0.9002198576927185,9.621174812316895,-1.5766565799713135
1788594245280871400,56.112871337890624,0.8818892240524292,9.696292877197266,-1.559523105621338
1788594245290958300,56.12295825195312,0.9091233015060425,9.757120132446289,-1.5198692083358765
1788594245301034800,56.13303466796875,0.9818471670150757,9.807398796081543,-1.490091323852539
1788594245311111200,56.14311108398437,1.0464158058166504,9.823184967041016,-1.4690672159194946
1788594245321186000,56.15318603515625,1.0910825729370117,9.768268585205078,-1.4444518089294434
1788594245331263000,56.163262939453126,1.0675146579742432,9.727566719055176,-1.4302362203598022
1788594245341333500,56.17333349609375,1.0390087366104126,9.68574333190918,-1.4578443765640259
1788594245351389700,56.1833896484375,1.0176105499267578,9.640477180480957,-1.4961515665054321
1788594245361490400,56.19349047851563,1.0199298858642578,9.622819900512695,-1.5416414737701416
1788594245371567000,56.20356713867187,1.0473135709762573,9.600449562072754,-1.5872061252593994
1788594245381642500,56.213642578125,1.0580874681472778,9.592219352722168,-1.5992518663406372
1788594245391718000,56.2237177734375,1.0529998540878296,9.56588363647461,-1.6124200820922852
1788594245401795300,56.23379541015625,1.0604069232940674,9.546730041503906,-1.5898247957229614
1788594245411871200,56.243871337890624,1.05337393283844,9.537003517150879,-1.5695488452911377
1788594245421947000,56.25394677734375,1.0126725435256958,9.542839050292969,-1.5753847360610962
1788594245432023000,56.26402294921875,0.9574562311172485,9.570297241210938,-1.5988777875900269
1788594245442098200,56.27409814453125,0.9583540558815002,9.595437049865723,-1.6178817749023438
1788594245452177200,56.28417724609375,0.9356839656829834,9.598953247070312,-1.6201263666152954
1788594245462250500,56.29425048828125,0.9510217905044556,9.615787506103516,-1.6249147653579712
1788594245472327000,56.30432690429687,0.9888052940368652,9.625364303588867,-1.6237176656723022
1788594245482401300,56.3144013671875,1.0173860788345337,9.64459228515625,-1.6177321672439575
1788594245492478500,56.324478515625,1.0450690984725952,9.624317169189453,-1.6059856414794922
1788594245502555000,56.334554931640625,1.0298808813095093,9.565808296203613,-1.6193782091140747
1788594245512631000,56.344631103515624,1.0004022121429443,9.495254516601562,-1.6279823780059814
1788594245522706000,56.354705810546875,0.9680805206298828,9.480963706970215,-1.65656316280365
1788594245532783400,56.36478344726562,0.9509469866752625,9.50266170501709,-1.711330533027649
1788594245542858000,56.37485791015625,0.9304466247558594,9.531316757202148,-1.7206828594207764
1788594245552934100,56.38493408203125,0.9371055364608765,9.577554702758789,-1.6986112594604492
1788594245563010800,56.3950107421875,0.945111095905304,9.626636505126953,-1.7078888416290283
1788594245573086700,56.40508666992187,0.9438391923904419,9.652822494506836,-1.694645881652832
1788594245583163100,56.4151630859375,0.9571569561958313,9.639579772949219,-1.6672621965408325
1788594245593237800,56.42523779296875,0.9382277727127075,9.61563777923584,-1.6589573621749878
1788594245603315000,56.43531494140625,0.9502736330032349,9.611971855163574,-1.6447417736053467
1788594245613414000,56.44541381835938,0.9433903098106384,9.595137596130371,-1.6172832250595093
1788594245623467000,56.45546704101562,0.9648633003234863,9.605836868286133,-1.600598692893982
1788594245633543000,56.46554296875,0.979602575302124,9.628581047058105,-1.580397605895996
1788594245643619000,56.475619140625,0.9722703695297241,9.652373313903809,-1.5706710815429688
1788594245653693700,56.48569360351563,0.9628431797027588,9.66763687133789,-1.522787094116211
1788594245663771000,56.49577099609375,0.9666589498519897,9.66262435913086,-1.481038212776184
1788594245673846800,56.5058466796875,0.983568012714386,9.661276817321777,-1.440561294555664
1788594245683921700,56.515921630859374,0.9967361092567444,9.661352157592773,-1.4465467929840088
1788594245693998000,56.525998046875,0.9751882553100586,9.657686233520508,-1.446471929550171
1788594245704075000,56.53607495117188,0.9706243276596069,9.637334823608398,-1.4394389390945435
1788594245714151000,56.54615087890625,0.9916484355926514,9.629105567932129,-1.4573206901550293
1788594245724200400,56.55620043945312,1.0131213665008545,9.623269081115723,-1.472957730293274
1788594245734276600,56.56627661132813,1.0106524229049683,9.617433547973633,-1.505204677581787
1788594245744365800,56.57636572265625,0.9892542362213135,9.588777542114258,-1.5184476375579834
1788594245754435600,56.586435546875,0.9462333917617798,9.578003883361816,-1.5374516248703003
1788594245764508200,56.59650805664062,0.9198223948478699,9.578003883361816,-1.560046911239624
1788594245774580700,56.60658081054687,0.9315689206123352,9.603142738342285,-1.565882682800293
1788594245784658200,56.616658203125,0.932691216468811,9.612719535827637,-1.5705963373184204
1788594245794734600,56.62673461914063,0.930072546005249,9.633145332336426,-1.59798002243042
1788594245804809500,56.6368095703125,0.9275286793708801,9.640477180480957,-1.6181811094284058
1788594245814884900,56.646884765625,0.9346364736557007,9.640552520751953,-1.6277579069137573
1788594245824962600,56.656962646484374,0.9383774399757385,9.616684913635254,-1.6350901126861572
1788594245835036700,56.66703662109375,0.9347113370895386,9.62147331237793,-1.6398037672042847
1788594245845138200,56.67713818359375,0.9526678323745728,9.613168716430664,-1.6435446739196777
1788594245855188700,56.687188720703126,0.9933692216873169,9.613243103027344,-1.6222212314605713
1788594245865264400,56.697264404296874,1.016338586807251,9.596484184265137,-1.5949124097824097
1788594245875366700,56.70736669921875,1.0487351417541504,9.58361530303955,-1.5990275144577026
1788594245885442600,56.71744262695312,1.0487351417541504,9.580023765563965,-1.5954362154006958
1788594245895518700,56.72751879882812,1.0200047492980957,9.58361530303955,-1.616834282875061
1788594245905594600,56.7375947265625,0.9887304902076721,9.597980499267578,-1.6428712606430054
1788594245915670800,56.7476708984375,0.9635165333747864,9.613468170166016,-1.647510051727295
1788594245925746400,56.75774633789062,0.9513959288597107,9.618256568908691,-1.6653169393539429
1788594245935822600,56.76782250976562,0.9706991314888,9.60748291015625,-1.645115852355957
1788594245945872400,56.77787231445313,0.9888052940368652,9.587206840515137,-1.6369606256484985
1788594245955974700,56.787974609375,1.0084826946258545,9.591695785522461,-1.6186299324035645
1788594245966050300,56.79805029296875,0.9929951429367065,9.597456932067871,-1.599401593208313
1788594245976101000,56.80810107421875,0.9786299467086792,9.596260070800781,-1.6065093278884888
1788594245986177000,56.818177001953124,0.9400982856750488,9.615413665771484,-1.6373347043991089
1788594245996252400,56.82825244140625,0.9101707339286804,9.631948471069336,-1.627608299255371
1788594246006328800,56.83832885742188,0.9233388304710388,9.629629135131836,-1.62880539894104
1788594246016430800,56.84843090820313,0.942791759967804,9.608006477355957,-1.5907974243164062
1788594246026506200,56.85850634765625,0.985887348651886,9.619902610778809,-1.5551087856292725
1788594246036582400,56.86858251953125,1.0274118185043335,9.615338325500488,-1.5447838306427002
1788594246046658600,56.87865844726562,1.0368390083312988,9.638083457946777,-1.5447089672088623
1788594246056733700,56.888733642578124,1.0342950820922852,9.640626907348633,-1.567379117012024
1788594246066810600,56.898810546875,1.0187327861785889,9.619229316711426,-1.600823163986206
1788594246076886800,56.90888671875,0.9888052940368652,9.606135368347168,-1.6306010484695435
1788594246086962400,56.91896240234375,0.9709236025810242,9.601346969604492,-1.643694281578064
1788594246097038600,56.92903857421875,0.9793033003807068,9.592967987060547,-1.640177845954895
1788594246107114800,56.93911474609375,1.01753568649292,9.596708297729492,-1.6331448554992676
1788594246117184300,56.949184326171874,1.0697592496871948,9.60059928894043,-1.6099510192871094
1788594246127266300,56.959266357421875,1.0684125423431396,9.627983093261719,-1.5907225608825684
1788594246137342500,56.969342529296874,1.0361655950546265,9.631424903869629,-1.5821932554244995
1788594246147394000,56.97939404296875,0.985887348651886,9.640851974487305,-1.5962591171264648
1788594246157494300,56.98949438476563,0.9929203391075134,9.658807754516602,-1.6009727716445923
1788594246167570000,56.99956982421875,1.0170120000839233,9.631499290466309,-1.6035914421081543
1788594246177646300,57.009646240234375,1.0264391899108887,9.624465942382812,-1.627608299255371
1788594246187722000,57.01972192382812,1.0143933296203613,9.619827270507812,-1.6585832834243774
1788594246197797600,57.02979760742188,1.0036942958831787,9.600150108337402,-1.643694281578064
1788594246207874000,57.0398740234375,1.0015993118286133,9.567903518676758,-1.6342670917510986
1788594246217924600,57.04992456054688,1.0122984647750854,9.585784912109375,-1.6210989952087402
1788594246228026600,57.06002661132813,1.0144681930541992,9.603816032409668,-1.6401029825210571
1788594246238102500,57.0701025390625,0.9927706718444824,9.616909980773926,-1.6567127704620361
1788594246248177400,57.08017749023438,0.9365817904472351,9.635764122009277,-1.6444424390792847
1788594246258254600,57.09025463867187,0.9496750831604004,9.644144058227539,-1.6408511400222778
1788594246268329200,57.1003291015625,1.0060136318206787,9.633444786071777,-1.6124948263168335
1788594246278406700,57.11040673828125,1.0292823314666748,9.619303703308105,-1.6127192974090576
1788594246288481300,57.12048120117188,1.0161889791488647,9.593042373657227,-1.6307506561279297
1788594246298558000,57.13055786132813,0.993743360042572,9.55473518371582,-1.632022500038147
1788594246308634600,57.14063452148437,0.9818471670150757,9.532139778137207,-1.652448058128357
1788594246318726100,57.15072607421875,0.9602245092391968,9.536928176879883,-1.667860746383667
1788594246328786000,57.160785888671874,0.955436110496521,9.538125038146973,-1.670180082321167
1788594246338862600,57.170862548828126,0.9602993130683899,9.530942916870117,-1.667860746383667
1788594246348937500,57.1809375,0.9815478920936584,9.5786771774292,-1.6533459424972534
1788594246359014700,57.1910146484375,1.0006266832351685,9.623194694519043,-1.6535704135894775
1788594246369089500,57.201089599609375,1.0074352025985718,9.680580139160156,-1.6604536771774292
1788594246379166500,57.21116650390625,1.0060884952545166,9.705644607543945,-1.6531962156295776
1788594246389241600,57.22124169921875,0.9904513359069824,9.715221405029297,-1.6686089038848877
1788594246399318000,57.23131811523437,0.9736918807029724,9.692625999450684,-1.698461651802063
1788594246409394200,57.24139428710937,0.9451859593391418,9.654394149780273,-1.7117046117782593
1788594246419469600,57.251469482421875,0.9490765333175659,9.605462074279785,-1.7250971794128418
1788594246429546500,57.26154638671875,0.9552865028381348,9.567304611206055,-1.7265187501907349
1788594246439622100,57.2716220703125,0.9635165333747864,9.545831680297852,-1.7337760925292969
1788594246449702000,57.281701904296874,0.9611223340034485,9.549423217773438,-1.7349731922149658
1788594246459774200,57.29177416992187,0.9501988291740417,9.57089614868164,-1.7407342195510864
1788594246469849600,57.301849609375,0.9380033612251282,9.613767623901367,-1.727341651916504
1788594246479901000,57.31190087890625,0.9307458996772766,9.634042739868164,-1.717690110206604
1788594246490002200,57.322002197265626,0.9439888596534729,9.635165214538574,-1.6950199604034424
1788594246500077800,57.33207788085937,0.9801263213157654,9.606510162353516,-1.6810288429260254
1788594246510154500,57.342154541015624,1.0077344179153442,9.591096878051758,-1.675192952156067
1788594246520229000,57.35222900390625,1.007659673690796,9.594688415527344,-1.6811784505844116
1788594246530306600,57.362306640625,1.0077344179153442,9.588703155517578,-1.6811784505844116
1788594246540381700,57.372381591796874,0.9968857169151306,9.597007751464844,-1.6799066066741943
1788594246550457600,57.38245751953125,0.9790788292884827,9.57785415649414,-1.6775871515274048
1788594246560534300,57.3925341796875,0.9696516990661621,9.565808296203613,-1.6692074537277222
1788594246570610000,57.40260986328125,0.9601497054100037,9.569250106811523,-1.6548422574996948
1788594246580686300,57.41268627929688,0.9589526057243347,9.570446968078613,-1.651250958442688
1788594246590761200,57.42276123046875,0.9493758082389832,9.582343101501465,-1.642796516418457
1788594246600838000,57.432837890625,0.982370913028717,9.614365577697754,-1.6304513216018677
1788594246610914300,57.442914306640624,1.0386346578598022,9.621623039245605,-1.5995512008666992
1788594246620989200,57.4529892578125,1.0423755645751953,9.609577178955078,-1.5781530141830444
1788594246631066400,57.46306640625,1.05337393283844,9.582043647766113,-1.5652093887329102
1788594246641116200,57.4731162109375,1.01521635055542,9.573514938354492,-1.5603461265563965
1788594246651192300,57.4831923828125,1.0150667428970337,9.578453063964844,-1.584213376045227
1788594246661294000,57.493294189453124,1.0065373182296753,9.597606658935547,-1.5960347652435303
1788594246671369500,57.50336938476563,0.9992799162864685,9.607108116149902,-1.5982792377471924
1788594246681445400,57.5134453125,1.0287585258483887,9.61571216583252,-1.5937901735305786
1788594246691522300,57.52352221679688,1.0622025728225708,9.645490646362305,-1.5591490268707275
1788594246701598000,57.533597900390625,1.0848726034164429,9.665766716003418,-1.5364789962768555
1788594246711674400,57.54367431640625,1.0599579811096191,9.654842376708984,-1.5245078802108765
1788594246721749200,57.55374926757813,1.0553940534591675,9.619004249572754,-1.5270518064498901
1788594246731826400,57.56382641601562,1.0386346578598022,9.597681045532227,-1.5628899335861206
1788594246741902300,57.57390234375,1.0374375581741333,9.569175720214844,-1.6048632860183716
1788594246751977200,57.58397729492187,0.9947159886360168,9.514183044433594,-1.6205004453659058
1788594246762055000,57.59405493164063,0.9902268648147583,9.498620986938477,-1.6122703552246094
1788594246772129300,57.60412939453125,1.0439467430114746,9.509544372558594,-1.6088286638259888
1788594246782180000,57.61418017578125,1.1248258352279663,9.556530952453613,-1.6279823780059814
1788594246792281300,57.62428125,1.1017817258834839,9.623269081115723,-1.6108487844467163
1788594246802358000,57.63435791015625,1.0538976192474365,9.638532638549805,-1.5998504161834717
1788594246812409300,57.64440942382812,1.0444705486297607,9.625364303588867,-1.5902736186981201
1788594246822509000,57.65450903320313,1.0509048700332642,9.5786771774292,-1.5679028034210205
1788594246832586000,57.6645859375,1.0403554439544678,9.526154518127441,-1.5919945240020752
1788594246842661600,57.67466162109375,1.0290578603744507,9.510517120361328,-1.6014217138290405
1788594246852737300,57.6847373046875,1.0098294019699097,9.51889705657959,-1.6108487844467163
1788594246862814500,57.694814453125,1.0130466222763062,9.576208114624023,-1.6034417152404785
1788594246872889300,57.70488940429688,1.0379612445831299,9.610923767089844,-1.5961843729019165
1788594246882965800,57.7149658203125,1.0447697639465332,9.665841102600098,-1.5875802040100098
1788594246893042400,57.72504248046875,1.031526803970337,9.689708709716797,-1.5909470319747925
1788594246903118300,57.73511840820313,1.0136451721191406,9.676465034484863,-1.5945383310317993
1788594246913194500,57.74519458007813,1.0006266832351685,9.644293785095215,-1.6053870916366577
1788594246923270000,57.75526977539062,0.9775076508522034,9.604788780212402,-1.624465823173523
1788594246933346000,57.76534594726562,0.9883564114570618,9.584512710571289,-1.6353145837783813
1788594246943422200,57.77542211914062,1.0134955644607544,9.5786771774292,-1.6342670917510986
1788594246953497000,57.7854970703125,1.0374375581741333,9.564387321472168,-1.6356137990951538
1788594246963573800,57.79557373046875,1.0170120000839233,9.5763578414917,-1.6414496898651123
1788594246973649700,57.80564965820312,0.9788544178009033,9.578453063964844,-1.6234183311462402
1788594246983700000,57.81569995117187,0.9500491619110107,9.597456932067871,-1.6243910789489746
1788594246993802200,57.82580224609375,0.945111095905304,9.628506660461426,-1.620650053024292
1788594247003878400,57.83587841796875,0.9832687377929688,9.629928588867188,-1.6303017139434814
1788594247013953500,57.84595361328125,0.9940426349639893,9.628730773925781,-1.6315736770629883
1788594247024029400,57.85602954101562,1.0013000965118408,9.61915397644043,-1.625662922859192
1788594247034106400,57.8661064453125,1.0108020305633545,9.621623039245605,-1.6280571222305298
1788594247044173000,57.87617309570312,0.9929951429367065,9.610774993896484,-1.6184803247451782
1788594247054231800,57.886231689453126,0.9715221524238586,9.611896514892578,-1.617208480834961
1788594247064329500,57.89632958984375,0.9525930285453796,9.59139633178711,-1.5958102941513062
1788594247074383600,57.90638354492187,0.9525930285453796,9.598504066467285,-1.5837644338607788
1788594247084464000,57.916464111328125,0.9415197968482971,9.608305931091309,-1.584213376045227
1788594247094535400,57.92653540039063,0.9486275911331177,9.62139892578125,-1.5722423791885376
1788594247104613400,57.93661328125,0.960673451423645,9.610699653625488,-1.569997787475586
1788594247114707500,57.94670751953125,0.9907506108283997,9.594015121459961,-1.5522657632827759
1788594247124764200,57.95676416015625,1.0050410032272339,9.603591918945312,-1.5534628629684448
1788594247134840300,57.96684033203125,1.0288333892822266,9.61451530456543,-1.5606454610824585
1788594247144915000,57.9769150390625,1.0395324230194092,9.60980224609375,-1.5667057037353516
1788594247154992400,57.98699243164062,1.0275614261627197,9.61571216583252,-1.5690251588821411
1788594247165097500,57.997097412109376,1.0013000965118408,9.61563777923584,-1.5689502954483032
1788594247175144700,58.00714477539063,0.9773580431938171,9.613168716430664,-1.5747861862182617
1788594247185219800,58.0172197265625,0.9546879529953003,9.613094329833984,-1.569922924041748
1788594247195318000,58.02731811523437,0.9739163517951965,9.604714393615723,-1.5581015348434448
1788594247205398000,58.03739794921875,0.9689783453941345,9.633369445800781,-1.5519664287567139
1788594247215474000,58.04747387695313,0.9784802794456482,9.650053977966309,-1.5376012325286865
1788594247225550300,58.05755029296875,1.0132710933685303,9.642946243286133,-1.529446005821228
1788594247235627000,58.067626953125,1.0455927848815918,9.635838508605957,-1.5188217163085938
1788594247245701400,58.07770141601563,1.0479869842529297,9.626337051391602,-1.5284733772277832
1788594247255778000,58.08777807617187,1.0300304889678955,9.610923767089844,-1.55712890625
1788594247265854200,58.09785424804687,1.0273369550704956,9.623119354248047,-1.609576940536499
1788594247275921000,58.1079208984375,0.9888052940368652,9.63755989074707,-1.6570868492126465
1788594247286005500,58.118005615234374,0.9587281346321106,9.642422676086426,-1.6927753686904907
1788594247296081400,58.12808129882813,0.9446622133255005,9.614814758300781,-1.679756999015808
1788594247306158000,58.13815795898437,0.9828945994377136,9.625588417053223,-1.664344310760498
1788594247316207900,58.14820776367188,1.0150667428970337,9.629329681396484,-1.6656161546707153
1788594247326310100,58.15831005859375,1.039083480834961,9.642946243286133,-1.6910545825958252
1788594247336386000,58.168385986328126,0.9698013067245483,9.640328407287598,-1.693224310874939
1788594247346461000,58.1784609375,0.9316437244415283,9.608006477355957,-1.7099837064743042
1788594247356538600,58.18853857421875,0.9390507936477661,9.560346603393555,-1.7281646728515625
1788594247366613800,58.19861376953125,0.9415197968482971,9.542539596557617,-1.7461211681365967
1788594247376690200,58.20869018554688,0.9475052952766418,9.529446601867676,-1.760561227798462
1788594247386766300,58.21876635742188,0.9534908533096313,9.532962799072266,-1.7426795959472656
1788594247396841200,58.22884130859375,0.9594763517379761,9.563862800598145,-1.6995091438293457
1788594247406917600,58.23891772460937,0.987308919429779,9.60172176361084,-1.6751182079315186
1788594247416994300,58.24899438476562,1.0029460191726685,9.615937232971191,-1.6368857622146606
1788594247427070000,58.25907006835938,1.0030957460403442,9.600299835205078,-1.6225954294204712
1788594247437146000,58.26914599609375,1.0021229982376099,9.566855430603027,-1.619228482246399
1788594247447221000,58.27922094726563,1.0140941143035889,9.559747695922852,-1.6288801431655884
1788594247457298200,58.289298095703124,1.0079588890075684,9.584887504577637,-1.63344407081604
1788594247467374000,58.2993740234375,1.007584810256958,9.637410163879395,-1.6344166994094849
1788594247477446700,58.30944677734375,1.0217255353927612,9.672125816345215,-1.6306757926940918
1788594247487526000,58.31952587890625,1.0063128471374512,9.677812576293945,-1.6207997798919678
1788594247497601500,58.3296015625,0.9970353841781616,9.65379524230957,-1.597007393836975
1788594247507678000,58.339677978515624,0.9769091010093689,9.622671127319336,-1.6018705368041992
1788594247517727500,58.3497275390625,0.9602993130683899,9.604639053344727,-1.6018705368041992
1788594247527829500,58.35982958984375,0.9795277714729309,9.59521198272705,-1.599626064300537
1788594247537906200,58.36990625,1.0034698247909546,9.582193374633789,-1.608155369758606
1788594247547981000,58.37998095703125,1.016637921333313,9.588029861450195,-1.5818939208984375
1788594247558058000,58.39005810546875,1.0298060178756714,9.598803520202637,-1.572317123413086
1788594247568134000,58.4001337890625,1.0371382236480713,9.631199836730957,-1.5522657632827759
1788594247578209800,58.41020971679688,1.037063479423523,9.646687507629395,-1.5390228033065796
1788594247588286500,58.42028637695312,1.0288333892822266,9.642946243286133,-1.5223381519317627
1788594247598361300,58.430361328125,1.0086323022842407,9.604788780212402,-1.5462801456451416
1788594247608438800,58.44043872070313,0.9944915175437927,9.581969261169434,-1.5380501747131348
1788594247618514200,58.45051416015625,0.992172122001648,9.555782318115234,-1.5524901151657104
1788594247628590000,58.46059008789062,1.0363152027130127,9.566706657409668,-1.5561562776565552
1788594247638666200,58.47066625976562,1.0410288572311401,9.564387321472168,-1.5693243741989136
1788594247648724000,58.48072387695313,1.034444808959961,9.596858024597168,-1.5789011716842651
1788594247658818300,58.490818359375,1.0283844470977783,9.619453430175781,-1.5739631652832031
1788594247668894200,58.500894287109375,1.0402805805206299,9.639729499816895,-1.5595979690551758
1788594247678980600,58.51098071289063,1.0378116369247437,9.637410163879395,-1.5667805671691895
1788594247689046300,58.52104638671875,1.036764144897461,9.615861892700195,-1.5680525302886963
1788594247699121700,58.53112158203125,1.0283844470977783,9.60523796081543,-1.5896003246307373
1788594247709199600,58.54119970703125,1.0105026960372925,9.58137035369873,-1.6099510192871094
1788594247719273000,58.55127294921875,0.9925462603569031,9.588478088378906,-1.6098014116287231
1788594247729350400,58.561350341796874,0.9763105511665344,9.59139633178711,-1.6253637075424194
1788594247739426300,58.57142626953125,0.9678560495376587,9.609277725219727,-1.6240917444229126
1788594247749501700,58.581501708984376,0.982221245765686,9.615263938903809,-1.613317847251892
1788594247759578400,58.59157836914063,1.019181728363037,9.632098197937012,-1.6014964580535889
1788594247769654300,58.601654296875,1.0347440242767334,9.62611198425293,-1.594388723373413
1788594247779730400,58.61173046875,1.025092363357544,9.633295059204102,-1.6050877571105957
1788594247789806000,58.62180615234375,1.0191068649291992,9.630975723266602,-1.6181811094284058
1788594247799881200,58.631881103515624,1.003544569015503,9.633295059204102,-1.6216975450515747
1788594247809948000,58.641947998046874,0.9887304902076721,9.613692283630371,-1.631199598312378
1788594247820033300,58.652033203125,0.9984569549560547,9.587430953979492,-1.633743405342102
1788594247830110000,58.66210986328125,1.0067617893218994,9.597007751464844,-1.6301521062850952
1788594247840186400,58.672186279296874,0.9996540546417236,9.590947151184082,-1.6169840097427368
1788594247850261000,58.682260986328124,1.0153659582138062,9.603891372680664,-1.572840929031372
1788594247860338400,58.69233837890625,1.0391583442687988,9.611148834228516,-1.5741127729415894
1788594247870413800,58.702413818359375,1.07611882686615,9.625588417053223,-1.5705963373184204
1788594247880489200,58.7124892578125,1.0138696432113647,9.636137962341309,-1.5797990560531616
1788594247890566100,58.72256616210937,0.9874585866928101,9.621698379516602,-1.611671805381775
1788594247900641300,58.732641357421876,0.9995043873786926,9.601572036743164,-1.628580927848816
1788594247910718000,58.74271801757813,1.0126725435256958,9.580248832702637,-1.6573861837387085
1788594247920793000,58.75279296875,0.9805004000663757,9.552715301513672,-1.66696298122406
1788594247930870000,58.7628701171875,0.9686790704727173,9.538350105285645,-1.669357180595398
1788594247940946200,58.7729462890625,0.9506477117538452,9.551368713378906,-1.6609026193618774
1788594247951014400,58.78301440429688,0.974514901638031,9.578826904296875,-1.6393548250198364
1788594247961098200,58.79309814453125,1.0006266832351685,9.602843284606934,-1.6416741609573364
1788594247971174700,58.80317456054688,1.030853509902954,9.603666305541992,-1.5925930738449097
1788594247981243000,58.813242919921876,1.054795503616333,9.594164848327637,-1.5879542827606201
1788594247991326000,58.82332592773437,1.017760157585144,9.603517532348633,-1.5746365785598755
1788594248001401900,58.83340185546875,0.9913491606712341,9.615488052368164,-1.5911715030670166
1788594248011455700,58.84345581054688,0.9959878921508789,9.636960983276367,-1.5898995399475098
1788594248021554400,58.85355444335938,1.0030957460403442,9.647809982299805,-1.5958102941513062
1788594248031630000,58.863630126953126,1.010278344154358,9.633519172668457,-1.6007483005523682
1788594248041706200,58.873706298828125,0.9997288584709167,9.598877906799316,-1.6115970611572266
1788594248051781000,58.883781005859376,0.9833435416221619,9.578826904296875,-1.6275334358215332
1788594248061858300,58.8938583984375,0.9893290400505066,9.572916030883789,-1.631199598312378
1788594248071934500,58.9039345703125,0.980799674987793,9.596783638000488,-1.6286556720733643
1788594248082009300,58.91400927734375,0.9925462603569031,9.631424903869629,-1.630900263786316
1788594248092086500,58.92408642578125,0.9911994934082031,9.660079956054688,-1.623568058013916
1788594248102163000,58.934162841796876,0.9829694628715515,9.64803409576416,-1.611671805381775
1788594248112238300,58.94423828125,0.9831938743591309,9.622895240783691,-1.592667818069458
1788594248122313000,58.95431298828125,0.9833435416221619,9.596633911132812,-1.5976059436798096
1788594248132390700,58.964390625,0.9787047505378723,9.584588050842285,-1.6152631044387817
1788594248142440400,58.9744404296875,0.9690531492233276,9.583465576171875,-1.6391303539276123
1788594248152542700,58.984542724609376,0.9570821523666382,9.58945083618164,-1.6438438892364502
1788594248162618400,58.994618408203124,0.9819967746734619,9.61219596862793,-1.6390554904937744
1788594248172693200,59.004693359375,0.9819219708442688,9.628880500793457,-1.6353894472122192
1788594248182763300,59.01476318359375,1.0249427556991577,9.64676284790039,-1.603217363357544
1788594248192846000,59.02484619140625,1.0742484331130981,9.631275177001953,-1.5676783323287964
1788594248202922500,59.034922607421876,1.087715744972229,9.592967987060547,-1.5464298725128174
1788594248212997000,59.0449970703125,1.0692355632781982,9.584737777709961,-1.5596727132797241
1788594248223073800,59.05507373046875,1.0250176191329956,9.565584182739258,-1.5822679996490479
1788594248233150500,59.065150390625,1.016563057899475,9.569175720214844,-1.6013468503952026
1788594248243226600,59.0752265625,0.9959878921508789,9.587206840515137,-1.6250643730163574
1788594248253301800,59.0853017578125,0.9769091010093689,9.601346969604492,-1.608155369758606
1788594248263378000,59.0953779296875,0.9887304902076721,9.635913848876953,-1.587729811668396
1788594248273453600,59.10545361328125,1.0221744775772095,9.64676284790039,-1.5747113227844238
1788594248283529200,59.115529296875,1.0426000356674194,9.631199836730957,-1.5664812326431274
1788594248293607000,59.12560693359375,1.0437971353530884,9.60987663269043,-1.5561562776565552
1788594248303682000,59.13568212890625,1.0488100051879883,9.57284164428711,-1.563488483428955
1788594248313736200,59.145736083984374,1.0489596128463745,9.545382499694824,-1.5636382102966309
1788594248323833900,59.15583374023438,1.0440963506698608,9.558550834655762,-1.5731401443481445
1788594248333910500,59.16591064453125,1.0605565309524536,9.595735549926758,-1.5837644338607788
1788594248343960000,59.1759599609375,1.0531494617462158,9.638607025146484,-1.5691747665405273
1788594248354061800,59.186061767578124,1.0520272254943848,9.642048835754395,-1.5428385734558105
1788594248364138200,59.19613818359375,1.0316765308380127,9.64795970916748,-1.5403695106506348
1788594248374198000,59.206197998046875,0.9980828166007996,9.664344787597656,-1.545831322669983
1788594248384268800,59.216268798828125,0.9850643873214722,9.651102066040039,-1.5326632261276245
1788594248394366200,59.2263662109375,0.9888052940368652,9.62723445892334,-1.5340099334716797
1788594248404437200,59.23643725585937,1.0066121816635132,9.625064849853516,-1.5639374256134033
1788594248414504400,59.24650439453125,1.028010368347168,9.606285095214844,-1.6059107780456543
1788594248424568300,59.256568359375,1.004068374633789,9.605013847351074,-1.6178070306777954
1788594248434644700,59.266644775390624,1.0016741752624512,9.587281227111816,-1.6429461240768433
1788594248444726300,59.27672631835937,1.026888132095337,9.577704429626465,-1.633518934249878
1788594248454799400,59.28679931640625,1.0476876497268677,9.599177360534668,-1.6509517431259155
1788594248464872400,59.29687255859375,1.0322002172470093,9.601422309875488,-1.642572045326233
1788594248474955500,59.30695556640625,0.9775076508522034,9.568876266479492,-1.6282068490982056
1788594248485024800,59.317024658203124,0.9431658387184143,9.52578067779541,-1.6234931945800781
1788594248495101000,59.32710083007812,0.9394997358322144,9.544784545898438,-1.6150386333465576
1788594248505197300,59.337197265625,0.9701754450798035,9.579724311828613,-1.6400281190872192
1788594248515252500,59.34725244140625,1.0143184661865234,9.614365577697754,-1.6125696897506714
1788594248525354000,59.35735400390625,1.0298808813095093,9.608454704284668,-1.6162357330322266
1788594248535430100,59.36743017578125,1.0335469245910645,9.618106842041016,-1.5949872732162476
1788594248545482200,59.37748217773437,1.0395324230194092,9.633519172668457,-1.568725824356079
1788594248555582200,59.38758227539063,1.0465654134750366,9.658658981323242,-1.567379117012024
1788594248565658400,59.39765844726563,1.0261398553848267,9.67766284942627,-1.5660324096679688
1788594248575734300,59.407734375,0.9843161702156067,9.675118446350098,-1.5718681812286377
1788594248585810400,59.417810546875,0.9748889803886414,9.648857116699219,-1.5731401443481445
1788594248595886600,59.42788647460937,0.9894786477088928,9.62371826171875,-1.5601965188980103
1788594248605962200,59.43796215820313,1.0411036014556885,9.596409797668457,-1.5462054014205933
1788594248616038400,59.44803833007813,1.0542716979980469,9.590423583984375,-1.5450830459594727
1788594248626114300,59.4581142578125,1.045742392539978,9.601272583007812,-1.5652841329574585
1788594248636190500,59.4681904296875,1.0108768939971924,9.608530044555664,-1.5997756719589233
1788594248646240300,59.478240234375,0.9989806413650513,9.601346969604492,-1.608080506324768
1788594248656340000,59.48834008789063,0.9774328470230103,9.592967987060547,-1.6199767589569092
1788594248666418200,59.49841821289063,0.9761609435081482,9.610849380493164,-1.6222960948944092
1788594248676501500,59.50850146484375,0.979752242565155,9.606135368347168,-1.622370958328247
1788594248686570200,59.5185703125,0.9989058375358582,9.608530044555664,-1.6140660047531128
1788594248696646000,59.52864599609375,1.004068374633789,9.606285095214844,-1.6213234663009644
1788594248706722600,59.53872265625,1.0078092813491821,9.578752517700195,-1.6179566383361816
1788594248716797700,59.548797607421875,1.0066121816635132,9.58361530303955,-1.6262614727020264
1788594248726874000,59.5588740234375,0.992172122001648,9.587206840515137,-1.6428712606430054
1788594248736950800,59.56895068359375,1.006387710571289,9.600449562072754,-1.650053858757019
1788594248747025700,59.57902563476563,1.0182090997695923,9.60531234741211,-1.6632219552993774
1788594248757102600,59.5891025390625,1.0468647480010986,9.617358207702637,-1.6584335565567017
1788594248767178200,59.59917822265625,1.0540473461151123,9.608979225158691,-1.6525976657867432
1788594248777254400,59.60925439453125,1.0351929664611816,9.60059928894043,-1.6573861837387085
1788594248787330600,59.61933056640625,1.0269628763198853,9.582717895507812,-1.6586580276489258
1788594248797406000,59.62940600585937,1.0100538730621338,9.589975357055664,-1.6907553672790527
1788594248807482400,59.639482421875,1.0075099468231201,9.587730407714844,-1.7206079959869385
1788594248817558800,59.64955883789062,1.0122984647750854,9.580622673034668,-1.73018479347229
1788594248827634400,59.65963452148438,1.0339210033416748,9.584138870239258,-1.7087866067886353
1788594248837710800,59.6697109375,1.0567407608032227,9.582942008972168,-1.6814029216766357
1788594248847762200,59.67976220703125,1.0772411823272705,9.581595420837402,-1.6421231031417847
1788594248857862700,59.689862548828124,1.0715548992156982,9.592369079589844,-1.6149638891220093
1788594248867938600,59.6999384765625,1.0583868026733398,9.605462074279785,-1.6124200820922852
1788594248878013700,59.710013671875,1.0427496433258057,9.625738143920898,-1.6074819564819336
1788594248888090400,59.72009033203125,1.0415525436401367,9.625663757324219,-1.597905158996582
1788594248898166000,59.730166015625,1.0822539329528809,9.628132820129395,-1.580173134803772
1788594248908219100,59.74021923828125,1.1087398529052734,9.604265213012695,-1.5744121074676514
1788594248918295300,59.75029541015625,1.1064205169677734,9.591096878051758,-1.569698452949524
1788594248928394000,59.76039404296875,1.081356167793274,9.583914756774902,-1.5768063068389893
1788594248938470700,59.770470703125,1.048136591911316,9.57284164428711,-1.5456815958023071
1788594248948546000,59.780546142578125,1.0767922401428223,9.599102973937988,-1.5158289670944214
1788594248958622700,59.790622802734376,1.0718541145324707,9.60867977142334,-1.5325134992599487
1788594248968698400,59.80069848632812,1.0573393106460571,9.625438690185547,-1.5430630445480347
1788594248978750500,59.81075048828125,1.0155904293060303,9.618106842041016,-1.5441852807998657
1788594248988851000,59.82085083007812,1.0404303073883057,9.632696151733398,-1.5704467296600342
1788594248998926300,59.83092626953125,1.0594342947006226,9.633519172668457,-1.5710452795028687
1788594249009001500,59.84100146484375,1.0522516965866089,9.624092102050781,-1.5925930738449097
1788594249019079000,59.851078857421875,1.0298060178756714,9.584588050842285,-1.593864917755127
1788594249029154800,59.86115478515625,1.0538228750228882,9.563115119934082,-1.5881038904190063
1788594249039230700,59.87123071289062,1.0502315759658813,9.557204246520996,-1.5988777875900269
1788594249049329000,59.88132885742188,1.0491092205047607,9.55241584777832,-1.596483588218689
1788594249059382800,59.8913828125,1.0298808813095093,9.563115119934082,-1.5976059436798096
1788594249069459000,59.901458984375,1.036988615989685,9.572691917419434,-1.5951368808746338
1788594249079534000,59.9115341796875,1.0425251722335815,9.610849380493164,-1.5890017747879028
1788594249089610800,59.92161083984375,1.0485106706619263,9.625140190124512,-1.5781530141830444
1788594249099686000,59.931685791015624,1.0567407608032227,9.65140151977539,-1.5637129545211792
1788594249109763000,59.94176318359375,1.0399813652038574,9.651326179504395,-1.5708208084106445
1788594249119838000,59.951837890625,1.0352678298950195,9.648932456970215,-1.5684266090393066
1788594249129913300,59.961913330078126,0.9995043873786926,9.616684913635254,-1.5947628021240234
1788594249139990800,59.97199072265625,1.0018237829208374,9.610849380493164,-1.6150386333465576
1788594249150066200,59.982066162109376,1.034145474433899,9.604938507080078,-1.6056863069534302
1788594249160142800,59.99214282226563,1.1453262567520142,9.599327087402344,-1.6013468503952026
1788594249170218200,60.00221826171875,0.8842834234237671,9.552639961242676,-1.5313163995742798
1788594249180265000,60.01226489257812,1.0136451721191406,9.620500564575195,-1.6234183311462402
1788594249190344700,60.0223447265625,1.1012579202651978,9.61444091796875,-1.552190899848938
1788594249200420600,60.03242065429688,1.0030208826065063,9.626187324523926,-1.583988904953003
1788594249210497000,60.0424970703125,1.1052234172821045,9.67115306854248,-1.6557401418685913
1788594249220598800,60.05259887695313,1.6329952478408813,9.692327499389648,-1.6863410472869873
1788594249230675000,60.062675048828126,1.0479121208190918,9.617507934570312,-1.719111680984497
1788594249240751400,60.07275146484375,1.1012579202651978,9.487024307250977,-1.6338930130004883
1788594249250825700,60.08282568359375,0.6509984135627747,9.446023941040039,-1.656263828277588
1788594249260903200,60.09290307617187,0.5307645797729492,9.434426307678223,-1.572317123413086
1788594249270979000,60.10297900390625,0.7042694091796875,9.547627449035645,-1.627308964729309
1788594249281053700,60.1130537109375,1.0118495225906372,9.64676284790039,-1.6350901126861572
1788594249291130400,60.12313037109375,1.1417349576950073,9.711629867553711,-1.6125696897506714
1788594249301205800,60.133205810546876,1.042899250984192,9.682451248168945,-1.5860837697982788
1788594249311283200,60.143283203125,0.9167547821998596,9.59476375579834,-1.5872808694839478
1788594249321358000,60.153358154296875,0.9764602184295654,9.58443832397461,-1.6185551881790161
1788594249331434800,60.163434814453126,1.1556512117385864,9.60411548614502,-1.6048632860183716
1788594249341516500,60.1735166015625,1.0768669843673706,9.574112892150879,-1.627383828163147
1788594249351585800,60.183585693359376,1.0112509727478027,9.573739051818848,-1.6056115627288818
1788594249361663200,60.193663330078124,1.1412111520767212,9.595885276794434,-1.6382324695587158
1788594249371738600,60.20373852539063,1.0482114553451538,9.57979965209961,-1.6033669710159302
1788594249381813800,60.21381372070312,0.9666589498519897,9.62139892578125,-1.6124200820922852
1788594249391891000,60.223890869140625,0.9620201587677002,9.617657661437988,-1.5932663679122925
1788594249401966300,60.23396630859375,1.0843489170074463,9.643545150756836,-1.6060603857040405
1788594249412042200,60.24404223632813,1.1135282516479492,9.60523796081543,-1.5598224401474
1788594249422119000,60.25411889648438,1.0324994325637817,9.582043647766113,-1.5333365201950073
1788594249432194800,60.26419482421875,0.9943419098854065,9.56289005279541,-1.5404443740844727
1788594249442271000,60.27427099609375,1.1024550199508667,9.622072219848633,-1.5943138599395752
1788594249452346000,60.28434619140625,1.0473884344100952,9.635015487670898,-1.5964088439941406
1788594249462422800,60.2944228515625,1.0162638425827026,9.633818626403809,-1.6106244325637817
1788594249472499200,60.30449926757812,0.9876829981803894,9.618181228637695,-1.6189292669296265
1788594249482574000,60.314573974609374,0.9938929677009583,9.593940734863281,-1.5841385126113892
1788594249492651300,60.3246513671875,1.028908133506775,9.55817699432373,-1.5665560960769653
1788594249502726100,60.33472607421875,1.1548281908035278,9.600973129272461,-1.6659154891967773
1788594249512776700,60.34477661132812,1.0176854133605957,9.610774993896484,-1.5793501138687134
1788594249522879000,60.35487890625,0.8155249357223511,9.610250473022461,-1.632321834564209
1788594249532955000,60.36495483398438,0.9980080127716064,9.64691162109375,-1.6567127704620361
1788594249543030300,60.3750302734375,1.0437971353530884,9.625288963317871,-1.609277606010437
1788594249553106200,60.38510620117187,0.9518448114395142,9.582193374633789,-1.6472855806350708
1788594249563182800,60.395182861328124,1.0387094020843506,9.58556079864502,-1.712677240371704
1788594249573259000,60.40525903320312,1.054795503616333,9.538723945617676,-1.6497546434402466
1788594249583334100,60.415334228515626,0.941594660282135,9.484704971313477,-1.6722750663757324
1788594249593411000,60.4254111328125,0.974664568901062,9.513734817504883,-1.7176152467727661
1788594249603485700,60.43548559570313,0.9482535123825073,9.540968894958496,-1.6982371807098389
1788594249613562000,60.44556201171875,0.9219173192977905,9.543362617492676,-1.711255669593811
1788594249623639300,60.455639404296875,0.9585785269737244,9.59483814239502,-1.7146973609924316
1788594249633715500,60.465715576171874,0.9635913372039795,9.613542556762695,-1.6298527717590332
1788594249643765200,60.47576513671875,0.9608978629112244,9.646613121032715,-1.6255133152008057
1788594249653866000,60.48586596679687,0.9417442679405212,9.677437782287598,-1.5989526510238647
1788594249663943200,60.495943115234375,0.9140613079071045,9.703624725341797,-1.5975310802459717
1788594249673992700,60.50599267578125,0.9572317600250244,9.677437782287598,-1.5942391157150269
1788594249684094500,60.51609448242188,0.9492261409759521,9.62371826171875,-1.5957354307174683
1788594249694171400,60.52617138671875,0.9782558679580688,9.568876266479492,-1.6020950078964233
1788594249704221000,60.536220947265626,1.0103530883789062,9.582193374633789,-1.6152631044387817
1788594249714327600,60.54632763671875,1.0222493410110474,9.578752517700195,-1.6260370016098022
1788594249724372500,60.55637255859375,1.049857497215271,9.601572036743164,-1.594164252281189
1788594249734449000,60.56644897460937,1.0580874681472778,9.625438690185547,-1.5833154916763306
1788594249744529000,60.57652880859375,1.0389338731765747,9.637185096740723,-1.5688754320144653
1788594249754616800,60.586616943359374,1.0246435403823853,9.638307571411133,-1.5604209899902344
1788594249764677400,60.59667749023438,1.0093055963516235,9.632098197937012,-1.5281740427017212
1788594249774765000,60.60676513671875,1.0127472877502441,9.633519172668457,-1.5628151893615723
1788594249784829700,60.61682958984375,1.0354174375534058,9.631199836730957,-1.5628899335861206
1788594249794905300,60.6269052734375,1.0188825130462646,9.604864120483398,-1.5629647970199585
1788594249804983000,60.63698315429688,1.0222493410110474,9.573739051818848,-1.5678280591964722
1788594249815057400,60.64705737304688,1.0342950820922852,9.548749923706055,-1.576357364654541
1788594249825159700,60.65715966796875,1.0078092813491821,9.579724311828613,-1.5712696313858032
1788594249835237400,60.6672373046875,1.0208277702331543,9.610774993896484,-1.5604209899902344
1788594249845285000,60.67728515625,1.0563666820526123,9.651551246643066,-1.5771055221557617
1788594249855387100,60.68738720703125,1.075221061706543,9.583016395568848,-1.4664485454559326
1788594249865437400,60.6974375,1.1364227533340454,9.647061347961426,-1.5690251588821411
1788594249875539500,60.70753955078125,1.1059715747833252,9.62259578704834,-1.4759504795074463
1788594249885615400,60.717615478515626,1.062352180480957,9.57979965209961,-1.5394717454910278
1788594249895691300,60.72769116210937,1.1316343545913696,9.58249282836914,-1.5444844961166382
1788594249905767400,60.73776733398437,1.0807576179504395,9.531915664672852,-1.5063269138336182
1788594249915843000,60.74784301757813,0.9078513383865356,9.573814392089844,-1.633219599723816
1788594249925918700,60.757918701171874,1.0605565309524536,9.620875358581543,-1.6252140998840332
1788594249935995400,60.767995361328126,1.0753706693649292,9.545681953430176,-1.622071623802185
1788594249946071600,60.778071533203125,1.1621605157852173,9.622371673583984,-1.602843165397644
1788594249956147500,60.7881474609375,0.9810241460800171,9.59985065460205,-1.5414170026779175
1788594249966223000,60.79822314453125,1.0003273487091064,9.587804794311523,-1.5364789962768555
1788594249976299000,60.808299072265626,1.110984444618225,9.633818626403809,-1.5844378471374512
1788594249986375200,60.818375244140626,1.1134533882141113,9.659780502319336,-1.5234605073928833
1788594249996451300,60.828451416015625,1.0001777410507202,9.731606483459473,-1.6336685419082642
1788594250006548200,60.83854833984375,0.9706991314888,9.695544242858887,-1.60029935836792
1788594250016603400,60.84860327148437,0.980799674987793,9.647510528564453,-1.5527894496917725
1788594250026678500,60.858678466796874,1.0526257753372192,9.578826904296875,-1.610774040222168
1788594250036755700,60.86875561523438,1.0330232381820679,9.536478996276855,-1.5261539220809937
1788594250046805500,60.878805419921875,1.03294837474823,9.54426097869873,-1.5909470319747925
1788594250056907500,60.888907470703124,1.0689362287521362,9.662922859191895,-1.6442179679870605
1788594250066983700,60.89898364257812,1.0659434795379639,9.629030227661133,-1.5679776668548584
1788594250077035000,60.90903491210938,0.9765350222587585,9.582193374633789,-1.5797990560531616
1788594250087135200,60.91913525390625,1.0338462591171265,9.58129596710205,-1.5955109596252441
1788594250097211600,60.92921166992188,1.0580127239227295,9.546730041503906,-1.5934160947799683
1788594250107287800,60.939287841796876,0.9803507924079895,9.520318984985352,-1.6303017139434814
1788594250117363500,60.94936352539062,1.0589104890823364,9.561244010925293,-1.6291794776916504
1788594250127438800,60.95943896484375,1.0229226350784302,9.591546058654785,-1.5864578485488892
1788594250137515800,60.96951586914062,1.0515782833099365,9.607108116149902,-1.5721675157546997
1788594250147591400,60.97959130859375,0.9065794348716736,9.653271675109863,-1.5952117443084717
1788594250157667000,60.9896669921875,0.996362030506134,9.624990463256836,-1.6064344644546509
1788594250167743500,60.99974340820312,0.9882067441940308,9.610475540161133,-1.5814450979232788
1788594250177793800,61.00979370117187,1.1365724802017212,9.601346969604492,-1.552190899848938
1788594250187895600,61.0198955078125,1.1124060153961182,9.627608299255371,-1.5675287246704102
1788594250197971000,61.029970947265625,1.0741735696792603,9.623942375183105,-1.5757588148117065
1788594250208046800,61.040046875,1.0414776802062988,9.618106842041016,-1.574935793876648
1788594250218123800,61.050123779296875,1.0508301258087158,9.60291862487793,-1.629927635192871
1788594250228198700,61.06019873046875,1.0440963506698608,9.569250106811523,-1.5847370624542236
1788594250238275600,61.07027563476562,1.0568903684616089,9.576807022094727,-1.6564134359359741
1788594250248351000,61.08035107421875,1.073724627494812,9.588627815246582,-1.6193782091140747
1788594250258428000,61.09042797851563,1.110685110092163,9.618406295776367,-1.5811457633972168
1788594250268503600,61.100503662109375,1.0842740535736084,9.623269081115723,-1.6096516847610474
1788594250278579000,61.11057885742188,1.0209025144577026,9.642048835754395,-1.5949872732162476
1788594250288656000,61.12065576171875,1.0082582235336304,9.639654159545898,-1.6163105964660645
1788594250298731500,61.1307314453125,0.999878466129303,9.630152702331543,-1.6306757926940918
1788594250308808200,61.14080810546875,1.0260651111602783,9.627983093261719,-1.6534206867218018
1788594250318883800,61.1508837890625,1.0478373765945435,9.612271308898926,-1.6166099309921265
1788594250328958700,61.16095874023438,1.0549451112747192,9.589825630187988,-1.6537200212478638
1788594250339026200,61.17102612304687,1.0830769538879395,9.546504974365234,-1.5765069723129272
1788594250349111000,61.181111083984376,1.1079916954040527,9.567005157470703,-1.5872061252593994
1788594250359188000,61.19118798828125,1.1508628129959106,9.598130226135254,-1.5717185735702515
1788594250369264000,61.20126416015625,1.1442787647247314,9.5740385055542,-1.5348329544067383
1788594250379313700,61.211313720703124,1.1060463190078735,9.596334457397461,-1.4891934394836426
1788594250389416000,61.221416015625,1.0593594312667847,9.609427452087402,-1.5044565200805664
1788594250399491600,61.23149169921875,1.089436650276184,9.5902738571167,-1.4736311435699463
1788594250409567000,61.24156689453125,1.0833014249801636,9.605836868286133,-1.4902409315109253
1788594250419644000,61.25164379882813,1.0083329677581787,9.581520080566406,-1.4590414762496948
1788594250429719600,61.261719482421874,0.9924713969230652,9.616236686706543,-1.4814871549606323
1788594250439796200,61.271796142578125,1.0698341131210327,9.636960983276367,-1.5115642547607422
1788594250449871000,61.28187109375,1.1743559837341309,9.602020263671875,-1.4258219003677368
1788594250459947800,61.29194775390625,1.133729338645935,9.579350471496582,-1.460463047027588
1788594250470024000,61.30202392578125,1.011699914932251,9.586234092712402,-1.489791989326477
1788594250480099000,61.31209912109375,1.094075322151184,9.59251880645752,-1.4876971244812012
1788594250490175700,61.32217578125,1.1927613019943237,9.524508476257324,-1.4358476400375366
1788594250500251600,61.33225170898437,1.1278934478759766,9.563788414001465,-1.4545522928237915
1788594250510325200,61.3423251953125,1.0859200954437256,9.60059928894043,-1.4422072172164917
1788594250520404200,61.352404296875,1.1004348993301392,9.564835548400879,-1.4424316883087158
1788594250530479400,61.362479248046874,1.203460454940796,9.609502792358398,-1.6495301723480225
1788594250540530000,61.372530029296875,1.0020482540130615,9.579724311828613,-1.5701473951339722
1788594250550606600,61.38260668945313,0.997559130191803,9.653047561645508,-1.6676362752914429
1788594250560708400,61.392708251953124,1.0310779809951782,9.643694877624512,-1.6773627996444702
1788594250570784300,61.4027841796875,1.0122236013412476,9.67766284942627,-1.5625158548355103
1788594250580859100,61.412859130859374,1.0698341131210327,9.6965913772583,-1.4862006902694702
1788594250590935600,61.422935546875,1.1278185844421387,9.69382381439209,-1.6106244325637817
1788594250601011700,61.43301171875,0.993743360042572,9.651925086975098,-1.452756643295288
1788594250611087000,61.44308715820313,1.0093055963516235,9.670629501342773,-1.5710452795028687
1788594250621164300,61.45316430664062,1.0693851709365845,9.647884368896484,-1.5165022611618042
1788594250631240000,61.46323999023438,1.3367875814437866,9.68469524383545,-1.5185223817825317
1788594250641290200,61.47329028320313,1.1127800941467285,9.583540916442871,-1.528922200202942
1788594250651392500,61.483392578125,1.0584616661071777,9.60299301147461,-1.6205753087997437
1788594250661468400,61.493468505859376,0.9294739961624146,9.603666305541992,-1.6188544034957886
1788594250671543800,61.50354370117188,0.9495254158973694,9.53154182434082,-1.5118635892868042
1788594250681619000,61.513618896484374,1.1167454719543457,9.514408111572266,-1.5424644947052002
1788594250691696400,61.5236962890625,1.218798279762268,9.513809204101562,-1.576432228088379
1788594250701772000,61.53377197265625,1.2489502429962158,9.49577808380127,-1.5348329544067383
1788594250711822000,61.543822021484374,1.203385591506958,9.480290412902832,-1.3425486087799072
1788594250721924400,61.55392431640625,1.1846060752868652,9.62484073638916,-1.5792752504348755
1788594250731999700,61.56399975585938,1.1251251697540283,9.653944969177246,-1.483357548713684
1788594250742075400,61.574075439453125,1.0352678298950195,9.706018447875977,-1.4553005695343018
1788594250752152300,61.58415234375,1.0001777410507202,9.75981330871582,-1.4763994216918945
1788594250762228500,61.594228515625,1.0051157474517822,9.757269859313965,-1.4477438926696777
1788594250772305000,61.60430493164063,1.1252747774124146,9.676316261291504,-1.488669753074646
1788594250782379500,61.61437963867188,1.2588263750076294,9.561918258666992,-1.4348750114440918
1788594250792456700,61.624456787109374,1.2592753171920776,9.459416389465332,-1.4891934394836426
1788594250802532600,61.63453271484375,1.2411690950393677,9.487997055053711,-1.4817863702774048
1788594250812608800,61.64460888671875,1.2103437185287476,9.550695419311523,-1.6114473342895508
1788594250822684700,61.6546845703125,1.1896189451217651,9.611522674560547,-1.6086790561676025
1788594250832760600,61.664760498046874,1.1099369525909424,9.587057113647461,-1.558326005935669
1788594250842835200,61.674835205078125,1.0847229957580566,9.607333183288574,-1.5629647970199585
1788594250852913000,61.68491284179687,1.1051485538482666,9.598429679870605,-1.4270938634872437
1788594250862989000,61.69498901367187,1.1014823913574219,9.611598014831543,-1.4342015981674194
1788594250873038600,61.70503857421875,1.2311433553695679,9.667187690734863,-1.4689923524856567
1788594250883140900,61.715140869140626,1.215955138206482,9.660828590393066,-1.4104840755462646
1788594250893216500,61.72521655273437,1.1644049882888794,9.669133186340332,-1.436521053314209
1788594250903293000,61.73529296875,1.0916063785552979,9.6687593460083,-1.4159458875656128
1788594250913368000,61.7453681640625,1.1036521196365356,9.680580139160156,-1.3801076412200928
1788594250923444700,61.75544482421875,1.1030535697937012,9.682451248168945,-1.510217547416687
1788594250933521000,61.76552099609375,1.0996867418289185,9.649306297302246,-1.5581763982772827
1788594250943595800,61.775595703125,1.2167781591415405,9.618854522705078,-1.5922189950942993
1788594250953672200,61.78567211914063,1.3081319332122803,9.542689323425293,-1.5822679996490479
1788594250963748600,61.79574853515625,1.323095679283142,9.492186546325684,-1.520467758178711
1788594250973824800,61.80582470703125,1.2761094570159912,9.427094459533691,-1.4394389390945435
1788594250983900000,61.81589990234375,1.2719944715499878,9.414449691772461,-1.3058125972747803
1788594250993976800,61.825976806640625,1.2227636575698853,9.530942916870117,-1.45305597782135
1788594251004052200,61.83605224609375,1.2407201528549194,9.640178680419922,-1.5492730140686035
1788594251014129200,61.846129150390624,1.0240449905395508,9.599925994873047,-1.5556325912475586
1788594251024178200,61.85617822265625,1.194407343864441,9.566631317138672,-1.464503288269043
1788594251034256000,61.866255859375,1.194706678390503,9.538948059082031,-1.4264953136444092
1788594251044364800,61.87636474609375,0.9723451733589172,9.489493370056152,-1.2694506645202637
1788594251054435300,61.88643530273438,1.1370961666107178,9.516353607177734,-1.2568062543869019
1788594251064505900,61.896505859375,1.1344027519226074,9.476175308227539,-1.1137527227401733
1788594251074558500,61.90655834960938,1.3415011167526245,9.522712707519531,-0.9662848711013794
1788594251084634600,61.916634521484376,1.4040496349334717,9.716119766235352,-1.1219079494476318
1788594251094721500,61.926721435546874,1.243039608001709,9.76781940460205,-1.302520513534546
1788594251104786700,61.93678662109375,1.3548189401626587,9.859098434448242,-1.547252893447876
1788594251114863400,61.94686328125,1.178321361541748,9.811812400817871,-1.5313163995742798
1788594251124940000,61.95693994140625,0.9852887988090515,9.64795970916748,-1.3952958583831787
1788594251135018500,61.9670185546875,1.0479121208190918,9.591919898986816,-1.3683611154556274
1788594251145090800,61.9770908203125,0.9757120013237,9.592144966125488,-1.471985101699829
1788594251155167200,61.987167236328126,1.0447697639465332,9.492112159729004,-1.932420015335083
1788594251165268700,61.997268798828124,1.0942997932434082,9.406294822692871,-1.9318214654922485
1788594251175318800,62.00731884765625,1.1014076471328735,9.33357048034668,-1.966761827468872
1788594251185397800,62.017397705078125,1.2829179763793945,9.443405151367188,-1.8248306512832642
1788594251195497200,62.02749731445312,1.1947814226150513,9.595735549926758,-1.558625340461731
1788594251205552000,62.03755224609375,1.0628011226654053,9.57905101776123,-1.4304606914520264
1788594251215649000,62.04764892578125,1.0256909132003784,9.49585247039795,-1.304241418838501
1788594251225725200,62.05772509765625,1.0183587074279785,9.706018447875977,-1.2983306646347046
1788594251235801300,62.06780126953125,1.18094003200531,9.998411178588867,-1.1338040828704834
1788594251245876500,62.07787646484375,1.218798279762268,10.224363327026367,-1.1495161056518555
1788594251255949600,62.08794946289063,1.448791265487671,10.298957824707031,-1.0286837816238403
1788594251266024700,62.09802465820312,1.502660870552063,10.261249542236328,-1.3215993642807007
1788594251276105500,62.10810546875,0.9015665650367737,9.973271369934082,-1.4915128946304321
1788594251286180900,62.11818090820312,0.46657004952430725,9.665242195129395,-1.1499650478363037
1788594251296257300,62.12825732421875,0.5046527981758118,9.456348419189453,-0.6915501952171326
1788594251306333400,62.13833349609375,0.901940643787384,9.462035179138184,-0.8195651769638062
1788594251316409600,62.14840966796875,0.9736918807029724,9.312920570373535,-1.0259902477264404
1788594251326484700,62.15848461914062,1.0176105499267578,9.276634216308594,-1.1421838998794556
1788594251336561400,62.1685615234375,1.3169605731964111,9.321001052856445,-1.192013144493103
1788594251346637300,62.17863720703125,1.4303110837936401,9.374795913696289,-1.3309516906738281
1788594251356713200,62.18871313476563,1.4757261276245117,9.507973670959473,-1.40681791305542
1788594251366789000,62.1987890625,1.4185645580291748,9.654693603515625,-1.4129531383514404
1788594251376867800,62.20886791992187,1.1079168319702148,9.673771858215332,-1.3926023244857788
1788594251386941200,62.218941162109374,0.8390180468559265,9.552939414978027,-1.3133692741394043
1788594251397017300,62.22901733398437,0.9026888608932495,9.458967208862305,-1.1123311519622803
1788594251407072500,62.23907250976563,0.7835773229598999,9.509245872497559,-1.21909761428833
1788594251417169700,62.24916967773437,0.8539817929267883,9.504831314086914,-1.2396727800369263
1788594251427245000,62.2592451171875,1.024194598197937,9.613842010498047,-1.222688913345337
1788594251437321700,62.26932177734375,1.043423056602478,9.724274635314941,-1.3058125972747803
1788594251447396400,62.27939624023438,0.9760860800743103,9.66494369506836,-1.2055553197860718
1788594251457473500,62.2894736328125,1.3457658290863037,9.655141830444336,-1.127070426940918
1788594251467549400,62.29954956054687,1.4197616577148438,9.647211074829102,-1.150039792060852
1788594251477625600,62.30962548828125,1.2993781566619873,9.532439231872559,-0.9961375594139099
1788594251487701000,62.319700927734374,1.2547861337661743,9.442357063293457,-0.9308207035064697
1788594251497753600,62.329753662109376,1.230470061302185,9.540220260620117,-1.1617863178253174
1788594251507853800,62.339853759765624,1.0878653526306152,9.549647331237793,-1.2292729616165161
1788594251517930000,62.349929931640624,1.0508301258087158,9.588627815246582,-1.173981785774231
1788594251528005000,62.360005126953126,1.1968764066696167,9.569849014282227,-1.1353005170822144
1788594251538055700,62.3700556640625,0.915931761264801,9.4706392288208,-1.325714349746704
1788594251548157200,62.3801572265625,0.8830863237380981,9.378461837768555,-1.3082067966461182
1788594251558233900,62.39023388671875,1.0689362287521362,9.45215892791748,-1.3299790620803833
1788594251568309200,62.40030932617187,1.3492075204849243,9.425074577331543,-1.2154314517974854
1788594251578360600,62.410360595703125,1.2668319940567017,9.449614524841309,-1.1743559837341309
1788594251588461800,62.4204619140625,1.1816133260726929,9.606135368347168,-1.2460323572158813
1788594251598537000,62.43053686523437,1.2230629920959473,9.650428771972656,-0.9951648712158203
1788594251608612600,62.44061254882813,1.624989628791809,9.573141098022461,-1.0174609422683716
1788594251618689300,62.45068920898437,1.3524994850158691,9.769315719604492,-1.264886736869812
1788594251628765700,62.460765625,0.9537901282310486,10.08205795288086,-1.2701239585876465
1788594251638841900,62.470841796875,0.8139537572860718,10.087369918823242,-1.0068366527557373
1788594251648918000,62.48091796875,0.9291747212409973,10.058714866638184,-0.9298480749130249
1788594251658993700,62.49099365234375,0.9981576800346375,10.148347854614258,-0.886677622795105
1788594251669070000,62.501070068359375,1.0978163480758667,10.2916259765625,-1.0450690984725952
1788594251679145500,62.5111455078125,1.3385083675384521,10.142362594604492,-0.8843582272529602
1788594251689222000,62.52122192382812,1.2678794860839844,10.002151489257812,-0.8478466868400574
1788594251699297300,62.53129736328125,0.7707085013389587,10.03387451171875,-1.0988637208938599
1788594251709347000,62.54134716796875,0.6117185354232788,10.30898380279541,-1.4991443157196045
1788594251719450400,62.55145043945313,1.1726350784301758,10.268880844116211,-1.4454244375228882
1788594251729526300,62.5615263671875,0.9454103708267212,9.959429740905762,-1.1333552598953247
1788594251739579100,62.5715791015625,0.2547580301761627,9.731457710266113,-0.9552116394042969
1788594251749677300,62.58167724609375,0.07743746042251587,9.68574333190918,-1.0666168928146362
1788594251759754000,62.59175390625,0.507570743560791,9.71237850189209,-1.290175437927246
1788594251769830400,62.60183032226563,0.5356277823448181,9.766547203063965,-1.3509283065795898
1788594251779905000,62.61190502929688,0.6323685050010681,9.700407028198242,-1.1928361654281616
1788594251789982200,62.621982177734374,0.6954407691955566,9.532139778137207,-0.9563339352607727
1788594251800057900,62.63205786132813,0.787617564201355,9.244985580444336,-0.806546688079834
1788594251810133200,62.64213330078125,0.7795370817184448,9.111807823181152,-0.9266308546066284
1788594251820210400,62.65221044921875,0.8643068075180054,9.150190353393555,-0.894533634185791
1788594251830286600,62.66228662109375,0.9296236038208008,9.047463417053223,-0.7624036073684692
1788594251840362200,62.6723623046875,0.8326584696769714,8.971522331237793,-0.9187749028205872
1788594251850437400,62.68243725585938,0.6458359360694885,9.131784439086914,-1.3112742900848389
1788594251860514300,62.69251440429687,0.659228503704071,9.308506965637207,-1.5157541036605835
1788594251870563300,62.70256323242187,0.6208464503288269,9.441459655761719,-1.622370958328247
1788594251880665000,62.7126650390625,0.6688053011894226,9.495104789733887,-1.7858500480651855
1788594251890742300,62.7227421875,0.6197241544723511,9.438093185424805,-1.8862568140029907
1788594251900817700,62.73281762695313,0.38995561003685,9.387590408325195,-1.7626562118530273
1788594251910893000,62.74289306640625,0.3440168499946594,9.38856315612793,-1.5235352516174316
1788594251920970200,62.75297021484375,0.4702361822128296,9.420136451721191,-1.3149404525756836
1788594251931045400,62.76304541015625,0.9020155072212219,9.494730949401855,-1.1120318174362183
1788594251941121000,62.77312109375,1.0769418478012085,9.690606117248535,-0.99112468957901
1788594251951198000,62.78319799804687,0.9222165942192078,9.906757354736328,-1.078961968421936
1788594251961274400,62.7932744140625,0.8297405242919922,9.973346710205078,-1.086593508720398
1788594251971329300,62.803329345703126,0.7172130346298218,9.972000122070312,-1.141061544418335
1788594251981425400,62.81342529296875,0.3916764259338379,9.949928283691406,-1.028908133506775
1788594251991502600,62.82350268554688,0.07511807978153229,9.731905937194824,-0.6967875361442566
1788594252001578500,62.83357861328125,0.4031985402107239,9.616161346435547,-0.7094318866729736
1788594252011654400,62.843654296875,0.8713397979736328,9.602694511413574,-0.7757961750030518
1788594252021730600,62.85373046875,1.5537620782852173,9.458817481994629,-0.43170449137687683
1788594252031806000,62.863805908203126,1.0957962274551392,9.488670349121094,-0.9766098260879517
1788594252041857300,62.87385717773437,0.3911527097225189,9.713800430297852,-1.115997314453125
1788594252051958300,62.883958251953125,0.37229835987091064,9.661128044128418,-0.8774001002311707
1788594252062034400,62.894034423828124,0.6938695907592773,9.8738374710083,-1.5867571830749512
1788594252072087600,62.90408764648438,1.333345890045166,10.21575927734375,-2.133981943130493
1788594252082186000,62.91418603515625,1.2588263750076294,10.017415046691895,-1.7204583883285522
1788594252092262400,62.92426245117188,1.0123732089996338,9.73198127746582,-1.6779613494873047
1788594252102338800,62.9343388671875,0.7054665088653564,9.614291191101074,-1.544858694076538
1788594252112415000,62.9444150390625,0.5689970254898071,9.454627990722656,-1.031826138496399
1788594252122491000,62.954490966796875,0.8929623961448669,10.005668640136719,-1.7919102907180786
1788594252132566000,62.96456591796875,1.048660397529602,10.194510459899902,-1.6959925889968872
1788594252142617000,62.9746171875,1.6393548250198364,10.434978485107422,-2.043301582336426
1788594252152719000,62.98471899414063,1.3227216005325317,10.147001266479492,-1.5398458242416382
1788594252162794000,62.9947939453125,0.62458735704422,10.096123695373535,-1.4407109022140503
1788594252172870700,63.00487060546875,0.8580968379974365,9.993247985839844,-1.4684686660766602
1788594252182945500,63.014945556640626,1.0243442058563232,9.827300071716309,-1.145176649093628
1788594252193023000,63.02502294921875,0.5529109835624695,9.832014083862305,-1.0155904293060303
1788594252203072300,63.035072265625,0.7463923692703247,10.114230155944824,-1.1653028726577759
1788594252213175300,63.04517529296875,0.9998036623001099,10.260051727294922,-1.4544775485992432
1788594252223251000,63.0552509765625,0.85487961769104,10.09013843536377,-1.5084967613220215
1788594252233326300,63.06532641601562,0.9011924862861633,10.23768138885498,-1.3670144081115723
1788594252243402000,63.07540209960938,1.2137854099273682,10.203788757324219,-1.5188965797424316
1788594252253479000,63.08547900390625,1.2042834758758545,10.22144603729248,-1.4769232273101807
1788594252263554800,63.09555493164063,1.469366431236267,10.15134048461914,-1.3505542278289795
1788594252273630000,63.1056298828125,1.3424737453460693,9.656189918518066,-1.3215993642807007
1788594252283706000,63.1157060546875,0.8598924875259399,9.638607025146484,-1.0464158058166504
1788594252293783000,63.125782958984374,1.0640729665756226,9.543362617492676,-0.9617956876754761
1788594252303859500,63.135859375,1.18827223777771,9.79176139831543,-0.8714146018028259
1788594252313933600,63.14593359375,1.5735142230987549,10.04958724975586,-1.2297966480255127
1788594252324011300,63.15601123046875,1.34591543674469,10.166977882385254,-1.453953742980957
1788594252334086700,63.166086669921874,1.1359739303588867,10.264242172241211,-1.2461072206497192
1788594252344161800,63.17616186523438,1.3825767040252686,10.408193588256836,-1.1913398504257202
1788594252354212600,63.18621264648438,1.6900070905685425,10.387543678283691,-1.1400889158248901
1788594252364327400,63.19632739257813,1.4469208717346191,10.565163612365723,-1.0105026960372925
1788594252374390500,63.206390625,0.8718634843826294,10.701034545898438,-0.8977507948875427
1788594252384446200,63.2164462890625,1.041702151298523,11.185935020446777,-1.2146832942962646
1788594252394520600,63.2265205078125,1.3801825046539307,11.633950233459473,-1.3943232297897339
1788594252404593200,63.23659326171875,1.7723826169967651,11.545738220214844,-0.9402478933334351
1788594252414669600,63.246669677734374,2.2969372272491455,10.92997932434082,-0.23268647491931915
1788594252424745700,63.25674584960937,2.330456018447876,10.336292266845703,0.24765023589134216
1788594252434821400,63.2668212890625,2.154407501220703,10.282572746276855,0.34356793761253357
1788594252444901000,63.276901123046876,1.3686603307724,10.104877471923828,0.1999906599521637
1788594252454974000,63.28697387695313,0.842085599899292,9.930251121520996,0.5544821619987488
1788594252465049600,63.297049560546874,1.1514613628387451,9.733327865600586,0.5140799880027771
1788594252475125500,63.30712548828125,1.5413421392440796,9.501913070678711,0.6067056655883789
1788594252485201400,63.31720141601563,1.8222119808197021,9.689109802246094,0.6364835500717163
1788594252495303400,63.32730346679688,2.055347442626953,9.970129013061523,0.2776525914669037
1788594252505353500,63.337353515625,1.6480337381362915,10.425701141357422,-0.0909048467874527
1788594252515455700,63.347455810546876,0.14694413542747498,10.578630447387695,-0.2264017015695572
1788594252525505300,63.35750537109375,-0.24772505462169647,10.516904830932617,-0.12015900015830994
1788594252535607600,63.36760766601562,1.0133458375930786,10.656591415405273,-0.5994482636451721
1788594252545658000,63.377658203125,1.8072482347488403,10.488174438476562,-0.7275380492210388
1788594252555758800,63.3877587890625,2.499397039413452,10.353276252746582,-0.20605097711086273
1788594252565835000,63.3978349609375,3.0071921348571777,10.384325981140137,-1.2155810594558716
1788594252575912000,63.407911865234375,2.9035680294036865,10.093954086303711,-1.0363900661468506
1788594252585987800,63.41798779296875,1.5377508401870728,9.088165283203125,-0.3951929211616516
1788594252596063700,63.42806372070312,0.12943652272224426,9.025840759277344,-0.6515969634056091
1788594252606139400,63.43813940429688,0.0037409402430057526,10.037690162658691,-1.8875287771224976
1788594252616215800,63.4482158203125,1.5925182104110718,10.96536922454834,-2.7507882118225098
1788594252626291700,63.458291748046875,1.331924319267273,12.172719955444336,-2.6384851932525635
1788594252636367600,63.46836767578125,0.20014029741287231,12.5064115524292,-3.0502877235412598
1788594252646444000,63.478444091796874,-0.5392939448356628,10.972626686096191,-1.5153051614761353
1788594252656514300,63.48851440429687,1.0830769538879395,9.173233985900879,-0.9769091010093689
1788594252666595800,63.49859594726563,2.1647324562072754,7.925256729125977,-0.06584054976701736
1788594252676672000,63.50867211914063,2.2712743282318115,6.974907875061035,-0.3159598112106323
1788594252686746600,63.51874658203125,2.48832368850708,7.0155348777771,-0.6234650611877441
1788594252696824300,63.52882421875,2.718466281890869,8.017882347106934,-1.3891607522964478
1788594252706899700,63.53889965820313,2.1507413387298584,9.24715518951416,-2.04083251953125
1788594252716975900,63.54897583007813,1.4900164604187012,9.051953315734863,-1.9308488368988037
1788594252727050800,63.55905078125,2.0462942123413086,8.601768493652344,-1.1127052307128906
1788594252737128000,63.5691279296875,2.736497640609741,8.247276306152344,-0.9178022742271423
1788594252747203800,63.579203857421874,3.2305262088775635,8.719009399414062,-1.68970787525177
1788594252757279200,63.589279296875,2.143857955932617,9.29765796661377,-2.3057658672332764
1788594252767356000,63.59935595703125,1.7530794143676758,9.323769569396973,-2.552443504333496
1788594252777432000,63.60943212890625,2.022277355194092,9.476250648498535,-2.518101692199707
1788594252787508000,63.619508056640626,2.950554370880127,9.435922622680664,-2.604218006134033
1788594252797583600,63.62958349609375,4.416105270385742,8.912041664123535,-2.870124101638794
1788594252807638800,63.639638671875,4.210652828216553,8.800188064575195,-1.9601777791976929
1788594252817736000,63.64973583984375,3.8951416015625,9.751957893371582,-3.256563186645508
1788594252827812000,63.65981201171875,4.195165157318115,10.681880950927734,-4.520776748657227
1788594252837888500,63.66988842773438,1.7529296875,10.152387619018555,-3.434856414794922
1788594252847964200,63.679964111328125,1.1816881895065308,9.800365447998047,-3.445256233215332
1788594252858014500,63.690014404296875,2.4065468311309814,9.61099910736084,-3.1512932777404785
1788594252868116200,63.7001162109375,2.2404489517211914,9.357512474060059,-2.9991116523742676
1788594252878192400,63.7101923828125,2.6111762523651123,9.370007514953613,-3.512817621231079
1788594252888267500,63.720267578125,3.3399860858917236,9.966836929321289,-4.5177836418151855
1788594252898344000,63.730343994140625,3.9735517501831055,10.712930679321289,-4.441094398498535
1788594252908419300,63.74041943359375,4.6588921546936035,10.4751558303833,-4.631208896636963
1788594252918470400,63.750470458984374,5.09224271774292,9.578303337097168,-4.145709991455078
1788594252928571400,63.7605712890625,4.610558986663818,9.058911323547363,-3.6104562282562256
1788594252938648600,63.77064868164062,4.901978492736816,8.937929153442383,-3.8020670413970947
1788594252948724000,63.780723876953125,5.261931419372559,9.055095672607422,-3.571176290512085
1788594252958800100,63.790800048828125,5.407379150390625,8.747365951538086,-3.5294272899627686
1788594252968876300,63.800876220703124,6.004433631896973,8.289100646972656,-3.201047658920288
1788594252978952700,63.81095263671875,5.6956562995910645,8.151508331298828,-2.461538553237915
1788594252989028900,63.82102880859375,5.6933369636535645,7.896376609802246,-2.553565740585327
1788594252999104800,63.83110473632812,5.365106582641602,8.05499267578125,-2.5073277950286865
1788594253009179600,63.8411796875,5.595997333526611,8.85562801361084,-2.626962900161743
1788594253019230000,63.85122998046875,5.571606636047363,9.503185272216797,-3.1225626468658447
1788594253029333000,63.8613330078125,5.193023681640625,9.2957124710083,-2.322300910949707
1788594253039408400,63.87140844726562,5.621510982513428,9.013047218322754,-2.594940662384033
1788594253049484300,63.881484375,6.17606782913208,9.024569511413574,-2.808398485183716
1788594253059559700,63.8915595703125,5.88008451461792,9.075072288513184,-2.4081928730010986
1788594253069636900,63.90163696289063,5.228562355041504,9.30469036102295,-2.676717519760132
1788594253079712300,63.91171215820312,4.997073173522949,9.48994255065918,-2.8587515354156494
1788594253089788000,63.92178784179688,5.7445878982543945,9.141361236572266,-2.1529858112335205
1788594253099864300,63.9318642578125,6.750152587890625,8.65174674987793,-2.1618144512176514
1788594253109940000,63.94193994140625,6.123245716094971,8.061127662658691,-1.3554174900054932
1788594253120017000,63.95201684570313,4.899135112762451,7.432051181793213,-1.3778630495071411
1788594253130092000,63.96209204101562,4.548459529876709,6.732570171356201,-1.7168670892715454
1788594253140169000,63.9721689453125,6.437783718109131,6.983811378479004,-2.0750246047973633
1788594253150244000,63.982244140625,7.858592987060547,7.652841091156006,-2.933046817779541
1788594253160320300,63.9923203125,8.391976356506348,7.900042533874512,-2.994697332382202
1788594253170397200,64.00239721679688,8.289923667907715,7.550863265991211,-2.546083927154541
1788594253180473300,64.01247338867188,8.35329532623291,7.101351737976074,-2.6524763107299805
1788594253190542000,64.0225419921875,8.06202507019043,6.858939170837402,-2.412682056427002
1788594253200625000,64.032625,8.222436904907227,6.740276336669922,-2.6600329875946045
1788594253210700500,64.04270043945313,8.274211883544922,6.7946696281433105,-2.7578210830688477
1788594253220769500,64.05276953125,8.35329532623291,6.7842698097229,-2.9850456714630127
1788594253230852900,64.06285278320313,8.302268028259277,6.662464618682861,-2.809969902038574
1788594253240928800,64.0729287109375,8.183680534362793,6.325181484222412,-2.5724949836730957
1788594253251004700,64.08300463867188,8.003666877746582,5.931035995483398,-2.264615535736084
1788594253261080600,64.09308056640624,7.498340606689453,5.853448867797852,-2.616488456726074
1788594253271157000,64.10315698242188,7.180360317230225,5.745560169219971,-2.5394248962402344
1788594253281233700,64.11323364257812,7.4578633308410645,5.692962646484375,-2.8330140113830566
1788594253291308500,64.12330859375,7.9153056144714355,5.626149654388428,-2.979583978652954
1788594253301384700,64.133384765625,8.144550323486328,5.483320236206055,-2.696993350982666
1788594253311460600,64.14346069335937,8.076315879821777,5.254150390625,-2.777947425842285
1788594253321537500,64.15353759765625,7.417311668395996,4.974552631378174,-2.528501510620117
1788594253331612400,64.1636123046875,7.262511730194092,4.314052104949951,-1.5176994800567627
1788594253341689300,64.173689453125,7.383493423461914,4.284723281860352,-1.7583166360855103
1788594253351739100,64.1837392578125,7.195324420928955,4.371438026428223,-2.022202491760254
1788594253361840600,64.19384057617188,7.001468658447266,4.252251625061035,-2.0242226123809814
1788594253371917300,64.20391723632812,7.112200736999512,4.009539604187012,-1.6736966371536255
1788594253381993700,64.21399365234375,7.558719158172607,3.8512978553771973,-1.7072902917861938
1788594253392047000,64.22404711914062,7.548842906951904,3.9217772483825684,-1.9480571746826172
1788594253402145500,64.2341455078125,7.5347771644592285,4.021211624145508,-2.001178503036499
1788594253412221700,64.2442216796875,7.600168704986572,4.1087493896484375,-2.482113838195801
1788594253422296600,64.25429663085937,7.74247407913208,4.0830864906311035,-2.494758129119873
1788594253432373500,64.26437353515625,8.180238723754883,3.9844753742218018,-2.526780605316162
1788594253442450000,64.27444995117187,8.722002029418945,3.9264907836914062,-2.6502315998077393
1788594253452525800,64.28452587890625,8.420856475830078,3.903970241546631,-2.4378957748413086
1788594253462600700,64.2946005859375,8.319626808166504,3.409044027328491,-1.7571943998336792
1788594253472677400,64.30467749023437,7.131728172302246,2.716296672821045,-1.2201449871063232
1788594253482754000,64.31475415039063,6.59931755065918,2.8265795707702637,-1.211540937423706
1788594253492829000,64.32482885742188,6.335132598876953,3.109544277191162,-1.3690344095230103
1788594253502906000,64.33490600585938,6.071695327758789,3.687220335006714,-1.458143711090088
1788594253512981500,64.3449814453125,6.3879547119140625,4.770895957946777,-2.886434555053711
1788594253523031300,64.35503125,7.013289928436279,5.490278720855713,-3.8960394859313965
1788594253533134000,64.36513403320312,7.9263787269592285,4.758251190185547,-3.3040730953216553
1788594253543210000,64.3752099609375,8.310050010681152,4.05390739440918,-2.441187858581543
1788594253553276700,64.38527661132812,7.8937578201293945,3.7562780380249023,-2.4566752910614014
1788594253563361300,64.395361328125,7.231237411499023,3.4205660820007324,-2.0033483505249023
1788594253573438200,64.40543823242187,6.448408126831055,3.0603883266448975,-1.5162779092788696
1788594253583514000,64.41551416015625,5.632359504699707,2.804283618927002,-1.081056833267212
1788594253593590000,64.42559008789063,5.171625137329102,3.012279748916626,-1.2119897603988647
1788594253603666200,64.43566625976563,4.787954330444336,3.9704842567443848,-1.4648773670196533
1788594253613741000,64.44574096679688,5.357325553894043,5.259238243103027,-2.636390209197998
1788594253623817200,64.45581713867188,8.219893455505371,6.574552536010742,-3.1838393211364746
1788594253633893400,64.46589331054687,8.735469818115234,6.750227451324463,-3.0726585388183594
1788594253643970600,64.47597045898438,6.056806564331055,5.76942777633667,-2.854935884475708
1788594253654046200,64.48604614257812,6.069525718688965,4.768950462341309,-2.272770881652832
1788594253664121000,64.49612109375,6.5580925941467285,4.161496639251709,-1.5913211107254028
1788594253674172200,64.50617211914063,6.439429759979248,3.784933567047119,-1.1522095203399658
1788594253684247800,64.51624780273437,6.213851451873779,3.917437791824341,-1.8080711364746094
1788594253694349600,64.526349609375,7.513827800750732,3.578583240509033,-0.9754875302314758
1788594253704436000,64.53643603515626,7.623512268066406,3.0981717109680176,-0.4100818634033203
1788594253714505500,64.54650537109374,7.869815826416016,3.4495208263397217,-1.176899790763855
1788594253724552700,64.556552734375,8.551713943481445,3.711087465286255,-1.1483190059661865
1788594253734628600,64.56662866210938,8.570119857788086,3.809025287628174,-0.9115175008773804
1788594253744707800,64.57670776367188,8.195202827453613,4.382511615753174,-1.872939109802246
1788594253754781200,64.58678125,7.342866897583008,5.9625349044799805,-2.858377456665039
1788594253764856800,64.59685693359376,5.630488872528076,6.476839542388916,-0.47487494349479675
1788594253774932700,64.6069326171875,6.239663600921631,6.091971397399902,1.8119617700576782
1788594253785010000,64.61701000976562,7.052196025848389,5.587617874145508,2.4222588539123535
1788594253795084500,64.62708447265625,8.887202262878418,5.110348701477051,-0.9482535123825073
1788594253805186000,64.63718603515625,10.395249366760254,4.7695488929748535,-1.6518495082855225
1788594253815262500,64.64726245117187,9.46023941040039,4.4578537940979,-1.1842319965362549
1788594253825312800,64.65731274414063,9.753678321838379,4.456282615661621,-1.819368839263916
1788594253835414300,64.66741430664062,10.16181468963623,4.573897838592529,-2.5522189140319824
1788594253845491000,64.67749096679688,9.214384078979492,4.354753494262695,-1.9752912521362305
1788594253855545900,64.6875458984375,7.441403388977051,4.142866611480713,-0.39721301198005676
1788594253865642800,64.69764282226562,7.088707447052002,4.461819171905518,0.2612672746181488
1788594253875719000,64.70771899414062,7.517119884490967,4.776058197021484,0.3281552791595459
1788594253885793800,64.71779370117187,8.861688613891602,4.960037708282471,-0.11305121332406998
1788594253895870700,64.72787060546875,9.656713485717773,5.009942054748535,-0.19228433072566986
1788594253905946600,64.73794653320313,9.189993858337402,5.008894443511963,-0.09135375916957855
1788594253916022800,64.74802270507813,8.040328025817871,5.010989189147949,-0.1430535465478897
1788594253926098000,64.75809790039062,7.235427379608154,4.995576858520508,-0.5124340057373047
1788594253936174600,64.76817456054688,7.266477108001709,4.970961093902588,-0.8075941801071167
1788594253946251300,64.77825122070313,7.608473777770996,5.037250518798828,-0.9112182259559631
1788594253956326700,64.78832666015624,7.991770267486572,5.022361755371094,-1.001150369644165
1788594253966402800,64.79840283203124,8.880168914794922,4.906242847442627,-1.0134955644607544
1788594253976479000,64.80847900390626,9.879748344421387,4.728697776794434,-0.8523358106613159
1788594253986555000,64.81855493164062,10.217854499816895,4.519729137420654,-0.6374561786651611
1788594253996631000,64.82863110351562,9.909076690673828,4.389544486999512,-0.4076876640319824
1788594254006706400,64.83870654296875,9.205182075500488,4.352658748626709,-0.25924715399742126
1788594254016792300,64.84879223632812,8.574309349060059,4.284947872161865,-0.08641571551561356
1788594254026859000,64.85885888671875,8.170961380004883,4.202123165130615,0.1570446640253067
1788594254036934100,64.86893408203125,8.020949363708496,4.033631324768066,0.29643210768699646
1788594254047011300,64.87901123046875,8.360028266906738,3.9211037158966064,0.3446902334690094
1788594254057061000,64.88906103515625,8.720131874084473,3.8863131999969482,0.4016273319721222
1788594254067163100,64.8991630859375,8.774150848388672,3.835211753845215,0.38561612367630005
1788594254077239000,64.90923901367188,8.450783729553223,3.8027405738830566,0.42609307169914246
1788594254087314400,64.919314453125,7.976058483123779,3.810072660446167,0.5660790801048279
1788594254097394200,64.92939428710937,7.472527980804443,3.7980268001556396,0.6909516453742981
1788594254107467500,64.93946752929688,7.189488410949707,3.8324434757232666,0.771007776260376
1788594254117543200,64.94954321289063,7.4467902183532715,3.917213201522827,0.7298574447631836
1788594254127618800,64.95961889648437,7.757288455963135,3.917362928390503,0.688108503818512
1788594254137694700,64.96969482421875,7.967304706573486,3.9124996662139893,0.6263830065727234
1788594254147771100,64.97977124023437,7.984288692474365,3.9799861907958984,0.5180453658103943
1788594254157847600,64.98984765625,8.221314430236816,3.9710826873779297,0.33197101950645447
1788594254167923000,64.9999228515625,8.653692245483398,3.933000087738037,0.15809212625026703
1788594254177999600,65.00999951171875,9.110535621643066,3.8192005157470703,0.08768763393163681
1788594254188073200,65.0200732421875,9.46487808227539,3.7426609992980957,0.12412439286708832
1788594254198151200,65.03015112304688,9.562965393066406,3.6134488582611084,0.22453123331069946
1788594254208227000,65.04022705078125,9.612495422363281,3.5300259590148926,0.22632688283920288
1788594254218278100,65.05027807617188,9.624541282653809,3.452738046646118,0.3918260633945465
1788594254228379600,65.06037963867188,9.65027904510498,3.4153287410736084,0.4858733117580414
1788594254238454800,65.07045483398437,9.6803560256958,3.4590976238250732,0.5922656655311584
1788594254248531000,65.08053100585937,9.579200744628906,3.49314022064209,0.5836614966392517
1788594254258607000,65.09060717773437,9.486650466918945,3.5313727855682373,0.5065981149673462
1788594254268683800,65.10068383789063,9.361852645874023,3.5790321826934814,0.4560205936431885
1788594254278735000,65.11073510742187,9.308955192565918,3.598111152648926,0.42287588119506836
1788594254288835000,65.1208349609375,9.413552284240723,3.539677619934082,0.4795137047767639
1788594254298911700,65.13091186523438,9.702801704406738,3.519252061843872,0.4735282063484192
1788594254308988000,65.14098779296874,10.520496368408203,3.540874719619751,0.3271826207637787
1788594254319064300,65.15106420898438,11.524864196777344,3.357344150543213,0.48714521527290344
1788594254329139700,65.1611396484375,10.795230865478516,3.3717093467712402,0.4908113479614258
1788594254339190500,65.1711904296875,10.127548217773438,3.5068321228027344,0.21585224568843842
1788594254349291300,65.18129125976563,10.051681518554688,3.8303487300872803,-0.24779987335205078
1788594254359368200,65.1913681640625,9.571195602416992,4.298863887786865,-0.40708911418914795
1788594254369444600,65.20144458007813,8.995389938354492,4.495038986206055,-0.6199486255645752
1788594254379519500,65.21151953125,8.509217262268066,4.5952959060668945,-0.7249941825866699
1788594254389609200,65.22160913085938,8.346112251281738,4.6722846031188965,-0.48400282859802246
1788594254399671600,65.23167163085938,8.209343910217285,4.56888484954834,-0.22251112759113312
1788594254409748500,65.24174853515625,8.196325302124023,4.387449264526367,-0.01578676700592041
1788594254419823900,65.25182397460938,8.483255386352539,4.257713794708252,0.0958428904414177
1788594254429900300,65.261900390625,8.987159729003906,4.233771800994873,-0.005312134977430105
1788594254439975700,65.2719755859375,9.598803520202637,4.280233860015869,-0.2330605685710907
1788594254450052000,65.28205200195312,10.057442665100098,4.369941711425781,-0.40028059482574463
1788594254460128300,65.29212817382812,10.179771423339844,4.298789024353027,-0.40117841958999634
1788594254470204400,65.30220434570313,10.057666778564453,4.09782600402832,-0.21188685297966003
1788594254480280300,65.3122802734375,9.682002067565918,3.9212534427642822,-0.05738602206110954
1788594254490355700,65.32235571289063,9.060707092285156,3.864166736602783,-0.09105448424816132
1788594254500432000,65.33243188476563,8.409184455871582,3.9321770668029785,-0.06546645611524582
1788594254510508500,65.34250854492187,7.948300838470459,3.928884983062744,0.003142389701679349
1788594254520607000,65.35260693359375,7.666084289550781,3.8710501194000244,0.1388636976480484
1788594254530660400,65.36266040039062,7.663690090179443,3.758223295211792,0.23612813651561737
1788594254540711000,65.3727109375,8.003067970275879,3.7333085536956787,0.21203649044036865
1788594254550812200,65.38281225585938,8.238372802734375,3.7200655937194824,0.16931495070457458
1788594254560888800,65.39288891601562,8.422502517700195,3.67195725440979,0.13370120525360107
1788594254570964200,65.40296411132813,8.747066497802734,3.687594413757324,0.07317279279232025
1788594254581041200,65.41304125976562,9.022250175476074,3.748796224594116,-0.018330607563257217
1788594254591115800,65.42311572265625,9.015142440795898,3.8342392444610596,-0.14320318400859833
1788594254601192400,65.4331923828125,8.88331127166748,3.955296039581299,-0.32119712233543396
1788594254611268900,65.44326879882813,8.69095230102539,4.0816650390625,-0.3985597789287567
1788594254621343700,65.45334375,8.494627952575684,4.1834187507629395,-0.3471592366695404
1788594254631421000,65.4634208984375,8.46395206451416,4.19232177734375,-0.2430862933397293
1788594254641497300,65.47349731445313,8.30630874633789,4.206986427307129,-0.19946692883968353
1788594254651574000,65.48357397460937,8.128988265991211,4.255843162536621,-0.2952350080013275
1788594254661649000,65.49364892578124,8.185102462768555,4.362983703613281,-0.4059668183326721
1788594254671725000,65.50372509765624,8.437091827392578,4.473341464996338,-0.5412392020225525
1788594254681801000,65.51380102539062,8.533907890319824,4.535515785217285,-0.7120505571365356
1788594254691875800,65.52387573242187,8.631620407104492,4.445882797241211,-0.6376806497573853
1788594254701953000,65.533953125,8.802132606506348,4.292354583740234,-0.4051438271999359
1788594254712028400,65.5440283203125,9.063699722290039,4.288613796234131,-0.42287588119506836
1788594254722079000,65.55407885742187,9.324666976928711,4.245143890380859,-0.37992987036705017
1788594254732181500,65.56418139648437,9.41759204864502,4.182819843292236,-0.27076923847198486
1788594254742257200,65.57425708007813,9.423876762390137,4.155137062072754,-0.23268647491931915
1788594254752332000,65.58433203125,9.370606422424316,4.138976097106934,-0.14784196019172668
1788594254762408400,65.59440844726562,9.151985168457031,4.138153076171875,-0.1446247398853302
1788594254772484900,65.60448486328124,8.884807586669922,4.186635971069336,-0.23163901269435883
1788594254782561300,65.61456127929688,8.668730735778809,4.270058631896973,-0.3461866080760956
1788594254792636200,65.62463623046875,8.96733283996582,4.261754035949707,-0.3760392963886261
1788594254802713000,65.63471313476562,9.357064247131348,4.240355491638184,-0.3586065173149109
1788594254812763600,65.644763671875,8.871864318847656,3.973252534866333,0.08880992233753204
1788594254822864600,65.65486474609375,8.75417423248291,4.152742862701416,-0.05424363166093826
1788594254832941600,65.66494165039063,8.68945598602295,4.440196514129639,-0.47637131810188293
1788594254843017700,65.67501782226563,8.508394241333008,4.517334938049316,-0.50510174036026
1788594254853093000,65.68509301757813,8.681001663208008,4.45209264755249,-0.46911388635635376
1788594254863169000,65.6951689453125,8.994491577148438,4.374505996704102,-0.48983868956565857
1788594254873245400,65.70524536132812,9.082404136657715,4.390591621398926,-0.3133411407470703
1788594254883336700,65.71533666992187,9.14345645904541,4.26242733001709,-0.203207865357399
