time,seconds_elapsed,z,y,x
1788681532362357800,0.135357666015625,8.637007713317871,4.314650535583496,-0.8951321840286255
1788681532372437800,0.145437744140625,8.866327285766602,4.259808540344238,-0.9918728470802307
1788681532382507500,0.155507568359375,9.072603225708008,4.19688606262207,-0.9201216697692871
1788681532392580000,0.165580078125,8.93733024597168,4.188356399536133,-0.978181004524231
1788681532402659600,0.17565966796875,8.842535018920898,4.154089450836182,-1.1236287355422974
1788681532412729000,0.18572900390625,8.494478225708008,4.124311923980713,-1.1581950187683105
1788681532422803200,0.19580322265625,8.177845001220703,4.136133193969727,-1.1293898820877075
1788681532432877600,0.205877685546875,7.918971538543701,4.267664432525635,-1.112181544303894
1788681532442988300,0.21598828125,7.631293296813965,4.199803829193115,-0.8965536952018738
1788681532453027000,0.226027099609375,7.715614318847656,4.1874589920043945,-0.7548469305038452
1788681532463100400,0.236100341796875,7.901613712310791,4.21581506729126,-0.8055740594863892
1788681532473175300,0.24617529296875,8.236502647399902,4.187009811401367,-0.7676409482955933
1788681532483271200,0.256271240234375,8.52717399597168,4.10478401184082,-0.8264485001564026
1788681532493349400,0.266349365234375,8.844704627990723,3.945345163345337,-0.9408464431762695
1788681532503423500,0.276423583984375,9.408763885498047,3.854814291000366,-1.0569652318954468
1788681532513498000,0.286498046875,9.636063575744629,3.800795316696167,-1.0712555646896362
1788681532523572200,0.296572265625,9.534534454345703,3.6815340518951416,-0.958054780960083
1788681532533646600,0.306646484375,9.293169021606445,3.6141223907470703,-0.7939023375511169
1788681532543721200,0.31672119140625,9.05591869354248,3.699415683746338,-0.8331073522567749
1788681532553794800,0.326794921875,8.764424324035645,3.823016405105591,-0.9041852355003357
1788681532563865900,0.336865966796875,8.337657928466797,3.9368906021118164,-1.057189702987671
1788681532573940200,0.346940185546875,7.929446220397949,3.9969701766967773,-1.4287399053573608
1788681532584015400,0.357015380859375,7.819612503051758,4.155511379241943,-1.4513351917266846
1788681532594091800,0.367091796875,8.002843856811523,4.194790840148926,-1.299004077911377
1788681532604151600,0.377151611328125,8.268600463867188,4.178630352020264,-1.2141594886779785
1788681532614237700,0.38723779296875,8.875604629516602,4.227112770080566,-1.3893852233886719
1788681532624295400,0.39729541015625,9.585411071777344,4.295123100280762,-1.5529390573501587
1788681532634390500,0.407390625,9.999308586120605,4.282927513122559,-1.451933741569519
1788681532644464400,0.41746435546875,9.869422912597656,4.251054763793945,-1.161412239074707
1788681532654538800,0.427538818359375,9.72270393371582,4.2858452796936035,-1.0260651111602783
1788681532664612900,0.43761279296875,9.713650703430176,4.364779472351074,-1.0590602159500122
1788681532674688000,0.44768798828125,9.661576271057129,4.461669921875,-1.3472621440887451
1788681532684762000,0.45776220703125,9.593940734863281,4.519354820251465,-1.6798317432403564
1788681532694835500,0.46783544921875,9.342998504638672,4.475735664367676,-1.7446997165679932
1788681532704906500,0.477906494140625,8.897302627563477,4.351910591125488,-1.6684592962265015
1788681532714981600,0.487981689453125,8.3329439163208,4.327818870544434,-1.7929577827453613
1788681532725056800,0.498056884765625,8.347683906555176,4.425981044769287,-1.830666422843933
1788681532735140600,0.508140625,8.486995697021484,4.6181159019470215,-1.9245641231536865
1788681532745211600,0.518211669921875,8.263437271118164,4.696899890899658,-1.843310832977295
1788681532755281000,0.528281005859375,8.1964750289917,4.697648048400879,-1.5780034065246582
1788681532765356500,0.5383564453125,8.471807479858398,4.71111536026001,-1.4476690292358398
1788681532775405600,0.548405517578125,9.099388122558594,4.795062065124512,-1.535581111907959
1788681532785505800,0.558505859375,9.384596824645996,4.805985927581787,-1.592742681503296
1788681532795554600,0.568554443359375,9.459041595458984,4.739397048950195,-1.599326729774475
1788681532805654500,0.578654541015625,9.386617660522461,4.648567199707031,-1.6365116834640503
1788681532815729400,0.5887294921875,9.197251319885254,4.622380256652832,-1.7628058195114136
1788681532825802800,0.598802734375,8.93733024597168,4.624625205993652,-1.9122189283370972
1788681532835874000,0.6088740234375,8.7268648147583,4.6466217041015625,-1.919625997543335
1788681532845947600,0.61894775390625,8.558897018432617,4.663156509399414,-1.7767969369888306
1788681532856023300,0.629023193359375,8.325387954711914,4.744783878326416,-1.783829927444458
1788681532866108000,0.63910791015625,8.049381256103516,4.767454147338867,-1.744475245475769
1788681532876152000,0.649152099609375,7.844676494598389,4.78354024887085,-1.535880446434021
1788681532886245000,0.6592451171875,7.687557220458984,4.808380126953125,-1.3810802698135376
1788681532896329200,0.6693291015625,7.735366344451904,4.855441093444824,-1.2445359230041504
1788681532906397000,0.67939697265625,7.942315101623535,4.911630153656006,-1.1125556230545044
1788681532916470000,0.689469970703125,8.038382530212402,4.91267728805542,-1.012597680091858
1788681532926560500,0.699560546875,8.163629531860352,4.900257587432861,-1.072826862335205
1788681532936617700,0.70961767578125,8.359430313110352,4.851325988769531,-1.1729344129562378
1788681532946692900,0.71969287109375,8.672322273254395,4.83247184753418,-1.2244096994400024
1788681532956745200,0.7297451171875,8.984914779663086,4.890979766845703,-1.2407950162887573
1788681532966842000,0.739842041015625,9.03279972076416,4.891129493713379,-1.227851390838623
1788681532976914400,0.74991455078125,8.785597801208496,4.820799827575684,-1.2152818441390991
1788681532986988800,0.75998876953125,8.540342330932617,4.85102653503418,-1.2332383394241333
1788681532997071000,0.770071044921875,8.309301376342773,4.900482177734375,-1.2571803331375122
1788681533007142100,0.78014208984375,7.965359210968018,4.73767614364624,-1.197026014328003
1788681533017210000,0.790210205078125,7.789984226226807,4.724658012390137,-0.8860042691230774
1788681533027288600,0.80028857421875,7.715015888214111,4.83209753036499,-0.9281272292137146
1788681533037361000,0.81036083984375,7.8558244705200195,4.862548828125,-0.9320926666259766
1788681533047434800,0.820434814453125,8.105644226074219,4.873996257781982,-0.8959551453590393
1788681533057509000,0.830509033203125,8.259995460510254,4.855291366577148,-0.8112602829933167
1788681533067584000,0.840583984375,8.436568260192871,4.791994571685791,-0.6845172047615051
1788681533077658000,0.850658203125,8.43394947052002,4.706776142120361,-0.6061071157455444
1788681533087732700,0.860732666015625,8.399907112121582,4.6443023681640625,-0.560916543006897
1788681533097808100,0.87080810546875,8.442403793334961,4.546364784240723,-0.5449053645133972
1788681533107881000,0.880880859375,9.014019966125488,4.486285209655762,-0.5259013772010803
1788681533117955800,0.890955810546875,9.261370658874512,4.538059711456299,-0.44180503487586975
1788681533128036400,0.901036376953125,8.975563049316406,4.572925090789795,-0.4429273009300232
1788681533138104800,0.911104736328125,8.573861122131348,4.568511009216309,-0.3944447338581085
1788681533148157400,0.921157470703125,8.135197639465332,4.505289077758789,-0.2593219578266144
1788681533158253000,0.931253173828125,7.8430304527282715,4.489352703094482,-0.15682020783424377
1788681533168328200,0.941328125,7.498564720153809,4.509852886199951,-0.2091185599565506
1788681533178402000,0.951402099609375,7.150507926940918,4.452167510986328,-0.3752163052558899
1788681533188476400,0.961476318359375,7.245602607727051,4.361562252044678,-0.34267011284828186
1788681533198550500,0.971550537109375,7.248894691467285,4.296469688415527,-0.23912090063095093
1788681533208624600,0.981624755859375,7.243956565856934,4.212298393249512,-0.1356464922428131
1788681533218699800,0.99169970703125,7.457788467407227,4.107776641845703,0.10669161379337311
1788681533228773600,1.001773681640625,7.784821510314941,4.030788421630859,0.44771572947502136
1788681533238848300,1.01184814453125,8.258125305175781,4.192396640777588,0.7033715844154358
1788681533248905000,1.021905029296875,8.75529670715332,4.328043460845947,0.9290250539779663
1788681533258996700,1.031996826171875,9.318607330322266,4.282029628753662,0.9791536927223206
1788681533269072100,1.042072021484375,9.938032150268555,4.122366428375244,0.8732850551605225
1788681533279149800,1.05214990234375,9.689708709716797,3.886537551879883,0.5769277811050415
1788681533289237800,1.06223779296875,8.789862632751465,3.5727474689483643,0.10594342648983002
1788681533299281400,1.072281494140625,7.537844657897949,3.252897024154663,-0.32942718267440796
1788681533309368800,1.082368896484375,6.192976951599121,3.188403367996216,-0.5752817988395691
1788681533319443200,1.092443115234375,6.222904205322266,3.318812370300293,-0.3776853084564209
1788681533329518300,1.102518310546875,7.138835906982422,3.4561798572540283,0.4934300184249878
1788681533339592000,1.112592041015625,8.387038230895996,3.752462148666382,1.3557915687561035
1788681533349666800,1.122666748046875,8.61695671081543,3.600355625152588,2.0406079292297363
1788681533359740400,1.132740478515625,8.656011581420898,3.6379146575927734,1.7445499897003174
1788681533369817900,1.14281787109375,8.562189102172852,3.7084689140319824,1.4384663105010986
1788681533379889700,1.1528896484375,8.0192289352417,3.894019365310669,0.7324760556221008
1788681533389963800,1.1629638671875,7.770755767822266,3.7829883098602295,0.3197755515575409
1788681533400040400,1.17304052734375,7.2486701011657715,3.4818427562713623,0.431255578994751
1788681533410112500,1.183112548828125,7.055861949920654,3.257012128829956,0.8033294677734375
1788681533420165600,1.19316552734375,7.71434211730957,3.2719759941101074,1.371578335762024
1788681533430261800,1.20326171875,7.9171013832092285,3.4734628200531006,1.5807716846466064
1788681533440336000,1.2133359375,8.16220760345459,3.5704281330108643,1.4931588172912598
1788681533450409700,1.22340966796875,8.063746452331543,3.5160348415374756,1.3165864944458008
1788681533460462800,1.233462890625,7.490933418273926,3.4013376235961914,1.1700164079666138
1788681533470559000,1.24355908203125,7.360748767852783,3.401038408279419,0.9078513383865356
1788681533480633000,1.253633056640625,8.075716972351074,3.3961002826690674,0.7486369609832764
1788681533490686000,1.26368603515625,9.129465103149414,3.357194423675537,0.9282768964767456
1788681533500781800,1.27378173828125,9.284415245056152,3.3961002826690674,0.9111433625221252
1788681533510856200,1.283856201171875,8.665813446044922,3.3865983486175537,0.6973860859870911
1788681533520930600,1.2939306640625,7.644087314605713,3.3877954483032227,0.6703016757965088
1788681533531005200,1.304005126953125,6.993089199066162,3.485957622528076,0.8547300100326538
1788681533541079300,1.314079345703125,6.925452709197998,3.524414539337158,1.2277017831802368
1788681533551149800,1.32414990234375,6.916998386383057,3.5609261989593506,1.775899052619934
1788681533561228000,1.33422802734375,7.7580366134643555,3.508777379989624,2.7287166118621826
1788681533571305200,1.34430517578125,8.248922348022461,3.4280478954315186,3.8905029296875
1788681533581376800,1.354376708984375,7.511283874511719,3.8115692138671875,3.811793565750122
1788681533591451400,1.364451416015625,6.927323341369629,4.128576278686523,3.5494039058685303
1788681533601525200,1.374525146484375,6.680346488952637,3.9978678226470947,3.7036802768707275
1788681533611600100,1.38460009765625,6.660519599914551,3.832219123840332,3.8414218425750732
1788681533621652500,1.394652587890625,7.111302852630615,3.6914100646972656,4.140921592712402
1788681533631748900,1.404748779296875,7.864279270172119,3.596315383911133,4.580482006072998
1788681533641826300,1.414826416015625,8.958728790283203,3.5149126052856445,4.458826541900635
1788681533651897000,1.42489697265625,10.635941505432129,3.303025722503662,4.340238571166992
1788681533661972200,1.43497216796875,11.43986988067627,3.0889689922332764,4.266766548156738
1788681533672047900,1.4450478515625,11.214515686035156,2.9858686923980713,3.9483377933502197
1788681533682100700,1.455100830078125,10.499920845031738,2.9716532230377197,3.6572928428649902
1788681533692176600,1.4651767578125,9.917157173156738,2.850820779800415,3.2971150875091553
1788681533702248700,1.475248779296875,9.593192100524902,2.762759208679199,3.1577274799346924
1788681533712335400,1.48533544921875,9.294815063476562,2.7613375186920166,3.224465847015381
1788681533722408400,1.495408447265625,9.549647331237793,2.671330451965332,3.7030069828033447
1788681533732471000,1.505470947265625,9.5670804977417,2.4958057403564453,4.392088413238525
1788681533742545700,1.515545654296875,9.289502143859863,2.598008155822754,4.9799394607543945
1788681533752636000,1.525635986328125,9.023820877075195,2.622399091720581,4.922553539276123
1788681533762706000,1.535705810546875,8.50749683380127,2.254140853881836,4.630161762237549
1788681533772769000,1.54576904296875,8.220940589904785,1.84735107421875,4.095431804656982
1788681533782843400,1.555843505859375,8.433799743652344,1.6109236478805542,3.445256233215332
1788681533792918000,1.56591796875,8.612841606140137,1.4282160997390747,2.8693759441375732
1788681533803015400,1.576015380859375,8.448240280151367,1.2436381578445435,2.4164977073669434
1788681533813066500,1.58606640625,8.368483543395996,1.0440216064453125,1.9322704076766968
1788681533823141000,1.59614111328125,8.544082641601562,0.8431330919265747,1.6380079984664917
1788681533833237200,1.6062373046875,8.577601432800293,0.6626701354980469,1.9139398336410522
1788681533843313400,1.6163134765625,7.969025611877441,0.646284818649292,2.330456018447876
1788681533853389800,1.626389892578125,7.069478988647461,0.6616227030754089,2.650381326675415
1788681533863464200,1.636464111328125,6.876147270202637,0.29695582389831543,3.4305918216705322
1788681533873539000,1.6465390625,7.936180114746094,-0.18308161199092865,4.363656997680664
1788681533883612700,1.65661279296875,8.682198524475098,-0.3009960353374481,4.818630218505859
1788681533893687800,1.666687744140625,8.273089408874512,-0.1695394068956375,5.437007427215576
1788681533903761400,1.676761474609375,6.784120082855225,0.00905307475477457,5.645378112792969
1788681533913834500,1.68683447265625,5.693710803985596,0.07234977930784225,5.572354793548584
1788681533923906000,1.696906005859375,5.494692802429199,-0.057984571903944016,5.234548091888428
1788681533933981400,1.7069814453125,6.094964027404785,-0.4572925269603729,5.029544353485107
1788681533944055800,1.717055908203125,6.679149150848389,-0.8859294652938843,4.905943870544434
1788681533954140000,1.727139892578125,6.645705223083496,-1.0697592496871948,4.643703937530518
1788681533964214000,1.737214111328125,6.31485652923584,-1.1981483697891235,4.742165565490723
1788681533974278400,1.7472783203125,5.8080339431762695,-1.4611364603042603,5.111695289611816
1788681533984355800,1.75735595703125,5.556493282318115,-1.8011878728866577,5.544297695159912
1788681533994404900,1.76740478515625,5.490952014923096,-2.2327427864074707,6.016254901885986
1788681534004505000,1.777505126953125,5.739873886108398,-2.7510874271392822,6.407781600952148
1788681534014579500,1.787579345703125,6.0179009437561035,-3.0859763622283936,6.905251979827881
1788681534024664300,1.797664306640625,5.942333698272705,-3.3143980503082275,7.408857345581055
1788681534034728200,1.807728271484375,5.483694553375244,-3.5526959896087646,7.894132137298584
1788681534044802600,1.817802490234375,5.034707069396973,-3.762861967086792,8.707860946655273
1788681534054873000,1.827873046875,4.717549800872803,-3.7841854095458984,9.357288360595703
1788681534064947200,1.837947265625,4.568959712982178,-3.9007530212402344,9.612719535827637
1788681534075025000,1.84802490234375,4.518008232116699,-4.084208965301514,9.71462345123291
1788681534085099800,1.858099853515625,4.446331977844238,-4.188207149505615,10.360309600830078
1788681534095152400,1.86815234375,3.821146011352539,-4.4210429191589355,11.272425651550293
1788681534105244700,1.87824462890625,3.343801975250244,-4.62470006942749,12.419397354125977
1788681534115320000,1.888320068359375,3.4886510372161865,-4.928015232086182,13.631462097167969
1788681534125397200,1.898397216796875,3.9380877017974854,-4.865092754364014,14.021717071533203
1788681534135446500,1.908446533203125,4.219630718231201,-4.523919105529785,13.618818283081055
1788681534145546000,1.9185458984375,4.348020076751709,-4.328941345214844,12.971036911010742
1788681534155594200,1.92859423828125,4.395978927612305,-4.258237361907959,12.054282188415527
1788681534165694700,1.93869482421875,4.159327030181885,-4.386551380157471,11.075502395629883
1788681534175769600,1.94876953125,3.2940473556518555,-4.504391193389893,10.858602523803711
1788681534185841000,1.9588408203125,1.9569605588912964,-4.666822910308838,11.463811874389648
1788681534195914000,1.9689140625,0.5776011347770691,-4.554444789886475,12.546589851379395
1788681534205988400,1.97898828125,-0.7005284428596497,-4.24589204788208,13.864073753356934
1788681534216066000,1.989066162109375,-2.1557540893554688,-3.9326260089874268,14.840758323669434
1788681534226145300,1.999145263671875,-3.4478750228881836,-3.7247045040130615,15.295731544494629
1788681534236217000,2.009217041015625,-4.124311923980713,-3.5951931476593018,15.178415298461914
1788681534246286800,2.019286865234375,-3.88818359375,-3.3809120655059814,14.342914581298828
1788681534256360000,2.02935986328125,-2.786102533340454,-3.1245827674865723,12.700716018676758
1788681534266414000,2.0394140625,-1.5664812326431274,-3.1017630100250244,11.067346572875977
1788681534276512500,2.049512451171875,-0.7017255425453186,-3.224465847015381,9.778668403625488
1788681534286584600,2.05958447265625,-0.3737199306488037,-3.270928382873535,9.067964553833008
1788681534296658400,2.069658447265625,-0.3895066976547241,-3.217283248901367,9.08143138885498
1788681534306735000,2.079735107421875,-0.6032640337944031,-3.1152305603027344,9.518597602844238
1788681534316807200,2.08980712890625,-1.1281927824020386,-3.0184149742126465,9.829170227050781
1788681534326886400,2.099886474609375,-1.652747392654419,-3.078569173812866,10.005144119262695
1788681534336955400,2.109955322265625,-2.0202572345733643,-3.1956608295440674,10.207754135131836
1788681534347032300,2.1200322265625,-2.3651719093322754,-3.384653091430664,10.246211051940918
1788681534357104400,2.1301044921875,-2.1092917919158936,-3.464409828186035,9.91057300567627
1788681534367157200,2.1401572265625,-1.4131027460098267,-3.4857332706451416,8.995614051818848
1788681534377252600,2.150252685546875,-0.5737854242324829,-3.679588794708252,8.057685852050781
1788681534387328500,2.16032861328125,-0.4329764246940613,-4.036923408508301,7.506121635437012
1788681534397380000,2.170380126953125,-0.7977181077003479,-4.598064422607422,7.42217493057251
1788681534407475700,2.180475830078125,-0.9178770780563354,-4.988319396972656,7.506570339202881
1788681534417550000,2.190550048828125,-0.45908817648887634,-5.113715648651123,7.582960605621338
1788681534427624400,2.20062451171875,-0.3470095992088318,-5.176114559173584,7.712322235107422
1788681534437698800,2.21069873046875,-1.5375263690948486,-5.119551658630371,7.953612804412842
1788681534447773400,2.2207734375,-2.973149538040161,-4.919261455535889,8.6251859664917
1788681534457847300,2.230847412109375,-2.418966770172119,-5.060893535614014,8.899322509765625
1788681534467921700,2.240921630859375,-1.6484078168869019,-5.1921257972717285,8.954164505004883
1788681534477996300,2.250996337890625,-0.7407061457633972,-5.399598121643066,8.833781242370605
1788681534488080400,2.261080322265625,-0.2445826679468155,-5.604452133178711,8.605134963989258
1788681534498149400,2.2711494140625,0.12472294270992279,-5.85576868057251,8.262166023254395
1788681534508224800,2.281224853515625,0.46312838792800903,-6.063016414642334,7.907749176025391
1788681534518296600,2.291296630859375,1.1442787647247314,-6.1945481300354,7.731326103210449
1788681534528347000,2.301346923828125,1.6442928314208984,-6.170680999755859,7.6291985511779785
1788681534538442800,2.31144287109375,1.7368437051773071,-6.011990070343018,7.72399377822876
1788681534548517000,2.32151708984375,1.4613608121871948,-5.887940406799316,8.018256187438965
1788681534558591500,2.331591552734375,0.887949526309967,-5.778630256652832,8.189367294311523
1788681534568644900,2.341644775390625,0.2932897210121155,-5.6318359375,8.488492012023926
1788681534578740000,2.351739990234375,0.0032920273952186108,-5.380669116973877,8.913537979125977
1788681534588816600,2.361816650390625,-0.03785831481218338,-5.291934013366699,9.750835418701172
1788681534598889000,2.371888916015625,-0.26066872477531433,-5.29732084274292,10.404751777648926
1788681534608963000,2.381963134765625,-0.4487631916999817,-5.257143020629883,10.34482192993164
1788681534619040000,2.3920400390625,-0.36915597319602966,-5.147832870483398,9.609652519226074
1788681534629111800,2.40211181640625,-0.27563247084617615,-4.939462661743164,8.670750617980957
1788681534639209700,2.412209716796875,-0.5240309238433838,-4.807182788848877,8.099285125732422
1788681534649256700,2.422256591796875,-0.8978256583213806,-4.680738925933838,8.329427719116211
1788681534659335400,2.43233544921875,-1.0134207010269165,-4.912228584289551,9.114276885986328
1788681534669409800,2.442409912109375,-0.4122515916824341,-5.929389953613281,10.957662582397461
1788681534679484000,2.45248388671875,0.4522048532962799,-6.734066486358643,12.832996368408203
1788681534689536500,2.46253662109375,0.7981669902801514,-5.722890377044678,12.0584716796875
1788681534699633000,2.4726328125,0.6878092288970947,-5.1944451332092285,11.655721664428711
1788681534709707300,2.482707275390625,0.5445312261581421,-4.288538932800293,10.338088035583496
1788681534719782000,2.492781982421875,0.3554641306400299,-2.853140354156494,8.917203903198242
1788681534729855700,2.502855712890625,-0.1537526398897171,-1.6899323463439941,8.167071342468262
1788681534739930400,2.512930419921875,-0.7076362371444702,-1.469366431236267,8.320748329162598
1788681534750005500,2.523005615234375,-0.8400655388832092,-1.9031659364700317,9.216404914855957
1788681534760078800,2.533078857421875,0.6658125519752502,-2.537330150604248,10.234089851379395
1788681534770150700,2.543150634765625,2.837353467941284,-2.981379747390747,10.775030136108398
1788681534780227800,2.553227783203125,4.167332649230957,-2.848576307296753,10.983100891113281
1788681534790305000,2.563304931640625,3.955146312713623,-2.6559178829193115,11.898284912109375
1788681534800376600,2.57337646484375,5.885172367095947,-2.564713716506958,11.578509330749512
1788681534810450400,2.583450439453125,7.468487739562988,-2.5905263423919678,10.532392501831055
1788681534820525300,2.593525390625,9.011177062988281,-2.4962544441223145,9.126472473144531
1788681534830601200,2.603601318359375,9.590947151184082,-2.5445127487182617,7.992369174957275
1788681534840674000,2.613674072265625,9.020304679870605,-2.5405473709106445,7.3092732429504395
1788681534850748400,2.62374853515625,8.671125411987305,-2.382829189300537,7.731700420379639
1788681534860801500,2.633801513671875,8.68055248260498,-3.0615105628967285,9.374496459960938
1788681534870897400,2.6438974609375,9.606734275817871,-3.4315643310546875,10.196455955505371
1788681534880971500,2.653971435546875,10.142362594604492,-1.729062557220459,8.227299690246582
1788681534891048000,2.6640478515625,9.59483814239502,-0.888099193572998,6.477512836456299
1788681534901121300,2.674121337890625,8.913762092590332,-0.826897382736206,5.507411956787109
1788681534911209700,2.684209716796875,7.651195049285889,-0.4819827377796173,4.463315486907959
1788681534921270500,2.6942705078125,5.600187301635742,-0.0752677172422409,3.8429930210113525
1788681534931343400,2.70434326171875,4.400243282318115,-0.26336219906806946,4.022109031677246
1788681534941418000,2.71441796875,4.25202751159668,-0.24173955619335175,4.5755438804626465
1788681534951492600,2.72449267578125,4.484489440917969,0.4586392641067505,4.661884784698486
1788681534961566200,2.734566162109375,5.020042419433594,1.398064136505127,4.479701042175293
1788681534971640800,2.744640869140625,5.951087474822998,2.2411224842071533,4.956820487976074
1788681534981715500,2.754715576171875,4.918363571166992,2.5598504543304443,4.2747721672058105
1788681534991790000,2.7647900390625,3.835062265396118,2.244115114212036,3.5779099464416504
1788681535001843000,2.774843017578125,4.062885284423828,1.508795976638794,4.548609256744385
1788681535011939800,2.78493994140625,4.92651891708374,0.6582558155059814,5.375431537628174
1788681535022001400,2.79500146484375,7.017554759979248,-0.7069628834724426,6.345232963562012
1788681535032076000,2.805075927734375,9.31149959564209,-0.7370400428771973,5.484966278076172
1788681535042141000,2.815140869140625,10.401459693908691,-0.5695207118988037,3.6764464378356934
1788681535052246800,2.825246826171875,10.833763122558594,-0.07534253597259521,2.2327427864074707
1788681535062289400,2.835289306640625,10.430713653564453,0.23740005493164062,1.5386487245559692
1788681535072363300,2.84536328125,9.541791915893555,0.4330512285232544,1.240645408630371
1788681535082439000,2.85543896484375,8.831088066101074,0.750582218170166,1.4718354940414429
1788681535092513500,2.865513427734375,9.222390174865723,1.1686697006225586,2.1960813999176025
1788681535102587000,2.8755869140625,10.460342407226562,1.2993032932281494,3.2068088054656982
1788681535112661200,2.8856611328125,10.894440650939941,1.2538883686065674,3.7374236583709717
1788681535122735600,2.895735595703125,10.552069664001465,1.1842319965362549,4.0212860107421875
1788681535132820000,2.905820068359375,9.541193008422852,1.3631986379623413,4.269684791564941
1788681535142884900,2.915884765625,8.21383285522461,1.702277421951294,4.516586780548096
1788681535152959000,2.925958984375,6.938920021057129,1.6749686002731323,4.705429553985596
1788681535163071500,2.936071533203125,6.223428249359131,1.5654338598251343,4.5942487716674805
1788681535173140500,2.946140380859375,6.046855449676514,1.5779285430908203,4.1436896324157715
1788681535183213600,2.956213623046875,6.2527570724487305,1.682151198387146,3.3219549655914307
1788681535193279200,2.966279296875,6.982913494110107,1.8398691415786743,2.0054430961608887
1788681535203356400,2.9763564453125,6.9240312576293945,1.942894697189331,0.7609820365905762
1788681535213430500,2.986430419921875,5.479429721832275,1.5082722902297974,0.40132805705070496
1788681535223504400,2.99650439453125,3.9344964027404785,1.1528080701828003,0.15472528338432312
1788681535233579300,3.006579345703125,1.9749919176101685,1.8815432786941528,-2.572943925857544
1788681535243654000,3.01665380859375,4.9019036293029785,2.973149538040161,-1.6484826803207397
1788681535253728000,3.02672802734375,7.612064838409424,3.758223295211792,-0.7282862067222595
1788681535263775700,3.036775634765625,9.039458274841309,4.106280326843262,-1.6393548250198364
1788681535273873200,3.046873046875,9.624765396118164,4.506485939025879,-3.737273931503296
1788681535283947300,3.056947265625,9.327435493469238,5.136086463928223,-6.464569091796875
1788681535294025700,3.067025634765625,8.807146072387695,6.775665760040283,-10.819023132324219
1788681535304100900,3.077100830078125,7.277774810791016,7.301866054534912,-12.692037582397461
1788681535314152400,3.08715234375,5.754388809204102,5.488258361816406,-10.27553939819336
1788681535324244700,3.09724462890625,5.253776550292969,3.402010917663574,-6.412569999694824
1788681535334321000,3.10732080078125,5.223175525665283,2.9105262756347656,-3.598485231399536
1788681535344397300,3.117397216796875,5.714136600494385,3.8423197269439697,-2.821866035461426
1788681535354472200,3.12747216796875,6.812625885009766,4.871377468109131,-2.839897394180298
1788681535364545800,3.1375458984375,8.193107604980469,5.455039024353027,-2.7012581825256348
1788681535374621200,3.14762109375,9.501015663146973,5.804293155670166,-2.564788579940796
1788681535384694800,3.15769482421875,9.959878921508789,5.679345607757568,-3.250128746032715
1788681535394764000,3.167763916015625,9.532215118408203,4.960935592651367,-4.411092281341553
1788681535404841500,3.177841552734375,8.089408874511719,3.910329818725586,-5.521328449249268
1788681535414914000,3.1879140625,6.074837684631348,3.051260471343994,-5.9753289222717285
1788681535424989000,3.197989013671875,5.2812347412109375,2.8850131034851074,-6.257320880889893
1788681535435044400,3.20804443359375,5.97914457321167,3.2328455448150635,-6.266523838043213
1788681535445141500,3.2181416015625,7.35087251663208,3.8958899974823,-5.567566394805908
1788681535455216400,3.22821630859375,8.25311279296875,4.613402366638184,-5.309366703033447
1788681535465290800,3.238290771484375,8.819266319274902,4.721141338348389,-6.7795562744140625
1788681535475365000,3.248365234375,6.881683826446533,3.8925979137420654,-8.142904281616211
1788681535485439000,3.25843896484375,4.071938514709473,3.2585084438323975,-7.626804351806641
1788681535495513900,3.268513916015625,3.029712677001953,3.6605846881866455,-7.122824668884277
1788681535505588000,3.278587890625,3.212270498275757,4.392462253570557,-6.929867267608643
1788681535515662600,3.28866259765625,3.913322687149048,4.890381336212158,-7.080402851104736
1788681535525712400,3.29871240234375,4.88102912902832,5.031863689422607,-7.427262783050537
1788681535535810600,3.308810546875,5.586121559143066,4.819453239440918,-7.426290035247803
1788681535545885400,3.318885498046875,5.1647419929504395,4.712013244628906,-7.506421089172363
1788681535555962400,3.32896240234375,3.9671173095703125,4.863521575927734,-7.6595001220703125
1788681535566034400,3.339034423828125,3.2527475357055664,5.010390758514404,-7.6810479164123535
1788681535576109000,3.349109130859375,2.937760353088379,4.910208225250244,-7.476193904876709
1788681535586182700,3.3591826171875,3.186607599258423,4.905943870544434,-7.398382663726807
1788681535596256800,3.3692568359375,3.0573954582214355,5.080346584320068,-7.725340843200684
1788681535606332000,3.379331787109375,2.8289737701416016,5.061118125915527,-8.310797691345215
1788681535616406500,3.389406494140625,3.166780710220337,5.054832935333252,-8.92341423034668
1788681535626479900,3.39947998046875,3.2304513454437256,5.289016246795654,-9.568352699279785
1788681535636554200,3.40955419921875,3.2252142429351807,5.739051342010498,-9.729736328125
1788681535646629600,3.419629638671875,3.1699979305267334,6.061669826507568,-9.32429313659668
1788681535656704300,3.429704345703125,2.5264065265655518,6.549787521362305,-8.54804801940918
1788681535666777900,3.43977783203125,2.1647324562072754,7.136292457580566,-7.884555339813232
1788681535676853000,3.44985302734375,1.9141643047332764,7.6507463455200195,-7.085714817047119
1788681535686926600,3.459926513671875,2.4186675548553467,7.639822959899902,-6.243628978729248
1788681535696977000,3.469976806640625,2.4987235069274902,7.629796981811523,-6.777685642242432
1788681535707076000,3.480076171875,2.056469678878784,7.750704288482666,-6.915052890777588
1788681535717150500,3.490150390625,1.847051739692688,7.410428524017334,-6.666131019592285
1788681535727199500,3.500199462890625,2.056619167327881,6.988225936889648,-6.642862319946289
1788681535737299000,3.510298828125,2.152761459350586,6.578817367553711,-7.099107265472412
1788681535747373600,3.52037353515625,2.1571009159088135,6.1239190101623535,-7.586177825927734
1788681535757447000,3.530447021484375,1.4792425632476807,5.897741794586182,-7.9823431968688965
1788681535767522300,3.540522216796875,1.4879215955734253,5.541529655456543,-8.154950141906738
1788681535777596400,3.550596435546875,1.38407301902771,4.991760730743408,-8.405742645263672
1788681535787670300,3.560670166015625,1.1444283723831177,4.806434631347656,-8.541913032531738
1788681535797745000,3.570744873046875,1.2644377946853638,4.84982967376709,-8.533682823181152
1788681535807820300,3.5808203125,1.2644377946853638,4.865317344665527,-8.527623176574707
1788681535817867500,3.590867431640625,1.203460454940796,4.944550037384033,-8.421903610229492
1788681535827967700,3.6009677734375,1.1427075862884521,4.999841213226318,-8.297255516052246
1788681535838042600,3.611042724609375,0.9985317587852478,5.038148403167725,-8.41584300994873
1788681535848117200,3.6211171875,0.8724620342254639,5.119027614593506,-8.434024810791016
1788681535858191400,3.63119140625,0.5946598649024963,5.339219570159912,-8.255132675170898
1788681535868252400,3.64125244140625,0.7877671718597412,5.309666156768799,-8.398111343383789
1788681535878340600,3.651340576171875,0.8322095274925232,5.466037273406982,-8.719308853149414
1788681535888391700,3.6613916015625,0.7993640899658203,5.611260414123535,-8.649203300476074
1788681535898489300,3.6714892578125,0.8402899503707886,5.575272560119629,-8.361824035644531
1788681535908563500,3.6815634765625,0.6729951500892639,5.50928258895874,-8.205079078674316
1788681535918638000,3.69163818359375,0.5014356374740601,5.546018600463867,-8.033519744873047
1788681535928711400,3.70171142578125,0.4412812888622284,5.435735702514648,-7.771204471588135
1788681535938786000,3.7117861328125,0.39564183354377747,5.403788089752197,-7.866748332977295
1788681535948861200,3.721861083984375,0.4313304126262665,5.442020416259766,-7.847519874572754
1788681535958934800,3.731934814453125,0.5803694725036621,5.289539813995361,-7.850961685180664
1788681535969010000,3.742010009765625,0.2817676067352295,5.093813896179199,-8.099209785461426
1788681535979084500,3.75208447265625,0.17328034341335297,4.851101398468018,-8.133477210998535
1788681535989158100,3.762158203125,0.3910030722618103,4.358270168304443,-8.52373218536377
1788681535999232300,3.772232177734375,0.5387701988220215,3.3031005859375,-8.799589157104492
1788681536009307400,3.782307373046875,-0.8306383490562439,3.2563388347625732,-8.361150741577148
1788681536019382000,3.792382080078125,-0.24106618762016296,3.4857332706451416,-8.190339088439941
1788681536029455400,3.802455322265625,0.10444705188274384,3.8085763454437256,-8.465747833251953
1788681536039529700,3.81252978515625,-0.353743314743042,3.207407236099243,-9.405471801757812
1788681536049605000,3.822605224609375,-0.7858967185020447,3.1280994415283203,-9.167847633361816
1788681536059668000,3.83266796875,-0.805499255657196,3.115454912185669,-9.041254043579102
1788681536069754000,3.842754150390625,-0.7148188352584839,2.722057580947876,-9.355268478393555
1788681536079828200,3.852828125,-0.5024082660675049,2.853738784790039,-9.490316390991211
1788681536089877800,3.862877685546875,-0.2463783174753189,2.7888708114624023,-9.250521659851074
1788681536099976400,3.8729765625,-0.20066402852535248,2.7979986667633057,-8.911518096923828
1788681536110051600,3.883051513671875,-0.38569092750549316,3.4910452365875244,-8.398634910583496
1788681536120125700,3.893125732421875,-0.15195699036121368,3.988440752029419,-7.6577043533325195
1788681536130200600,3.90320068359375,-0.16924013197422028,4.239158630371094,-7.416338920593262
1788681536140273700,3.913273681640625,-0.24241292476654053,5.397353649139404,-7.149759769439697
1788681536150348800,3.923348876953125,-0.18914192914962769,5.719598293304443,-7.0551886558532715
1788681536160422700,3.933422607421875,-0.15921440720558167,6.061669826507568,-7.344812393188477
1788681536170496800,3.943496826171875,0.04025251790881157,6.1519012451171875,-8.019678115844727
1788681536180572200,3.953572265625,-0.14784196019172668,6.5948286056518555,-8.555155754089355
1788681536190646000,3.96364599609375,0.15031097829341888,6.52562141418457,-9.044994354248047
1788681536200720400,3.973720458984375,-0.14686931669712067,6.414365768432617,-9.43607234954834
1788681536210795300,3.983795166015625,-0.2777273952960968,5.84267520904541,-9.852813720703125
1788681536220870100,3.9938701171875,-0.3478326201438904,5.079224109649658,-10.329334259033203
1788681536230943500,4.003943603515625,-0.5276222229003906,4.432565212249756,-10.59224796295166
1788681536241018000,4.01401806640625,-0.7306056022644043,3.7562780380249023,-10.469619750976562
1788681536251092500,4.024092529296875,-0.6774094700813293,3.163712978363037,-10.649633407592773
1788681536261142000,4.03414208984375,-0.5678747296333313,2.9987375736236572,-11.233593940734863
1788681536271215900,4.0442158203125,-0.19954174757003784,2.849174737930298,-11.389740943908691
1788681536281316000,4.054316162109375,-0.054019175469875336,2.3728034496307373,-11.355548858642578
1788681536291390200,4.06439013671875,-0.127191960811615,0.9798270463943481,-11.837681770324707
1788681536301464600,4.074464599609375,0.7721300721168518,1.8640356063842773,-11.714754104614258
1788681536311539200,4.084539306640625,1.3824269771575928,2.9682862758636475,-10.712032318115234
1788681536321613600,4.094613525390625,1.8685247898101807,3.5580081939697266,-9.387964248657227
1788681536331687700,4.104687744140625,1.3825018405914307,4.202123165130615,-8.41808795928955
1788681536341762800,4.1147626953125,1.5123872756958008,4.512471675872803,-8.052823066711426
1788681536351836700,4.124836669921875,0.8955062627792358,4.5685858726501465,-7.785046100616455
1788681536361910000,4.134909912109375,-0.14185644686222076,5.025803565979004,-7.736039638519287
1788681536371985200,4.144985107421875,-0.08259996026754379,5.532027721405029,-7.644087314605713
1788681536382060300,4.155060302734375,-0.019527707248926163,6.128407955169678,-7.8955535888671875
1788681536392108000,4.16510791015625,0.23508067429065704,6.986205577850342,-7.958924770355225
1788681536402230500,4.17523046875,0.28206688165664673,8.443002700805664,-7.377208709716797
1788681536412272400,4.1852724609375,-0.18966566026210785,9.436297416687012,-6.696881294250488
1788681536422331100,4.1953310546875,-1.4879215955734253,9.35541820526123,-5.383736610412598
1788681536432411400,4.205411376953125,-1.8297686576843262,9.010727882385254,-4.587889194488525
1788681536442480400,4.21548046875,-1.8748096227645874,8.45355224609375,-4.57808780670166
1788681536452555000,4.225554931640625,-1.0018237829208374,7.8511857986450195,-5.272331237792969
1788681536462632000,4.2356318359375,-1.2020388841629028,6.8983683586120605,-5.724236965179443
1788681536472703500,4.245703369140625,-1.1204116344451904,5.563451290130615,-6.2317328453063965
1788681536482786000,4.2557861328125,-1.2941408157348633,4.787430763244629,-6.6589484214782715
1788681536492859100,4.265859130859375,-0.9148843288421631,4.313753128051758,-6.956577301025391
1788681536502926800,4.2759267578125,1.1079168319702148,3.8650646209716797,-8.129586219787598
1788681536513001200,4.286001220703125,3.236511707305908,3.70046329498291,-10.343849182128906
1788681536523101200,4.29610107421875,2.1651065349578857,3.661332845687866,-9.312023162841797
1788681536533176300,4.30617626953125,2.025569438934326,2.970979928970337,-7.610119819641113
1788681536543250200,4.316250244140625,2.0935049057006836,2.3597850799560547,-6.954557418823242
1788681536553324500,4.326324462890625,2.174234390258789,3.2620997428894043,-6.29824686050415
1788681536563399200,4.336399169921875,3.2399535179138184,4.599261283874512,-5.198185920715332
1788681536573473500,4.3464736328125,0.11439795047044754,5.638045787811279,-5.001636981964111
1788681536583548000,4.3565478515625,-0.891914963722229,5.346477031707764,-7.055263519287109
1788681536593606400,4.3666064453125,1.3524994850158691,5.0766801834106445,-5.747206211090088
1788681536603696400,4.3766962890625,1.617133617401123,5.139004230499268,-3.748422145843506
1788681536613771300,4.386771240234375,1.862464427947998,6.144718647003174,-1.9687819480895996
1788681536623818800,4.39681884765625,3.2280571460723877,8.200514793395996,-0.11634323745965958
1788681536633920000,4.406919921875,0.0038157589733600616,10.840346336364746,-2.792013168334961
1788681536643967500,4.416967529296875,-5.408576488494873,11.954174041748047,-4.829703330993652
1788681536654068500,4.427068359375,-6.103418827056885,11.095179557800293,-1.201964020729065
1788681536664142600,4.437142578125,-4.155062198638916,11.327491760253906,-3.597288131713867
1788681536674217200,4.44721728515625,-3.24414324760437,10.415225982666016,-6.894777297973633
1788681536684291300,4.457291259765625,-1.48081374168396,8.874333381652832,-6.376956462860107
1788681536694366500,4.467366455078125,-2.1303906440734863,8.036063194274902,-6.431349277496338
1788681536704440300,4.4774404296875,-2.927210807800293,6.75883150100708,-8.746393203735352
1788681536714515200,4.48751513671875,1.280897855758667,5.682712554931641,-4.269460201263428
1788681536724588800,4.4975888671875,1.9621978998184204,5.983932971954346,-2.4652795791625977
1788681536734663700,4.50766357421875,1.6377836465835571,6.949319839477539,-2.277559280395508
1788681536744737800,4.51773779296875,0.12030863761901855,7.972766399383545,-2.1422119140625
1788681536754801700,4.5278017578125,-0.7514800429344177,8.340500831604004,-0.2075473666191101
1788681536764886500,4.537886474609375,-0.3586813509464264,8.11477279663086,1.231667160987854
1788681536774961700,4.547961669921875,1.174281120300293,8.407388687133789,1.3896844387054443
1788681536785035500,4.558035400390625,-0.999878466129303,9.005340576171875,-0.02199672721326351
1788681536795083500,4.56808349609375,-0.6466588973999023,9.663521766662598,-1.8215385675430298
1788681536805184800,4.578184814453125,-1.944989562034607,9.338957786560059,-1.6558897495269775
1788681536815258000,4.588258056640625,-2.9320740699768066,8.987982749938965,-1.9285295009613037
1788681536825352000,4.59835205078125,-1.4495395421981812,8.665064811706543,-2.181865930557251
1788681536835408000,4.608407958984375,2.339808464050293,6.645630359649658,-2.8325650691986084
1788681536845482000,4.61848193359375,2.367192029953003,5.147309303283691,-2.0347721576690674
1788681536855556400,4.628556396484375,1.8477251529693604,3.8820483684539795,-1.6644939184188843
1788681536865630000,4.6386298828125,0.15307927131652832,3.8143374919891357,-1.3204022645950317
1788681536875705000,4.648705078125,-0.7882909178733826,3.7661540508270264,-0.2997989356517792
1788681536885779700,4.65877978515625,0.41120412945747375,7.184774875640869,1.9137901067733765
1788681536895854000,4.66885400390625,0.5460276007652283,12.328417778015137,4.737377166748047
1788681536905928000,4.678927978515625,-0.5223848819732666,16.838869094848633,5.606696605682373
1788681536916001500,4.68900146484375,-1.8941876888275146,20.687623977661133,7.376385688781738
1788681536926083800,4.699083740234375,-0.4587889015674591,25.20001983642578,6.420276165008545
1788681536936151800,4.70915185546875,0.8153005242347717,27.714006423950195,0.1066167950630188
1788681536946225700,4.7192255859375,1.2592753171920776,25.46891975402832,-9.244536399841309
1788681536956274200,4.729274169921875,-0.31042322516441345,15.618200302124023,-4.3063459396362305
1788681536966374000,4.739373779296875,-0.013916297815740108,10.728866577148438,-2.029834032058716
1788681536976449300,4.74944921875,0.3188777267932892,8.192584037780762,-1.049782633781433
1788681536986523600,4.759523681640625,0.38397011160850525,6.667178153991699,0.5765537023544312
1788681536996597200,4.76959716796875,0.38561612367630005,6.090400218963623,1.6910545825958252
1788681537006672600,4.779672607421875,0.7912088632583618,6.757110595703125,1.6800562143325806
1788681537016745700,4.789745849609375,0.9923965930938721,8.3283052444458,0.6022165417671204
1788681537026820400,4.7998203125,0.758288562297821,9.576807022094727,-0.7371148467063904
1788681537036896000,4.80989599609375,0.6563105583190918,9.853411674499512,-0.6994810104370117
1788681537046969900,4.819969970703125,0.6625205278396606,9.960103988647461,-0.7694365978240967
1788681537057044500,4.83004443359375,0.40379709005355835,9.909825325012207,-0.7065888047218323
1788681537067118800,4.840118896484375,0.25827449560165405,9.823484420776367,-0.5214122533798218
1788681537077193000,4.85019287109375,-0.005087678786367178,9.658957481384277,-0.07713818550109863
1788681537087267600,4.860267578125,-0.14447510242462158,9.665916442871094,-0.08649053424596786
1788681537097341700,4.870341796875,-0.21009120345115662,9.635688781738281,0.16190789639949799
1788681537107416000,4.880416015625,-0.06434416770935059,9.408913612365723,1.1463737487792969
1788681537117490200,4.890490234375,0.2944119870662689,9.690082550048828,1.0795605182647705
1788681537127545300,4.90054541015625,0.2521393597126007,10.001627922058105,0.6456114649772644
1788681537137639700,4.9106396484375,0.32097265124320984,10.122310638427734,0.4489128291606903
1788681537147713800,4.9207138671875,0.48736968636512756,10.263045310974121,-0.06673837453126907
1788681537157762300,4.93076220703125,0.6189759373664856,10.25279426574707,-0.30129531025886536
1788681537167862300,4.9408623046875,0.634912371635437,10.163984298706055,-0.4356698989868164
1788681537177937200,4.950937255859375,0.4702361822128296,10.120739936828613,-0.7217770218849182
1788681537188011500,4.961011474609375,0.24158991873264313,10.099191665649414,-1.105447769165039
1788681537198085600,4.971085693359375,0.038980595767498016,9.99377155303955,-1.407341718673706
1788681537208160300,4.98116015625,-0.02207154780626297,9.87271499633789,-1.6035165786743164
1788681537218233900,4.99123388671875,0.045415014028549194,9.72053337097168,-1.6941221952438354
1788681537228308200,5.00130810546875,0.15225626528263092,9.619528770446777,-1.7272669076919556
1788681537238366200,5.0113662109375,0.23769934475421906,9.565808296203613,-1.66696298122406
1788681537248458000,5.0214580078125,0.2744353711605072,9.598953247070312,-1.5988030433654785
1788681537258532000,5.031531982421875,0.2637362778186798,9.6641206741333,-1.4992940425872803
1788681537268607000,5.04160693359375,0.2388216257095337,9.763404846191406,-1.3136684894561768
1788681537278680600,5.0516806640625,0.21749825775623322,9.80792236328125,-0.9468319416046143
1788681537288749000,5.0617490234375,0.23702596127986908,9.802610397338867,-0.5982511639595032
1788681537298805500,5.071805419921875,0.24346038699150085,9.828198432922363,-0.4572925269603729
1788681537308904700,5.08190478515625,0.20462942123413086,9.857003211975098,-0.29463645815849304
1788681537318978300,5.091978271484375,0.1488146036863327,9.89314079284668,-0.15928922593593597
1788681537329052200,5.10205224609375,0.09606734663248062,9.922320365905762,-0.10362404584884644
1788681537339127300,5.112127197265625,0.076015904545784,9.910049438476562,-0.06539163738489151
1788681537349202000,5.122201904296875,0.07137713581323624,9.882665634155273,-0.0727238729596138
1788681537359276000,5.132276123046875,0.10115502029657364,9.856779098510742,-0.1314566433429718
1788681537369350700,5.1423505859375,0.1487397849559784,9.827524185180664,-0.21061493456363678
1788681537379399700,5.152399658203125,0.16879121959209442,9.800589561462402,-0.2992003858089447
1788681537389509000,5.162509033203125,0.14484919607639313,9.761459350585938,-0.38045361638069153
1788681537399573000,5.172572998046875,0.09434650838375092,9.714174270629883,-0.5023334622383118
1788681537409648000,5.182648193359375,0.06322188675403595,9.673847198486328,-0.5776011347770691
1788681537419722800,5.19272265625,0.043020810931921005,9.62379264831543,-0.6255599856376648
1788681537429797000,5.202797119140625,0.03808277100324631,9.61212158203125,-0.6804770231246948
1788681537439870700,5.21287060546875,0.04257189854979515,9.619603157043457,-0.7282114028930664
1788681537449945900,5.22294580078125,0.04967968538403511,9.618556022644043,-0.7521534562110901
1788681537460035000,5.23303515625,0.05693710967898369,9.614889144897461,-0.7354688048362732
1788681537470094600,5.243094482421875,0.055665191262960434,9.630376815795898,-0.7246949076652527
1788681537480169200,5.253169189453125,0.04975450411438942,9.639803886413574,-0.7066636085510254
1788681537490218200,5.26321826171875,0.07160159200429916,9.666065216064453,-0.6816741228103638
1788681537500317400,5.2733173828125,0.09516951441764832,9.723451614379883,-0.673069953918457
1788681537510392000,5.28339208984375,0.08424597233533859,9.763928413391113,-0.6429927945137024
1788681537520466400,5.293466552734375,0.027907414361834526,9.81256103515625,-0.6281786561012268
1788681537530540000,5.3035400390625,-0.04496610164642334,9.832387924194336,-0.5860556960105896
1788681537540615000,5.313614990234375,-0.09980828315019608,9.832088470458984,-0.5690718293190002
1788681537550689300,5.323689208984375,-0.1463455855846405,9.829469680786133,-0.5534346699714661
1788681537560763400,5.333763427734375,-0.15809212625026703,9.81495475769043,-0.5295674800872803
1788681537570838500,5.343838623046875,-0.17993922531604767,9.828048706054688,-0.5377227663993835
1788681537580912600,5.35391259765625,-0.16340427100658417,9.856779098510742,-0.5448305010795593
1788681537590986800,5.36398681640625,-0.13250410556793213,9.861865997314453,-0.5723638534545898
1788681537601061000,5.37406103515625,-0.10175357013940811,9.876530647277832,-0.6129904389381409
1788681537611136300,5.38413623046875,-0.08521861582994461,9.874436378479004,-0.6596025824546814
1788681537621189600,5.394189697265625,-0.07564181089401245,9.856703758239746,-0.6860135793685913
1788681537631284000,5.404283935546875,-0.06239888072013855,9.822287559509277,-0.7208791971206665
1788681537641358800,5.41435888671875,-0.04556465148925781,9.790189743041992,-0.7437736988067627
1788681537651433700,5.424433837890625,-0.042347442358732224,9.77013874053955,-0.7632266283035278
1788681537661507300,5.43450732421875,-0.02910451404750347,9.736919403076172,-0.7909095883369446
1788681537671582200,5.444582275390625,-0.04354454204440117,9.72270393371582,-0.8291419744491577
1788681537681657000,5.454656982421875,-0.037559039890766144,9.712079048156738,-0.8542810678482056
1788681537691730400,5.46473046875,-0.03164835274219513,9.696741104125977,-0.8782979249954224
1788681537701805600,5.4748056640625,-0.03404255583882332,9.681328773498535,-0.9046341776847839
1788681537711880000,5.4848798828125,-0.019527707248926163,9.662249565124512,-0.8987982869148254
1788681537721954300,5.494954345703125,-0.025513211265206337,9.661052703857422,-0.904708981513977
1788681537732028400,5.5050283203125,-0.036586396396160126,9.65491771697998,-0.8926631212234497
1788681537742076200,5.515076171875,-0.03785831481218338,9.668010711669922,-0.8866028189659119
1788681537752151300,5.5251513671875,-0.03785831481218338,9.679832458496094,-0.8638579249382019
1788681537762251500,5.53525146484375,-0.041524436324834824,9.719037055969238,-0.8302642703056335
1788681537772320300,5.5453203125,-0.05596446618437767,9.749937057495117,-0.8109610080718994
1788681537782411800,5.555411865234375,-0.06793547421693802,9.778443336486816,-0.7808838486671448
1788681537792461300,5.56546142578125,-0.07998129725456238,9.803433418273926,-0.7663689851760864
1788681537802525200,5.575525146484375,-0.07638999819755554,9.823558807373047,-0.732850193977356
1788681537812598500,5.5855986328125,-0.08215104788541794,9.812860488891602,-0.71766197681427
1788681537822673400,5.59567333984375,-0.07122749835252762,9.794978141784668,-0.704718291759491
1788681537832753400,5.60575341796875,-0.058059390634298325,9.77717113494873,-0.7203554511070251
1788681537842822000,5.61582177734375,-0.05925649031996727,9.764078140258789,-0.7312041521072388
1788681537852896300,5.625896240234375,-0.03538929298520088,9.761834144592285,-0.749160647392273
1788681537862971000,5.635970947265625,-0.024765023961663246,9.76325511932373,-0.7754969000816345
1788681537873044500,5.64604443359375,-0.00942716933786869,9.769390106201172,-0.8029553890228271
1788681537883144700,5.656144775390625,0.006209960673004389,9.748066902160645,-0.8174702525138855
1788681537893219600,5.666219482421875,0.01227028388530016,9.727790832519531,-0.8295160531997681
1788681537903293700,5.676293701171875,0.008753799833357334,9.709909439086914,-0.8379706144332886
1788681537913368600,5.68636865234375,-0.006658873520791531,9.690755844116211,-0.8427590131759644
1788681537923442200,5.696442138671875,-0.0008978256373666227,9.701679229736328,-0.8666262030601501
1788681537933517300,5.706517333984375,0.01818096823990345,9.704148292541504,-0.8702923059463501
1788681537943591200,5.716591064453125,0.016834231093525887,9.716194152832031,-0.8952817916870117
1788681537953666000,5.726666015625,0.03321954980492592,9.748665809631348,-0.9154828786849976
1788681537963740400,5.736740478515625,0.03681085258722305,9.751059532165527,-0.9178770780563354
1788681537973814500,5.746814453125,0.044517189264297485,9.766472816467285,-0.9044845104217529
1788681537983889000,5.756888916015625,0.030226796865463257,9.7698392868042,-0.8757541179656982
1788681537993937200,5.766937255859375,0.04825812950730324,9.76864242553711,-0.863932728767395
1788681538004038000,5.777037841796875,0.05184943228960037,9.76744556427002,-0.8627356290817261
1788681538014112500,5.787112548828125,0.0627729743719101,9.751882553100586,-0.8426093459129333
1788681538024162000,5.797162109375,0.08551789075136185,9.756670951843262,-0.8283189535140991
1788681538034261200,5.80726123046875,0.11783961206674576,9.755548477172852,-0.8224831223487854
1788681538044335400,5.81733544921875,0.14769232273101807,9.7698392868042,-0.8022072315216064
1788681538054409700,5.82740966796875,0.14028525352478027,9.775525093078613,-0.7922562956809998
1788681538064484000,5.837484130859375,0.13916297256946564,9.776647567749023,-0.7742998003959656
1788681538074559000,5.84755908203125,0.13422493636608124,9.788619041442871,-0.7790133953094482
1788681538084632800,5.8576328125,0.11754033714532852,9.786149978637695,-0.7789385318756104
1788681538094707500,5.86770751953125,0.10669161379337311,9.800439834594727,-0.7824550271034241
1788681538104806000,5.877805908203125,0.12592004239559174,9.77904224395752,-0.7861959934234619
1788681538114856400,5.8878564453125,0.12831424176692963,9.768342971801758,-0.7969698905944824
1788681538124930600,5.8979306640625,0.12831424176692963,9.761235237121582,-0.8018330931663513
1788681538135005200,5.908005126953125,0.12951134145259857,9.778143882751465,-0.8008604645729065
1788681538145079000,5.9180791015625,0.13534721732139587,9.792509078979492,-0.8115595579147339
1788681538155165700,5.928165771484375,0.14731822907924652,9.797297477722168,-0.8019827604293823
1788681538165228000,5.93822802734375,0.16886603832244873,9.800889015197754,-0.7865700721740723
1788681538175303000,5.948302978515625,0.162880539894104,9.793706893920898,-0.7889642715454102
1788681538185376800,5.958376708984375,0.16894085705280304,9.790115356445312,-0.7782651782035828
1788681538195432700,5.9684326171875,0.15592238306999207,9.768567085266113,-0.7855226397514343
1788681538205526000,5.978526123046875,0.1404348909854889,9.753080368041992,-0.795024573802948
1788681538215600400,5.988600341796875,0.1379658728837967,9.732504844665527,-0.823156476020813
1788681538225674800,5.9986748046875,0.13684359192848206,9.715744972229004,-0.824428379535675
1788681538235749400,6.008749267578125,0.11776479333639145,9.700258255004883,-0.8375964760780334
1788681538245823200,6.0188232421875,0.10691606998443604,9.701455116271973,-0.8530839681625366
1788681538255872500,6.02887255859375,0.12008418142795563,9.700332641601562,-0.8602666258811951
1788681538265945900,6.03894580078125,0.12592004239559174,9.718289375305176,-0.8542062640190125
1788681538276021200,6.049021240234375,0.13190555572509766,9.727790832519531,-0.841038167476654
1788681538286095600,6.059095703125,0.15330372750759125,9.756446838378906,-0.8278700709342957
1788681538296170000,6.069169921875,0.13355156779289246,9.775824546813965,-0.8281693458557129
1788681538306270200,6.079270263671875,0.10975918173789978,9.77208423614502,-0.8150012493133545
1788681538316344300,6.08934423828125,0.08574234694242477,9.77440357208252,-0.824428379535675
1788681538326392300,6.099392333984375,0.0967407152056694,9.742231369018555,-0.8306383490562439
1788681538336493300,6.109493408203125,0.11596914380788803,9.731532096862793,-0.8200140595436096
1788681538346566100,6.119566162109375,0.13377602398395538,9.728165626525879,-0.849941611289978
1788681538356635000,6.129634765625,0.11701660603284836,9.729287147521973,-0.8558523058891296
1788681538366737400,6.1397373046875,0.10137947648763657,9.736470222473145,-0.8652794361114502
1788681538376791000,6.149791015625,0.07564181089401245,9.725321769714355,-0.8659528493881226
1788681538386865700,6.15986572265625,0.054093994200229645,9.724050521850586,-0.8718634843826294
1788681538396938500,6.1699384765625,0.06838438659906387,9.739612579345703,-0.8598924875259399
1788681538407014000,6.180013916015625,0.08274959772825241,9.745597839355469,-0.8527098894119263
1788681538417088000,6.190087890625,0.10063128918409348,9.75165843963623,-0.8563759922981262
1788681538427162000,6.200162109375,0.11148001998662949,9.750386238098145,-0.8372972011566162
1788681538437237500,6.210237548828125,0.09127894043922424,9.740659713745117,-0.8253262042999268
1788681538447311400,6.220311279296875,0.10100538283586502,9.716793060302734,-0.8182932734489441
1788681538457386000,6.230385986328125,0.09030629694461823,9.721955299377441,-0.8236802220344543
1788681538467459600,6.24045947265625,0.10347440838813782,9.731532096862793,-0.8188918232917786
1788681538477535000,6.250534912109375,0.09614216536283493,9.74821662902832,-0.8176198601722717
1788681538487621600,6.26062158203125,0.10564415156841278,9.764976501464844,-0.807968258857727
1788681538497684200,6.270684326171875,0.114023856818676,9.761384963989258,-0.8092401623725891
1788681538507758300,6.28075830078125,0.11529577523469925,9.757793426513672,-0.7997381687164307
1788681538517831700,6.290831787109375,0.12389993667602539,9.725471496582031,-0.7891887426376343
1788681538527899400,6.3008994140625,0.12756605446338654,9.721880912780762,-0.7844003438949585
1788681538537981200,6.310981201171875,0.11993454396724701,9.721805572509766,-0.7890390753746033
1788681538548056000,6.32105615234375,0.09232640266418457,9.739612579345703,-0.790086567401886
1788681538558103800,6.331103759765625,0.08671499043703079,9.707216262817383,-0.7662941813468933
1788681538568204000,6.3412041015625,0.06434416770935059,9.779266357421875,-0.8494178652763367
1788681538578279000,6.35127880859375,0.08462006598711014,9.791237831115723,-0.8423100709915161
1788681538588353300,6.361353271484375,0.06329670548439026,9.766023635864258,-0.8316109776496887
1788681538598427100,6.37142724609375,0.06232406198978424,9.730185508728027,-0.8305635452270508
1788681538608502500,6.38150244140625,0.042122986167669296,9.703924179077148,-0.8473977446556091
1788681538618550800,6.39155078125,0.025438392534852028,9.683648109436035,-0.8617630004882812
1788681538628650000,6.40164990234375,0.032695818692445755,9.676465034484863,-0.8617630004882812
1788681538638725000,6.41172509765625,0.021622633561491966,9.698087692260742,-0.8926631212234497
1788681538648799700,6.4217998046875,0.02042553387582302,9.705270767211914,-0.8890718221664429
1788681538658851300,6.431851318359375,-0.0010474632726982236,9.71462345123291,-0.8686463236808777
1788681538668947700,6.44194775390625,0.0007481880020350218,9.759215354919434,-0.9364321231842041
1788681538679023000,6.452023193359375,-0.00022445640934165567,9.748291969299316,-0.9066542387008667
1788681538689071600,6.462071533203125,0.02132335864007473,9.74709415435791,-0.8972271084785461
1788681538699171800,6.472171875,0.018330607563257217,9.753154754638672,-0.918550431728363
1788681538709246200,6.48224609375,0.002917933277785778,9.735198020935059,-0.9245359301567078
1788681538719320000,6.492320068359375,-0.012644377537071705,9.735198020935059,-0.9340379238128662
1788681538729395000,6.50239501953125,-0.013841478154063225,9.735198020935059,-0.938826322555542
1788681538739469300,6.51246923828125,-0.015113398432731628,9.739986419677734,-0.9411457180976868
1788681538749543400,6.52254345703125,0.005312134977430105,9.737592697143555,-0.9293243288993835
1788681538759617500,6.532617431640625,0.008903437294065952,9.732804298400879,-0.9258078932762146
1788681538769692000,6.54269189453125,-0.0014963760040700436,9.703924179077148,-0.8841338157653809
1788681538779766800,6.552766845703125,-0.0014963760040700436,9.741482734680176,-0.9416694641113281
1788681538789841400,6.56284130859375,-0.0014215572737157345,9.749712944030762,-0.9201216697692871
1788681538799915300,6.572915283203125,-0.014440028928220272,9.755474090576172,-0.8854057192802429
1788681538809990700,6.58299072265625,-0.01107318326830864,9.772308349609375,-0.9032126069068909
1788681538820063700,6.593063720703125,-0.0003740940010175109,9.790265083312988,-0.8972271084785461
1788681538830138400,6.603138427734375,0.008155249990522861,9.785326957702637,-0.8686463236808777
1788681538840213800,6.6132138671875,0.02513911761343479,9.758990287780762,-0.8389432430267334
1788681538850288000,6.6232880859375,0.04915595427155495,9.757793426513672,-0.8247276544570923
1788681538860336000,6.633336181640625,0.04361936077475548,9.762507438659668,-0.8045265674591064
1788681538870436000,6.64343603515625,0.03643675893545151,9.766098022460938,-0.8068459630012512
1788681538880511200,6.65351123046875,0.020874446257948875,9.764901161193848,-0.8163479566574097
1788681538890584600,6.66358447265625,0.013542203232645988,9.782782554626465,-0.826972246170044
1788681538900660000,6.673659912109375,0.007556699216365814,9.777994155883789,-0.824578046798706
1788681538910734300,6.683734375,0.01975216343998909,9.75053596496582,-0.8200140595436096
1788681538920808000,6.693807861328125,0.030451253056526184,9.751808166503906,-0.8271966576576233
1788681538930882300,6.70388232421875,0.034267012029886246,9.725471496582031,-0.8094646334648132
1788681538940957700,6.713957763671875,0.0537199005484581,9.734600067138672,-0.8146271109580994
1788681538951031600,6.724031494140625,0.07302315533161163,9.719112396240234,-0.802880585193634
1788681538961105400,6.73410546875,0.08402151614427567,9.69277572631836,-0.7803601026535034
1788681538971180300,6.74418017578125,0.08641571551561356,9.69038200378418,-0.788739800453186
1788681538981255000,6.7542548828125,0.0934486836194992,9.715520858764648,-0.7873930931091309
1788681538991330000,6.764330078125,0.07407061755657196,9.751358985900879,-0.7967454195022583
1788681539001403400,6.7744033203125,0.06419453024864197,9.794304847717285,-0.7928548455238342
1788681539011478500,6.784478515625,0.059480950236320496,9.794230461120605,-0.7904606461524963
1788681539021528800,6.79452880859375,0.044666826725006104,9.787272453308105,-0.7861211895942688
1788681539031627300,6.804627197265625,0.03292027488350868,9.765724182128906,-0.7778910994529724
1788681539041702000,6.814701904296875,0.03149871528148651,9.767146110534668,-0.8184428811073303
1788681539051775700,6.824775634765625,0.029029695317149162,9.773131370544434,-0.8339303731918335
1788681539061849900,6.834849853515625,0.008454524911940098,9.792284965515137,-0.8576479554176331
1788681539071924000,6.844924072265625,0.008379706181585789,9.803133964538574,-0.8718634843826294
1788681539081999400,6.854999267578125,-0.004713584668934345,9.791088104248047,-0.8623615503311157
1788681539092072400,6.865072509765625,-0.00673369225114584,9.75397777557373,-0.8434323668479919
1788681539102121700,6.875121826171875,-0.03082534670829773,9.710882186889648,-0.8234557509422302
1788681539112230100,6.885230224609375,-0.02596212550997734,9.703699111938477,-0.8211363554000854
1788681539122272500,6.8952724609375,-0.01885433867573738,9.704971313476562,-0.8271218538284302
1788681539132345000,6.905344970703125,-0.022595278918743134,9.738340377807617,-0.8173205852508545
1788681539142420000,6.915419921875,-0.04317044839262962,9.765799522399902,-0.8302642703056335
1788681539152497000,6.925496826171875,-0.030151978135108948,9.775450706481934,-0.841038167476654
1788681539162569200,6.9355693359375,-0.03374328091740608,9.768342971801758,-0.8506149649620056
1788681539172643800,6.945643798828125,-0.029029695317149162,9.77672290802002,-0.8529343605041504
1788681539182717700,6.9557177734375,-0.0520738884806633,9.751134872436523,-0.8238298296928406
1788681539192792000,6.9657919921875,-0.02985270321369171,9.78255844116211,-0.8822633028030396
1788681539202878200,6.975878173828125,-0.05117605999112129,9.79647445678711,-0.8212111592292786
1788681539212941000,6.985941162109375,-0.05349544435739517,9.79520320892334,-0.7997381687164307
1788681539223016400,6.996016357421875,-0.04511573910713196,9.805827140808105,-0.7781903743743896
1788681539233089500,7.006089599609375,-0.050876785069704056,9.788992881774902,-0.754397988319397
1788681539243190000,7.01618994140625,-0.03149871528148651,9.761534690856934,-0.7486369609832764
1788681539253264600,7.0262646484375,-0.025662848725914955,9.768866539001465,-0.7725041508674622
1788681539263338800,7.0363388671875,-0.031199440360069275,9.788095474243164,-0.7868693470954895
1788681539273413000,7.0464130859375,-0.03374328091740608,9.79415512084961,-0.7999626398086548
1788681539283487500,7.056487548828125,-0.04571428894996643,9.775226593017578,-0.8394669890403748
1788681539293562000,7.06656201171875,-0.04803367331624031,9.76086139678955,-0.8442553877830505
1788681539303610400,7.0766103515625,-0.05035305395722389,9.737069129943848,-0.8610895872116089
1788681539313711000,7.086711181640625,-0.0504278726875782,9.733551979064941,-0.87665194272995
1788681539323785200,7.09678515625,-0.024166474118828773,9.732579231262207,-0.8898948431015015
1788681539333859800,7.10685986328125,-0.019452888518571854,9.729063034057617,-0.900668740272522
1788681539343944700,7.11694482421875,-0.03179799020290375,9.716119766235352,-0.8999953866004944
1788681539354008000,7.127008056640625,-0.01496376097202301,9.714921951293945,-0.888099193572998
1788681539364082700,7.137082763671875,-0.024615386500954628,9.725621223449707,-0.8844330906867981
1788681539374157600,7.147157470703125,-0.028057051822543144,9.713650703430176,-0.8749310970306396
1788681539384231400,7.1572314453125,-0.018405426293611526,9.702876091003418,-0.869020402431488
1788681539394282500,7.167282470703125,-0.02214636653661728,9.727940559387207,-0.8629601001739502
1788681539404380400,7.17738037109375,-0.020949264988303185,9.741034507751465,-0.8545055389404297
1788681539414455000,7.187455078125,-0.018704701215028763,9.755399703979492,-0.8532336354255676
1788681539424529000,7.19752880859375,-0.0014963760040700436,9.774178504943848,-0.8348281979560852
1788681539434604000,7.20760400390625,-0.0015711948508396745,9.777770042419434,-0.8408136963844299
1788681539444678000,7.217677978515625,0.013991116546094418,9.78255844116211,-0.8348281979560852
1788681539454753300,7.227753173828125,0.02596212550997734,9.767146110534668,-0.8492682576179504
1788681539464827100,7.2378271484375,0.03681085258722305,9.75637149810791,-0.842235267162323
1788681539474901500,7.247901611328125,0.04272153601050377,9.760112762451172,-0.8589198589324951
1788681539484975600,7.2579755859375,0.03531447425484657,9.779341697692871,-0.8815151453018188
1788681539495049500,7.268049560546875,0.02207154780626297,9.780538558959961,-0.8934113383293152
1788681539505124400,7.278124267578125,0.018704701215028763,9.797223091125488,-0.9133879542350769
1788681539515199200,7.28819921875,0.00673369225114584,9.801861763000488,-0.9013420939445496
1788681539525268200,7.298268310546875,0.013991116546094418,9.792359352111816,-0.9050082564353943
1788681539535348200,7.30834814453125,0.027084406465291977,9.795950889587402,-0.9038859605789185
1788681539545421800,7.318421875,0.0330699123442173,9.790040016174316,-0.9026888608932495
1788681539555482600,7.328482666015625,0.034341830760240555,9.788768768310547,-0.8883984684944153
1788681539565551400,7.33855126953125,0.041524436324834824,9.78405475616455,-0.8979752659797668
1788681539575646000,7.34864599609375,0.02835632674396038,9.791162490844727,-0.8919897675514221
1788681539585720000,7.358719970703125,0.012045827694237232,9.787646293640137,-0.8708160519599915
1788681539595794000,7.3687939453125,0.0012719196965917945,9.776947021484375,-0.8898948431015015
1788681539605868500,7.37886865234375,-0.016385318711400032,9.748066902160645,-0.8684966564178467
1788681539615943400,7.388943359375,-0.026261400431394577,9.77096176147461,-0.9029881358146667
1788681539626016800,7.399016845703125,-0.023867197334766388,9.7744779586792,-0.8993968367576599
1788681539636092400,7.409092529296875,-0.01653495617210865,9.764826774597168,-0.8779986500740051
1788681539646166300,7.419166259765625,-0.04279635474085808,9.776647567749023,-0.8610895872116089
1788681539656241200,7.4292412109375,-0.06434416770935059,9.780089378356934,-0.85622638463974
1788681539666315000,7.43931494140625,-0.0934486836194992,9.798046112060547,-0.8538321852684021
1788681539676390100,7.44939013671875,-0.08043020963668823,9.826701164245605,-0.8381950259208679
1788681539686464000,7.459464111328125,-0.06135141849517822,9.837475776672363,-0.8382698893547058
1788681539696537600,7.46953759765625,-0.06703764945268631,9.814580917358398,-0.7965209484100342
1788681539706613200,7.47961328125,-0.056413378566503525,9.834931373596191,-0.8060229420661926
1788681539716687600,7.4896875,-0.0035164838191121817,9.808670043945312,-0.7705588340759277
1788681539726736100,7.499736083984375,0.0578349344432354,9.766921043395996,-0.7423521876335144
1788681539736836600,7.509836669921875,0.0471358448266983,9.751358985900879,-0.7435492873191833
1788681539746909700,7.51990966796875,-0.03329436853528023,9.719860076904297,-0.7609072327613831
1788681539756984300,7.529984375,-0.08469488471746445,9.70310115814209,-0.7870938181877136
1788681539767038000,7.540037841796875,-0.06344634294509888,9.705794334411621,-0.8396914005279541
1788681539777134300,7.55013427734375,0.017806874588131905,9.703774452209473,-0.8507646322250366
1788681539787208400,7.56020849609375,0.06397007405757904,9.757868766784668,-0.8733598589897156
1788681539797282300,7.5702822265625,0.054093994200229645,9.78061294555664,-0.9017910361289978
1788681539807357700,7.580357666015625,0.04563947021961212,9.802085876464844,-0.8969278335571289
1788681539817431800,7.590431884765625,0.08491934090852737,9.818920135498047,-0.8958055377006531
1788681539827505400,7.60050537109375,0.0785597413778305,9.86538314819336,-0.8751555681228638
1788681539837580500,7.61058056640625,0.05342062562704086,9.885509490966797,-0.8618378043174744
1788681539847654100,7.620654052734375,-0.028880057856440544,9.876755714416504,-0.8400655388832092
1788681539857730000,7.63072998046875,-0.03007715940475464,9.864859580993652,-0.8532336354255676
1788681539867803000,7.640802978515625,-0.006958148907870054,9.820566177368164,-0.8213608264923096
1788681539877878500,7.65087841796875,0.09786299616098404,9.736993789672852,-0.7612813115119934
1788681539887943700,7.660943603515625,0.2214636504650116,9.658583641052246,-0.7573907375335693
1788681539898026500,7.671026611328125,0.23605331778526306,9.61915397644043,-0.7445219159126282
1788681539908101600,7.6811015625,0.1826326996088028,9.59019947052002,-0.7537246346473694
1788681539918176300,7.69117626953125,0.13242928683757782,9.620800018310547,-0.7020248174667358
1788681539928249600,7.70124951171875,0.12958616018295288,9.687763214111328,-0.7196072340011597
1788681539938324500,7.711324462890625,0.12038345634937286,9.703848838806152,-0.6072294116020203
1788681539948398300,7.7213984375,0.09322422742843628,9.730709075927734,-0.5079448819160461
1788681539958472700,7.73147265625,-0.011447276920080185,9.700108528137207,-0.43604397773742676
1788681539968548000,7.741548095703125,-0.1356464922428131,9.70078182220459,-0.42122986912727356
1788681539978622500,7.75162255859375,-0.3248632550239563,9.628132820129395,-0.35995325446128845
1788681539988697000,7.761697021484375,-0.5261258482933044,9.586009979248047,-0.36010289192199707
1788681539998770700,7.771770751953125,-0.7049427628517151,9.504232406616211,-0.386139839887619
1788681540008845600,7.781845458984375,-0.695964515209198,9.403900146484375,-0.3842693865299225
1788681540018920200,7.791920166015625,-0.4572925269603729,9.266234397888184,-0.3859153985977173
1788681540028994600,7.80199462890625,-0.30054712295532227,9.055319786071777,-0.37805941700935364
1788681540039069000,7.81206884765625,-0.433200865983963,8.873285293579102,-0.3761141300201416
1788681540049142500,7.822142578125,-0.6518214344978333,8.663568496704102,-0.4014776945114136
1788681540059216600,7.832216552734375,-0.4572176933288574,8.504204750061035,-0.39706337451934814
1788681540069292300,7.842292236328125,-0.4216787815093994,8.417340278625488,-0.4560205936431885
1788681540079341000,7.852341064453125,-0.7706336975097656,8.369904518127441,-0.5384709239006042
1788681540089420000,7.862419921875,-1.0779144763946533,8.376114845275879,-0.5719149112701416
1788681540099515000,7.872514892578125,-1.2868833541870117,8.45130729675293,-0.7092074155807495
1788681540109590000,7.882590087890625,-1.4380173683166504,8.593912124633789,-0.8893710970878601
1788681540119664000,7.8926640625,-1.7521815299987793,8.82779598236084,-1.0672154426574707
1788681540129737700,7.90273779296875,-2.1035306453704834,9.188721656799316,-1.3492822647094727
1788681540139813000,7.912813232421875,-2.0673930644989014,9.582942008972168,-1.7795652151107788
1788681540149887200,7.92288720703125,-1.2740894556045532,9.659855842590332,-2.059986114501953
1788681540159962000,7.932962158203125,-0.38815996050834656,9.350404739379883,-2.1163246631622314
1788681540170036700,7.94303662109375,0.2347813993692398,8.795548439025879,-2.0213048458099365
1788681540180111000,7.953111083984375,0.13100773096084595,8.152780532836914,-1.8415900468826294
1788681540190185200,7.963185302734375,-0.45594578981399536,7.641618251800537,-1.5805472135543823
1788681540200259600,7.973259521484375,-1.1275193691253662,7.391050338745117,-1.4288146495819092
1788681540210334500,7.98333447265625,-1.672798752784729,7.302913665771484,-1.3997101783752441
1788681540220408800,7.993408935546875,-2.4496424198150635,7.421651363372803,-1.7948282957077026
1788681540230482400,8.003482421875,-3.185485363006592,7.689203262329102,-2.456301212310791
1788681540240556800,8.013556884765626,-3.576488494873047,8.096890449523926,-3.245415210723877
1788681540250631200,8.023631103515624,-3.0242507457733154,8.423100471496582,-3.7963061332702637
1788681540260705300,8.033705322265625,-1.370605707168579,8.63094711303711,-4.016497611999512
1788681540270754800,8.0437548828125,-0.2504185438156128,8.382549285888672,-3.706897497177124
1788681540280855000,8.05385498046875,-0.4875941276550293,7.89892053604126,-3.2178070545196533
1788681540290928600,8.0639287109375,-1.3017723560333252,7.079355239868164,-2.3867197036743164
1788681540301003500,8.07400341796875,-2.2392518520355225,6.275202751159668,-1.8667291402816772
1788681540311078700,8.08407861328125,-3.2211740016937256,5.580060958862305,-1.6551415920257568
1788681540321152500,8.094152587890624,-3.417423725128174,5.16549015045166,-1.7807623147964478
1788681540331226600,8.1042265625,-2.667739152908325,5.121721267700195,-2.2578070163726807
1788681540341302000,8.114302001953124,-2.0908114910125732,5.253776550292969,-2.894515037536621
1788681540351376000,8.1243759765625,-1.8478747606277466,5.574150562286377,-3.6734535694122314
1788681540361450200,8.1344501953125,-2.104353666305542,6.014833450317383,-4.522646903991699
1788681540371524600,8.144524658203125,-2.7126305103302,6.3599724769592285,-5.381716728210449
1788681540381599500,8.154599609375,-3.293823003768921,6.349123477935791,-5.762768745422363
1788681540391651600,8.164651611328125,-3.7615153789520264,6.219761848449707,-5.829432010650635
1788681540401747500,8.17474755859375,-3.5223944187164307,6.238391876220703,-6.029647350311279
1788681540411822800,8.18482275390625,-3.3033249378204346,6.336329460144043,-6.3284735679626465
1788681540421872400,8.194872314453125,-3.316567897796631,6.341342449188232,-6.604180812835693
1788681540431971600,8.2049716796875,-3.6712090969085693,6.2451252937316895,-6.953135967254639
1788681540442045400,8.21504541015625,-3.8297500610351562,6.1804070472717285,-7.4817304611206055
1788681540452100600,8.2251005859375,-3.8232407569885254,6.169558525085449,-7.909245491027832
1788681540462168800,8.2351689453125,-3.727921724319458,6.183250427246094,-7.954959392547607
1788681540472268300,8.245268310546875,-4.117353439331055,6.266149520874023,-7.351620674133301
1788681540482340600,8.255340576171875,-4.987945079803467,6.54918909072876,-6.585102081298828
1788681540492408000,8.265407958984374,-5.25295352935791,6.834847450256348,-6.120552062988281
1788681540502466300,8.27546630859375,-4.789750099182129,6.7795562744140625,-5.501800537109375
1788681540512541000,8.285541015625,-4.333505153656006,6.670619964599609,-4.917840003967285
1788681540522615600,8.295615478515625,-3.96217942237854,6.51297664642334,-4.6658501625061035
1788681540532690400,8.3056904296875,-3.9846997261047363,6.18878698348999,-4.822595596313477
1788681540542764300,8.315764404296875,-4.923974990844727,5.9269208908081055,-4.962431907653809
1788681540552838700,8.325838623046875,-5.775113582611084,5.563526153564453,-5.081393718719482
1788681540562913300,8.335913330078125,-6.081871032714844,5.1256866455078125,-5.632883071899414
1788681540572988000,8.34598779296875,-5.636250019073486,4.729221820831299,-6.479607582092285
1788681540583087600,8.356087646484376,-6.2183403968811035,4.095207214355469,-7.157615661621094
1788681540593136600,8.36613671875,-7.354464054107666,3.2817771434783936,-7.500135898590088
1788681540603236600,8.376236572265626,-7.584382057189941,2.5883564949035645,-7.552958011627197
1788681540613311200,8.386311279296875,-6.4782609939575195,2.105026960372925,-7.7842230796813965
1788681540623400200,8.396400146484375,-6.127584934234619,1.7058687210083008,-7.958401203155518
1788681540633460500,8.40646044921875,-6.005855083465576,1.4809633493423462,-8.065990447998047
1788681540643534300,8.416534423828125,-6.226645469665527,1.4012813568115234,-7.60832405090332
1788681540653609200,8.426609130859376,-6.698901653289795,1.2652608156204224,-6.819210052490234
1788681540663683300,8.436683349609375,-6.6131591796875,1.1734580993652344,-5.43147087097168
1788681540673758000,8.446758056640626,-6.635455131530762,1.3493571281433105,-4.823942184448242
1788681540683831800,8.456831787109374,-6.364386558532715,1.4549264907836914,-4.721739768981934
1788681540693906700,8.46690673828125,-6.944082736968994,1.6193782091140747,-5.052962779998779
1788681540703980800,8.476980712890626,-7.614758491516113,1.7669956684112549,-5.186888217926025
1788681540714055400,8.487055419921875,-7.5761518478393555,1.9714754819869995,-5.423689842224121
1788681540724129800,8.4971298828125,-7.537769794464111,1.9398270845413208,-5.967248439788818
1788681540734204400,8.507204345703125,-8.130409240722656,1.600823163986206,-6.187589645385742
1788681540744278500,8.517278564453125,-8.504204750061035,1.1139023303985596,-6.315305709838867
1788681540754352400,8.527352294921876,-8.336759567260742,0.651372492313385,-6.145167350769043
1788681540764427000,8.537427001953125,-8.509591102600098,0.48153382539749146,-5.765761375427246
1788681540774502400,8.54750244140625,-9.053150177001953,0.8198644518852234,-5.525518417358398
1788681540784576500,8.557576416015625,-8.88405990600586,1.3017723560333252,-5.494992256164551
1788681540794624800,8.567624755859375,-8.769436836242676,1.5800235271453857,-5.801300525665283
1788681540804725500,8.5777255859375,-8.957756042480469,1.5718681812286377,-5.972560405731201
1788681540814800000,8.5877998046875,-9.094823837280273,1.5045312643051147,-5.985504150390625
1788681540824873500,8.59787353515625,-9.125873565673828,1.191115379333496,-5.916595935821533
1788681540834948900,8.607948974609375,-9.481337547302246,0.8936358094215393,-5.934702396392822
1788681540845023000,8.61802294921875,-10.132261276245117,0.7748235464096069,-6.047379493713379
1788681540855097600,8.62809765625,-10.906112670898438,0.7300818562507629,-6.030320644378662
1788681540865171700,8.638171630859375,-11.353304862976074,0.583960771560669,-6.043713092803955
1788681540875246000,8.64824609375,-11.354276657104492,0.33533787727355957,-6.2242512702941895
1788681540885320700,8.65832080078125,-11.514688491821289,-0.1404348909854889,-6.713191986083984
1788681540895395600,8.6683955078125,-11.796905517578125,-0.6016179919242859,-6.895974159240723
1788681540905469400,8.678469482421875,-12.255169868469238,-0.881589949131012,-6.904054641723633
1788681540915543600,8.68854345703125,-12.342259407043457,-1.0375123023986816,-6.8424787521362305
1788681540925593000,8.698593017578125,-12.464438438415527,-1.1933598518371582,-6.593257427215576
1788681540935693000,8.708693115234375,-12.445284843444824,-1.3036428689956665,-6.495993137359619
1788681540945767400,8.718767333984376,-12.86367130279541,-1.1366472244262695,-6.298920154571533
1788681540955846000,8.728845947265626,-13.205668449401855,-1.0145429372787476,-6.156914234161377
1788681540965916000,8.738916015625,-13.432743072509766,-1.0497077703475952,-6.221931457519531
1788681540975990800,8.74899072265625,-13.552977561950684,-1.2438626289367676,-6.408754348754883
1788681540986065200,8.759065185546875,-13.616872787475586,-1.3655179738998413,-6.711171627044678
1788681540996138800,8.769138671875,-13.671415328979492,-1.3255647420883179,-7.085639953613281
1788681541006214000,8.7792138671875,-13.730522155761719,-1.2682535648345947,-7.1257429122924805
1788681541016288500,8.78928857421875,-13.488109588623047,-1.0797101259231567,-7.139958381652832
1788681541026383400,8.79938330078125,-13.24936294555664,-0.7748235464096069,-7.0294508934021
1788681541036437200,8.809437255859375,-12.822970390319824,-0.5146785378456116,-6.682366371154785
1788681541046511600,8.81951171875,-12.386701583862305,-0.16564883291721344,-6.425513744354248
1788681541056586200,8.829586181640625,-11.805957794189453,0.21854571998119354,-6.389899730682373
1788681541066660600,8.83966064453125,-11.313799858093262,0.5338321328163147,-6.49404764175415
1788681541076735200,8.8497353515625,-10.920028686523438,0.7410802245140076,-6.563704013824463
1788681541086809600,8.8598095703125,-10.407444953918457,0.9637410044670105,-6.5167927742004395
1788681541096883700,8.8698837890625,-9.993996620178223,1.0695347785949707,-6.357877254486084
1788681541106957800,8.879957763671875,-9.659930229187012,1.1493664979934692,-6.088903903961182
1788681541117032700,8.89003271484375,-9.30573844909668,1.2522423267364502,-5.8972930908203125
1788681541127094800,8.9000947265625,-9.042675018310547,1.26960027217865,-5.839682579040527
1788681541137181400,8.910181396484376,-8.97309398651123,1.1840075254440308,-5.637447357177734
1788681541147255800,8.920255859375,-8.842085838317871,0.9829694628715515,-5.488557815551758
1788681541157329400,8.930329345703125,-8.55844783782959,0.7472901940345764,-5.451447486877441
1788681541167404800,8.94040478515625,-8.322993278503418,0.519092857837677,-5.500154495239258
1788681541177479200,8.950479248046875,-8.224905967712402,0.4339490532875061,-5.595249176025391
1788681541187553500,8.960553466796876,-8.364666938781738,0.5094412565231323,-5.74481201171875
1788681541197627100,8.970627197265625,-8.076539993286133,0.7077859044075012,-5.936498165130615
1788681541207702800,8.980702880859376,-7.578022480010986,0.9551368355751038,-6.055310249328613
1788681541217777000,8.99077685546875,-7.006331920623779,1.199944019317627,-6.10401725769043
1788681541227851300,9.000851318359375,-6.866196155548096,1.3271359205245972,-6.111050128936768
1788681541237926100,9.010926025390624,-7.092597961425781,1.3162124156951904,-6.2463226318359375
1788681541248000300,9.021000244140625,-7.331345081329346,1.1941828727722168,-6.373813629150391
1788681541258084000,9.031083984375,-6.843226909637451,1.1658265590667725,-6.548964500427246
1788681541268149800,9.041149658203125,-6.366257190704346,1.3372365236282349,-6.781501293182373
1788681541278223600,9.0512236328125,-6.16918420791626,1.526602864265442,-7.0376811027526855
1788681541288276700,9.06127685546875,-6.129680156707764,1.690605640411377,-7.303213119506836
1788681541298372000,9.0713720703125,-6.194323539733887,1.8782511949539185,-7.59328556060791
1788681541308447500,9.081447509765624,-6.024784088134766,2.130689859390259,-7.777713775634766
1788681541318521300,9.091521240234375,-5.839083671569824,2.48832368850708,-7.960421562194824
1788681541328571400,9.1015712890625,-5.468356609344482,3.021108388900757,-8.171560287475586
1788681541338670300,9.11167041015625,-5.097031116485596,3.5319712162017822,-8.294486999511719
1788681541348743700,9.12174365234375,-4.838756561279297,4.165387153625488,-8.391303062438965
1788681541358818000,9.131818115234376,-4.800823211669922,4.9053449630737305,-8.531513214111328
1788681541368893400,9.1418935546875,-4.618414878845215,5.7906012535095215,-8.656535148620605
1788681541378968000,9.151968017578126,-4.383035182952881,6.669722080230713,-8.716166496276855
1788681541389042700,9.162042724609375,-3.9233484268188477,7.496619701385498,-8.675464630126953
1788681541399115800,9.17211572265625,-3.31350040435791,8.298078536987305,-8.464699745178223
1788681541409191200,9.182191162109374,-2.9114990234375,8.911218643188477,-8.26007080078125
1788681541419266300,9.192266357421875,-2.666242837905884,9.273566246032715,-7.937975883483887
1788681541429340200,9.202340087890626,-2.335094928741455,9.397541046142578,-7.204302787780762
1788681541439414800,9.212414794921875,-1.9948937892913818,9.39596939086914,-6.342015743255615
1788681541449488400,9.22248828125,-1.856628656387329,9.300276756286621,-5.772345542907715
1788681541459537400,9.232537353515625,-1.8253543376922607,8.984017372131348,-5.118578910827637
1788681541469612300,9.2426123046875,-1.9378818273544312,8.463278770446777,-4.079794406890869
1788681541479686700,9.252686767578124,-2.0923826694488525,7.885377883911133,-2.8715455532073975
1788681541489760500,9.262760498046875,-2.453308582305908,7.292438983917236,-1.9013702869415283
1788681541499860200,9.272860107421875,-2.748394012451172,6.707131385803223,-1.4173674583435059
1788681541509935900,9.282935791015625,-2.7159974575042725,6.207192420959473,-1.0452187061309814
1788681541520010200,9.29301025390625,-2.2619221210479736,5.820379257202148,-1.0782138109207153
1788681541530083600,9.30308349609375,-1.9791070222854614,5.437531471252441,-1.4407109022140503
1788681541540133600,9.313133544921875,-1.858648657798767,5.017124652862549,-1.8337340354919434
1788681541550232800,9.32323291015625,-1.6572364568710327,4.518906116485596,-2.126051187515259
1788681541560307200,9.33330712890625,-1.6038906574249268,4.017620086669922,-2.402282238006592
1788681541570382000,9.343382080078126,-1.550694465637207,3.5295021533966064,-2.4432079792022705
1788681541580456400,9.35345654296875,-1.4396634101867676,3.227308988571167,-2.371232271194458
1788681541590531800,9.36353173828125,-0.866401731967926,3.2178070545196533,-2.4402899742126465
1788681541600605000,9.37360498046875,-0.1916857808828354,3.2736966609954834,-2.385298252105713
1788681541610680600,9.3836806640625,0.6240636110305786,3.60798716545105,-2.2421698570251465
1788681541620777000,9.39377685546875,1.1843816041946411,4.080991744995117,-1.8478747606277466
1788681541630829000,9.4038291015625,1.653944492340088,4.463315486907959,-1.305662989616394
1788681541640903400,9.4139033203125,1.9133412837982178,4.893523693084717,-0.9271546006202698
1788681541650976800,9.423976806640624,1.8378490209579468,5.174543380737305,-0.583960771560669
1788681541661025800,9.43402587890625,1.330727219581604,5.20746374130249,-0.38718730211257935
1788681541671126500,9.44412646484375,0.8221089839935303,5.468730926513672,-0.44719198346138
1788681541681201400,9.454201416015625,0.16175825893878937,5.867888927459717,-0.46417585015296936
1788681541691274500,9.4642744140625,-0.6039373874664307,6.470330238342285,-0.615683913230896
1788681541701349600,9.474349609375,-1.1706898212432861,7.36359167098999,-0.736591100692749
1788681541711425000,9.484425048828125,-1.3479355573654175,8.449361801147461,-0.8556278347969055
1788681541721499000,9.494498779296874,-1.0243442058563232,9.654318809509277,-1.018957257270813
1788681541731572500,9.504572509765625,-0.42953476309776306,10.759318351745605,-1.072826862335205
1788681541741648000,9.51464794921875,0.28700491786003113,11.747300148010254,-1.0489596128463745
1788681541751721500,9.524721435546875,1.043423056602478,12.559309005737305,-0.9293991923332214
1788681541761770800,9.534770751953126,1.7408090829849243,13.18741226196289,-0.8263736963272095
1788681541771845000,9.54484521484375,2.1775264739990234,13.588441848754883,-0.9166799783706665
1788681541781945900,9.55494580078125,2.129343032836914,13.75857925415039,-1.2845640182495117
1788681541791993600,9.56499365234375,1.4970494508743286,13.42204475402832,-1.5584756135940552
1788681541802075000,9.575074951171874,0.4687398076057434,12.385429382324219,-1.6255881786346436
1788681541812142600,9.585142578125,-0.40394672751426697,11.22326946258545,-1.8026094436645508
1788681541822217200,9.59521728515625,-1.0574889183044434,10.277559280395508,-2.095150947570801
1788681541832340700,9.6053408203125,-1.2749872207641602,9.399710655212402,-2.039186477661133
1788681541842409500,9.615409423828124,-0.943913996219635,8.544755935668945,-1.9072809219360352
1788681541852440300,9.6254404296875,-0.3646668493747711,7.866972923278809,-1.8784009218215942
1788681541862519600,9.63551953125,0.06486789882183075,7.386037349700928,-1.896881103515625
1788681541872589800,9.64558984375,0.2323123812675476,7.15275239944458,-1.9393033981323242
1788681541882669600,9.655669677734375,0.24420857429504395,7.1362175941467285,-1.96451735496521
1788681541892738600,9.665738525390625,0.29897594451904297,7.359701156616211,-1.950451374053955
1788681541902813200,9.675813232421875,0.3454384207725525,7.755268096923828,-1.9473837614059448
1788681541912887800,9.6858876953125,0.3090764880180359,8.21495532989502,-1.938854455947876
1788681541922961700,9.695961669921875,0.19407998025417328,8.596455574035645,-1.848248839378357
1788681541933036300,9.706036376953126,0.04272153601050377,8.799663543701172,-1.7511340379714966
1788681541943136500,9.716136474609375,-0.17230769991874695,8.80235767364502,-1.7383400201797485
1788681541953211100,9.726211181640625,-0.4510825574398041,8.63199520111084,-1.7930326461791992
1788681541963285000,9.736284912109374,-1.0144681930541992,8.282890319824219,-1.8989760875701904
1788681541973359900,9.74635986328125,-2.5369560718536377,7.886051654815674,-1.9966145753860474
1788681541983434200,9.756434326171876,-4.977246284484863,7.775768756866455,-2.255263090133667
1788681541993482800,9.766482666015625,-4.7438859939575195,7.820285797119141,-2.3813328742980957
1788681542003583000,9.7765830078125,-1.1157728433609009,7.514202117919922,-1.884311556816101
1788681542013648100,9.786648193359374,0.7254431247711182,6.997278690338135,-1.5729905366897583
1788681542023711500,9.79671142578125,0.9183259606361389,6.7410993576049805,-1.5655086040496826
1788681542033806600,9.806806640625,1.204882025718689,6.783821105957031,-1.5412673950195312
1788681542043881000,9.816880859375,1.1914145946502686,6.900313854217529,-1.439139723777771
1788681542053955600,9.82695556640625,0.45646950602531433,6.94887113571167,-1.4110077619552612
1788681542064030000,9.837030029296875,-0.3479074239730835,6.940267086029053,-1.4700398445129395
1788681542074104300,9.847104248046875,-0.8719383478164673,6.882282257080078,-1.7106571197509766
1788681542084178400,9.857178466796874,-1.5840636491775513,6.778808116912842,-2.0797383785247803
1788681542094253000,9.867253173828125,-2.490194320678711,6.528090000152588,-2.270975112915039
1788681542104327400,9.877327392578126,-2.7952303886413574,6.136937618255615,-2.381632089614868
1788681542114402300,9.88740234375,-2.488248825073242,5.970914363861084,-2.622473955154419
1788681542124476200,9.89747607421875,-1.805452585220337,6.036006927490234,-2.942399024963379
1788681542134551300,9.90755126953125,-0.5844096541404724,6.018199920654297,-3.2540194988250732
1788681542144625400,9.91762548828125,-0.19191023707389832,5.837662220001221,-3.6373162269592285
1788681542154685700,9.927685791015625,-0.17485153675079346,6.047977924346924,-4.314426422119141
1788681542164774100,9.937774169921875,-0.22879590094089508,6.967576026916504,-5.355006217956543
1788681542174848800,9.947848876953126,-0.9235633015632629,8.227898597717285,-6.314033508300781
1788681542184923000,9.9579228515625,-2.275015354156494,9.131560325622559,-7.14467191696167
1788681542194971600,9.9679716796875,-3.843217372894287,9.132757186889648,-7.545700550079346
1788681542205071600,9.978071533203124,-4.240280628204346,8.37529182434082,-7.117138862609863
1788681542215146500,9.988146484375,-2.735525131225586,7.444321155548096,-5.981613636016846
1788681542225219800,9.9982197265625,-1.6207249164581299,6.736834526062012,-5.145513534545898
1788681542235295500,10.00829541015625,-1.8494459390640259,6.344709396362305,-5.027225017547607
1788681542245369300,10.018369384765625,-3.650409460067749,6.257994174957275,-5.486088752746582
1788681542255444500,10.028444580078125,-5.844021797180176,5.971288681030273,-5.867140769958496
1788681542265518300,10.038518310546875,-6.134318828582764,5.81379508972168,-6.3384246826171875
1788681542275592700,10.0485927734375,-4.516287326812744,5.747355937957764,-6.660220146179199
1788681542285667600,10.05866748046875,-2.7351510524749756,5.589039325714111,-6.438681602478027
1788681542295742200,10.0687421875,-1.4197616577148438,5.350292682647705,-6.016329765319824
1788681542305816800,10.07881689453125,-1.7714848518371582,5.042038917541504,-6.015431880950928
1788681542315891200,10.08889111328125,-3.792639970779419,4.651036262512207,-6.2078657150268555
1788681542325964300,10.09896435546875,-4.920982360839844,4.521749019622803,-6.517914772033691
1788681542336040000,10.1090400390625,-4.385204792022705,4.733486175537109,-6.886621952056885
1788681542346114300,10.1191142578125,-4.79124641418457,5.071592330932617,-7.409829616546631
1788681542356162800,10.129162841796875,-5.292906761169434,5.402366638183594,-7.9613189697265625
1788681542366263300,10.13926318359375,-5.160701751708984,5.512799263000488,-8.424522399902344
1788681542376337000,10.1493369140625,-5.13040018081665,5.33353328704834,-8.845827102661133
1788681542386412300,10.159412353515625,-5.4269819259643555,4.707299709320068,-8.999579429626465
1788681542396485600,10.169485595703126,-5.608118057250977,3.80416202545166,-8.875829696655273
1788681542406561000,10.17956103515625,-5.31617546081543,3.0196869373321533,-8.756793022155762
1788681542416635600,10.1896357421875,-5.23798942565918,2.5602245330810547,-8.780959129333496
1788681542426709000,10.199708984375,-5.575646877288818,2.2118682861328125,-8.644190788269043
1788681542436784400,10.209784423828125,-5.4747161865234375,1.9396774768829346,-8.376114845275879
1788681542446859000,10.21985888671875,-5.497984886169434,1.6989853382110596,-8.056114196777344
1788681542456933400,10.229933349609375,-5.645751953125,1.5520412921905518,-7.922637939453125
1788681542467007700,10.2400078125,-5.537115097045898,1.5083470344543457,-7.483900547027588
1788681542477081300,10.250081298828125,-5.859659194946289,1.5386487245559692,-6.8890910148620605
1788681542487131400,10.26013134765625,-6.057031154632568,1.5778536796569824,-6.474295616149902
1788681542497230600,10.270230712890625,-6.393491268157959,1.376516342163086,-6.125415325164795
1788681542507305200,10.28030517578125,-6.420875072479248,1.1023802757263184,-6.49329948425293
1788681542517380000,10.290380126953124,-6.429179668426514,0.8583961129188538,-7.3576812744140625
1788681542527428400,10.300428466796875,-6.455815315246582,0.6859387755393982,-8.200215339660645
1788681542537528800,10.31052880859375,-7.096563339233398,0.5466261506080627,-8.726191520690918
1788681542547603700,10.320603759765625,-8.374019622802734,0.4009539783000946,-8.719682693481445
1788681542557676500,10.330676513671875,-8.873884201049805,0.19198505580425262,-8.844181060791016
1788681542567752400,10.34075244140625,-8.518195152282715,-0.2587234079837799,-8.99351978302002
1788681542577825800,10.35082568359375,-8.133626937866211,-0.8860790729522705,-9.135525703430176
1788681542587901000,10.36090087890625,-7.6764092445373535,-1.3990367650985718,-9.169867515563965
1788681542597974800,10.370974853515625,-7.83345365524292,-1.2865841388702393,-8.861838340759277
1788681542608049700,10.381049560546876,-8.583288192749023,-0.7893383502960205,-8.301146507263184
1788681542618124500,10.39112451171875,-8.587851524353027,-0.306682288646698,-8.098012924194336
1788681542628198000,10.401197998046875,-7.922338485717773,-0.1347486674785614,-7.8430304527282715
1788681542638273300,10.411273193359374,-8.083498001098633,-0.20896892249584198,-7.927576065063477
1788681542648347600,10.42134765625,-8.993070602416992,-0.4010287821292877,-8.427290916442871
1788681542658398200,10.431398193359374,-9.496227264404297,-0.5590460896492004,-8.94069766998291
1788681542668496100,10.44149609375,-9.450363159179688,-0.8653542995452881,-9.269600868225098
1788681542678570800,10.45157080078125,-9.288679122924805,-1.33858323097229,-9.340753555297852
1788681542688619000,10.461618896484374,-9.40487289428711,-1.4076409339904785,-9.238027572631836
1788681542698720300,10.47172021484375,-9.799392700195312,-1.2153565883636475,-9.283217430114746
1788681542708794400,10.48179443359375,-9.985990524291992,-1.065045714378357,-9.368885040283203
1788681542718869200,10.491869140625,-9.85730266571045,-1.1805659532546997,-9.35205078125
1788681542728942600,10.501942626953126,-9.930774688720703,-1.5759084224700928,-9.366266250610352
1788681542739017700,10.512017822265625,-10.40924072265625,-1.9404256343841553,-9.208698272705078
1788681542749092000,10.522092041015625,-10.846033096313477,-2.2737433910369873,-9.043947219848633
1788681542759165700,10.532165771484374,-10.780416488647461,-2.495431423187256,-8.865130424499512
1788681542769241900,10.542241943359375,-10.830395698547363,-2.4840590953826904,-8.794426918029785
1788681542779315000,10.55231494140625,-10.98153018951416,-2.3342719078063965,-8.978106498718262
1788681542789390000,10.56239013671875,-10.915913581848145,-2.086771249771118,-9.439140319824219
1788681542799464200,10.572464111328125,-10.85942554473877,-1.828122615814209,-9.517999649047852
1788681542809539300,10.582539306640625,-10.660332679748535,-1.6629974842071533,-9.397615432739258
1788681542819613400,10.592613525390625,-10.429591178894043,-1.3361141681671143,-9.152060508728027
1788681542829686800,10.602686767578126,-9.89553451538086,-0.9010428190231323,-9.06946086883545
1788681542839762200,10.61276220703125,-9.726967811584473,-0.6572831869125366,-8.96501350402832
1788681542849836500,10.62283642578125,-9.352350234985352,-0.3100491166114807,-8.859519004821777
1788681542859885000,10.632885009765625,-9.156699180603027,-0.03628711774945259,-8.531737327575684
1788681542869985800,10.64298583984375,-9.008708000183105,0.22527942061424255,-8.20261001586914
1788681542880059600,10.6530595703125,-8.722600936889648,0.5270984768867493,-7.919196128845215
1788681542890134000,10.663134033203125,-8.445920944213867,0.7678653597831726,-7.673940181732178
1788681542900208400,10.67320849609375,-8.229918479919434,0.9420435428619385,-7.474473476409912
1788681542910283500,10.683283447265625,-7.923386096954346,0.9613468050956726,-7.305981159210205
1788681542920358000,10.69335791015625,-7.797316551208496,0.9729437232017517,-7.147664546966553
1788681542930431500,10.703431396484374,-7.794997215270996,0.864980161190033,-7.0610246658325195
1788681542940507000,10.7135068359375,-7.797840118408203,0.7562684416770935,-7.055637359619141
1788681542950580700,10.723580810546874,-7.842357158660889,0.7529016137123108,-7.127089500427246
1788681542960654800,10.73365478515625,-7.889642715454102,0.7606079578399658,-7.264232635498047
1788681542970730200,10.743730224609376,-7.483077526092529,0.9005191326141357,-7.475146770477295
1788681542980804600,10.7538046875,-7.199065208435059,1.0372878313064575,-7.615207195281982
1788681542990879000,10.76387890625,-6.925677299499512,1.1490671634674072,-7.782801628112793
1788681543000950300,10.7739501953125,-6.709301471710205,1.2163293361663818,-7.926528453826904
1788681543011028500,10.784028564453125,-6.730175971984863,1.3034183979034424,-7.9212164878845215
1788681543021076200,10.794076171875,-6.491578578948975,1.3734487295150757,-7.899144649505615
1788681543031176200,10.80417626953125,-6.227019309997559,1.3667150735855103,-7.793874740600586
1788681543041251000,10.8142509765625,-6.318747043609619,1.2995277643203735,-7.574206829071045
1788681543051325700,10.82432568359375,-5.753416538238525,1.501164436340332,-7.7929768562316895
1788681543061399300,10.8343994140625,-5.622932434082031,1.7208324670791626,-7.680075168609619
1788681543071474200,10.84447412109375,-5.148282051086426,1.9500772953033447,-7.554155349731445
1788681543081549300,10.85454931640625,-4.493691921234131,2.317063570022583,-7.5953803062438965
1788681543091623200,10.864623046875,-4.194491863250732,2.8446857929229736,-7.780033111572266
1788681543101697800,10.87469775390625,-4.120645523071289,3.405602216720581,-8.087838172912598
1788681543111772700,10.884772705078126,-4.131269931793213,3.9944262504577637,-8.531213760375977
1788681543121847300,10.894847412109375,-4.275595188140869,4.66794490814209,-8.831611633300781
1788681543131920600,10.904920654296875,-4.296694278717041,5.3202900886535645,-8.891167640686035
1788681543141995500,10.91499560546875,-3.9689130783081055,5.907243728637695,-8.753275871276855
1788681543152070100,10.925070068359375,-3.5785086154937744,6.412121295928955,-8.625560760498047
1788681543162118700,10.93511865234375,-3.2895584106445312,6.935628414154053,-8.717063903808594
1788681543172231000,10.94523095703125,-3.036895275115967,7.375188827514648,-8.75993537902832
1788681543182270000,10.95527001953125,-2.676492929458618,7.676708698272705,-8.155623435974121
1788681543192380200,10.965380126953125,-2.6722283363342285,7.990423679351807,-7.834052562713623
1788681543202416400,10.97541650390625,-2.8197710514068604,8.087313652038574,-7.289745807647705
1788681543212491300,10.9854912109375,-2.79665207862854,8.205902099609375,-6.860734462738037
1788681543222565600,10.995565673828125,-2.643423080444336,8.12629508972168,-6.385335922241211
1788681543232640300,11.00564013671875,-2.293794870376587,7.754744529724121,-5.445387363433838
1788681543242716200,11.015716064453125,-1.8207155466079712,7.533056259155273,-4.987496376037598
1788681543252789000,11.0257890625,-1.8688240051269531,7.190834999084473,-4.231003284454346
1788681543262868500,11.035868408203125,-2.575188398361206,6.819060325622559,-3.7538089752197266
1788681543272938200,11.045938232421875,-2.986617088317871,6.523451328277588,-3.477952003479004
1788681543283016200,11.05601611328125,-2.7400143146514893,6.208015441894531,-3.294346809387207
1788681543293127400,11.06612744140625,-2.116623878479004,5.959317684173584,-3.0945804119110107
1788681543303187000,11.07618701171875,-1.5898247957229614,5.848511219024658,-3.007641077041626
1788681543313261600,11.086261474609374,-1.5875802040100098,5.637522220611572,-3.086350440979004
1788681543323336000,11.0963359375,-1.7423802614212036,5.427655220031738,-3.263596296310425
1788681543333410800,11.106410888671874,-1.521515130996704,5.400196552276611,-3.344550132751465
1788681543343485000,11.11648486328125,-1.3152397871017456,5.470152378082275,-3.3330280780792236
1788681543353559800,11.126559814453126,-1.4212579727172852,5.342361927032471,-3.1804726123809814
1788681543363634000,11.136634033203125,-1.5551836490631104,5.1554646492004395,-2.948160171508789
1788681543373708500,11.14670849609375,-1.3643957376480103,5.11536169052124,-2.663848638534546
1788681543383782700,11.15678271484375,-0.803928017616272,5.1396026611328125,-2.3470659255981445
1788681543393831200,11.1668310546875,-0.3876362144947052,5.153594017028809,-2.2137386798858643
1788681543403931400,11.176931396484376,0.07743746042251587,5.197587490081787,-2.088716506958008
1788681543414006800,11.1870068359375,0.6858639717102051,5.515267848968506,-2.109665870666504
1788681543424080100,11.197080078125,0.9962871670722961,5.527164459228516,-1.8720412254333496
1788681543434155300,11.2071552734375,1.2452093362808228,5.4513726234436035,-1.3755437135696411
1788681543444229400,11.2172294921875,1.2054805755615234,5.3966803550720215,-0.9983820915222168
1788681543454304300,11.22730419921875,0.9727940559387207,5.36705207824707,-1.000925898551941
1788681543464378400,11.23737841796875,0.5910685658454895,5.2427778244018555,-1.043123722076416
1788681543474426600,11.247426513671876,0.21293431520462036,4.982034683227539,-1.0024223327636719
1788681543484527400,11.25752734375,-0.0016460136976093054,4.928314685821533,-0.7105541825294495
1788681543494602200,11.267602294921875,-0.22296003997325897,4.954800605773926,-0.2164507955312729
1788681543504675800,11.27767578125,-0.11843816190958023,5.2427778244018555,0.05925649031996727
1788681543514751000,11.2877509765625,0.08693944662809372,6.440252780914307,-0.35920506715774536
1788681543524825000,11.2978251953125,0.03067570924758911,8.03696060180664,-1.0048913955688477
1788681543534900000,11.30789990234375,-0.16347908973693848,9.451260566711426,-1.320776343345642
1788681543544974000,11.31797412109375,0.013018472120165825,10.728193283081055,-1.4127286672592163
1788681543555072300,11.328072265625,0.83580082654953,11.86147403717041,-1.469665765762329
1788681543565123000,11.338123046875,1.7906384468078613,12.747852325439453,-1.4854525327682495
1788681543575198200,11.3481982421875,2.5784056186676025,13.46139907836914,-1.7044471502304077
1788681543585272000,11.35827197265625,2.9139678478240967,13.944952964782715,-2.1103391647338867
1788681543595324700,11.36832470703125,2.62359619140625,13.977424621582031,-2.5854384899139404
1788681543605420000,11.378419921875,1.3578864336013794,13.419276237487793,-2.9536218643188477
1788681543615496000,11.388495849609376,-0.16250644624233246,12.332756996154785,-3.4320132732391357
1788681543625569500,11.398569580078124,-0.9831938743591309,10.930204391479492,-3.2940473556518555
1788681543635644400,11.40864453125,-0.9948655962944031,9.586084365844727,-2.7840824127197266
1788681543645718500,11.418718505859376,-0.6154595017433167,8.521862030029297,-2.321851968765259
1788681543655792600,11.428792724609375,-0.11424831300973892,7.773972988128662,-1.9455881118774414
1788681543665867800,11.43886767578125,0.4124760627746582,7.340173721313477,-1.5511434078216553
1788681543675943000,11.44894287109375,0.8882488012313843,7.216797351837158,-1.1536310911178589
1788681543686016500,11.4590166015625,1.3587843179702759,7.431003570556641,-0.9035866856575012
1788681543696091600,11.469091552734374,1.5688754320144653,8.091054916381836,-1.0755951404571533
1788681543706164700,11.479164794921875,1.3835493326187134,8.966659545898438,-1.4249241352081299
1788681543716240600,11.48924072265625,0.9344120025634766,9.737667083740234,-1.6161609888076782
1788681543726308000,11.49930810546875,0.3957914710044861,10.269554138183594,-1.5910218954086304
1788681543736389400,11.509389404296876,-0.08252514153718948,10.582595825195312,-1.4956278800964355
1788681543746463200,11.519463134765624,-0.472555547952652,10.74068832397461,-1.3786860704421997
1788681543756511700,11.52951171875,-0.7378630638122559,10.803760528564453,-1.2985551357269287
1788681543766586600,11.539586669921874,-0.8790461421012878,10.771438598632812,-1.379359483718872
1788681543776688000,11.549688232421875,-0.732700526714325,10.674997329711914,-1.574935793876648
1788681543786761500,11.559761474609376,-0.1925836056470871,10.472911834716797,-1.8502689599990845
1788681543796835000,11.5698349609375,0.6141875386238098,10.181267738342285,-1.9396774768829346
1788681543806910200,11.57991015625,1.1980735063552856,9.82999324798584,-1.746794581413269
1788681543816985000,11.589985107421874,1.4252982139587402,9.49113941192627,-1.652672529220581
1788681543827058400,11.600058349609375,1.389310359954834,9.358410835266113,-1.8789246082305908
1788681543837133800,11.6101337890625,1.1976245641708374,9.390433311462402,-2.2015433311462402
1788681543847208200,11.620208251953125,0.817919135093689,9.398438453674316,-2.395847797393799
1788681543857282000,11.630281982421875,0.3156605362892151,9.336114883422852,-2.4553287029266357
1788681543867357400,11.640357421875,-0.18652327358722687,9.230171203613281,-2.4240543842315674
1788681543877431600,11.650431640625,-0.554781436920166,9.118691444396973,-2.3754971027374268
1788681543887479800,11.660479736328124,-0.662894606590271,9.051204681396484,-2.3324012756347656
1788681543897580800,11.670580810546875,-0.5131073594093323,8.997859001159668,-2.315342664718628
1788681543907654100,11.680654052734376,-0.2976292073726654,8.92461109161377,-2.3249194622039795
1788681543917729800,11.690729736328125,-0.2166004329919815,8.805274963378906,-2.2864625453948975
1788681543927794400,11.70079443359375,-0.22610242664813995,8.644938468933105,-2.239476442337036
1788681543937878800,11.710878662109375,-0.20028993487358093,8.480936050415039,-2.1378724575042725
1788681543947953200,11.720953125,-0.24907179176807404,8.307206153869629,-2.0789153575897217
1788681543958026800,11.73102685546875,-0.5770774483680725,8.172607421875,-2.1523873805999756
1788681543968101600,11.7411015625,-1.2040590047836304,8.022970199584961,-2.300004720687866
1788681543978176300,11.75117626953125,-1.7496377229690552,7.822455406188965,-2.4851813316345215
1788681543988224800,11.761224853515625,-1.3577368259429932,7.52235746383667,-2.3867945671081543
1788681543998324700,11.77132470703125,-0.4843021035194397,7.146766662597656,-2.130614995956421
1788681544008399000,11.781399169921874,0.05761047825217247,6.7265095710754395,-1.7993922233581543
1788681544018474200,11.79147412109375,0.15427637100219727,6.304082870483398,-1.5965584516525269
1788681544028548600,11.801548583984374,0.02528875507414341,6.073266506195068,-1.6366612911224365
1788681544038623500,11.81162353515625,-0.12629413604736328,6.139182090759277,-1.7778444290161133
1788681544048697300,11.821697265625,-0.30555999279022217,6.551733016967773,-1.989880919456482
1788681544058770700,11.831770751953124,-0.34768298268318176,7.17512321472168,-2.210895538330078
1788681544068846300,11.841846435546875,-0.20635025203227997,7.786617279052734,-2.322899341583252
1788681544078920700,11.851920654296874,-0.30555999279022217,8.38344669342041,-2.5319430828094482
1788681544088972000,11.861971923828126,-0.5960065722465515,8.928576469421387,-2.824110507965088
1788681544099070200,11.8720703125,-0.9054571390151978,9.204283714294434,-3.1810710430145264
1788681544109144300,11.882144287109375,-1.628580927848816,9.244985580444336,-3.706972360610962
1788681544119218700,11.89221875,-2.1849334239959717,8.982970237731934,-4.242300987243652
1788681544129292300,11.902292236328124,-1.3339444398880005,8.264110565185547,-4.15259313583374
1788681544139368200,11.9123681640625,-0.20762218534946442,7.086163520812988,-3.5625722408294678
1788681544149441800,11.92244189453125,0.22004209458827972,6.294879913330078,-3.397596597671509
1788681544159516000,11.932515869140625,-0.2313397377729416,6.116436958312988,-3.8504748344421387
1788681544169591300,11.94259130859375,-1.646238088607788,6.446836948394775,-4.747103214263916
1788681544179666000,11.952666015625,-2.8914475440979004,7.062446117401123,-5.703736782073975
1788681544189740300,11.962740234375,-3.62070631980896,7.428609371185303,-6.321066379547119
1788681544199814000,11.97281396484375,-3.093981981277466,7.3715972900390625,-6.703016757965088
1788681544209889000,11.982888916015625,-2.1984755992889404,7.007529258728027,-6.581809997558594
1788681544219963600,11.992963623046874,-1.3629741668701172,6.534000873565674,-6.137386322021484
1788681544230037200,12.003037353515625,-0.7521534562110901,6.120103359222412,-5.610587120056152
1788681544240112600,12.013112548828126,-0.9218424558639526,5.873575210571289,-5.186214923858643
1788681544250187000,12.02318701171875,-1.7218050956726074,5.70388650894165,-5.0347819328308105
1788681544260235500,12.033235595703125,-1.931522250175476,5.659368991851807,-5.17588996887207
1788681544270336500,12.04333642578125,-1.2775310277938843,5.977199554443359,-5.414337635040283
1788681544280409600,12.05340966796875,-1.1964274644851685,6.454692840576172,-5.2999396324157715
1788681544290484000,12.06348388671875,-2.086771249771118,6.943035125732422,-5.426532745361328
1788681544300559000,12.07355908203125,-3.68662166595459,7.302015781402588,-5.9676971435546875
1788681544310634000,12.083634033203126,-4.882525444030762,7.600543022155762,-6.550161838531494
1788681544320708400,12.093708251953124,-4.464437961578369,7.714043140411377,-6.943933010101318
1788681544330781700,12.10378173828125,-2.8912229537963867,7.4911580085754395,-7.088482856750488
1788681544340857300,12.113857421875,-1.7012299299240112,7.004985332489014,-7.175497531890869
1788681544350931500,12.123931396484375,-1.7144728899002075,6.4485578536987305,-7.462427616119385
1788681544361005300,12.13400537109375,-2.5166053771972656,5.80646276473999,-7.672817707061768
1788681544371080700,12.144080810546875,-3.1512184143066406,5.396156311035156,-7.77524471282959
1788681544381154600,12.154154541015625,-3.679439067840576,5.200729846954346,-7.550938129425049
1788681544391230200,12.164230224609375,-4.547112941741943,5.297470569610596,-7.462352752685547
1788681544401303600,12.174303466796875,-4.563797473907471,5.547739505767822,-7.359476566314697
1788681544411378200,12.184378173828126,-3.645097255706787,5.896395206451416,-7.147515296936035
1788681544421451800,12.19445166015625,-3.2988357543945312,6.15878438949585,-6.797886848449707
1788681544431527000,12.20452685546875,-3.5113213062286377,6.115090370178223,-6.819958209991455
1788681544441601300,12.214601318359374,-3.800645589828491,5.9269208908081055,-7.129109859466553
1788681544451676400,12.224676513671875,-4.145185947418213,5.521478176116943,-7.2707414627075195
1788681544461725400,12.234725341796874,-4.92539644241333,4.827982425689697,-7.460033416748047
1788681544471825400,12.244825439453125,-5.2177886962890625,4.070591926574707,-7.41985559463501
1788681544481899000,12.25489892578125,-5.348048210144043,3.4909706115722656,-7.459359645843506
1788681544491973000,12.26497314453125,-4.758251190185547,3.0853776931762695,-7.615356922149658
1788681544502048500,12.275048583984375,-4.575319290161133,2.7578210830688477,-7.913734436035156
1788681544512102000,12.285101806640625,-4.973505020141602,2.536207675933838,-8.289400100708008
1788681544522171400,12.29517138671875,-5.250559329986572,2.3971195220947266,-7.930942535400391
1788681544532266000,12.305265869140625,-5.336675643920898,2.4521114826202393,-7.09454345703125
1788681544542341000,12.315341064453126,-5.949516296386719,2.578629970550537,-6.358476161956787
1788681544552404500,12.325404541015626,-5.939116477966309,2.757147789001465,-6.451849937438965
1788681544562469000,12.33546923828125,-5.31812047958374,2.9262382984161377,-7.0575079917907715
1788681544572544300,12.345544189453125,-5.308169841766357,2.9905824661254883,-7.9299702644348145
1788681544582620200,12.3556201171875,-5.69700288772583,2.791339874267578,-8.660575866699219
1788681544592693500,12.365693603515625,-5.674557209014893,2.527528762817383,-9.354519844055176
1788681544602767600,12.375767578125,-5.9065704345703125,1.9859155416488647,-9.645415306091309
1788681544612844800,12.3858447265625,-6.307673931121826,1.2312182188034058,-9.06631851196289
1788681544622916600,12.39591650390625,-6.7900309562683105,0.7896376252174377,-8.562936782836914
1788681544632991500,12.405991455078125,-6.7113213539123535,0.6970868110656738,-7.946430206298828
1788681544643086300,12.41608642578125,-6.702342987060547,0.8240543007850647,-7.096937656402588
1788681544653164500,12.42616455078125,-6.514772415161133,1.0652700662612915,-6.497040271759033
1788681544663213600,12.436213623046875,-6.053140640258789,1.3171850442886353,-6.202179431915283
1788681544673289200,12.446289306640624,-6.032266139984131,1.440261960029602,-6.426112174987793
1788681544683363300,12.45636328125,-6.475268363952637,1.2845640182495117,-7.110479831695557
1788681544693449200,12.46644921875,-7.139883518218994,0.9673323035240173,-7.88926887512207
1788681544703538400,12.476538330078125,-7.640047073364258,0.6472574472427368,-8.247126579284668
1788681544713612800,12.48661279296875,-7.985485553741455,0.32112228870391846,-8.482731819152832
1788681544723687200,12.496687255859374,-8.011747360229492,0.11956045031547546,-9.024494171142578
1788681544733761800,12.50676171875,-8.162282943725586,0.08117840439081192,-9.328632354736328
1788681544743836000,12.5168359375,-8.337657928466797,0.22460605204105377,-9.2079496383667
1788681544753911000,12.5269111328125,-8.349030494689941,0.4292354881763458,-9.058761596679688
1788681544763985000,12.53698486328125,-8.074220657348633,0.5107879638671875,-8.938826560974121
1788681544774060000,12.54706005859375,-8.229320526123047,0.31536126136779785,-8.907029151916504
1788681544784134100,12.557134033203125,-8.652719497680664,0.020051438361406326,-9.14809513092041
1788681544794223900,12.567223876953125,-9.382427215576172,-0.16430209577083588,-9.348011016845703
1788681544804283600,12.57728369140625,-9.721282005310059,-0.06853402405977249,-9.631574630737305
1788681544814357500,12.587357421875,-9.668160438537598,0.04646247625350952,-9.875932693481445
1788681544824431000,12.59743115234375,-10.051980972290039,-0.0504278726875782,-10.113780975341797
1788681544834506500,12.607506591796875,-10.618583679199219,-0.3025672435760498,-10.259753227233887
1788681544844580900,12.617580810546874,-10.481291770935059,-0.4539256691932678,-10.23962688446045
1788681544854655500,12.627655517578125,-10.364574432373047,-0.5042039155960083,-10.130465507507324
1788681544864729900,12.637729736328126,-10.591723442077637,-0.41711482405662537,-10.045546531677246
1788681544874804500,12.647804443359375,-10.623671531677246,-0.4626794755458832,-10.033724784851074
1788681544884878800,12.65787890625,-10.548254013061523,-0.4957493841648102,-10.054524421691895
1788681544894952700,12.66795263671875,-10.313023567199707,-0.35576340556144714,-10.153809547424316
1788681544905027600,12.678027587890625,-10.092533111572266,-0.10699088871479034,-10.276437759399414
1788681544915102200,12.688102294921874,-10.01524543762207,-0.006658873520791531,-10.216507911682129
1788681544925155600,12.698155517578124,-9.706018447875977,0.11088146269321442,-10.102483749389648
1788681544935225000,12.70822509765625,-9.367538452148438,0.30630818009376526,-9.997662544250488
1788681544945325600,12.71832568359375,-9.031003952026367,0.5522375702857971,-9.742156028747559
1788681544955381800,12.7283818359375,-8.577451705932617,0.7856722474098206,-9.524209022521973
1788681544965474600,12.738474609375,-8.096741676330566,1.0136451721191406,-9.378013610839844
1788681544975549000,12.748548828125,-7.925480842590332,1.2141594886779785,-8.996811866760254
1788681544985623300,12.758623291015626,-7.665410995483398,1.3979893922805786,-8.662895202636719
1788681544995697400,12.768697509765625,-7.544877529144287,1.628580927848816,-8.36369514465332
1788681545005772300,12.778772216796876,-7.225176811218262,1.7510592937469482,-8.032397270202637
1788681545015847200,12.78884716796875,-7.068057537078857,1.7829320430755615,-7.858518123626709
1788681545025921000,12.798921142578125,-6.950292587280273,1.8314146995544434,-7.910068511962891
1788681545035996200,12.80899609375,-6.901660442352295,1.6965911388397217,-7.904980659484863
1788681545046070500,12.819070556640625,-6.9006876945495605,1.6613515615463257,-8.01616096496582
1788681545056145000,12.829144775390626,-6.896198749542236,1.575160264968872,-8.19692325592041
1788681545066219500,12.839219482421875,-6.745364189147949,1.4792425632476807,-8.3945951461792
1788681545076294100,12.849294189453126,-6.697330474853516,1.3367875814437866,-8.53877067565918
1788681545086368300,12.8593681640625,-6.294730186462402,1.1662755012512207,-8.53645133972168
1788681545096443000,12.86944287109375,-6.041094779968262,0.9911994934082031,-8.45474910736084
1788681545106517500,12.879517578125,-5.710619926452637,0.8243535757064819,-8.539294242858887
1788681545116592400,12.88959228515625,-5.7941179275512695,0.675688624382019,-8.7152681350708
1788681545126640000,12.89964013671875,-5.484592437744141,0.5937620401382446,-8.82547664642334
1788681545136741000,12.9097412109375,-4.977320671081543,0.6851157546043396,-8.807893753051758
1788681545146815700,12.919815673828126,-5.054234504699707,0.9615712761878967,-8.766444206237793
1788681545156887600,12.929887451171876,-4.964077949523926,1.303044319152832,-8.676661491394043
1788681545166964500,12.939964599609375,-4.773589134216309,1.6521488428115845,-8.596755027770996
1788681545177039000,12.9500390625,-4.407949924468994,2.0272154808044434,-8.575881004333496
1788681545187113500,12.960113525390625,-4.10134220123291,2.5213189125061035,-8.50285816192627
1788681545197187000,12.97018701171875,-3.8673839569091797,3.1536874771118164,-8.433650016784668
1788681545207261400,12.980261474609375,-3.360262155532837,3.8848915100097656,-8.339827537536621
1788681545217336800,12.9903369140625,-3.077596664428711,4.634052276611328,-8.177021980285645
1788681545227410400,13.000410400390624,-3.131316661834717,5.425036430358887,-8.258574485778809
1788681545237485800,13.01048583984375,-3.2002246379852295,6.276699066162109,-8.528520584106445
1788681545247560200,13.020560302734374,-2.984297513961792,7.093271255493164,-8.75192928314209
1788681545257634000,13.030634033203125,-2.7783963680267334,7.842432022094727,-8.643741607666016
1788681545267709400,13.04070947265625,-2.2916998863220215,8.352621078491211,-8.098536491394043
1788681545277783600,13.050783447265625,-1.8691233396530151,8.755146980285645,-7.3482537269592285
1788681545287832000,13.06083203125,-2.000654697418213,8.981099128723145,-6.787860870361328
1788681545297932800,13.070932861328124,-2.0037224292755127,8.828319549560547,-6.362366676330566
1788681545308006700,13.081006591796875,-1.9975124597549438,8.291793823242188,-5.888688564300537
1788681545318082000,13.09108203125,-2.2211458683013916,7.597774505615234,-5.350591659545898
1788681545328155100,13.101155029296875,-2.598008155822754,6.877493858337402,-5.171401023864746
1788681545338230800,13.111230712890626,-2.7638814449310303,6.22731876373291,-4.990264415740967
1788681545348305200,13.12130517578125,-2.849174737930298,5.732467174530029,-4.753762245178223
1788681545358378500,13.13137841796875,-2.6394577026367188,5.426233768463135,-4.526911735534668
1788681545368454000,13.141453857421874,-2.2177040576934814,5.254300117492676,-4.255992889404297
1788681545378528800,13.15152880859375,-1.8759318590164185,5.251756191253662,-3.9815573692321777
1788681545388603400,13.161603271484376,-1.811737298965454,5.427804946899414,-3.73787260055542
1788681545398676700,13.1716767578125,-1.3319991827011108,5.56517219543457,-3.4035074710845947
1788681545408751000,13.181751220703125,-0.6641665101051331,5.657573223114014,-3.0258967876434326
1788681545418826500,13.191826416015624,-0.4163666367530823,5.739799499511719,-2.8079497814178467
1788681545428899800,13.20189990234375,-0.8667010068893433,5.823371887207031,-2.6589105129241943
1788681545438975500,13.2119755859375,-1.6858172416687012,5.928866386413574,-2.3925557136535645
1788681545449024000,13.22202392578125,-1.9942952394485474,6.114192485809326,-2.1838111877441406
1788681545459097900,13.232097900390626,-1.464428424835205,6.399177551269531,-2.1700446605682373
1788681545469198300,13.2421982421875,-0.5187935829162598,6.6671037673950195,-2.284367799758911
1788681545479273500,13.2522734375,0.1562216579914093,6.871508598327637,-2.5341877937316895
1788681545489322800,13.26232275390625,0.22864626348018646,6.804545879364014,-2.470367193222046
1788681545499422000,13.272421875,-0.00553659163415432,6.425962448120117,-1.961599349975586
1788681545509496300,13.282496337890626,-0.017732055857777596,5.974879741668701,-1.605761170387268
1788681545519571500,13.292571533203125,0.2974795699119568,5.595099925994873,-1.4000093936920166
1788681545529645300,13.302645263671875,0.6969371438026428,5.369296550750732,-1.1161469221115112
1788681545539720700,13.312720703125,0.8013842105865479,5.283628940582275,-0.8722376227378845
1788681545549794800,13.322794921875,0.4357447028160095,5.227814197540283,-0.7682394981384277
1788681545559868200,13.3328681640625,0.16003741323947906,5.308468818664551,-0.8432078957557678
1788681545569943600,13.342943603515625,0.08252514153718948,5.3412394523620605,-0.7686883807182312
1788681545580018700,13.353018798828124,0.09352350234985352,5.504793643951416,-0.7475894689559937
1788681545590092800,13.3630927734375,0.16407763957977295,5.876493453979492,-0.7303811311721802
1788681545600166700,13.373166748046875,0.34671032428741455,6.514772415161133,-0.9104700088500977
1788681545610240800,13.38324072265625,0.33780691027641296,7.439981937408447,-1.2757353782653809
1788681545620316200,13.393316162109375,0.21054011583328247,8.488492012023926,-1.752106785774231
1788681545630390000,13.40339013671875,-0.06988076120615005,9.529520988464355,-2.2356605529785156
1788681545640465200,13.413465087890625,-0.20014029741287231,10.489371299743652,-2.446275472640991
1788681545650539000,13.4235390625,0.07077858597040176,11.298836708068848,-2.406097888946533
1788681545660598000,13.433597900390625,0.5529109835624695,11.977667808532715,-2.357839822769165
1788681545670688800,13.443688720703125,1.190890908241272,12.44887638092041,-2.4879496097564697
1788681545680763600,13.453763671875,1.678036093711853,12.685004234313965,-2.748917579650879
1788681545690837000,13.4638369140625,1.8011130094528198,12.659565925598145,-3.0479683876037598
1788681545700911600,13.47391162109375,1.4180407524108887,11.959785461425781,-2.902146577835083
1788681545710986200,13.483986328125,0.839766263961792,10.657938957214355,-2.457573175430298
1788681545721060900,13.494060791015626,0.6337900757789612,9.583465576171875,-2.254589796066284
1788681545731134700,13.504134765625,0.6932710409164429,8.776769638061523,-2.1443817615509033
1788681545741210000,13.514210205078125,0.8221089839935303,8.22774887084961,-1.9220950603485107
1788681545751284200,13.5242841796875,0.8775497674942017,7.992369174957275,-1.6370353698730469
1788681545761357800,13.53435791015625,0.8795698285102844,7.998504161834717,-1.4423569440841675
1788681545771408000,13.544407958984374,0.8650550246238708,8.296432495117188,-1.3225719928741455
1788681545781508000,13.554508056640625,0.9142857789993286,8.842310905456543,-1.274538278579712
1788681545791582500,13.56458251953125,1.0450690984725952,9.52346134185791,-1.2664579153060913
1788681545801656600,13.574656494140624,1.0285340547561646,10.16413402557373,-1.353771448135376
1788681545811731000,13.58473095703125,0.7025485634803772,10.644620895385742,-1.4181156158447266
1788681545821779500,13.594779541015624,0.3380313515663147,10.953248023986816,-1.5249568223953247
1788681545831880400,13.60488037109375,0.02910451404750347,11.136853218078613,-1.6708534955978394
1788681545841955000,13.614955078125,-0.09314940869808197,11.137975692749023,-1.7444003820419312
1788681545852029200,13.625029296875,0.056413378566503525,10.955567359924316,-1.69935941696167
1788681545862101200,13.635101318359375,0.43589434027671814,10.596437454223633,-1.5247323513031006
1788681545872152000,13.645152099609374,0.9280524253845215,10.122759819030762,-1.2761094570159912
1788681545882252300,13.655252197265625,1.2624925374984741,9.742904663085938,-1.0441712141036987
1788681545892337200,13.665337158203124,1.3354408740997314,9.457021713256836,-0.914659857749939
1788681545902406700,13.67540673828125,1.1819874048233032,9.255085945129395,-0.7897124886512756
1788681545912450300,13.6854501953125,0.8469488620758057,9.153556823730469,-0.7865700721740723
1788681545922525200,13.695525146484375,0.31109657883644104,9.141585350036621,-0.9218424558639526
1788681545932605700,13.705605712890625,-0.2786252200603485,9.08681869506836,-1.1467478275299072
1788681545942675200,13.71567529296875,-0.5193921327590942,8.881365776062012,-1.3092542886734009
1788681545952750000,13.72575,-0.2115875780582428,8.509366989135742,-1.4273183345794678
1788681545962823200,13.7358232421875,0.12666822969913483,8.065542221069336,-1.5144822597503662
1788681545972898300,13.745898193359375,0.10287585109472275,7.623886585235596,-1.599102258682251
1788681545982973200,13.75597314453125,-0.24480712413787842,7.228618621826172,-1.632022500038147
1788681545993046500,13.766046630859375,-0.8976011872291565,6.9217119216918945,-1.6430957317352295
1788681546003146800,13.776146728515625,-1.6748188734054565,6.745064735412598,-1.7580174207687378
1788681546013221400,13.786221435546874,-2.3650224208831787,6.690073013305664,-1.9980361461639404
1788681546023270000,13.796269775390625,-2.6852469444274902,6.685509204864502,-2.2666356563568115
1788681546033370400,13.806370361328124,-2.0113539695739746,6.657751083374023,-2.438718795776367
1788681546043444700,13.81644482421875,-1.0247931480407715,6.624980449676514,-2.570474863052368
1788681546053519400,13.826519287109376,-0.386813223361969,6.532504558563232,-2.7118823528289795
1788681546063593700,13.83659375,0.47502458095550537,6.321590423583984,-2.6697592735290527
1788681546073668600,13.846668701171875,1.2898762226104736,5.888838291168213,-2.4996213912963867
1788681546083742500,13.856742431640624,0.8598924875259399,5.443292617797852,-2.5730934143066406
1788681546093817300,13.8668173828125,-0.40858548879623413,5.231929302215576,-2.7866263389587402
1788681546103892000,13.87689208984375,-2.2083518505096436,5.245172023773193,-3.3658735752105713
1788681546113966600,13.886966552734375,-3.2030677795410156,5.558588027954102,-4.304101467132568
1788681546124041000,13.897041015625,-1.8953847885131836,6.084489345550537,-5.273528575897217
1788681546134091500,13.907091552734375,-0.3610755503177643,6.479532718658447,-5.737030982971191
1788681546144189700,13.917189697265625,0.2585737705230713,6.5761237144470215,-5.963357925415039
1788681546154240300,13.927240234375,0.573710560798645,6.715586185455322,-6.360196590423584
1788681546164338700,13.937338623046875,0.17178396880626678,6.8686652183532715,-6.230161666870117
1788681546174413600,13.94741357421875,-0.15644611418247223,6.550610542297363,-5.0353803634643555
1788681546184486700,13.957486572265625,-1.8925416469573975,6.046481609344482,-4.184840202331543
1788681546194536200,13.9675361328125,-2.828001022338867,5.647547721862793,-3.5924997329711914
1788681546204636700,13.97763671875,-2.871845006942749,5.455637454986572,-3.248258352279663
1788681546214711600,13.987711669921875,-2.6186580657958984,5.531578540802002,-3.4279730319976807
1788681546224785200,13.99778515625,-1.7773206233978271,5.836315631866455,-4.007444858551025
1788681546234859500,14.007859619140625,-1.3442693948745728,6.18766450881958,-4.185214042663574
1788681546244934700,14.0179345703125,-1.597680687904358,6.2451252937316895,-4.384531497955322
1788681546255009500,14.028009521484375,-1.1118074655532837,6.293159008026123,-5.469029903411865
1788681546265083600,14.038083740234375,-1.119513750076294,6.641066551208496,-6.6659064292907715
1788681546275158500,14.048158447265624,-2.459368944168091,7.0528693199157715,-7.463849067687988
1788681546285232000,14.058232177734375,-3.033902406692505,7.5673980712890625,-8.267252922058105
1788681546295307300,14.068307373046874,-2.7311108112335205,8.25438404083252,-8.765097618103027
1788681546305382000,14.0783818359375,-3.412111520767212,8.610596656799316,-9.283592224121094
1788681546315456500,14.08845654296875,-4.55691385269165,8.419360160827637,-9.597756385803223
1788681546325512200,14.09851220703125,-5.057003021240234,7.919570446014404,-9.39903736114502
1788681546335604500,14.1086044921875,-4.635473728179932,7.372719764709473,-8.91757869720459
1788681546345679600,14.1186796875,-3.4693479537963867,7.0954413414001465,-8.541463851928711
1788681546355730200,14.128730224609376,-3.1664814949035645,6.820781230926514,-8.108412742614746
1788681546365828600,14.13882861328125,-2.645667791366577,6.587571144104004,-7.68658447265625
1788681546375903500,14.148903564453125,-2.1220858097076416,6.475118637084961,-7.518466472625732
1788681546385977000,14.15897705078125,-2.4524855613708496,6.35683012008667,-7.296928405761719
1788681546396051500,14.169051513671874,-3.504812002182007,5.892130374908447,-7.104269981384277
1788681546406126800,14.179126953125,-4.486733913421631,5.033884048461914,-7.229142189025879
1788681546416201200,14.189201171875,-5.043834686279297,3.8798038959503174,-7.358354568481445
1788681546426275000,14.199275146484375,-5.206789970397949,2.8080244064331055,-7.411026954650879
1788681546436350200,14.20935009765625,-4.804489612579346,2.001103639602661,-7.24837064743042
1788681546446425000,14.219425048828125,-4.182969570159912,1.5450083017349243,-7.324760913848877
1788681546456499200,14.229499267578126,-4.121618270874023,1.2069021463394165,-7.7159881591796875
1788681546466573800,14.23957373046875,-3.812466859817505,1.2504466772079468,-8.51325798034668
1788681546476648200,14.249648193359375,-4.8413004875183105,1.5512182712554932,-9.411532402038574
1788681546486722300,14.259722412109374,-5.977872848510742,1.9538182020187378,-10.208577156066895
1788681546496797400,14.26979736328125,-6.836418628692627,2.3790135383605957,-10.792911529541016
1788681546506871600,14.27987158203125,-6.707880020141602,2.7254245281219482,-10.934843063354492
1788681546516946000,14.28994580078125,-6.131176471710205,2.8896517753601074,-9.966687202453613
1788681546526994400,14.299994384765625,-5.817535877227783,2.972177028656006,-8.397438049316406
1788681546537094700,14.3100947265625,-6.111424446105957,2.9189059734344482,-6.887444972991943
1788681546547169800,14.320169677734375,-5.776236057281494,2.7863271236419678,-6.416610240936279
1788681546557225000,14.330224853515626,-5.568688869476318,2.4967782497406006,-6.642189025878906
1788681546567318800,14.34031884765625,-6.317475318908691,1.9089269638061523,-7.13307523727417
1788681546577393400,14.350393310546876,-7.073444366455078,1.2182745933532715,-8.306234359741211
1788681546587467000,14.360467041015625,-6.901510715484619,1.006163239479065,-9.414749145507812
1788681546597542100,14.370542236328125,-7.561562538146973,0.9118167757987976,-10.291850090026855
1788681546607617000,14.380616943359374,-8.140958786010742,0.9897031188011169,-10.957812309265137
1788681546617691400,14.39069140625,-7.924657821655273,1.0652700662612915,-11.093159675598145
1788681546627765000,14.400764892578126,-7.939547061920166,0.8872761726379395,-10.42188549041748
1788681546637839600,14.410839599609375,-8.191237449645996,0.9588778018951416,-9.441534042358398
1788681546647915000,14.4209150390625,-7.98369026184082,1.0628011226654053,-8.844779968261719
1788681546657989400,14.4309892578125,-7.857470512390137,1.116895079612732,-8.605060577392578
1788681546668063000,14.44106298828125,-8.268824577331543,1.150339126586914,-8.881441116333008
1788681546678138400,14.451138427734374,-8.472481727600098,1.0021978616714478,-9.76677131652832
1788681546688231400,14.4612314453125,-9.023746490478516,0.7020248174667358,-10.539874076843262
1788681546698287900,14.471287841796874,-9.646014213562012,0.3248632550239563,-11.03016185760498
1788681546708362000,14.481362060546875,-9.900697708129883,0.03329436853528023,-10.966192245483398
1788681546718436600,14.4914365234375,-10.027215957641602,0.11806406825780869,-10.814833641052246
1788681546728510200,14.50151025390625,-9.821314811706543,0.30466216802597046,-10.715548515319824
1788681546738584600,14.51158447265625,-9.888052940368652,0.2779518663883209,-10.457573890686035
1788681546748660200,14.52166015625,-9.780463218688965,0.09681553393602371,-10.700061798095703
1788681546758733300,14.5317333984375,-10.283320426940918,0.16894085705280304,-10.662053108215332
1788681546768809200,14.541809326171874,-10.018312454223633,0.44419923424720764,-10.582820892333984
1788681546778883600,14.551883544921875,-9.55466079711914,0.6428431272506714,-10.554912567138672
1788681546788958000,14.5619580078125,-9.552191734313965,0.7567921876907349,-10.636764526367188
1788681546799031600,14.572031494140624,-9.295936584472656,0.9433903098106384,-10.510170936584473
1788681546809106700,14.582106689453125,-8.937929153442383,1.3070096969604492,-10.350882530212402
1788681546819181600,14.592181640625,-8.48370361328125,1.726144552230835,-10.228703498840332
1788681546829254700,14.602254638671875,-7.978377819061279,2.116025447845459,-9.96593952178955
1788681546839329300,14.612329345703126,-7.634361267089844,2.382904052734375,-9.595735549926758
1788681546849404700,14.62240478515625,-7.494150638580322,2.519298791885376,-9.322198867797852
1788681546859478300,14.632478271484375,-7.562385559082031,2.561721086502075,-9.022025108337402
1788681546869554400,14.642554443359375,-7.2235307693481445,2.5121161937713623,-8.676137924194336
1788681546879628500,14.652628662109375,-6.915502071380615,2.4444050788879395,-8.30518627166748
1788681546889676800,14.6626767578125,-6.473696708679199,2.3617303371429443,-7.94672966003418
1788681546899777500,14.672777587890625,-6.35683012008667,2.313621759414673,-7.811307430267334
1788681546909826000,14.682825927734376,-6.216619491577148,2.2627451419830322,-7.796642780303955
1788681546919926500,14.692926513671875,-5.955950736999512,2.1833622455596924,-7.953313827514648
1788681546930000100,14.703000244140625,-5.821950435638428,2.1018097400665283,-8.029479026794434
1788681546940074500,14.713074462890624,-5.666476726531982,2.083404302597046,-8.28094482421875
1788681546950150100,14.723150146484375,-5.474417209625244,2.0929064750671387,-8.598027229309082
1788681546960223700,14.7332236328125,-5.15164852142334,2.2235400676727295,-8.910171508789062
1788681546970298600,14.743298583984375,-5.331064224243164,2.4345290660858154,-9.179444313049316
1788681546980373500,14.75337353515625,-4.8249897956848145,2.6541221141815186,-9.24708080291748
1788681546990447600,14.763447509765625,-4.523993968963623,2.907982349395752,-9.15617561340332
1788681547000521700,14.773521728515625,-4.269908905029297,3.229179620742798,-8.965537071228027
1788681547010596900,14.783596923828124,-4.469974517822266,3.5479824542999268,-8.624064445495605
1788681547020671700,14.793671630859375,-4.430171012878418,3.8942439556121826,-8.571017265319824
1788681547030746000,14.80374609375,-4.171223163604736,4.277765274047852,-8.63094711303711
1788681547040820200,14.8138203125,-3.724479913711548,4.690091609954834,-8.588749885559082
1788681547050895400,14.823895263671876,-3.297863245010376,5.228038787841797,-8.600720405578613
1788681547060969000,14.833968994140625,-2.7070939540863037,5.74713134765625,-8.544157981872559
1788681547071043800,14.8440439453125,-2.247781276702881,6.265700817108154,-8.471583366394043
1788681547081118500,14.854118408203124,-2.099565267562866,6.773944854736328,-8.456619262695312
1788681547091192000,14.864192138671875,-1.9906290769577026,7.311742305755615,-8.429161071777344
1788681547101267000,14.874266845703126,-2.041879892349243,7.6828436851501465,-8.392350196838379
1788681547111341800,14.884341796875,-2.033275842666626,8.012420654296875,-8.129212379455566
1788681547121416400,14.89441650390625,-1.9453636407852173,8.195801734924316,-7.729829788208008
1788681547131490300,14.904490234375,-2.197577953338623,8.12442398071289,-7.064241886138916
1788681547141565700,14.914565673828125,-2.4432079792022705,8.16796875,-6.881608963012695
1788681547151639600,14.9246396484375,-2.1082441806793213,8.123750686645508,-6.866420745849609
1788681547161713400,14.93471337890625,-1.718887209892273,8.007183074951172,-6.739153861999512
1788681547171789300,14.944789306640626,-1.6002246141433716,7.838616371154785,-6.628272533416748
1788681547181863700,14.95486376953125,-1.6179566383361816,7.578321933746338,-6.437335014343262
1788681547191929900,14.964929931640626,-1.7670705318450928,7.157092094421387,-5.935151100158691
1788681547202012400,14.975012451171875,-1.7059435844421387,6.5522565841674805,-4.911705017089844
1788681547212074800,14.98507470703125,-1.6707038879394531,6.03959846496582,-3.9414546489715576
1788681547222136000,14.995135986328124,-1.6343419551849365,5.644629955291748,-3.0745291709899902
1788681547232228900,15.005228759765625,-1.6998083591461182,5.349245071411133,-2.3844752311706543
1788681547242287600,15.01528759765625,-1.6339678764343262,5.225120544433594,-2.107346296310425
1788681547252405200,15.0254052734375,-1.0144681930541992,5.039345741271973,-2.24202036857605
1788681547262433300,15.035433349609375,-0.6306477189064026,4.739471912384033,-2.8790276050567627
1788681547272508400,15.04550830078125,-0.8374468684196472,4.364180564880371,-3.43298602104187
1788681547282583000,15.0555830078125,-1.5467290878295898,3.9717562198638916,-3.364227533340454
1788681547292659700,15.06565966796875,-2.07629656791687,3.7965304851531982,-2.8831424713134766
1788681547302732800,15.07573291015625,-2.0982184410095215,3.8522706031799316,-2.370558977127075
1788681547312815900,15.08581591796875,-1.9200000762939453,3.9343466758728027,-1.9553146362304688
1788681547322883600,15.095883544921875,-1.276184320449829,4.186710357666016,-1.7716344594955444
1788681547332955600,15.10595556640625,-0.32860419154167175,4.320486545562744,-1.5668554306030273
1788681547343065900,15.11606591796875,0.7918074131011963,4.219182014465332,-1.5155296325683594
1788681547353153300,15.1261533203125,1.986962914466858,4.227711200714111,-1.1738321781158447
1788681547363204900,15.136204833984374,2.5692028999328613,4.366949081420898,-0.8960300087928772
1788681547373279500,15.146279541015625,2.3481132984161377,4.574870586395264,-0.6075286865234375
1788681547383327500,15.156327392578126,1.866355061531067,4.7322893142700195,-0.4436754882335663
1788681547393444000,15.166444091796874,1.3095535039901733,4.799027442932129,-0.3444657623767853
1788681547403503400,15.17650341796875,0.8165724277496338,5.010615348815918,-0.028805239126086235
1788681547413577700,15.18657763671875,0.2777273952960968,5.566443920135498,-0.015412673354148865
1788681547423663000,15.1966630859375,-0.17732056975364685,6.748207092285156,-0.394369900226593
1788681547433726700,15.206726806640624,-0.7256675958633423,8.372448921203613,-0.9497498869895935
1788681547443800600,15.216800537109375,-0.9383026361465454,10.115427017211914,-1.3517513275146484
1788681547453875500,15.22687548828125,-0.3414730131626129,11.687295913696289,-1.5965584516525269
1788681547463949800,15.23694970703125,0.27495908737182617,12.847959518432617,-1.5415666103363037
1788681547474024400,15.2470244140625,0.7296329736709595,13.2047700881958,-1.1605892181396484
1788681547484098800,15.257098876953124,1.2834417819976807,13.248464584350586,-0.9129390120506287
1788681547494173400,15.26717333984375,1.7236756086349487,13.252056121826172,-1.0602573156356812
1788681547504248300,15.277248291015624,2.222642183303833,12.997298240661621,-1.7929577827453613
1788681547514322700,15.28732275390625,2.259453058242798,12.483142852783203,-2.5813982486724854
1788681547524397000,15.29739697265625,1.6900070905685425,11.554941177368164,-2.7380688190460205
1788681547534471700,15.3074716796875,1.1262474060058594,10.459144592285156,-2.1481974124908447
1788681547544546000,15.317546142578125,0.8699182271957397,9.567304611206055,-1.732803463935852
1788681547554619400,15.327619384765624,0.7369652390480042,8.83827018737793,-1.5295207500457764
1788681547564694800,15.33769482421875,0.6197989583015442,8.272191047668457,-1.3864672183990479
1788681547574769700,15.347769775390624,0.42684125900268555,7.891064167022705,-1.2767080068588257
1788681547584843800,15.35784375,0.2646341025829315,7.814001083374023,-1.0544214248657227
1788681547594892500,15.367892578125,0.24518121778964996,8.02416706085205,-0.8263736963272095
1788681547604993000,15.377992919921875,0.5440823435783386,8.485424995422363,-0.6520458459854126
1788681547615068000,15.38806787109375,1.0348936319351196,9.135525703430176,-0.5800701975822449
1788681547625141500,15.3981416015625,1.1661258935928345,9.765350341796875,-0.7802852988243103
1788681547635217000,15.408216796875,0.7088333368301392,10.212167739868164,-1.1164461374282837
1788681547645291000,15.418291015625,-0.04676175117492676,10.473285675048828,-1.3222726583480835
1788681547655340800,15.4283408203125,-0.6316951513290405,10.665345191955566,-1.4586673974990845
1788681547665440300,15.438440185546876,-0.8295160531997681,10.8790283203125,-1.5678280591964722
1788681547675515000,15.448514892578125,-0.8104372620582581,11.050064086914062,-1.5849615335464478
1788681547685589000,15.458589111328125,-0.5950339436531067,11.036222457885742,-1.5428385734558105
1788681547695663900,15.468663818359374,-0.21764789521694183,10.782511711120605,-1.4154969453811646
1788681547705738200,15.47873828125,0.34177228808403015,10.290428161621094,-1.268627643585205
1788681547715812900,15.488812744140626,0.6879588961601257,9.723451614379883,-1.0985645055770874
1788681547725890800,15.498890869140626,0.636109471321106,9.20667839050293,-0.9593266844749451
1788681547735962400,15.50896240234375,0.16347908973693848,8.74033260345459,-0.9683049321174622
1788681547746037000,15.519037109375,-0.3116951286792755,8.421529769897461,-1.0887632369995117
1788681547756095500,15.529095458984376,-0.22954408824443817,8.165873527526855,-1.2515689134597778
1788681547766160000,15.539159912109374,0.4380640983581543,7.789984226226807,-1.3277344703674316
1788681547776260400,15.54926025390625,0.9813234210014343,7.387758255004883,-1.4608371257781982
1788681547786334500,15.55933447265625,0.553509533405304,7.261987686157227,-1.9159599542617798
1788681547796408300,15.569408203125,-0.2148796021938324,7.091026782989502,-2.1932384967803955
1788681547806483500,15.5794833984375,-0.5683984756469727,6.820557117462158,-2.170194149017334
1788681547816557600,15.5895576171875,-0.49298110604286194,6.522703170776367,-2.044274091720581
1788681547826631700,15.599631591796875,-0.6707505583763123,6.114566802978516,-1.777096152305603
1788681547836707300,15.609707275390624,-1.5283236503601074,5.741969108581543,-1.711255669593811
1788681547846781700,15.61978173828125,-2.1546318531036377,5.503746032714844,-1.8282722234725952
1788681547856830500,15.62983056640625,-1.4870985746383667,5.2811598777771,-1.9693057537078857
1788681547866904600,15.639904541015625,-0.37416884303092957,5.0912699699401855,-2.115501642227173
1788681547876979700,15.649979736328126,0.1844283491373062,5.045405864715576,-2.3220014572143555
1788681547887054000,15.66005419921875,0.1999158412218094,5.215394496917725,-2.60893177986145
1788681547897128200,15.670128173828125,-0.22258594632148743,5.834370136260986,-2.938358783721924
1788681547907228200,15.680228271484374,-0.9791536927223206,6.607248306274414,-3.4675521850585938
1788681547917303600,15.690303466796875,-1.2549357414245605,7.625981330871582,-4.070067882537842
1788681547927351600,15.7003515625,0.20260931551456451,8.615684509277344,-4.780921459197998
1788681547937452500,15.71045263671875,1.3444191217422485,9.117942810058594,-5.220856189727783
1788681547947526700,15.720526611328125,1.4709376096725464,9.238775253295898,-5.860631465911865
1788681547957600800,15.730600830078124,-0.014888942241668701,9.010278701782227,-6.597596645355225
1788681547967676400,15.740676513671875,-2.4747815132141113,8.410980224609375,-6.524573802947998
1788681547977750300,15.750750244140624,-3.4344823360443115,7.941118240356445,-6.200982570648193
1788681547987825000,15.760824951171875,-2.204685688018799,7.712247371673584,-5.669619083404541
1788681547997898500,15.7708984375,-0.9307458996772766,7.348328590393066,-5.0866312980651855
1788681548007974000,15.780973876953125,-1.1519851684570312,6.772972106933594,-4.630311489105225
1788681548018048500,15.791048583984375,-2.196305990219116,6.351143836975098,-4.190301895141602
1788681548028122000,15.8011220703125,-2.042104482650757,6.172252178192139,-3.9100306034088135
1788681548038197500,15.811197509765625,-1.7764976024627686,5.911807537078857,-3.945868968963623
1788681548048272100,15.821272216796874,-2.209698438644409,5.714660167694092,-4.4823198318481445
1788681548058320100,15.831320068359375,-3.1153054237365723,5.4864630699157715,-5.331288814544678
1788681548068420400,15.84142041015625,-3.3843536376953125,5.303455829620361,-6.16102933883667
1788681548078495700,15.851495849609375,-2.5358335971832275,5.261632442474365,-6.701744556427002
1788681548088544300,15.861544189453125,-2.237231969833374,4.901005744934082,-6.972214698791504
1788681548098644500,15.87164453125,-2.1992239952087402,4.601431369781494,-7.451503753662109
1788681548108719400,15.88171923828125,-2.209923028945923,4.789226531982422,-7.967454433441162
1788681548118794000,15.8917939453125,-2.6601076126098633,5.343110084533691,-8.42968463897705
1788681548128867300,15.901867431640625,-2.8774564266204834,5.729623794555664,-8.49829387664795
1788681548138942200,15.911942138671876,-2.075847625732422,6.203526020050049,-8.106093406677246
1788681548149017300,15.922017333984375,-1.7181390523910522,6.783072471618652,-7.446565628051758
1788681548159091000,15.932091064453125,-2.101884603500366,7.106813430786133,-7.03753137588501
1788681548169166600,15.94216650390625,-2.6024973392486572,7.235427379608154,-6.852205276489258
1788681548179241200,15.9522412109375,-3.1343841552734375,7.01516056060791,-6.671069145202637
1788681548189314800,15.962314697265626,-3.8571338653564453,6.3238348960876465,-6.319644927978516
1788681548199389200,15.97238916015625,-3.8418707847595215,5.541903495788574,-6.176965713500977
1788681548209464800,15.98246484375,-4.079270839691162,4.794164657592773,-6.5586161613464355
1788681548219539200,15.992539306640625,-4.159775733947754,4.068421840667725,-7.172130584716797
1788681548229612300,16.0026123046875,-4.311657905578613,3.689988613128662,-7.998579025268555
1788681548239687700,16.012687744140624,-4.351536273956299,3.4415152072906494,-8.708909034729004
1788681548249762600,16.022762451171875,-4.351985454559326,3.545588254928589,-9.188272476196289
1788681548259822000,16.032822021484375,-4.754585266113281,3.71512770652771,-9.45567512512207
1788681548269911800,16.042911865234377,-5.0685248374938965,3.882272958755493,-9.427318572998047
1788681548279986200,16.052986083984376,-4.685378074645996,3.9990649223327637,-9.335066795349121
1788681548290034200,16.0630341796875,-4.651410102844238,3.8620717525482178,-9.188796043395996
1788681548300134700,16.073134765625,-4.898910999298096,3.5324201583862305,-8.916156768798828
1788681548310209500,16.08320947265625,-5.251157760620117,3.1782279014587402,-8.583587646484375
1788681548320284200,16.0932841796875,-4.951358795166016,2.904989719390869,-8.202909469604492
1788681548330357800,16.103357666015626,-4.916567802429199,2.5995044708251953,-7.563432693481445
1788681548340432400,16.113432373046876,-4.891279220581055,2.3488614559173584,-7.351171970367432
1788681548350508000,16.123508056640624,-5.200355529785156,2.0672435760498047,-7.399205684661865
1788681548360581400,16.133581298828126,-5.469404220581055,1.5966333150863647,-7.591639518737793
1788681548370631000,16.143630859375,-6.1285576820373535,1.1743559837341309,-7.958850383758545
1788681548380731600,16.153731689453124,-6.600365161895752,0.9630676507949829,-8.766444206237793
1788681548390805200,16.16380517578125,-6.643311023712158,0.9932196140289307,-9.752331733703613
1788681548400879900,16.1738798828125,-6.877120018005371,1.2177507877349854,-10.135852813720703
1788681548410954800,16.183954833984377,-7.0533928871154785,1.279700756072998,-10.458396911621094
1788681548421004800,16.1940048828125,-7.335011005401611,1.1467478275299072,-10.816180229187012
1788681548431104000,16.20410400390625,-7.478737831115723,0.9626935124397278,-10.895413398742676
1788681548441177300,16.21417724609375,-7.157915115356445,0.7081599831581116,-10.871695518493652
1788681548451252700,16.224252685546876,-7.427486896514893,0.39481881260871887,-10.490643501281738
1788681548461326800,16.234326904296875,-7.772326946258545,0.05588964745402336,-10.344223022460938
1788681548471402000,16.244402099609374,-7.285555839538574,-0.12921206653118134,-10.239551544189453
1788681548481476600,16.2544765625,-7.163975238800049,-0.27331307530403137,-10.237232208251953
1788681548491551000,16.264551025390624,-7.356858253479004,-0.491784006357193,-10.39876651763916
1788681548501625600,16.27462548828125,-7.784522533416748,-0.6239888072013855,-10.305915832519531
1788681548511700200,16.2847001953125,-7.894955158233643,-0.592939019203186,-10.381707191467285
1788681548521748500,16.29474853515625,-8.227149963378906,-0.7056161165237427,-10.548179626464844
1788681548531849200,16.30484912109375,-8.185775756835938,-0.8290671706199646,-10.683751106262207
1788681548541923300,16.31492333984375,-8.047659873962402,-0.9856629371643066,-11.014599800109863
1788681548551998000,16.324998046875,-8.042647361755371,-0.9632172584533691,-11.19476318359375
1788681548562072000,16.335072021484375,-8.353219985961914,-0.8850316405296326,-11.054702758789062
1788681548572121300,16.345121337890625,-8.326061248779297,-0.9476549625396729,-10.950031280517578
1788681548582231000,16.35523095703125,-8.080355644226074,-1.2312930822372437,-10.671929359436035
1788681548592284700,16.36528466796875,-8.51789665222168,-1.3122470378875732,-10.56800651550293
1788681548602347500,16.375347412109374,-8.455422401428223,-0.9919477105140686,-10.561796188354492
1788681548612419000,16.385419189453124,-8.277728080749512,-0.7334487438201904,-10.470891952514648
1788681548622493700,16.39549365234375,-8.286406517028809,-0.6738181114196777,-10.45622730255127
1788681548632569600,16.405569580078126,-8.655787467956543,-0.4696376323699951,-10.46094036102295
1788681548642643500,16.4156435546875,-8.598101615905762,-0.29396307468414307,-10.669161796569824
1788681548652717800,16.4257177734375,-8.296282768249512,-0.1711854189634323,-10.865486145019531
1788681548662793000,16.43579296875,-8.188319206237793,-0.13437457382678986,-10.971953392028809
1788681548672867000,16.4458671875,-7.9199442863464355,0.03568856790661812,-11.095105171203613
1788681548682941400,16.45594140625,-7.593210697174072,0.31528642773628235,-11.110442161560059
1788681548693016000,16.46601611328125,-7.6764092445373535,0.5813421010971069,-10.919804573059082
1788681548703116000,16.476115966796876,-7.402721881866455,0.8431330919265747,-10.535011291503906
1788681548713194500,16.486194580078124,-7.045013427734375,1.1626842021942139,-9.722928047180176
1788681548723265000,16.49626513671875,-6.435389518737793,1.535506248474121,-8.872014045715332
1788681548733340200,16.506340087890624,-5.982960224151611,1.8112883567810059,-8.3027925491333
1788681548743414500,16.51641455078125,-5.693262100219727,1.8731635808944702,-7.828441143035889
1788681548753489200,16.5264892578125,-6.077830791473389,1.8097920417785645,-7.618350028991699
1788681548763563000,16.53656298828125,-6.251335620880127,1.5946131944656372,-7.716736316680908
1788681548773638100,16.54663818359375,-6.177713871002197,1.3584102392196655,-7.978302955627441
1788681548783712500,16.55671240234375,-6.0155816078186035,1.1709142923355103,-8.3213472366333
1788681548793764000,16.56676416015625,-5.81379508972168,1.1778724193572998,-8.599074363708496
1788681548803860200,16.576860107421876,-5.801300525665283,1.2974328994750977,-8.83250904083252
1788681548813936400,16.586936279296875,-5.909937381744385,1.4632313251495361,-9.1022310256958
1788681548824026400,16.5970263671875,-5.558513164520264,1.6520739793777466,-9.330653190612793
1788681548834085400,16.60708544921875,-5.33697509765625,1.8922423124313354,-9.409063339233398
1788681548844158700,16.61715869140625,-4.9619832038879395,2.1180455684661865,-9.393799781799316
1788681548854234400,16.627234375,-4.713135719299316,2.298957347869873,-9.253514289855957
1788681548864308500,16.63730859375,-4.562450408935547,2.54496169090271,-9.134552955627441
1788681548874383400,16.64738330078125,-4.419396877288818,2.7510125637054443,-8.925134658813477
1788681548884457700,16.657457763671875,-4.072312831878662,2.9652187824249268,-8.752228736877441
1788681548894532600,16.66753271484375,-4.007743835449219,3.209951162338257,-8.913537979125977
1788681548904606700,16.677606689453125,-4.14683198928833,3.4427871704101562,-9.211466789245605
1788681548914681600,16.687681640625,-4.048594951629639,3.638887405395508,-9.407865524291992
1788681548924756000,16.697755859375,-3.388767957687378,3.7880759239196777,-9.389310836791992
1788681548934830600,16.70783056640625,-3.1356561183929443,3.990760087966919,-9.431658744812012
1788681548944905000,16.717905029296876,-2.934767484664917,4.279635429382324,-9.24940013885498
1788681548954959400,16.72795947265625,-2.600177764892578,4.725705146789551,-9.126622200012207
1788681548965053700,16.7380537109375,-2.45285964012146,5.284826278686523,-9.031153678894043
1788681548975128800,16.74812890625,-2.211494207382202,5.858761310577393,-8.749685287475586
1788681548985203200,16.758203125,-1.7870471477508545,6.684910297393799,-8.823455810546875
1788681548995289900,16.768289794921873,-1.4609119892120361,7.352892875671387,-8.410531044006348
1788681549005352200,16.778352294921874,-1.5937901735305786,8.173654556274414,-8.069058418273926
1788681549015427000,16.788427001953124,-1.2802993059158325,8.632369041442871,-7.1630024909973145
1788681549025500700,16.798500732421875,-1.214758038520813,8.869544982910156,-6.33221435546875
1788681549035576000,16.808576171875,-1.2292729616165161,8.930971145629883,-5.759925365447998
1788681549045651200,16.818651123046877,-1.1449521780014038,8.821211814880371,-5.4934210777282715
1788681549055725000,16.82872509765625,-1.1548281908035278,8.534281730651855,-5.455412864685059
1788681549065799200,16.838799072265626,-1.4975731372833252,7.9631147384643555,-5.433191776275635
1788681549075874300,16.848874267578125,-1.6344166994094849,7.076287746429443,-4.746056079864502
1788681549085948000,16.858947998046876,-1.6015713214874268,6.2743048667907715,-4.187982559204102
1788681549096023600,16.8690234375,-1.7665467262268066,5.556418418884277,-3.7963809967041016
1788681549106097400,16.879097412109374,-2.0254945755004883,5.036502361297607,-3.687070608139038
1788681549116171500,16.889171630859376,-2.4065468311309814,4.622006416320801,-3.7223851680755615
1788681549126252800,16.899252685546877,-3.2125697135925293,4.466757297515869,-3.8370823860168457
1788681549136321500,16.909321533203126,-3.4087445735931396,4.54688835144043,-3.7714662551879883
1788681549146395600,16.919395751953125,-2.2691047191619873,4.826560974121094,-3.688417434692383
1788681549156447000,16.929447021484375,-1.3210008144378662,5.180678367614746,-3.582773208618164
1788681549166544100,16.939544189453127,-0.9993547797203064,5.404611110687256,-3.4742112159729004
1788681549176619800,16.949619873046874,-1.1082161664962769,5.460201263427734,-3.266439199447632
1788681549186694000,16.95969384765625,-1.1214590072631836,5.364882469177246,-2.6412534713745117
1788681549196767700,16.969767822265624,-0.9041104316711426,5.337723255157471,-1.64653742313385
1788681549206843400,16.979843505859375,-0.4882675111293793,5.395782470703125,-1.0377367734909058
1788681549216917000,16.9899169921875,0.29059621691703796,5.33473014831543,-1.1520599126815796
1788681549226991600,16.99999169921875,0.9615712761878967,5.189432144165039,-1.2198457717895508
1788681549237067000,17.01006689453125,1.1890203952789307,5.080645561218262,-1.275062084197998
1788681549247141600,17.0201416015625,1.2883797883987427,4.932354927062988,-1.1747300624847412
1788681549257216000,17.030216064453125,1.1637316942214966,4.949937343597412,-1.1671733856201172
1788681549267291000,17.040290771484376,1.009081244468689,5.1326446533203125,-1.2767080068588257
1788681549277364700,17.05036474609375,0.8990227580070496,5.334206581115723,-1.283591389656067
1788681549287413000,17.0604130859375,0.6482301354408264,5.464765548706055,-1.0753706693649292
1788681549297514200,17.07051416015625,0.25573065876960754,5.518335819244385,-0.858695387840271
1788681549307588900,17.0805888671875,-0.32852935791015625,5.75094747543335,-0.5208885073661804
1788681549317662500,17.090662353515626,-0.7466916441917419,6.491204738616943,-0.5095160603523254
1788681549327736600,17.100736572265625,-0.7561936378479004,7.813551902770996,-0.9837176203727722
1788681549337812500,17.1108125,-0.5719897747039795,9.093253135681152,-1.423951506614685
1788681549347886600,17.120886474609375,-0.5850082039833069,10.113856315612793,-1.5164275169372559
1788681549357938700,17.130938720703124,-0.6444891691207886,10.831368446350098,-1.4862006902694702
1788681549368035000,17.14103515625,-0.2768295705318451,11.318364143371582,-1.3860182762145996
1788681549378110700,17.15111083984375,0.5039046406745911,11.584195137023926,-1.419836401939392
1788681549388184800,17.161184814453126,1.657610535621643,11.642478942871094,-1.716493010520935
1788681549398259200,17.17125927734375,2.635118246078491,11.63798999786377,-2.2181529998779297
1788681549408333800,17.181333740234376,3.221622943878174,11.52538776397705,-2.6723031997680664
1788681549418407700,17.19140771484375,3.0045735836029053,11.202993392944336,-2.8296470642089844
1788681549428482000,17.20148193359375,1.9462615251541138,10.603994369506836,-2.56000018119812
1788681549438557400,17.211557373046876,0.6498761177062988,9.988983154296875,-2.1296424865722656
1788681549448632300,17.22163232421875,-0.10871171951293945,9.546878814697266,-1.9439421892166138
1788681549458705400,17.231705322265626,-0.21540333330631256,9.269001960754395,-1.8792986869812012
1788681549468780300,17.2417802734375,0.10265139490365982,9.176152229309082,-1.713874340057373
1788681549478855700,17.251855712890624,0.5118354558944702,9.230320930480957,-1.5110405683517456
1788681549488904000,17.261904052734376,0.8019079566001892,9.33701229095459,-1.1546037197113037
1788681549499005200,17.272005126953125,0.9394248723983765,9.51665210723877,-0.9189993739128113
1788681549509079600,17.28207958984375,1.0717045068740845,9.7582426071167,-0.6496516466140747
1788681549519153400,17.2921533203125,1.3192799091339111,10.02579402923584,-0.47726914286613464
1788681549529227800,17.302227783203126,1.2737901210784912,10.284592628479004,-0.648903489112854
1788681549539303200,17.31230322265625,0.6553378701210022,10.431760787963867,-1.1292401552200317
1788681549549372400,17.322372314453126,-0.040028057992458344,10.392705917358398,-1.4479682445526123
1788681549559451600,17.33245166015625,-0.4520552158355713,10.279430389404297,-1.5544354915618896
1788681549569526000,17.342526123046873,-0.6331167221069336,10.196381568908691,-1.5541361570358276
1788681549579601400,17.352601318359376,-0.7311293482780457,10.12702465057373,-1.548674464225769
1788681549589675800,17.36267578125,-0.775945782661438,10.033650398254395,-1.5525649785995483
1788681549599749400,17.372749267578126,-0.7069628834724426,9.890671730041504,-1.5643115043640137
1788681549609824500,17.382824462890625,-0.46911388635635376,9.693299293518066,-1.5781530141830444
1788681549619898400,17.3928984375,-0.27585694193840027,9.392752647399902,-1.5399205684661865
1788681549629973000,17.402972900390626,-0.2778770327568054,9.022100448608398,-1.4689923524856567
1788681549640048600,17.413048583984374,-0.39377135038375854,8.513631820678711,-1.39716637134552
1788681549650122800,17.423122802734376,0.48722004890441895,7.421875476837158,-1.0206032991409302
1788681549660171300,17.433171142578125,0.9992799162864685,6.799233436584473,-1.2909235954284668
1788681549670271200,17.443271240234374,0.5978770852088928,6.691344738006592,-1.947832703590393
1788681549680347000,17.453346923828125,-0.009202713146805763,6.644433498382568,-2.3062896728515625
1788681549690420200,17.463420166015624,-0.8069956302642822,6.471377372741699,-2.210970401763916
1788681549700495400,17.473495361328126,-1.2838906049728394,6.232182025909424,-1.8044798374176025
1788681549710570500,17.483570556640625,-1.1300631761550903,6.002488136291504,-1.4062942266464233
1788681549720644000,17.49364404296875,-0.9549872279167175,5.856367111206055,-1.2143092155456543
1788681549730718500,17.503718505859375,-0.9261071681976318,5.755511283874512,-1.3164368867874146
1788681549740793900,17.5137939453125,-0.5790227055549622,5.740846633911133,-1.4742296934127808
1788681549750868000,17.523867919921877,0.020949264988303185,5.778555393218994,-1.637559175491333
1788681549760942300,17.5339423828125,0.44262802600860596,5.782595634460449,-1.6511013507843018
1788681549770991600,17.54399169921875,0.8577227592468262,5.725434303283691,-1.6326959133148193
1788681549781092400,17.55409228515625,1.2309190034866333,5.6554036140441895,-1.9090765714645386
1788681549791166700,17.564166748046876,1.144802451133728,5.75753116607666,-2.3033716678619385
1788681549801240300,17.574240234375,0.6848913431167603,5.811775207519531,-2.722805976867676
1788681549811315700,17.584315673828126,0.021847089752554893,6.113594055175781,-3.3371431827545166
1788681549821383000,17.5943828125,-0.5098153352737427,6.750301837921143,-3.9490113258361816
1788681549831463700,17.604463623046875,-1.0767173767089844,7.5050740242004395,-4.303427696228027
1788681549841539300,17.614539306640626,-1.059733510017395,8.666261672973633,-5.220332145690918
1788681549851613700,17.62461376953125,-0.257002592086792,9.41168212890625,-6.041019916534424
1788681549861687600,17.6346875,-0.2604442536830902,9.682825088500977,-6.939817905426025
1788681549871763000,17.644762939453123,-1.4906898736953735,9.704747200012207,-8.113350868225098
1788681549881837300,17.65483740234375,-2.2399253845214844,9.443778991699219,-8.515352249145508
1788681549891911000,17.664910888671876,-1.244461178779602,8.704644203186035,-7.422249794006348
1788681549901986300,17.674986328125,-0.6993313431739807,7.7877397537231445,-6.501080513000488
1788681549912060700,17.685060791015626,-0.708608865737915,6.988375663757324,-6.009670734405518
1788681549922109200,17.695109130859375,-2.3156418800354004,6.309319972991943,-5.663184642791748
1788681549932227600,17.7052275390625,-3.987916946411133,5.755436420440674,-5.293130874633789
1788681549942268200,17.71526806640625,-4.297966003417969,5.2811598777771,-5.046079158782959
1788681549952337400,17.72533740234375,-3.7061493396759033,5.086182117462158,-5.501800537109375
1788681549962408700,17.73540869140625,-2.378340005874634,5.011588096618652,-6.058901309967041
1788681549972482300,17.745482421875,-1.0176105499267578,4.977694988250732,-6.403441905975342
1788681549982557700,17.7555576171875,-0.40230071544647217,4.9555487632751465,-6.7865891456604
1788681549992637200,17.76563720703125,-1.0402805805206299,5.063961029052734,-7.398382663726807
1788681550002706400,17.77570654296875,-1.280074954032898,5.4893059730529785,-8.036437034606934
1788681550012782600,17.785782470703126,-1.2895020246505737,6.066158771514893,-8.48707103729248
1788681550022858800,17.795858642578125,-2.3208043575286865,6.733692169189453,-9.161337852478027
1788681550032930000,17.805929931640627,-3.561898708343506,7.259518623352051,-9.38781452178955
1788681550043036200,17.8160361328125,-4.166659355163574,7.694216251373291,-9.321150779724121
1788681550053079300,17.826079345703125,-3.345522880554199,7.869965553283691,-9.010578155517578
1788681550063179300,17.83617919921875,-2.5074026584625244,7.63765287399292,-8.50442886352539
1788681550073254100,17.846254150390624,-2.5934441089630127,7.04217004776001,-7.766940116882324
1788681550083328500,17.85632861328125,-3.1604959964752197,6.072967529296875,-6.937648296356201
1788681550093402400,17.86640234375,-3.5901801586151123,5.064185619354248,-6.4398040771484375
1788681550103477800,17.876477783203125,-3.240776538848877,4.414758205413818,-6.73107385635376
1788681550113552400,17.886552490234376,-3.309535026550293,3.919532537460327,-7.32199239730835
1788681550123626500,17.89662646484375,-3.5544917583465576,3.4192941188812256,-7.7749457359313965
1788681550133701000,17.906701171875,-3.9395840167999268,2.8999767303466797,-8.328978538513184
1788681550143775000,17.91677490234375,-4.211251258850098,2.4794204235076904,-8.500837326049805
1788681550153850600,17.9268505859375,-3.807229518890381,2.3383867740631104,-8.663119316101074
1788681550163924700,17.9369248046875,-3.593771457672119,2.2281787395477295,-8.904484748840332
1788681550173999900,17.946999755859373,-3.838728427886963,2.2976105213165283,-9.336564064025879
1788681550184074000,17.957073974609376,-3.7317373752593994,2.3498342037200928,-9.650728225708008
1788681550194122200,17.967122314453125,-3.9664440155029297,2.330456018447876,-9.53169059753418
1788681550204223000,17.977222900390625,-5.18322229385376,2.206406593322754,-9.27334213256836
1788681550214297900,17.9872978515625,-4.875941276550293,2.195183753967285,-8.973767280578613
1788681550224371200,17.99737109375,-4.7806220054626465,2.28788423538208,-8.570269584655762
1788681550234446800,18.00744677734375,-4.929511547088623,2.3873932361602783,-8.059406280517578
1788681550244521000,18.01752099609375,-4.969614505767822,2.4624364376068115,-7.580117225646973
1788681550254596000,18.02759619140625,-5.5429511070251465,2.316464900970459,-7.485546588897705
1788681550264670500,18.03767041015625,-5.140725135803223,2.1021838188171387,-7.35087251663208
1788681550274745600,18.04774560546875,-4.628515720367432,1.8364275693893433,-7.557222843170166
1788681550284819500,18.0578193359375,-4.253897666931152,1.5030349493026733,-8.41883659362793
1788681550294868200,18.0678681640625,-5.289090633392334,1.2179752588272095,-9.452607154846191
1788681550304964000,18.077964111328125,-6.113594055175781,1.1321581602096558,-10.127472877502441
1788681550315043000,18.08804296875,-6.42080020904541,1.166948914527893,-10.366070747375488
1788681550325116200,18.0981162109375,-6.609193801879883,1.2120646238327026,-10.221819877624512
1788681550335192300,18.1081923828125,-6.032490253448486,1.370081901550293,-10.34145450592041
1788681550345266700,18.1182666015625,-5.832050800323486,1.3819032907485962,-10.398241996765137
1788681550355340500,18.128340576171876,-6.10745906829834,1.2985551357269287,-10.641179084777832
1788681550365416000,18.138416015625,-6.390199184417725,1.1620856523513794,-11.006145477294922
1788681550375490800,18.14849072265625,-6.578218936920166,0.9683049321174622,-10.858378410339355
1788681550385565000,18.15856494140625,-6.402618885040283,0.8890718221664429,-10.444031715393066
1788681550395639000,18.16863916015625,-6.811728477478027,0.67815762758255,-10.589179992675781
1788681550405713700,18.178713623046875,-7.35551118850708,0.3927238881587982,-10.75692367553711
1788681550415788800,18.188788818359374,-7.822530269622803,0.16422727704048157,-10.784980773925781
1788681550425863200,18.19886328125,-7.558794021606445,0.11103110015392303,-10.94150161743164
1788681550435937800,18.208937744140623,-7.684489727020264,0.03284545615315437,-11.371186256408691
1788681550446011600,18.21901171875,-8.043395042419434,-0.00673369225114584,-12.04343318939209
1788681550456086800,18.229086669921877,-8.833930969238281,0.10766425728797913,-12.317943572998047
1788681550466161400,18.239161376953124,-8.830414772033691,0.2866308391094208,-12.255169868469238
1788681550476236500,18.249236572265627,-8.771831512451172,0.17395371198654175,-12.13897705078125
1788681550486310700,18.259310546875,-8.63438892364502,0.20881928503513336,-12.088025093078613
1788681550496384500,18.269384521484376,-8.619425773620605,0.48736968636512756,-12.345701217651367
1788681550506459400,18.27945947265625,-8.741005897521973,0.8046762347221375,-12.342333793640137
1788681550516534500,18.289534423828126,-8.613289833068848,1.1267712116241455,-12.175263404846191
1788681550526588000,18.299587890625,-8.404769897460938,1.3926771879196167,-11.932251930236816
1788681550536683500,18.30968359375,-8.285059928894043,1.7085621356964111,-11.94901180267334
1788681550546757000,18.319757080078126,-8.186972618103027,1.9838954210281372,-11.980435371398926
1788681550556831500,18.32983154296875,-8.054393768310547,2.2573580741882324,-11.86843204498291
1788681550566907100,18.3399072265625,-7.69234561920166,2.50642991065979,-11.506757736206055
1788681550576982000,18.34998193359375,-7.262735843658447,2.694599151611328,-11.095553398132324
1788681550587056000,18.36005615234375,-6.8278889656066895,2.8751368522644043,-10.601974487304688
1788681550597130200,18.370130126953125,-6.5819597244262695,2.9612534046173096,-9.998411178588867
1788681550607205400,18.380205322265624,-6.3279500007629395,2.982501983642578,-9.539546966552734
1788681550617280300,18.3902802734375,-6.364236831665039,2.864961624145508,-9.025466918945312
1788681550627354600,18.400354736328126,-6.270937919616699,2.6700587272644043,-8.666486740112305
1788681550637429000,18.410428955078125,-5.798532009124756,2.4693198204040527,-8.33144760131836
1788681550647502800,18.4205029296875,-5.863848686218262,2.30486798286438,-8.223409652709961
1788681550657578500,18.43057861328125,-5.4677581787109375,2.182314872741699,-8.266205787658691
1788681550667652400,18.44065234375,-5.322535037994385,2.124180555343628,-8.470012664794922
1788681550677727200,18.450727294921876,-5.207388877868652,2.1077206134796143,-8.660351753234863
1788681550687780900,18.46078076171875,-5.00709867477417,2.0970213413238525,-8.771082878112793
1788681550697876000,18.4708759765625,-4.946270942687988,2.0807857513427734,-8.817919731140137
1788681550707950800,18.480950927734376,-4.464662551879883,2.0305824279785156,-8.753949165344238
1788681550718025700,18.491025634765624,-4.03969144821167,1.9838205575942993,-8.64598560333252
1788681550728099300,18.501099365234374,-4.005125522613525,2.0266916751861572,-8.602890014648438
1788681550738174700,18.5111748046875,-3.705850124359131,2.1624879837036133,-8.547224998474121
1788681550748248600,18.52124853515625,-3.2118215560913086,2.428468704223633,-8.5787992477417
1788681550758322700,18.53132275390625,-3.2201263904571533,2.6762685775756836,-8.46170711517334
1788681550768398800,18.54139892578125,-3.0148236751556396,2.963198661804199,-8.374992370605469
1788681550778473000,18.551472900390625,-2.6372880935668945,3.3063924312591553,-8.409334182739258
1788681550788547600,18.561547607421875,-2.493561029434204,3.694851875305176,-8.570194244384766
1788681550798621200,18.57162109375,-2.4957308769226074,4.137330055236816,-8.671798706054688
1788681550808696600,18.581696533203125,-2.4815151691436768,4.674005508422852,-8.72993278503418
1788681550818745000,18.5917451171875,-2.135852336883545,5.243301868438721,-8.623241424560547
1788681550828844800,18.6018447265625,-1.7924340963363647,5.88120698928833,-8.394370079040527
1788681550838920200,18.611920166015626,-1.375319242477417,6.702792167663574,-8.506299018859863
1788681550848994000,18.621994140625,-1.076343297958374,7.454870700836182,-8.440309524536133
1788681550859044600,18.632044677734374,-0.944063663482666,8.113126754760742,-8.358531951904297
1788681550869143800,18.642143798828126,-0.8607155084609985,8.470087051391602,-7.854029178619385
1788681550879218700,18.65221875,-1.3926023244857788,8.549843788146973,-7.261763572692871
1788681550889315600,18.662315673828125,-2.001328229904175,8.492158889770508,-6.934954643249512
1788681550899373300,18.672373291015624,-2.5323920249938965,8.24271297454834,-6.891185760498047
1788681550909442300,18.6824423828125,-2.3051674365997314,7.825597763061523,-6.913332462310791
1788681550919517200,18.69251708984375,-2.131063938140869,7.419556140899658,-7.040299892425537
1788681550929590300,18.70259033203125,-2.1016602516174316,7.134122371673584,-7.029974937438965
1788681550939665700,18.712665771484374,-2.309357166290283,6.712518692016602,-6.270863056182861
1788681550949740000,18.722739990234373,-2.692878246307373,6.3751606941223145,-5.425560474395752
1788681550959814000,18.73281396484375,-2.519373655319214,6.170830249786377,-4.6058454513549805
1788681550969889800,18.742889892578123,-2.0750246047973633,6.122198104858398,-3.9189341068267822
1788681550979963400,18.75296337890625,-1.6443676948547363,6.106261730194092,-3.3045969009399414
1788681550990039000,18.7630390625,-1.3431471586227417,6.20188045501709,-2.8874073028564453
1788681551000112600,18.773112548828124,-0.8599673509597778,6.1898345947265625,-2.5371055603027344
1788681551010187500,18.7831875,-0.7690624594688416,6.008324146270752,-2.247107982635498
1788681551020237000,18.793237060546875,-1.2434885501861572,5.737180709838867,-2.12485408782959
1788681551030336300,18.803336181640624,-1.6326959133148193,5.355081081390381,-2.012775421142578
1788681551040412000,18.813411865234375,-1.90324068069458,5.055506706237793,-2.0263924598693848
1788681551050485800,18.82348583984375,-1.5666309595108032,4.887388706207275,-2.081084966659546
1788681551060534800,18.83353466796875,-0.8964788913726807,4.923151969909668,-2.054823637008667
1788681551070609700,18.843609619140626,-0.6214450001716614,4.9286885261535645,-2.006939649581909
1788681551080684300,18.853684326171877,-0.11596914380788803,4.899434566497803,-1.7750012874603271
1788681551090771000,18.86377099609375,0.11110592633485794,4.928389549255371,-1.4474445581436157
1788681551100859000,18.87385888671875,0.18787001073360443,5.14199686050415,-1.3498808145523071
1788681551110933800,18.883933837890623,0.519092857837677,5.350816249847412,-1.2975825071334839
1788681551121007400,18.89400732421875,0.8222586512565613,5.72857666015625,-1.366041660308838
1788681551131081700,18.904081787109376,0.8707412481307983,6.106636047363281,-1.449015736579895
1788681551141157000,18.9141572265625,0.5083937644958496,6.448782444000244,-1.5616928339004517
1788681551151231700,18.924231689453126,0.03711012750864029,6.550835132598877,-1.5366286039352417
1788681551161305300,18.934305419921873,-0.15345336496829987,6.613607883453369,-1.57022225856781
1788681551171380000,18.9443798828125,-0.18218378722667694,6.714388847351074,-1.4430302381515503
1788681551181455400,18.954455322265623,-0.1982698291540146,6.797961711883545,-1.4484920501708984
1788681551191507700,18.9645078125,-0.16265608370304108,7.11998176574707,-1.5911715030670166
1788681551201603600,18.974603515625,-0.20440496504306793,7.7987380027771,-1.661501169204712
1788681551211679500,18.984679443359376,-0.23403321206569672,8.641048431396484,-1.7202339172363281
1788681551221776100,18.994776123046876,-0.16347908973693848,9.46255874633789,-1.8379987478256226
1788681551231828500,19.004828369140625,-0.05850830301642418,10.163536071777344,-1.9434183835983276
1788681551241903000,19.014903076171876,0.1883937418460846,10.608633041381836,-1.914613127708435
1788681551251977500,19.0249775390625,0.5400421023368835,10.750788688659668,-1.8985271453857422
1788681551262051300,19.03505126953125,1.000925898551941,10.7017822265625,-2.036642551422119
1788681551272100400,19.045100341796875,1.3728501796722412,10.624195098876953,-2.2212953567504883
1788681551282175000,19.055175048828126,1.7262194156646729,10.539276123046875,-2.404601573944092
1788681551292275000,19.06527490234375,1.944016933441162,10.33442211151123,-2.368314504623413
1788681551302337500,19.075337646484375,1.8055273294448853,10.118719100952148,-2.1110124588012695
1788681551312408300,19.085408203125,1.4001591205596924,9.847949981689453,-1.778891921043396
1788681551322473500,19.095473388671873,0.8236053586006165,9.538948059082031,-1.581295371055603
1788681551332548000,19.105548095703124,0.3024176061153412,9.258378028869629,-1.5126866102218628
1788681551342632400,19.115632568359374,0.01227028388530016,9.070807456970215,-1.473182201385498
1788681551352697600,19.125697509765626,0.023343466222286224,9.088539123535156,-1.4218565225601196
1788681551362779100,19.135779052734375,0.18068741261959076,9.263839721679688,-1.2591255903244019
1788681551372858600,19.145858642578126,0.3106476664543152,9.568277359008789,-1.1446528434753418
1788681551382922800,19.1559228515625,0.35748425126075745,9.990629196166992,-1.0160393714904785
1788681551392996400,19.165996337890626,0.19243396818637848,10.418593406677246,-0.961870551109314
1788681551403098000,19.17609814453125,-0.15061025321483612,10.724976539611816,-1.0855460166931152
1788681551413164300,19.186164306640624,-0.42706573009490967,10.806453704833984,-1.3275848627090454
1788681551423219000,19.196218994140626,-0.4496610164642334,10.712780952453613,-1.6956933736801147
1788681551433320000,19.20631982421875,-0.2198176383972168,10.548254013061523,-1.7980455160140991
1788681551443394000,19.21639404296875,0.180986687541008,10.348637580871582,-1.7134253978729248
1788681551453469200,19.22646923828125,0.7018752098083496,10.115427017211914,-1.5352070331573486
1788681551463543300,19.236543212890624,1.2676550149917603,9.80455493927002,-1.3132944107055664
1788681551473592000,19.246592041015624,1.6880618333816528,9.471386909484863,-1.0372878313064575
1788681551483692000,19.256692138671873,1.7679682970046997,9.117942810058594,-0.7815572023391724
1788681551493767400,19.266767333984376,1.258152961730957,8.830788612365723,-0.5865045785903931
1788681551503841500,19.276841552734375,0.5018845200538635,8.679579734802246,-0.529417872428894
1788681551513916400,19.28691650390625,0.06382043659687042,8.63206958770752,-0.7291092276573181
1788681551523990500,19.296990478515625,0.05761047825217247,8.634838104248047,-1.0347440242767334
1788681551534065400,19.3070654296875,0.20126257836818695,8.577153205871582,-1.3221230506896973
1788681551544139800,19.317139892578126,0.13123218715190887,8.364143371582031,-1.5259294509887695
1788681551554231600,19.3272314453125,-0.3382558226585388,8.19991683959961,-1.7411084175109863
1788681551564288800,19.337288818359376,-1.0376620292663574,8.099434852600098,-1.9800796508789062
1788681551574363600,19.34736376953125,-1.8299182653427124,7.9875807762146,-2.1495442390441895
1788681551584437800,19.357437744140626,-2.420837163925171,7.8319573402404785,-2.26745867729187
1788681551594497300,19.367497314453125,-2.523264169692993,7.709254741668701,-2.3399579524993896
1788681551604587000,19.3775869140625,-2.1484220027923584,7.5697922706604,-2.363600730895996
1788681551614662100,19.387662109375,-1.5388731956481934,7.353416442871094,-2.365920305252075
1788681551624735700,19.39773583984375,0.06501753628253937,7.016881465911865,-2.220996141433716
1788681551634811100,19.40781103515625,1.5750854015350342,6.508487701416016,-1.9381062984466553
1788681551644885800,19.4178857421875,1.3515268564224243,6.028300762176514,-1.8669536113739014
1788681551654960000,19.427960205078126,0.19437925517559052,5.663932800292969,-1.9837456941604614
1788681551665034500,19.438034423828125,-1.0589104890823364,5.382763862609863,-2.091484785079956
1788681551675109600,19.448109619140624,-1.899574637413025,5.223025798797607,-2.30254864692688
1788681551685184000,19.45818408203125,-1.836876392364502,5.437681198120117,-2.6455180644989014
1788681551695258600,19.468258544921873,-1.164330244064331,5.841627597808838,-2.903867483139038
1788681551705332700,19.478332763671876,-0.2950853705406189,6.416310787200928,-3.0021793842315674
1788681551715408000,19.488407958984375,0.7728782296180725,7.125593185424805,-3.339237928390503
1788681551725457000,19.498456787109376,0.7329249978065491,7.768586158752441,-4.126107215881348
1788681551735557000,19.50855712890625,-0.8476222157478333,8.21188735961914,-5.0143561363220215
1788681551745631200,19.51863134765625,-1.3558663129806519,8.741081237792969,-5.14581298828125
1788681551755715300,19.52871533203125,-1.2850877046585083,9.250821113586426,-4.383783340454102
1788681551765780500,19.538780517578125,-1.3377602100372314,9.292719841003418,-3.2956933975219727
1788681551775855900,19.54885595703125,-1.843535304069519,8.67366886138916,-2.6868927478790283
1788681551785929200,19.55892919921875,-2.0336499214172363,8.120084762573242,-2.7200376987457275
1788681551796003800,19.56900390625,-2.332326650619507,8.017433166503906,-3.389216899871826
1788681551806059300,19.579059326171876,-2.767547607421875,8.074969291687012,-4.4164042472839355
1788681551816153300,19.5891533203125,-2.424802541732788,7.930942535400391,-5.1898064613342285
1788681551826227500,19.5992275390625,-1.8251298666000366,7.603460788726807,-5.413514614105225
1788681551836302600,19.609302490234374,-0.5417629480361938,7.2568254470825195,-5.658770561218262
1788681551846377000,19.619376953125,-0.16549919545650482,6.906224250793457,-6.188562393188477
1788681551856452000,19.6294521484375,-0.688258171081543,6.547094345092773,-7.083844184875488
1788681551866526200,19.639526123046874,-1.5143325328826904,6.185420036315918,-7.705812931060791
1788681551876601300,19.649601318359377,-2.131737232208252,6.144195079803467,-8.473678588867188
1788681551886675200,19.65967529296875,-3.176581859588623,6.431125164031982,-9.245434761047363
1788681551896750300,19.669750244140626,-4.4030866622924805,6.639944553375244,-9.597830772399902
1788681551906825000,19.679824951171874,-3.800271511077881,6.659247398376465,-9.441235542297363
1788681551916899000,19.689899169921876,-2.761636734008789,6.572906494140625,-9.09961223602295
1788681551926953000,19.699952880859374,-2.207453966140747,6.4846954345703125,-8.749983787536621
1788681551937048600,19.710048583984374,-0.8643068075180054,6.426187038421631,-8.273089408874512
1788681551947123000,19.720123046875,0.3547159433364868,6.432471752166748,-7.943437576293945
1788681551957196800,19.73019677734375,-0.14918869733810425,6.404040813446045,-7.655160427093506
1788681551967272200,19.740272216796875,-1.6293290853500366,6.305354595184326,-6.955080986022949
1788681551977346600,19.7503466796875,-2.7198879718780518,6.234127044677734,-6.1979146003723145
1788681551987421200,19.760421142578124,-2.9134442806243896,6.209436893463135,-5.962086200714111
1788681551997469700,19.7704697265625,-3.040187358856201,5.873425483703613,-5.976525783538818
1788681552007570400,19.7805703125,-3.0015807151794434,5.300089359283447,-6.186168193817139
1788681552017645000,19.79064501953125,-2.7678468227386475,4.749871730804443,-6.554127216339111
1788681552027718700,19.80071875,-3.168576240539551,4.251877784729004,-7.0924482345581055
1788681552037793800,19.810793701171875,-3.4071733951568604,3.7015106678009033,-7.543306350708008
1788681552047868200,19.8208681640625,-3.3615341186523438,3.2828993797302246,-8.090082168579102
1788681552057917200,19.830917236328126,-3.6249709129333496,3.102511405944824,-8.721628189086914
1788681552068017000,19.841016845703123,-4.160898208618164,3.0528316497802734,-9.197325706481934
1788681552078093000,19.851093017578126,-4.428599834442139,3.1355812549591064,-9.198372840881348
1788681552088140500,19.861140625,-5.209408760070801,3.3325791358947754,-9.035567283630371
1788681552098241000,19.871240966796876,-5.384559631347656,3.3930327892303467,-8.850689888000488
1788681552108316200,19.881316162109375,-4.5912556648254395,3.418471097946167,-8.815450668334961
1788681552118390500,19.891390625,-4.0487446784973145,3.2921769618988037,-8.73337459564209
1788681552128464100,19.901464111328124,-3.7633109092712402,3.0795419216156006,-8.535029411315918
1788681552138539800,19.911539794921875,-3.8086512088775635,2.890624523162842,-8.533458709716797
1788681552148613600,19.921613525390626,-3.494935989379883,2.694000720977783,-8.39841079711914
1788681552158688500,19.9316884765625,-4.131269931793213,2.685845375061035,-8.145672798156738
1788681552168764000,19.941763916015624,-4.384306907653809,2.864961624145508,-8.084096908569336
1788681552178838500,19.951838623046875,-4.865541458129883,2.902071714401245,-7.9805474281311035
1788681552188913400,19.961913330078126,-6.031667232513428,2.636914014816284,-8.339228630065918
1788681552198986000,19.971986083984376,-5.920785903930664,2.207005023956299,-8.739435195922852
1788681552209062000,19.982061767578124,-5.5989155769348145,1.7616835832595825,-9.021202087402344
1788681552219136800,19.99213671875,-5.476811408996582,1.5840636491775513,-9.224335670471191
1788681552229210000,20.002210205078125,-5.619340896606445,1.7334768772125244,-9.340004920959473
1788681552239264500,20.012264404296875,-5.706954002380371,2.1156513690948486,-9.624167442321777
1788681552249369900,20.022369873046873,-5.54093074798584,2.6162638664245605,-9.985167503356934
1788681552259414300,20.032414306640625,-6.063540458679199,2.8249335289001465,-10.04419994354248
1788681552269510000,20.042510009765625,-6.461426734924316,2.6134207248687744,-10.08669662475586
1788681552279568400,20.052568359375,-6.92343282699585,2.0831799507141113,-9.969531059265137
1788681552289633800,20.0626337890625,-6.768333435058594,1.4890438318252563,-9.549347877502441
1788681552299732700,20.072732666015625,-6.206369400024414,0.8569745421409607,-9.579874038696289
1788681552309807900,20.082807861328124,-6.146140098571777,0.42841246724128723,-9.816376686096191
1788681552319882200,20.09288232421875,-6.403965950012207,0.3490297198295593,-10.291476249694824
1788681552329956000,20.1029560546875,-6.456338882446289,0.615683913230896,-10.387767791748047
1788681552340031700,20.11303173828125,-6.549039363861084,0.8424597382545471,-9.957559585571289
1788681552350105300,20.123105224609375,-6.757035732269287,0.7359925508499146,-9.613468170166016
1788681552360180700,20.1331806640625,-6.717456817626953,0.6316951513290405,-9.981950759887695
1788681552370255400,20.14325537109375,-7.198541641235352,0.36750996112823486,-10.269180297851562
1788681552380330200,20.153330322265624,-8.054019927978516,0.1818096935749054,-10.534262657165527
1788681552390404900,20.16340478515625,-7.945308208465576,0.12187983095645905,-10.88247013092041
1788681552400478500,20.173478515625,-8.307730674743652,0.11454758793115616,-10.938958168029785
1788681552410553600,20.1835537109375,-8.575132369995117,0.18225860595703125,-11.051036834716797
1788681552420601900,20.193601806640626,-8.610222816467285,0.2587234079837799,-11.3107328414917
1788681552430703000,20.203703125,-8.60079574584961,0.47008654475212097,-11.294122695922852
1788681552440776400,20.2137763671875,-8.232911109924316,0.45497313141822815,-11.344625473022461
1788681552450851000,20.22385107421875,-8.065616607666016,0.6986579895019531,-10.99896240234375
1788681552460925400,20.233925537109375,-8.614337921142578,1.0538976192474365,-10.556783676147461
1788681552471001600,20.244001708984374,-8.40536880493164,1.232789397239685,-10.58888053894043
1788681552481075500,20.254075439453125,-7.799785614013672,1.4272434711456299,-10.548627853393555
1788681552491149300,20.2641494140625,-7.70506477355957,1.6243162155151367,-10.706794738769531
1788681552501224400,20.274224365234375,-7.582960605621338,1.866579532623291,-10.58304500579834
1788681552511299800,20.2842998046875,-7.462951183319092,1.8724154233932495,-10.464082717895508
1788681552521374500,20.29437451171875,-7.092298984527588,1.936235785484314,-10.306365013122559
1788681552531447600,20.304447509765627,-7.250839710235596,1.9564368724822998,-9.937882423400879
1788681552541523200,20.314523193359374,-7.067683219909668,2.004021644592285,-9.786747932434082
1788681552551597000,20.32459716796875,-6.619593620300293,2.0768203735351562,-9.688960075378418
1788681552561672400,20.33467236328125,-6.885275363922119,2.1903953552246094,-9.689558982849121
1788681552571747000,20.3447470703125,-6.651915550231934,2.156277894973755,-9.393351554870605
1788681552581822000,20.354822021484374,-6.998625755310059,2.0837783813476562,-9.02823543548584
1788681552591870200,20.3648701171875,-6.534300327301025,1.9907786846160889,-8.726041793823242
1788681552601970400,20.374970458984375,-6.648698329925537,1.938854455947876,-8.472780227661133
1788681552612045300,20.38504541015625,-5.890259742736816,1.8800468444824219,-8.356587409973145
1788681552622093600,20.395093505859375,-5.7387518882751465,1.8867806196212769,-8.397737503051758
1788681552632172800,20.4051728515625,-5.717353820800781,1.939153790473938,-8.342670440673828
1788681552642268400,20.415268310546875,-5.879785060882568,2.011728048324585,-8.345663070678711
1788681552652334800,20.4253349609375,-5.311985492706299,2.142885446548462,-8.36384391784668
1788681552662403300,20.4354033203125,-5.236867427825928,2.281000852584839,-8.456544876098633
1788681552672466400,20.445466552734374,-5.0513916015625,2.4025065898895264,-8.49245834350586
1788681552682541800,20.455541748046876,-4.824615478515625,2.497227191925049,-8.399682998657227
1788681552692618500,20.465618408203124,-4.5008745193481445,2.658611297607422,-8.197148323059082
1788681552702690800,20.47569091796875,-4.06198787689209,2.767622232437134,-7.947552680969238
1788681552712765200,20.48576513671875,-3.819275379180908,2.9261634349823,-7.945308208465576
1788681552722839800,20.49583984375,-3.652803659439087,3.131241798400879,-8.100332260131836
1788681552732914700,20.505914794921875,-3.436053514480591,3.354800224304199,-8.20268440246582
1788681552743015700,20.516015625,-3.162515878677368,3.658639430999756,-8.317980766296387
1788681552753063200,20.526063232421876,-2.7043256759643555,4.054954528808594,-8.416741371154785
1788681552763164200,20.5361640625,-2.4257752895355225,4.40121603012085,-8.411279678344727
1788681552773239000,20.546239013671876,-2.4577977657318115,4.91843843460083,-8.663942337036133
1788681552783313200,20.556313232421875,-2.4215853214263916,5.524919509887695,-9.035792350769043
1788681552793362700,20.56636279296875,-2.1442320346832275,6.054187774658203,-9.305139541625977
1788681552803462100,20.576462158203125,-2.044423818588257,6.518662929534912,-9.522788047790527
1788681552813537000,20.586537109375,-2.1205146312713623,6.94999361038208,-9.597830772399902
1788681552823585500,20.59658544921875,-1.8876783847808838,7.352219104766846,-9.597830772399902
1788681552833686300,20.606686279296873,-1.7510592937469482,7.600168704986572,-9.409661293029785
1788681552843760400,20.616760498046876,-2.196530342102051,7.665709972381592,-9.006388664245605
1788681552853835500,20.62683544921875,-2.8505964279174805,7.534029006958008,-8.261940956115723
1788681552863910000,20.636909912109374,-2.917259931564331,7.356259346008301,-7.672817707061768
1788681552873984500,20.646984619140625,-2.4968531131744385,7.194052219390869,-7.418583393096924
1788681552884059000,20.657058837890624,-2.416273355484009,7.093047142028809,-7.13075590133667
1788681552894133800,20.6671337890625,-2.6205286979675293,7.0341644287109375,-7.199513912200928
1788681552904208000,20.677207763671873,-2.4187421798706055,6.943559169769287,-7.092074394226074
1788681552914283000,20.687282958984376,-2.1431097984313965,6.760477542877197,-6.394464015960693
1788681552924357000,20.697357177734375,-1.9616742134094238,6.6397199630737305,-5.554099082946777
1788681552934432300,20.707432373046874,-1.7900398969650269,6.647351264953613,-4.846687316894531
1788681552944507000,20.7175068359375,-1.371802806854248,6.595951080322266,-3.8599767684936523
1788681552954605000,20.72760498046875,-1.1776479482650757,6.5907135009765625,-2.955791711807251
1788681552964655600,20.737655517578126,-1.18557870388031,6.6361284255981445,-2.5504982471466064
1788681552974730000,20.74772998046875,-1.2360814809799194,6.610091686248779,-2.395249128341675
1788681552984804900,20.757804931640624,-1.4151228666305542,6.565424919128418,-2.431760787963867
1788681552994881000,20.767881103515624,-1.4469208717346191,6.509235858917236,-2.673126220703125
1788681553004954000,20.7779541015625,-1.2329390048980713,6.257096290588379,-2.7457003593444824
1788681553015028700,20.78802880859375,-1.1753286123275757,5.941211700439453,-2.601898670196533
1788681553025102300,20.798102294921875,-1.2218658924102783,5.631012916564941,-2.2439656257629395
1788681553035178200,20.80817822265625,-0.8996961116790771,5.337124347686768,-2.240823268890381
1788681553045252400,20.81825244140625,-0.40230071544647217,5.096432209014893,-2.150442123413086
1788681553055327200,20.8283271484375,-0.12053309381008148,4.835314750671387,-2.04547119140625
1788681553065401600,20.838401611328123,-0.11185411363840103,4.760121822357178,-1.8213889598846436
1788681553075475700,20.848475830078126,-0.02124853990972042,4.75196647644043,-1.3465888500213623
1788681553085550600,20.858550537109377,0.1859247237443924,4.896815776824951,-1.0338462591171265
1788681553095625700,20.868625732421876,0.11918635666370392,5.120673656463623,-0.9476549625396729
1788681553105699800,20.878699951171875,0.11462240666151047,5.451821804046631,-1.221716284751892
1788681553115775000,20.88877490234375,0.43529579043388367,5.845592975616455,-1.597007393836975
1788681553125866500,20.898866455078124,0.7154921889305115,6.217292785644531,-1.770736575126648
1788681553135924000,20.908924072265624,0.7565677165985107,6.587271690368652,-1.683048963546753
1788681553145998300,20.918998291015626,0.6894552707672119,6.9596452713012695,-1.4492402076721191
1788681553156072000,20.929072021484377,0.6079027652740479,7.209913730621338,-1.1670236587524414
1788681553166147600,20.939147705078124,0.6126911640167236,7.34743070602417,-0.9633669257164001
1788681553176221700,20.9492216796875,0.599373459815979,7.578995227813721,-0.9346364736557007
1788681553186296600,20.959296630859374,0.5448305010795593,8.00217056274414,-1.026588797569275
1788681553196370700,20.96937060546875,0.46252983808517456,8.560842514038086,-1.2454338073730469
1788681553206446800,20.97944677734375,0.3173065483570099,9.216554641723633,-1.5235352516174316
1788681553216520700,20.989520751953126,0.12741641700267792,9.79752254486084,-1.7334768772125244
1788681553226594300,20.99959423828125,-0.147916778922081,10.358438491821289,-1.8273744583129883
1788681553236670200,21.009670166015624,-0.26059389114379883,10.758345603942871,-1.8630629777908325
1788681553246744600,21.01974462890625,-0.06958148628473282,11.053730010986328,-2.0091092586517334
1788681553256819500,21.0298193359375,0.35755905508995056,11.199551582336426,-2.1951088905334473
1788681553266867700,21.03986767578125,0.7902361750602722,11.148750305175781,-2.2316205501556396
1788681553276968000,21.049968017578124,1.0830022096633911,10.892195701599121,-2.0669443607330322
1788681553287042800,21.060042724609374,1.1118074655532837,10.495881080627441,-1.896955966949463
1788681553297118200,21.0701181640625,0.9392752647399902,10.013823509216309,-1.9000234603881836
1788681553307191800,21.08019189453125,0.7443722486495972,9.590798377990723,-2.002974271774292
1788681553317266400,21.090266357421875,0.5633107423782349,9.271620750427246,-2.083928108215332
1788681553327316700,21.100316650390624,0.4718073606491089,9.046416282653809,-2.0202572345733643
1788681553337416000,21.110416015625,0.5104886889457703,8.91069507598877,-1.8516157865524292
1788681553347490000,21.120489990234375,0.6267570853233337,8.889371871948242,-1.80919349193573
1788681553357564200,21.130564208984374,0.7595604658126831,8.94301700592041,-1.6935983896255493
1788681553367639600,21.1406396484375,0.9466074705123901,9.12033748626709,-1.5925182104110718
1788681553377714200,21.150714111328124,1.265709638595581,9.36581802368164,-1.4802900552749634
1788681553387788500,21.16078857421875,1.5025112628936768,9.722478866577148,-1.4518588781356812
1788681553397862100,21.170862060546874,1.3724013566970825,10.122011184692383,-1.646238088607788
1788681553407938000,21.18093798828125,0.93254154920578,10.397120475769043,-1.8031331300735474
1788681553418012700,21.1910126953125,0.46829089522361755,10.495805740356445,-1.80919349193573
1788681553428086500,21.20108642578125,0.15435118973255157,10.487277030944824,-1.7662475109100342
1788681553438162000,21.211161865234374,0.06621464341878891,10.314519882202148,-1.6820014715194702
1788681553448236800,21.22123681640625,0.15667057037353516,10.045472145080566,-1.6082301139831543
1788681553458284500,21.231284423828125,0.32441434264183044,9.783307075500488,-1.6138415336608887
1788681553468385300,21.24138525390625,0.554781436920166,9.564910888671875,-1.7125276327133179
1788681553478459100,21.251459228515625,0.7496843934059143,9.482460021972656,-1.8008885383605957
1788681553488519000,21.261518798828124,0.9088988304138184,9.534982681274414,-1.913490891456604
1788681553498609700,21.271609619140627,0.9511714577674866,9.705794334411621,-2.100163698196411
1788681553508683300,21.281683349609374,0.9062801599502563,9.871368408203125,-2.2818238735198975
1788681553518758400,21.29175830078125,0.9154080748558044,9.88618278503418,-2.3570168018341064
1788681553528832000,21.30183203125,0.9622446298599243,9.784953117370605,-2.3627030849456787
1788681553538908000,21.311907958984374,0.9890297651290894,9.586308479309082,-2.281449794769287
1788681553548982500,21.321982421875,0.9787047505378723,9.378087997436523,-2.216806411743164
1788681553559056000,21.332055908203124,0.9222913980484009,9.245209693908691,-2.199373483657837
1788681553569131500,21.342131591796875,0.8400655388832092,9.196053504943848,-2.219649314880371
1788681553579205400,21.352205322265625,0.7787889242172241,9.223512649536133,-2.261024236679077
1788681553589280800,21.36228076171875,0.7054665088653564,9.254562377929688,-2.30718731880188
1788681553599368000,21.372367919921874,0.6622212529182434,9.30686092376709,-2.2840683460235596
1788681553609430300,21.38243017578125,0.6527940630912781,9.349581718444824,-2.201692819595337
1788681553619504000,21.392504150390625,0.6611737608909607,9.412429809570312,-2.117820978164673
1788681553629579000,21.4025791015625,0.6679074764251709,9.519720077514648,-2.065971612930298
1788681553639653600,21.412653564453127,0.6613982319831848,9.628207206726074,-2.0248212814331055
1788681553649728000,21.42272802734375,0.6536170840263367,9.753304481506348,-1.978732943534851
1788681553659779600,21.432779541015623,0.6603507399559021,9.854683876037598,-1.9328689575195312
1788681553669877500,21.44287744140625,0.6415712237358093,9.860145568847656,-1.854009985923767
1788681553679951000,21.452951171875,0.6414216160774231,9.756970405578613,-1.7673697471618652
1788681553690026000,21.46302587890625,0.6805518269538879,9.626261711120605,-1.6914286613464355
1788681553700101000,21.47310107421875,0.7769184708595276,9.509544372558594,-1.6888099908828735
1788681553710175700,21.48317578125,0.7944260239601135,9.400833129882812,-1.6787095069885254
1788681553720251000,21.4932509765625,0.6598270535469055,9.323993682861328,-1.6905308961868286
1788681553730324000,21.503323974609376,0.3975871205329895,9.236979484558105,-1.678036093711853
1788681553740409000,21.5134091796875,0.09487023949623108,9.140164375305176,-1.6487071514129639
1788681553750474000,21.523473876953126,-0.2555062174797058,8.995539665222168,-1.658807635307312
1788681553760548000,21.533548095703125,-0.5318120718002319,8.815674781799316,-1.71245276927948
1788681553770597400,21.543597412109374,-0.5342062711715698,8.555305480957031,-1.7623568773269653
1788681553780697900,21.55369775390625,-0.21443068981170654,8.221014976501465,-1.8011130094528198
1788681553790772700,21.563772705078126,0.19078794121742249,7.797465801239014,-1.8538602590560913
1788681553800847400,21.573847412109377,0.25400984287261963,7.218667984008789,-1.909675121307373
1788681553810922500,21.583922607421876,-0.14327800273895264,6.434641361236572,-2.1092169284820557
1788681553820970200,21.59397021484375,-1.257030725479126,6.032415866851807,-2.7207109928131104
1788681553831071500,21.604071533203125,-1.7732056379318237,5.857414245605469,-2.964395761489868
1788681553841145900,21.614145751953124,-1.6415245532989502,5.7282023429870605,-2.827028512954712
1788681553851220200,21.62422021484375,-1.4891186952590942,5.748403549194336,-2.6099042892456055
1788681553861268700,21.634268798828124,-1.2030115127563477,5.960065841674805,-2.452335834503174
1788681553871369200,21.644369140625,-0.6568342447280884,6.1018476486206055,-2.223240852355957
1788681553881444600,21.654444580078124,-0.3812018036842346,6.13521671295166,-2.2539913654327393
1788681553891517700,21.664517578125,-0.09120412170886993,6.143970489501953,-2.579827070236206
1788681553901592600,21.674592529296874,0.28401216864585876,6.1611785888671875,-3.0838065147399902
1788681553911668000,21.68466796875,1.5257049798965454,6.09436559677124,-3.374253273010254
1788681553921742800,21.694742919921875,1.954342007637024,6.026280403137207,-3.533916473388672
1788681553931816400,21.70481640625,0.7751976251602173,6.1058878898620605,-3.8900539875030518
1788681553941891600,21.7148916015625,-0.5589712858200073,6.360720634460449,-4.21312141418457
1788681553951965400,21.72496533203125,-1.5832407474517822,6.686107635498047,-4.338817119598389
1788681553962040300,21.735040283203126,-1.984868049621582,7.13083028793335,-3.995847702026367
1788681553972099600,21.745099609375,-1.5968576669692993,7.559617042541504,-3.716923236846924
1788681553982165200,21.755165283203127,-0.8038532137870789,7.699228763580322,-3.6046202182769775
1788681553992238000,21.765238037109373,-0.22670097649097443,7.439233779907227,-3.959261417388916
1788681554002334200,21.775334228515625,-0.3146878778934479,6.993687629699707,-4.242974281311035
1788681554012407800,21.78540771484375,-0.40469491481781006,6.954108238220215,-4.2573394775390625
1788681554022462500,21.79546240234375,-0.8453028202056885,7.209839344024658,-4.366500377655029
1788681554032537000,21.805537109375,-2.241197347640991,7.5604400634765625,-4.983755111694336
1788681554042622200,21.815622314453126,-3.2427966594696045,7.854328155517578,-5.687575817108154
1788681554052687600,21.8256875,-3.7042040824890137,7.901913166046143,-6.196568012237549
1788681554062761700,21.83576171875,-3.648164749145508,7.767239093780518,-6.670246124267578
1788681554072836000,21.845836181640625,-2.621875286102295,7.596876621246338,-7.184924602508545
1788681554082910700,21.85591064453125,-1.8775779008865356,7.424419403076172,-7.717559337615967
1788681554092985000,21.865985107421874,-2.0964977741241455,7.458312511444092,-8.169240951538086
1788681554103085000,21.8760849609375,-2.4544308185577393,7.727210998535156,-8.202310562133789
1788681554113160400,21.886160400390626,-2.4768764972686768,8.103998184204102,-7.867122173309326
1788681554123234800,21.89623486328125,-2.544363021850586,8.302268028259277,-7.457564353942871
1788681554133309400,21.906309326171876,-3.012354612350464,8.2359037399292,-7.19936466217041
1788681554143383800,21.9163837890625,-3.1670799255371094,7.960570812225342,-7.200187683105469
1788681554153458400,21.92645849609375,-2.124779224395752,7.686285495758057,-7.23909330368042
1788681554163533000,21.936532958984376,-0.801459014415741,7.420977592468262,-7.20976448059082
1788681554173608000,21.94660791015625,-1.3819032907485962,7.026832580566406,-6.933757781982422
1788681554183682000,21.95668212890625,-2.247706413269043,6.5837554931640625,-6.4205756187438965
1788681554193737500,21.966737548828124,-2.016815662384033,6.384662628173828,-6.102520942687988
1788681554203831600,21.97683154296875,-2.4768764972686768,6.017526626586914,-6.119355201721191
1788681554213901600,21.986901611328125,-2.6296565532684326,5.599289417266846,-6.415862083435059
1788681554223985200,21.996985107421875,-2.6459670066833496,5.247790813446045,-6.825943946838379
1788681554234055200,22.00705517578125,-2.843338966369629,4.702735900878906,-7.126491069793701
1788681554244129800,22.0171298828125,-2.575861692428589,4.26010799407959,-7.267150402069092
1788681554254204200,22.0272041015625,-3.4576761722564697,3.9443724155426025,-7.363142967224121
1788681554264254700,22.037254638671875,-4.729895114898682,3.917288064956665,-7.865850448608398
1788681554274328000,22.047328125,-5.32156229019165,4.1082258224487305,-8.700678825378418
1788681554284402400,22.05740234375,-4.891728401184082,4.275445461273193,-9.313968658447266
1788681554294477300,22.067477294921876,-4.7579522132873535,4.254870414733887,-9.62139892578125
1788681554304577800,22.077577880859376,-4.776731491088867,4.21312141418457,-9.87353801727295
1788681554314652000,22.08765185546875,-4.796034812927246,3.9863457679748535,-9.700258255004883
1788681554324700200,22.0977001953125,-4.5522003173828125,3.805433988571167,-9.418041229248047
1788681554334801400,22.107801513671873,-4.384157180786133,3.641655683517456,-9.107468605041504
1788681554344876000,22.1178759765625,-4.623353004455566,3.5960910320281982,-9.235708236694336
1788681554354949600,22.12794970703125,-4.881852149963379,3.6572179794311523,-9.228450775146484
1788681554365025000,22.13802490234375,-4.9129767417907715,3.617713689804077,-8.773627281188965
1788681554375100400,22.148100341796876,-5.335628032684326,3.485957622528076,-8.098162651062012
1788681554385174300,22.15817431640625,-4.764985084533691,2.962226152420044,-7.375936985015869
1788681554395248400,22.168248291015626,-3.940556764602661,2.764704465866089,-7.396886348724365
1788681554405323500,22.178323486328125,-4.392162799835205,2.6006267070770264,-7.636006832122803
1788681554415416600,22.18841650390625,-5.155165195465088,2.4599673748016357,-7.952789783477783
1788681554425472000,22.198471923828127,-5.437531471252441,2.4512135982513428,-8.313566207885742
1788681554435547400,22.20854736328125,-6.061071395874023,2.479794502258301,-8.490063667297363
1788681554445621800,22.218621826171876,-6.395062446594238,2.517428159713745,-8.842011451721191
1788681554455697000,22.22869677734375,-6.2986955642700195,2.5340380668640137,-9.433304786682129
1788681554465771000,22.23877099609375,-5.976077079772949,2.441711664199829,-9.831415176391602
1788681554475846400,22.248846435546874,-6.020519256591797,2.1155765056610107,-10.083629608154297
1788681554485920300,22.258920166015624,-6.389675617218018,1.6573113203048706,-10.198027610778809
1788681554495995400,22.268995361328123,-6.570138454437256,1.2187235355377197,-10.017189979553223
1788681554506070000,22.279070068359374,-6.7526960372924805,1.0241197347640991,-9.717840194702148
1788681554516144600,22.28914453125,-6.729651927947998,1.0334721803665161,-9.893364906311035
1788681554526193200,22.299193115234374,-6.270114898681641,1.0989385843276978,-10.427347183227539
1788681554536293600,22.309293701171875,-6.246472358703613,1.1525837182998657,-10.397270202636719
1788681554546367700,22.31936767578125,-6.9781999588012695,1.1480196714401245,-10.260725021362305
1788681554556441900,22.32944189453125,-6.970942497253418,1.153855562210083,-10.229750633239746
1788681554566517200,22.339517333984375,-6.788384914398193,1.1544541120529175,-9.757643699645996
1788681554576592400,22.34959228515625,-6.63163948059082,1.1011083126068115,-9.479393005371094
1788681554586666500,22.35966650390625,-6.772672653198242,1.1791443824768066,-9.640851974487305
1788681554596740400,22.369740234375,-7.293486595153809,1.1843816041946411,-9.868001937866211
1788681554606815000,22.37981494140625,-7.340622425079346,1.1757774353027344,-10.531719207763672
1788681554616891000,22.389890869140626,-7.775094985961914,1.349656343460083,-10.970905303955078
1788681554626964500,22.399964599609376,-8.190638542175293,1.4881459474563599,-11.240777015686035
1788681554637039900,22.410039794921875,-8.262090682983398,1.3952958583831787,-11.585990905761719
1788681554647114200,22.4201142578125,-8.08387279510498,1.1964274644851685,-11.572224617004395
1788681554657189000,22.430189208984373,-8.0122709274292,1.0889877080917358,-11.591676712036133
1788681554667263700,22.440263671875,-8.395193099975586,1.0120739936828613,-11.550003051757812
1788681554677312500,22.4503125,-8.266205787658691,1.0907084941864014,-11.187131881713867
1788681554687386600,22.46038671875,-8.003816604614258,1.1964274644851685,-10.885537147521973
1788681554697487400,22.4704873046875,-7.492280006408691,1.3759177923202515,-10.600028991699219
1788681554707562500,22.4805625,-7.515100002288818,1.527725100517273,-10.402132987976074
1788681554717636600,22.49063671875,-7.06873083114624,1.6354641914367676,-10.363900184631348
1788681554727692000,22.500692138671877,-6.587271690368652,1.721431016921997,-10.249502182006836
1788681554737785900,22.510785888671876,-6.58734655380249,1.8925416469573975,-10.080337524414062
1788681554747860700,22.52086083984375,-6.283731937408447,2.0677671432495117,-9.79408073425293
1788681554757934300,22.530934326171874,-6.456638336181641,2.1839609146118164,-9.297284126281738
1788681554768010500,22.541010498046877,-6.187514781951904,2.2142624855041504,-9.187150001525879
1788681554778084600,22.551084716796876,-6.103792667388916,2.1978023052215576,-9.18393325805664
1788681554788159200,22.5611591796875,-6.142474174499512,2.0794389247894287,-9.189170837402344
1788681554798233000,22.571233154296873,-5.853972911834717,2.002824544906616,-9.179967880249023
1788681554808308200,22.58130810546875,-5.670217990875244,1.9952678680419922,-8.982521057128906
1788681554818382800,22.5913828125,-5.550956726074219,2.044348955154419,-8.918176651000977
1788681554828456700,22.601456787109374,-5.307122230529785,2.1674258708953857,-8.986560821533203
1788681554838532000,22.611531982421877,-5.206715106964111,2.308983087539673,-9.03870964050293
1788681554848581600,22.62158154296875,-5.122020244598389,2.4910173416137695,-9.069161415100098
1788681554858671600,22.631671630859376,-5.162647247314453,2.678438425064087,-9.07641887664795
1788681554868756000,22.641755859375,-5.078176498413086,2.763357639312744,-9.029731750488281
1788681554878830600,22.65183056640625,-4.553472518920898,2.7982232570648193,-8.937255859375
1788681554888879000,22.661879150390625,-4.331709384918213,2.899153709411621,-8.893411636352539
1788681554898979600,22.6719794921875,-3.9215526580810547,3.0392894744873047,-8.619050979614258
1788681554909054200,22.68205419921875,-3.628936290740967,3.2194530963897705,-8.376862525939941
1788681554919129000,22.692129150390624,-3.4956092834472656,3.4280478954315186,-8.190040588378906
1788681554929202400,22.702202392578126,-3.338714361190796,3.641730308532715,-8.065317153930664
1788681554939278000,22.712278076171874,-3.2410008907318115,3.8714990615844727,-8.069282531738281
1788681554949367800,22.722367919921876,-3.0457985401153564,4.137779235839844,-8.365939140319824
1788681554959426800,22.7324267578125,-2.68412446975708,4.284348964691162,-8.501510620117188
1788681554969502200,22.742502197265626,-2.551844835281372,4.479850769042969,-8.572588920593262
1788681554979575800,22.752575927734377,-2.4682722091674805,4.822371006011963,-8.793378829956055
1788681554989651700,22.762651611328124,-2.0643255710601807,5.2060418128967285,-9.010278701782227
1788681554999724800,22.772724853515626,-1.6778864860534668,5.473968029022217,-9.046192169189453
1788681555009800200,22.78280029296875,-1.4841805696487427,5.894749164581299,-9.19515609741211
1788681555019875000,22.792875,-1.4990695714950562,6.390124320983887,-9.136423110961914
1788681555029948400,22.802948486328123,-1.6598551273345947,6.921936511993408,-9.063774108886719
1788681555040024300,22.8130244140625,-1.5943138599395752,7.492055892944336,-9.078962326049805
1788681555050098400,22.823098388671873,-1.5845874547958374,7.938050746917725,-8.928651809692383
1788681555060165400,22.833165283203126,-1.7673697471618652,8.076539993286133,-8.307954788208008
1788681555070248400,22.84324853515625,-1.9994577169418335,8.046013832092285,-7.890540599822998
1788681555080322000,22.853322021484374,-2.375197649002075,7.88582706451416,-7.447014808654785
1788681555090396200,22.863396240234376,-2.700435161590576,7.63301420211792,-7.076961040496826
1788681555100471800,22.873471923828124,-2.9031190872192383,7.261239528656006,-6.711545944213867
1788681555110547000,22.883546875,-3.0977976322174072,6.87562370300293,-6.194697856903076
1788681555120621300,22.893621337890625,-2.866457939147949,6.69141960144043,-5.76793098449707
1788681555130695000,22.90369482421875,-2.2251861095428467,6.614206790924072,-5.173795223236084
1788681555140770600,22.9137705078125,-1.7548750638961792,6.699350357055664,-4.6122050285339355
1788681555150844700,22.9238447265625,-1.2472294569015503,6.908693313598633,-4.088922500610352
1788681555160919000,22.9339189453125,-1.115623116493225,7.081674575805664,-3.280280828475952
1788681555170994400,22.943994384765624,-1.448117971420288,7.258321762084961,-2.570100784301758
1788681555181068300,22.954068359375,-1.7512837648391724,7.31234073638916,-2.1543326377868652
1788681555191143700,22.964143798828125,-1.6469115018844604,7.309871673583984,-2.065223455429077
1788681555201217000,22.974217041015624,-1.0195558071136475,7.171008110046387,-2.2498013973236084
1788681555211292700,22.984292724609375,-0.45908817648887634,7.030872344970703,-2.6944496631622314
1788681555221390000,22.99439013671875,-0.270993709564209,6.7696051597595215,-2.899153709411621
1788681555231441400,23.00444140625,-0.4998644292354584,6.479832172393799,-2.924816608428955
1788681555241516500,23.0145166015625,-1.1072434186935425,6.205022811889648,-2.884564161300659
1788681555251590400,23.02459033203125,-1.695842981338501,5.935300827026367,-2.6520273685455322
1788681555261665000,23.0346650390625,-1.5407435894012451,5.781548023223877,-2.3871686458587646
1788681555271714600,23.044714599609375,-1.1968015432357788,5.682039260864258,-2.301875352859497
1788681555281791500,23.05479150390625,-0.8105869293212891,5.48848295211792,-2.2566099166870117
1788681555291888600,23.064888671875,-0.3415478467941284,5.2317795753479,-1.9565117359161377
1788681555301964000,23.074964111328125,0.06591536849737167,4.955473899841309,-1.6557401418685913
1788681555312039200,23.0850390625,0.6520458459854126,4.78122091293335,-1.5025112628936768
1788681555322101000,23.09510107421875,1.417517066001892,4.761917591094971,-1.6130186319351196
1788681555332162000,23.105162109375,1.8915690183639526,4.92188024520874,-1.7262194156646729
1788681555342262300,23.11526220703125,1.6991350650787354,4.983904838562012,-1.3813047409057617
1788681555352334600,23.12533447265625,0.8591443300247192,5.140725135803223,-0.8937106132507324
1788681555362408400,23.135408447265625,0.0802057534456253,5.2929816246032715,-0.4016273319721222
1788681555372460500,23.14546044921875,-0.128164604306221,5.7020158767700195,-0.18614917993545532
1788681555382537500,23.155537353515626,0.42182841897010803,6.488062381744385,-0.44853872060775757
1788681555392609800,23.16560986328125,1.1179425716400146,7.4729766845703125,-0.9917232394218445
1788681555402684700,23.1756845703125,1.3844470977783203,8.46043586730957,-1.4078654050827026
1788681555412759600,23.185759521484375,1.1460744142532349,9.370606422424316,-1.5622166395187378
1788681555422836500,23.19583642578125,0.44158056378364563,10.12822151184082,-1.4194623231887817
1788681555432908500,23.205908447265625,-0.44719198346138,10.796503067016602,-1.2286744117736816
1788681555442987300,23.2159873046875,-0.8153005242347717,11.230900764465332,-1.4148235321044922
1788681555453057800,23.226057861328126,-0.6800280809402466,11.520898818969727,-1.72786545753479
1788681555463158000,23.236157958984375,-0.1825578808784485,11.674052238464355,-2.176030158996582
1788681555473233000,23.24623291015625,0.5110124349594116,11.728370666503906,-2.494832992553711
1788681555483307300,23.256307373046877,1.1820622682571411,11.554491996765137,-2.5795278549194336
1788681555493382400,23.26638232421875,1.3771148920059204,10.988637924194336,-2.2835447788238525
1788681555503456500,23.27645654296875,1.0910825729370117,10.244789123535156,-1.8695722818374634
1788681555513531600,23.28653173828125,0.9914987683296204,9.628730773925781,-1.77335524559021
1788681555523606000,23.29660595703125,1.1335797309875488,9.19395923614502,-1.9015198945999146
1788681555533681200,23.30668115234375,1.4019547700881958,8.882039070129395,-1.918503761291504
1788681555543731700,23.316731689453125,1.5118635892868042,8.771681785583496,-1.8643349409103394
1788681555553807600,23.3268076171875,1.3876643180847168,8.825700759887695,-1.7728315591812134
1788681555563904500,23.336904541015624,1.0360907316207886,9.073874473571777,-1.7367688417434692
1788681555573979400,23.3469794921875,0.5277718305587769,9.379958152770996,-1.6842460632324219
1788681555584053500,23.357053466796874,0.2056768834590912,9.69038200378418,-1.6551415920257568
1788681555594123000,23.367123046875,0.1348234862089157,9.907879829406738,-1.9522470235824585
1788681555604202800,23.37720263671875,0.1173158809542656,9.990704536437988,-2.265737771987915
1788681555614278000,23.38727783203125,0.13938742876052856,10.035370826721191,-2.3407809734344482
1788681555624351200,23.397351318359377,0.30047231912612915,10.09589958190918,-2.137049436569214
1788681555634427100,23.40742724609375,0.45841479301452637,10.067543029785156,-1.8644098043441772
1788681555644501000,23.4175009765625,0.5137807130813599,9.940201759338379,-1.6873884201049805
1788681555654576400,23.427576416015626,0.6123170852661133,9.76550006866455,-1.5573533773422241
1788681555664650800,23.437650634765625,0.5996727347373962,9.586832046508789,-1.4424316883087158
1788681555674699000,23.447698974609374,0.5149030089378357,9.464129447937012,-1.3328969478607178
1788681555684800000,23.457800048828126,0.5529857873916626,9.496451377868652,-1.3221230506896973
1788681555694875000,23.467875,0.621968686580658,9.678635597229004,-1.3966425657272339
1788681555704949000,23.477948974609376,0.5751321315765381,9.87391185760498,-1.582492470741272
1788681555714997800,23.487997802734377,0.5133318305015564,9.924489974975586,-1.7084873914718628
1788681555725083600,23.498083740234375,0.4819827377796173,9.766846656799316,-1.735496997833252
1788681555735173600,23.508173583984377,0.5538836121559143,9.650728225708008,-1.8545336723327637
1788681555745247500,23.51824755859375,0.6552630662918091,9.697639465332031,-2.0744261741638184
1788681555755299600,23.528299560546873,0.6970119476318359,9.929502487182617,-2.296638011932373
1788681555765397200,23.538397216796874,0.7549965381622314,10.179471969604492,-2.321777105331421
1788681555775472000,23.54847216796875,0.9187749028205872,10.232144355773926,-2.22660756111145
1788681555785546000,23.5585458984375,1.1437550783157349,9.985840797424316,-2.0258686542510986
1788681555795596000,23.568595947265624,1.2728923559188843,9.554061889648438,-1.8292449712753296
1788681555805695700,23.57869580078125,1.3006501197814941,9.161038398742676,-1.8110640048980713
1788681555815770600,23.5887705078125,1.1635072231292725,8.914660453796387,-1.8404676914215088
1788681555825843700,23.59884375,0.821959376335144,8.832584381103516,-1.919625997543335
1788681555835919600,23.608919677734374,0.20522797107696533,8.917353630065918,-2.1030068397521973
1788681555845994000,23.618993896484376,-0.5015852451324463,9.061530113220215,-2.298957347869873
1788681555856067800,23.62906787109375,-1.0086323022842407,9.190816879272461,-2.476651906967163
1788681555866143000,23.63914306640625,-1.1534814834594727,9.240346908569336,-2.5254337787628174
1788681555876217600,23.649217529296877,-1.001225233078003,9.183484077453613,-2.502389669418335
1788681555886292500,23.65929248046875,-0.8432827591896057,9.001001358032227,-2.4490439891815186
1788681555896367000,23.6693671875,-0.6232406497001648,8.698883056640625,-2.310554265975952
1788681555906441000,23.67944091796875,0.2149544209241867,8.253636360168457,-2.0248212814331055
1788681555916515800,23.689515869140624,1.9244143962860107,7.329399585723877,-1.5729905366897583
1788681555926564900,23.69956494140625,3.180098295211792,6.1968674659729,-1.3628244400024414
1788681555936665900,23.709665771484374,1.5570541620254517,5.510554313659668,-1.9176807403564453
1788681555946740200,23.719740234375,-0.9991303086280823,4.972607135772705,-2.3889644145965576
1788681555956814000,23.72981396484375,-2.968660354614258,4.401066303253174,-2.5061306953430176
1788681555966890000,23.739889892578127,-3.2439188957214355,4.298415184020996,-2.4841339588165283
1788681555976964600,23.749964599609374,-1.791162133216858,4.7509942054748535,-2.136376142501831
1788681555987039000,23.7600390625,-0.6007201671600342,5.547664642333984,-1.9779846668243408
1788681555997112600,23.770112548828124,0.3428197503089905,6.586673259735107,-2.4179940223693848
1788681556007187200,23.780187255859374,1.0509048700332642,7.665410995483398,-3.068169593811035
1788681556017263000,23.79026318359375,1.5666309595108032,8.780211448669434,-3.6828060150146484
1788681556027336700,23.800336669921876,1.5007903575897217,9.712752342224121,-4.130072593688965
1788681556037411800,23.810411865234375,0.8802432417869568,10.335394859313965,-4.37996768951416
1788681556047486700,23.82048681640625,0.02843114547431469,10.337190628051758,-4.630984783172607
1788681556057560800,23.830560791015625,-1.0512789487838745,9.585037231445312,-4.551976203918457
1788681556067635200,23.84063525390625,-1.6068086624145508,8.426841735839844,-4.348094940185547
1788681556077710600,23.850710693359375,-1.670180082321167,7.455843448638916,-4.424559593200684
1788681556087784200,23.8607841796875,-0.8277952671051025,6.7230682373046875,-4.423213005065918
1788681556097860000,23.870860107421876,0.8954314589500427,6.203002452850342,-4.051737308502197
1788681556107934000,23.880933837890623,1.152957797050476,5.99186372756958,-3.752387523651123
1788681556118009300,23.89100927734375,-1.8456302881240845,5.951312065124512,-4.490849018096924
1788681556128083500,23.90108349609375,-4.429946422576904,6.1123223304748535,-5.548637390136719
1788681556138158000,23.911157958984376,-4.682684421539307,6.270414352416992,-6.258443355560303
1788681556148233200,23.921233154296875,-3.3337762355804443,6.238616466522217,-6.3150811195373535
1788681556158306600,23.931306640625,-1.2958617210388184,6.064737319946289,-6.144793510437012
1788681556168382200,23.94138232421875,-0.41038113832473755,5.75558614730835,-6.02919864654541
1788681556178457000,23.95145703125,-1.2791770696640015,5.4572834968566895,-6.233977317810059
1788681556188508400,23.96150830078125,-1.8498201370239258,5.517587661743164,-6.233154296875
1788681556198605300,23.971605224609377,-1.0314520597457886,5.873799800872803,-5.477559566497803
1788681556208680000,23.981679931640624,-0.5111620426177979,6.272284507751465,-4.795735836029053
1788681556218755600,23.991755615234375,-0.756866991519928,6.643535614013672,-4.6973490715026855
1788681556228829700,24.00182958984375,-1.0126725435256958,7.1746745109558105,-5.020715713500977
1788681556238880300,24.01188037109375,-1.3924527168273926,7.587599277496338,-5.434987545013428
1788681556248979200,24.021979248046875,-2.1184945106506348,7.768660545349121,-5.611559867858887
1788681556259027500,24.03202734375,-2.7114334106445312,7.588871002197266,-5.681814670562744
1788681556269129200,24.042129150390625,-2.072780132293701,7.276128768920898,-5.794043064117432
1788681556279203600,24.05220361328125,-1.971774697303772,6.750301837921143,-6.1361894607543945
1788681556289284900,24.062284912109376,-2.382380247116089,6.2148237228393555,-6.812027454376221
1788681556299368400,24.072368408203126,-2.287360429763794,5.825840950012207,-7.746813774108887
1788681556309426400,24.082426513671876,-1.8236335515975952,5.703437328338623,-8.673369407653809
1788681556319501600,24.09250146484375,-2.4485950469970703,5.687575817108154,-9.5007905960083
1788681556329575400,24.102575439453126,-3.1242835521698,5.771522521972656,-10.040982246398926
1788681556339651000,24.112651123046874,-3.234865665435791,5.8750715255737305,-10.042404174804688
1788681556349725000,24.122724853515624,-3.2371103763580322,5.8762688636779785,-9.538948059082031
1788681556359799300,24.13279931640625,-2.6711809635162354,5.95445442199707,-9.255385398864746
1788681556369875000,24.142875,-2.7171196937561035,6.068702697753906,-9.210418701171875
1788681556379949600,24.152949462890625,-3.7043538093566895,6.057031154632568,-9.037138938903809
1788681556390024000,24.16302392578125,-3.1047558784484863,6.106561183929443,-8.488791465759277
1788681556400098000,24.17309814453125,-2.7637317180633545,6.058003902435303,-7.660622596740723
1788681556410173700,24.183173583984374,-3.483788013458252,5.725808143615723,-6.993313312530518
1788681556420248000,24.193248046875,-3.591078042984009,5.297695159912109,-6.7515740394592285
1788681556430322400,24.203322509765623,-3.7958571910858154,4.637718200683594,-7.0061821937561035
1788681556440397000,24.21339697265625,-4.040589332580566,3.9829790592193604,-7.3727946281433105
1788681556450471200,24.22347119140625,-3.8576574325561523,3.4758570194244385,-7.805920600891113
1788681556460546000,24.233546142578124,-3.9577651023864746,3.1216650009155273,-7.991246700286865
1788681556470621400,24.243621337890627,-4.499902248382568,2.775179147720337,-7.89547872543335
1788681556480695600,24.253695556640626,-4.689941883087158,2.7175686359405518,-7.983390808105469
1788681556490769700,24.263769775390625,-5.200131416320801,2.87992525100708,-8.540491104125977
1788681556500845000,24.273844970703124,-5.512275218963623,3.0575451850891113,-9.140164375305176
1788681556510919000,24.2839189453125,-5.6384196281433105,3.020435094833374,-9.437270164489746
1788681556520994000,24.293994140625,-5.741969108581543,2.743156671524048,-9.474081039428711
1788681556531068200,24.304068115234376,-5.524919509887695,2.3375637531280518,-9.890148162841797
1788681556541143800,24.314143798828123,-5.559112071990967,1.972971796989441,-10.309806823730469
1788681556551218000,24.324218017578126,-5.70164155960083,1.8020108938217163,-10.616937637329102
1788681556561291800,24.334291748046876,-5.799055576324463,1.7405846118927002,-10.584691047668457
1788681556571367700,24.34436767578125,-5.685854911804199,1.7732056379318237,-10.343774795532227
1788681556581442000,24.354442138671875,-5.258265495300293,1.8994249105453491,-10.206257820129395
1788681556591516400,24.364516357421873,-5.231330871582031,1.9459621906280518,-9.980154991149902
1788681556601591600,24.374591552734376,-5.430124282836914,1.9666870832443237,-9.516054153442383
1788681556611665400,24.38466552734375,-5.456385612487793,1.988908290863037,-9.214982986450195
1788681556621718000,24.394718017578125,-4.877063751220703,1.8769793510437012,-8.887052536010742
1788681556631815400,24.4048154296875,-4.582352638244629,1.5248820781707764,-8.95685863494873
1788681556641889800,24.414889892578124,-4.8401780128479,1.0823287963867188,-9.265036582946777
1788681556651964400,24.42496435546875,-5.134515285491943,0.6427683234214783,-9.47033977508545
1788681556662014500,24.435014404296876,-5.448155403137207,0.4109048545360565,-9.660155296325684
1788681556672100000,24.44510009765625,-5.5603837966918945,0.4837783873081207,-9.72165584564209
1788681556682162400,24.455162353515625,-5.571232318878174,0.7119008898735046,-9.942521095275879
1788681556692262700,24.4652626953125,-5.496713161468506,0.9527426362037659,-10.037016868591309
1788681556702337800,24.475337890625,-5.9030537605285645,1.0736498832702637,-10.13637638092041
1788681556712405800,24.48540576171875,-6.331316947937012,0.968230128288269,-10.147150993347168
1788681556722461000,24.4954609375,-6.398728370666504,0.8641571998596191,-10.398167610168457
1788681556732536300,24.505536376953124,-6.213252544403076,0.6842927932739258,-10.589703559875488
1788681556742610700,24.515610595703127,-6.407258033752441,0.4728548228740692,-10.732084274291992
1788681556752692200,24.525692138671875,-6.986205577850342,0.31513679027557373,-10.916736602783203
1788681556762760000,24.535760009765625,-6.9754319190979,0.3554641306400299,-10.850895881652832
1788681556772835000,24.5458349609375,-7.161730766296387,0.42699089646339417,-10.731635093688965
1788681556782909200,24.5559091796875,-7.254056930541992,0.41127896308898926,-10.302699089050293
1788681556792985600,24.565985595703125,-7.197793483734131,0.4148702621459961,-10.269479751586914
1788681556803084000,24.576083984375,-7.030947208404541,0.5218611359596252,-10.731635093688965
1788681556813165300,24.586165283203126,-7.191059589385986,0.5843348503112793,-10.909778594970703
1788681556823207400,24.59620751953125,-7.378106594085693,0.5725134611129761,-11.07026481628418
1788681556833281800,24.60628173828125,-6.905925273895264,0.68182373046875,-11.084630012512207
1788681556843383000,24.616383056640625,-7.164498805999756,0.7677157521247864,-10.799046516418457
1788681556853457700,24.626457763671876,-7.009100437164307,0.7409306168556213,-10.823661804199219
1788681556863531800,24.63653173828125,-6.6414408683776855,0.7450456619262695,-10.893094062805176
1788681556873606700,24.646606689453126,-6.960019111633301,0.802880585193634,-10.976292610168457
1788681556883680300,24.65668017578125,-6.710722923278809,0.9844658374786377,-10.815133094787598
1788681556893756200,24.666756103515624,-6.090624809265137,1.1432312726974487,-10.588656425476074
1788681556903830500,24.67683056640625,-6.092569828033447,1.374122142791748,-10.425102233886719
1788681556913905400,24.686905517578126,-6.393266677856445,1.5429133176803589,-10.235811233520508
1788681556923979500,24.6969794921875,-6.3174004554748535,1.6718261241912842,-9.929727554321289
1788681556934053600,24.7070537109375,-5.979219436645508,1.833060622215271,-9.689035415649414
1788681556944129000,24.71712890625,-6.04079532623291,2.0161423683166504,-9.567230224609375
1788681556954178000,24.727177978515623,-5.8750715255737305,2.176030158996582,-9.424999237060547
1788681556964278300,24.7372783203125,-5.814243793487549,2.291325807571411,-9.270573616027832
1788681556974353200,24.747353271484375,-5.648744583129883,2.301950216293335,-9.135076522827148
1788681556984427300,24.75742724609375,-5.847014427185059,2.2549638748168945,-9.1870756149292
1788681556994476000,24.76747607421875,-5.650839805603027,2.1960813999176025,-9.247604370117188
1788681557004576800,24.77757666015625,-5.788730621337891,2.1665279865264893,-9.395221710205078
1788681557014652200,24.787652099609375,-5.310264587402344,2.1059248447418213,-9.361627578735352
1788681557024725500,24.7977255859375,-4.920009613037109,2.0649988651275635,-9.252243041992188
1788681557034800400,24.80780029296875,-4.8671875,2.0469677448272705,-8.97197151184082
1788681557044875500,24.81787548828125,-4.753986835479736,2.035670042037964,-8.782679557800293
1788681557054950100,24.8279501953125,-4.570980072021484,2.0254197120666504,-8.753575325012207
1788681557065024500,24.8380244140625,-4.14099645614624,2.0628292560577393,-8.747889518737793
1788681557075099600,24.848099609375,-4.0492682456970215,2.207603693008423,-8.883011817932129
1788681557085173500,24.858173583984374,-4.47670841217041,2.4479215145111084,-8.99471664428711
1788681557095249000,24.868248779296874,-4.117652893066406,2.6348938941955566,-8.866177558898926
1788681557105323500,24.878323486328124,-3.80842661857605,2.909104585647583,-8.784774780273438
1788681557115398400,24.8883984375,-3.1711950302124023,3.1805472373962402,-8.846724510192871
1788681557125472500,24.898472412109374,-2.624119997024536,3.447500705718994,-9.027711868286133
1788681557135524900,24.90852490234375,-2.3418285846710205,3.7865796089172363,-9.255085945129395
1788681557145621800,24.918621826171876,-2.118195056915283,4.1967363357543945,-9.414973258972168
1788681557155670500,24.92867041015625,-2.132335901260376,4.6822357177734375,-9.553089141845703
1788681557165771300,24.938771240234374,-2.115875720977783,5.307197093963623,-10.028637886047363
1788681557175846000,24.948845947265625,-2.0538508892059326,5.790676116943359,-10.161291122436523
1788681557185920000,24.958919921875,-2.4328081607818604,6.141800880432129,-9.953818321228027
1788681557195995000,24.968994873046874,-2.7246015071868896,6.400673866271973,-9.64451789855957
1788681557206069800,24.97906982421875,-2.5958383083343506,6.497189998626709,-9.052327156066895
1788681557216144100,24.98914404296875,-2.460341453552246,6.520458698272705,-8.387711524963379
1788681557226218800,24.99921875,-2.225111246109009,6.523451328277588,-7.876399993896484
1788681557236293400,25.00929345703125,-1.9995324611663818,6.517690181732178,-7.515623569488525
1788681557246368500,25.019368408203125,-2.011653184890747,6.51641845703125,-7.286378860473633
1788681557256443100,25.029443115234375,-2.12717342376709,6.612859725952148,-7.075314998626709
1788681557266492200,25.0394921875,-2.0149452686309814,6.726958751678467,-6.66441011428833
1788681557276593000,25.049593017578125,-1.8154034614562988,6.911386966705322,-6.3943891525268555
1788681557286666500,25.05966650390625,-1.521589994430542,7.121328353881836,-6.128183841705322
1788681557296718600,25.069718505859374,-1.0435726642608643,7.31271505355835,-5.8401312828063965
1788681557306816800,25.079816650390626,-0.8174702525138855,7.414917469024658,-5.368847846984863
1788681557316891600,25.0898916015625,-1.103128433227539,7.456891059875488,-4.924424171447754
1788681557326944500,25.099944580078127,-1.3584102392196655,7.360224723815918,-4.4380269050598145
1788681557337039400,25.110039306640626,-1.374122142791748,7.124919891357422,-3.7765538692474365
1788681557347115000,25.120114990234374,-1.3953707218170166,6.84517240524292,-3.0591912269592285
1788681557357188600,25.130188720703124,-1.2336872816085815,6.709974765777588,-2.9124715328216553
1788681557367264800,25.1402646484375,-1.1313351392745972,6.688277244567871,-3.021632194519043
1788681557377312800,25.150312744140624,-1.3008744716644287,6.749329566955566,-3.1734395027160645
1788681557387413000,25.1604130859375,-1.3049147129058838,6.837765216827393,-3.403432607650757
1788681557397487400,25.1704873046875,-1.2210428714752197,6.936077117919922,-3.6254947185516357
1788681557407563300,25.180563232421875,-1.0258406400680542,6.9386210441589355,-3.51393985748291
1788681557417638000,25.190637939453126,-1.0791115760803223,6.847566604614258,-3.2742204666137695
1788681557427711500,25.20071142578125,-1.144802451133728,6.53609561920166,-2.9245922565460205
1788681557437786400,25.210786376953124,-1.0275614261627197,6.100500583648682,-2.4664766788482666
1788681557447861800,25.22086181640625,-0.7065888047218323,5.650839805603027,-2.1512651443481445
1788681557457910500,25.23091064453125,-0.34521394968032837,5.27300500869751,-2.05549693107605
1788681557467984600,25.240984619140626,-0.18128596246242523,4.944550037384033,-1.9432687759399414
1788681557478059500,25.2510595703125,-0.1471685916185379,4.690540313720703,-1.7965490818023682
1788681557488133000,25.261133056640624,0.005237316247075796,4.642955780029297,-1.7245733737945557
1788681557498235100,25.271235107421877,0.1785176694393158,4.758550643920898,-1.5527145862579346
1788681557508308700,25.281308837890624,0.41943421959877014,5.03754997253418,-1.5103671550750732
1788681557518383900,25.2913837890625,0.39698857069015503,5.368398666381836,-1.5169512033462524
1788681557528457500,25.30145751953125,0.14410100877285004,5.6588454246521,-1.266083836555481
1788681557538533600,25.31153369140625,-0.028655601665377617,6.048052787780762,-1.128491997718811
1788681557548607700,25.321607666015623,0.007481880486011505,6.466813564300537,-1.0022727251052856
1788681557558681600,25.331681640625,0.378433495759964,7.009250164031982,-0.9451859593391418
1788681557568757000,25.341757080078125,0.8275707960128784,7.766940116882324,-0.9405471682548523
1788681557578832100,25.35183203125,1.045517921447754,8.545878410339355,-1.0352678298950195
1788681557588905700,25.36190576171875,1.090633749961853,9.295488357543945,-1.3479355573654175
1788681557598980400,25.37198046875,1.036689281463623,9.840468406677246,-1.6672621965408325
1788681557609056000,25.382055908203125,0.8521113395690918,10.158597946166992,-1.8630629777908325
1788681557619130600,25.392130615234375,0.5999720096588135,10.294244766235352,-1.9378069639205933
1788681557629204500,25.40220458984375,0.45355159044265747,10.251747131347656,-2.140416383743286
1788681557639279000,25.412279052734377,0.40776246786117554,10.106523513793945,-2.3231985569000244
1788681557649328400,25.422328369140626,0.4777180552482605,10.064775466918945,-2.504035711288452
1788681557659426300,25.43242626953125,0.43013331294059753,9.947982788085938,-2.368314504623413
1788681557669503700,25.442503662109374,0.34094929695129395,9.872191429138184,-2.1057004928588867
1788681557679578400,25.452578369140625,0.30279168486595154,9.829170227050781,-1.8896985054016113
1788681557689628200,25.462628173828126,0.44352585077285767,9.846603393554688,-1.9318963289260864
1788681557699727400,25.472727294921874,0.6486042141914368,9.837100982666016,-2.0294599533081055
1788681557709810000,25.482809814453127,0.8572738170623779,9.844284057617188,-2.1137807369232178
1788681557719877000,25.492877197265624,1.0247931480407715,9.849745750427246,-1.9480571746826172
1788681557729951700,25.50295166015625,1.1333552598953247,9.869123458862305,-1.6976386308670044
1788681557740026400,25.5130263671875,1.1670985221862793,9.868749618530273,-1.3694086074829102
1788681557750100700,25.523100830078125,1.1172691583633423,9.860894203186035,-1.046939492225647
1788681557760174800,25.5331748046875,1.1128548383712769,9.92441463470459,-0.8674492239952087
1788681557770250200,25.543250244140626,0.9386019110679626,10.082656860351562,-0.8671499490737915
1788681557780324600,25.55332470703125,0.5600187182426453,10.253393173217773,-1.109562873840332
1788681557790399500,25.5633994140625,0.1016039326786995,10.322675704956055,-1.440561294555664
1788681557800474000,25.57347412109375,-0.2222866714000702,10.302998542785645,-1.545756459236145
1788681557810522400,25.5835224609375,-0.3321954905986786,10.28706169128418,-1.5513678789138794
1788681557820623400,25.593623291015625,-0.24398411810398102,10.272247314453125,-1.6174328327178955
1788681557830697700,25.60369775390625,-0.0002992752124555409,10.216358184814453,-1.724947452545166
1788681557840772900,25.61377294921875,0.29867666959762573,10.099715232849121,-1.82460618019104
1788681557850847000,25.623846923828125,0.5578489899635315,9.928679466247559,-1.8372504711151123
1788681557860921000,25.633921142578124,0.7898620963096619,9.69314956665039,-1.8644098043441772
1788681557870996700,25.643996826171875,1.0425251722335815,9.547627449035645,-1.9485061168670654
1788681557881071900,25.65407177734375,1.2050316333770752,9.50961971282959,-2.057217836380005
1788681557891119900,25.664119873046875,1.0720785856246948,9.501165390014648,-2.143857955932617
1788681557901219800,25.6742197265625,0.8160486817359924,9.474604606628418,-2.258854389190674
1788681557911294500,25.68429443359375,0.6043862700462341,9.40404987335205,-2.395698070526123
1788681557921370000,25.6943701171875,0.4753986895084381,9.32766056060791,-2.493486166000366
1788681557931443700,25.704443603515625,0.450334370136261,9.294290542602539,-2.5305964946746826
1788681557941519000,25.71451904296875,0.5910685658454895,9.330727577209473,-2.5368812084198
1788681557951593500,25.724593505859374,0.8169465065002441,9.364620208740234,-2.4659528732299805
1788681557961667800,25.734667724609373,1.0084078311920166,9.339556694030762,-2.3568670749664307
1788681557971743200,25.7447431640625,1.0675146579742432,9.30237102508545,-2.283320188522339
1788681557981817600,25.754817626953123,1.0986392498016357,9.305962562561035,-2.258330821990967
1788681557991906000,25.764906005859373,1.0726771354675293,9.310301780700684,-2.1924901008605957
1788681558001966800,25.774966796875,0.9498994946479797,9.321300506591797,-2.109591007232666
1788681558012041200,25.785041259765624,0.7578396797180176,9.333346366882324,-2.022876024246216
1788681558022090000,25.795090087890625,0.5595698356628418,9.346814155578613,-1.9957168102264404
1788681558032167700,25.805167724609376,0.3860650360584259,9.380781173706055,-1.988908290863037
1788681558042265600,25.815265625,0.2721159756183624,9.42679500579834,-2.005817174911499
1788681558052334800,25.8253349609375,0.15801730751991272,9.500640869140625,-2.037241220474243
1788681558062404600,25.835404541015624,0.06643909960985184,9.610325813293457,-2.056619167327881
1788681558072464000,25.8454638671875,0.07317279279232025,9.67003059387207,-2.0515315532684326
1788681558082538500,25.85553857421875,0.10467150807380676,9.602095603942871,-2.0580408573150635
1788681558092613600,25.865613525390625,0.05521627515554428,9.450512886047363,-2.121861219406128
1788681558102688300,25.875688232421876,-0.057086747139692307,9.231742858886719,-2.1703438758850098
1788681558112762400,25.885762451171875,-0.22535423934459686,8.975787162780762,-2.2152352333068848
1788681558122838300,25.89583837890625,-0.2679261267185211,8.76801586151123,-2.2544400691986084
1788681558132911900,25.905911865234376,-0.014440028928220272,8.565780639648438,-2.2361843585968018
1788681558142986500,25.915986572265624,0.2867056429386139,8.382923126220703,-2.2275803089141846
1788681558153061000,25.92606103515625,0.3412485718727112,8.198345184326172,-2.3086838722229004
1788681558163161600,25.93616162109375,0.25243863463401794,7.9991774559021,-2.4251766204833984
1788681558173236200,25.946236328125,0.2858826518058777,7.735889911651611,-2.5341877937316895
1788681558183310800,25.956310791015625,0.5273977518081665,7.4636993408203125,-2.6320507526397705
1788681558193362200,25.966362060546874,0.27473464608192444,7.23565149307251,-2.8196961879730225
1788681558203460600,25.976460693359375,-0.5817161798477173,7.098359107971191,-3.1495723724365234
1788681558213535200,25.98653515625,-1.2923451662063599,7.038728713989258,-3.430068016052246
1788681558223585000,25.9965849609375,-1.3724761009216309,6.96854829788208,-3.5447652339935303
1788681558233684500,26.0066845703125,-1.2181997299194336,6.919242858886719,-3.5981857776641846
1788681558243758800,26.0167587890625,-0.7660697102546692,6.864550590515137,-3.5631706714630127
1788681558253834000,26.026833984375,-0.6195744872093201,6.835819721221924,-3.4397196769714355
1788681558263908000,26.036908203125,-0.6931213736534119,6.856470108032227,-3.56945538520813
1788681558273983500,26.0469833984375,-0.4957493841648102,7.018752098083496,-4.074407577514648
1788681558284057600,26.0570576171875,-0.2892494797706604,7.20168399810791,-4.675726413726807
1788681558294132200,26.06713232421875,-0.10527005791664124,7.222633361816406,-4.905569553375244
1788681558304207000,26.07720703125,0.20373159646987915,6.989048957824707,-4.564096450805664
1788681558314281700,26.08728173828125,0.18966566026210785,6.804396152496338,-3.9799861907958984
1788681558324356000,26.097356201171873,-0.03696049004793167,6.520383834838867,-3.5078048706054688
1788681558334431000,26.107430908203124,-0.39541736245155334,6.24235725402832,-3.3681929111480713
1788681558344505300,26.11750537109375,-0.3547159433364868,6.161777496337891,-3.4654574394226074
1788681558354595800,26.127595947265625,-0.6764367818832397,6.140753269195557,-3.3114802837371826
1788681558364654600,26.137654541015625,-1.7221044301986694,6.073192119598389,-3.2018706798553467
1788681558374729700,26.147729736328124,-2.387692451477051,5.883376598358154,-3.2230443954467773
1788681558384803800,26.157803955078126,-2.5124154090881348,5.840729713439941,-3.3744027614593506
1788681558394852900,26.167852783203124,-2.0055179595947266,5.936498165130615,-3.9763948917388916
1788681558404953600,26.17795361328125,-0.5646575093269348,6.133271217346191,-4.507458686828613
1788681558415028500,26.188028564453123,0.4245966970920563,6.339995861053467,-4.746579647064209
1788681558425102000,26.19810205078125,-0.6600514650344849,6.666131019592285,-5.2707600593566895
1788681558435177500,26.208177490234377,-3.1988778114318848,7.051298141479492,-5.9956793785095215
1788681558445251800,26.218251953125,-3.6646249294281006,7.4934773445129395,-6.431573867797852
1788681558455327000,26.228326904296875,-2.059462308883667,7.8547773361206055,-6.321290969848633
1788681558465401300,26.2384013671875,-0.7821557521820068,8.057611465454102,-6.304831027984619
1788681558475476200,26.248476318359376,-0.4329764246940613,8.01960277557373,-6.552331447601318
1788681558485550300,26.25855029296875,-0.9420435428619385,7.98952579498291,-6.8716583251953125
1788681558495625700,26.268625732421874,-2.4600422382354736,7.963339328765869,-7.028328895568848
1788681558505699600,26.278699462890625,-3.5615246295928955,7.9922943115234375,-6.947524547576904
1788681558515775200,26.288775146484376,-3.1145570278167725,7.878494739532471,-6.567819118499756
1788681558525848000,26.29884814453125,-2.5790040493011475,7.489137649536133,-6.361244201660156
1788681558535924200,26.30892431640625,-1.8605940341949463,7.108085632324219,-6.30752420425415
1788681558545998600,26.31899853515625,-1.4270190000534058,6.879813194274902,-6.666131019592285
1788681558556069000,26.329069091796875,-1.7156699895858765,6.740799903869629,-7.020398139953613
1788681558566148000,26.339148193359375,-1.991302490234375,6.688576698303223,-7.275081157684326
1788681558576205300,26.349205322265625,-1.7612346410751343,6.840832710266113,-7.4375128746032715
1788681558586297000,26.359297119140624,-2.4398412704467773,7.06985330581665,-7.621192932128906
1788681558596361700,26.36936181640625,-2.842740535736084,7.269245147705078,-7.654412269592285
1788681558606446800,26.37944677734375,-3.103259563446045,7.230189800262451,-7.447089672088623
1788681558616521700,26.389521728515625,-3.739069700241089,6.991891860961914,-7.554529190063477
1788681558626595000,26.399594970703124,-3.850399971008301,6.521880149841309,-7.749956130981445
1788681558636670500,26.40967041015625,-3.6914849281311035,5.929090976715088,-7.8145246505737305
1788681558646745300,26.419745361328125,-3.774533748626709,5.2055182456970215,-7.931391716003418
1788681558656820500,26.429820556640625,-3.675473690032959,4.466757297515869,-8.217424392700195
1788681558666894000,26.43989404296875,-3.2117466926574707,3.860874652862549,-8.520813941955566
1788681558676969200,26.44996923828125,-3.0475194454193115,3.3423802852630615,-8.619649887084961
1788681558687043800,26.4600439453125,-3.141117811203003,2.964545488357544,-8.624737739562988
1788681558697119000,26.470118896484376,-3.381211280822754,2.5371804237365723,-8.173580169677734
1788681558707193000,26.480193115234375,-3.250502824783325,2.3162405490875244,-7.855226039886475
1788681558717267700,26.490267822265626,-3.2463879585266113,2.421360969543457,-7.855899333953857
1788681558727328000,26.500327880859373,-3.607912302017212,2.7602901458740234,-8.042572021484375
1788681558737417500,26.51041748046875,-4.13523530960083,3.146878957748413,-8.101828575134277
1788681558747491800,26.520491943359374,-4.4467058181762695,3.5369842052459717,-7.9899001121521
1788681558757566000,26.53056591796875,-4.653131008148193,3.87778377532959,-7.977779388427734
1788681558767641600,26.5406416015625,-4.798354148864746,4.216787815093994,-8.27974796295166
1788681558777716500,26.550716552734375,-4.662632942199707,4.242899417877197,-8.608501434326172
1788681558787767000,26.56076708984375,-4.641908168792725,3.840374231338501,-8.830339431762695
1788681558797865200,26.570865234375,-5.158382415771484,3.32277774810791,-9.116372108459473
1788681558807940400,26.5809404296875,-6.115389823913574,2.923021078109741,-9.408539772033691
1788681558818015000,26.591014892578126,-6.521131992340088,2.6746225357055664,-9.920449256896973
1788681558828088300,26.60108837890625,-5.874622821807861,2.482562780380249,-10.434904098510742
1788681558838163500,26.61116357421875,-5.53127908706665,2.4407389163970947,-10.652551651000977
1788681558848238600,26.621238525390623,-6.005929946899414,2.5807998180389404,-10.574814796447754
1788681558858313500,26.6313134765625,-6.265625953674316,2.952798843383789,-10.39876651763916
1788681558868386800,26.64138671875,-6.560037612915039,3.2794578075408936,-10.030582427978516
1788681558878462700,26.651462646484376,-6.374412536621094,3.3221793174743652,-9.619229316711426
1788681558888545500,26.661545654296877,-5.817386627197266,3.175384759902954,-9.253215789794922
1788681558898612200,26.6716123046875,-5.79606294631958,2.8121395111083984,-8.757316589355469
1788681558908686800,26.681686767578125,-6.07820463180542,2.4607155323028564,-8.236278533935547
1788681558918761200,26.69176123046875,-6.350769519805908,2.1927895545959473,-8.126818656921387
1788681558928835000,26.7018349609375,-6.09324312210083,2.0080618858337402,-8.9157075881958
1788681558938910000,26.711909912109373,-5.823521614074707,2.0610334873199463,-9.953968048095703
1788681558948985300,26.7219853515625,-6.293683052062988,2.2147862911224365,-10.662951469421387
1788681558959059000,26.732058837890627,-7.365237712860107,2.1598691940307617,-10.955193519592285
1788681558969134600,26.742134521484374,-7.368829250335693,2.0649242401123047,-11.083433151245117
1788681558979209000,26.752208984375,-6.860285758972168,1.928604245185852,-11.385775566101074
1788681558989283300,26.762283447265624,-7.004312038421631,1.713874340057373,-11.30990982055664
1788681558999363000,26.772363037109375,-7.334786415100098,1.6004489660263062,-11.093159675598145
1788681559009433900,26.782433837890625,-6.828188419342041,1.535506248474121,-10.95040512084961
1788681559019508000,26.792508056640624,-6.880037784576416,1.3003507852554321,-10.337714195251465
1788681559029581600,26.80258154296875,-7.104793548583984,1.2259061336517334,-10.199972152709961
1788681559039656700,26.81265673828125,-7.080776691436768,1.131110668182373,-10.319907188415527
1788681559049731800,26.82273193359375,-7.443797588348389,1.268403172492981,-10.340482711791992
1788681559059820300,26.8328203125,-7.040374755859375,1.5340099334716797,-10.58424186706543
1788681559069899500,26.8428994140625,-7.247921943664551,1.689483404159546,-10.537256240844727
1788681559079956000,26.8529560546875,-7.215151309967041,1.6950948238372803,-10.677017211914062
1788681559090037500,26.86303759765625,-7.2568254470825195,1.7461960315704346,-11.048492431640625
1788681559100105000,26.87310498046875,-7.0500264167785645,1.8987516164779663,-11.063980102539062
1788681559110179600,26.8831796875,-6.877120018005371,2.2082021236419678,-10.963947296142578
1788681559120254700,26.893254638671873,-6.7567362785339355,2.4057986736297607,-10.743680953979492
1788681559130328300,26.903328369140624,-6.370072841644287,2.500070333480835,-10.453383445739746
1788681559140403700,26.91340380859375,-6.357728004455566,2.586186647415161,-10.241646766662598
1788681559150478600,26.923478515625,-6.204274654388428,2.7070939540863037,-9.95748519897461
1788681559160552400,26.933552490234376,-6.470030784606934,2.8132617473602295,-9.658583641052246
1788681559170628000,26.943628173828124,-6.709301471710205,2.9263129234313965,-9.354519844055176
1788681559180702500,26.953702392578126,-6.532055377960205,3.125854730606079,-9.240720748901367
1788681559190777300,26.96377734375,-6.177489280700684,3.2484827041625977,-9.142333984375
1788681559200851500,26.9738515625,-6.063091278076172,3.335796356201172,-9.086219787597656
1788681559210926600,26.983926513671875,-6.265326499938965,3.475482940673828,-9.217227935791016
1788681559221001200,26.994001220703126,-6.064887046813965,3.6273651123046875,-9.325864791870117
1788681559231075800,27.004075927734377,-5.853374481201172,3.736076831817627,-9.418041229248047
1788681559241150700,27.014150634765624,-5.56554651260376,3.7574751377105713,-9.427393913269043
1788681559251224600,27.024224609375,-5.4351372718811035,3.8045361042022705,-9.35429573059082
1788681559261273600,27.034273681640624,-5.327173709869385,3.8423943519592285,-9.204059600830078
1788681559271349000,27.044348876953126,-5.448903560638428,3.8178539276123047,-8.93388843536377
1788681559281449700,27.05444970703125,-5.094711780548096,3.772139549255371,-8.62623405456543
1788681559291523300,27.0645234375,-4.599785327911377,3.7900211811065674,-8.279448509216309
1788681559301598500,27.074598388671873,-3.9602341651916504,3.83925199508667,-7.880515098571777
1788681559311673300,27.08467333984375,-3.5627965927124023,3.9358432292938232,-7.573458671569824
1788681559321748000,27.094748046875,-3.340285539627075,4.094084739685059,-7.297751426696777
1788681559331821600,27.104821533203125,-3.358466386795044,4.339041709899902,-7.146692276000977
1788681559341896700,27.114896728515625,-3.4052281379699707,4.527659893035889,-6.928221225738525
1788681559351971600,27.1249716796875,-3.3914616107940674,4.759673118591309,-6.982016086578369
1788681559362045700,27.135045654296874,-3.2399535179138184,5.166537761688232,-7.241936206817627
1788681559372099800,27.145099853515624,-3.0265703201293945,5.446883678436279,-7.469385623931885
1788681559382169600,27.155169677734374,-2.620603322982788,5.689670562744141,-7.709628582000732
1788681559392259800,27.165259765625,-2.080336809158325,6.013336658477783,-8.000149726867676
1788681559402332700,27.175332763671875,-1.8830395936965942,6.220510005950928,-8.187272071838379
1788681559412407600,27.185407470703126,-1.985990285873413,6.449829578399658,-8.447491645812988
1788681559422507000,27.195507080078126,-2.0032734870910645,6.825644493103027,-8.819191932678223
1788681559432544500,27.20554443359375,-2.0692636966705322,7.084517478942871,-9.033622741699219
1788681559442628600,27.215628662109374,-2.6047418117523193,7.224129676818848,-9.144279479980469
1788681559452695300,27.2256953125,-3.0428059101104736,7.31114387512207,-9.189918518066406
1788681559462767600,27.235767578125,-3.3615341186523438,7.005359172821045,-8.507347106933594
1788681559472842200,27.24584228515625,-3.1024365425109863,6.647725582122803,-8.00875473022461
1788681559482920000,27.255919921875,-2.3772926330566406,6.346280574798584,-7.419705867767334
1788681559492992000,27.265991943359374,-1.867701768875122,6.2122802734375,-6.879663944244385
1788681559503083800,27.276083740234377,-1.7405098676681519,6.076558589935303,-6.423568248748779
1788681559513193000,27.28619287109375,-1.6814777851104736,6.046331882476807,-6.09324312210083
1788681559523241000,27.296240966796876,-1.446471929550171,6.20651912689209,-5.946448802947998
1788681559533316400,27.30631640625,-1.577255129814148,6.405910968780518,-5.790900707244873
1788681559543390200,27.31639013671875,-1.8355296850204468,6.5295867919921875,-5.644779205322266
1788681559553465600,27.326465576171874,-1.683348298072815,6.625728607177734,-5.414487361907959
1788681559563540000,27.3365400390625,-1.492186188697815,6.7031660079956055,-4.785560131072998
1788681559573614800,27.34661474609375,-1.5474025011062622,6.69950008392334,-3.8237645626068115
1788681559583663600,27.35666357421875,-1.7337760925292969,6.624756336212158,-3.145232915878296
1788681559593778400,27.3667783203125,-1.8629882335662842,6.511480331420898,-2.81939697265625
1788681559603838500,27.37683837890625,-1.698162317276001,6.417058944702148,-2.6916065216064453
1788681559613913600,27.38691357421875,-1.3678373098373413,6.384662628173828,-2.8924200534820557
1788681559623964400,27.39696435546875,-1.1268459558486938,6.310068130493164,-3.072808265686035
1788681559634063000,27.40706298828125,-0.9575310349464417,6.163872241973877,-3.098097085952759
1788681559644137200,27.41713720703125,-1.090334415435791,5.946224212646484,-2.9244425296783447
1788681559654212600,27.427212646484374,-1.1236287355422974,5.605050563812256,-2.6105775833129883
1788681559664287000,27.437286865234373,-1.1376947164535522,5.339967727661133,-2.4053497314453125
1788681559674361300,27.447361328125,-0.865129828453064,5.130549907684326,-2.1436336040496826
1788681559684436000,27.45743603515625,-0.4080617427825928,4.933103084564209,-1.7679682970046997
1788681559694511000,27.467510986328126,0.02536357380449772,4.850652694702148,-1.6912790536880493
1788681559704585200,27.477585205078125,0.419883131980896,4.7759833335876465,-1.7492636442184448
1788681559714660400,27.487660400390624,0.5861304998397827,4.820201396942139,-1.6434698104858398
1788681559724734700,27.497734619140626,0.755669891834259,4.962058067321777,-1.46308171749115
1788681559734809600,27.5078095703125,0.9292495250701904,5.164442539215088,-1.1953799724578857
1788681559744884000,27.517884033203124,0.992321789264679,5.3686981201171875,-0.7050175666809082
1788681559754950100,27.5279501953125,1.2332383394241333,5.869609832763672,-0.6042366623878479
1788681559765032700,27.53803271484375,2.450465440750122,6.201805591583252,-0.4687398076057434
1788681559775108600,27.548108642578125,1.0788871049880981,6.526144981384277,0.2844610810279846
1788681559785182700,27.5581826171875,0.08574234694242477,7.1612067222595215,0.3512742817401886
1788681559795233000,27.56823291015625,1.2104934453964233,8.026935577392578,-0.17627310752868652
1788681559805332200,27.578332275390625,1.1746551990509033,8.852261543273926,-1.0970680713653564
1788681559815405800,27.58840576171875,0.7200561761856079,9.58368968963623,-1.7087866067886353
1788681559825481000,27.59848095703125,-0.36489129066467285,10.220771789550781,-1.8600702285766602
1788681559835556400,27.608556396484374,-1.5680525302886963,10.902371406555176,-1.9223195314407349
1788681559845631000,27.618630859375,-2.03739070892334,11.505860328674316,-2.063053607940674
1788681559855705900,27.628705810546876,-1.6114473342895508,11.970858573913574,-2.064624786376953
1788681559865779700,27.63877978515625,-0.8466495871543884,12.022334098815918,-2.2356605529785156
1788681559875855400,27.64885546875,0.03628711774945259,11.524490356445312,-1.9037644863128662
1788681559885929500,27.658929443359376,0.8844330906867981,10.891148567199707,-1.2644377946853638
1788681559896004600,27.669004638671876,1.6472855806350708,10.180744171142578,-0.8017582893371582
1788681559906078500,27.679078369140626,2.388291120529175,9.545681953430176,-0.6025906205177307
1788681559916153000,27.689153076171873,2.616712808609009,9.32317066192627,-0.6141875386238098
1788681559926202000,27.6992021484375,2.777573347091675,9.323320388793945,-0.9753379225730896
1788681559936303600,27.7093037109375,2.8757355213165283,9.434052467346191,-1.3022960424423218
1788681559946377700,27.719377685546874,2.9052889347076416,9.521066665649414,-1.2482020854949951
1788681559956426000,27.729426025390627,2.7521347999572754,9.660529136657715,-0.8361749649047852
1788681559966526500,27.7395263671875,2.2636427879333496,10.053552627563477,-0.4967968463897705
1788681559976601900,27.749601806640626,1.5421651601791382,10.4589204788208,-0.3372083604335785
1788681559986676500,27.759676513671874,1.0620529651641846,10.708516120910645,-0.19437925517559052
1788681559996750000,27.76975,0.5608417391777039,10.6739501953125,-0.11260230094194412
1788681560006826000,27.779825927734375,0.10811316967010498,10.6593599319458,-0.3736450970172882
1788681560016900000,27.789900146484374,-0.22423195838928223,10.543091773986816,-0.3084779381752014
1788681560026974200,27.79997412109375,-0.5515642166137695,10.333075523376465,-0.33937808871269226
1788681560037050000,27.810050048828124,-0.7122750282287598,10.580276489257812,-0.8973767161369324
1788681560047124700,27.820124755859375,-0.7939771413803101,10.547356605529785,-1.0488847494125366
1788681560057222000,27.830221923828127,-0.6851906180381775,10.103680610656738,-0.9400234222412109
1788681560067273000,27.84027294921875,0.15330372750759125,9.652373313903809,-0.8572738170623779
1788681560077348400,27.850348388671875,0.9770587682723999,9.358186721801758,-0.9133131504058838
1788681560087423000,27.860423095703126,1.5516672134399414,9.365518569946289,-1.4491653442382812
1788681560097497900,27.870497802734373,1.531840205192566,9.394698143005371,-1.5539865493774414
1788681560107572500,27.880572509765624,1.102006196975708,9.496301651000977,-1.8670283555984497
1788681560117646600,27.890646484375,0.8464999198913574,9.666589736938477,-2.635267972946167
1788681560127696100,27.900696044921876,0.7715315222740173,9.564237594604492,-2.9769654273986816
1788681560137796400,27.91079638671875,0.7411550879478455,9.376666069030762,-2.976815700531006
1788681560147871200,27.920871337890624,0.7798363566398621,9.277905464172363,-3.020435094833374
1788681560157919700,27.930919677734376,0.6242132782936096,9.17428207397461,-2.9666404724121094
1788681560168019700,27.941019775390625,0.4296844005584717,9.149665832519531,-2.955267906188965
1788681560178095400,27.951095458984376,0.5413140654563904,9.078139305114746,-2.6803088188171387
1788681560188170200,27.961170166015624,0.8326584696769714,9.104101181030273,-2.4197897911071777
1788681560198243800,27.971243896484374,1.1519103050231934,9.217601776123047,-2.2019174098968506
1788681560208319500,27.981319580078125,1.0491092205047607,9.36925983428955,-2.261622667312622
1788681560218393300,27.991393310546876,1.077465534210205,9.614964485168457,-2.346841335296631
1788681560228468000,28.001468017578127,1.0437222719192505,9.78136157989502,-2.4450037479400635
1788681560238543400,28.01154345703125,0.7937526702880859,9.792584419250488,-2.475006103515625
1788681560248618200,28.0216181640625,0.4934300184249878,9.71477222442627,-2.4264485836029053
1788681560258692600,28.031692626953124,0.32119712233543396,9.652523040771484,-2.2900538444519043
1788681560268767500,28.041767578125,0.056488197296857834,9.707963943481445,-2.3448212146759033
1788681560278842000,28.051842041015625,-0.002917933277785778,9.79647445678711,-2.4110360145568848
1788681560288895200,28.061895263671875,0.10033201426267624,9.789216995239258,-2.315941333770752
1788681560298992000,28.0719921875,0.26830023527145386,9.736844062805176,-2.2368576526641846
1788681560309066200,28.082066162109374,0.5841103792190552,9.659256935119629,-2.263568162918091
1788681560319140000,28.09214013671875,0.9461585879325867,9.595361709594727,-2.3476643562316895
1788681560329214500,28.10221435546875,1.0821791887283325,9.541566848754883,-2.478597402572632
1788681560339290600,28.11229052734375,1.0648959875106812,9.49353313446045,-2.662651538848877
1788681560349363500,28.122363525390625,0.9151087999343872,9.444901466369629,-2.8294975757598877
1788681560359438600,28.1324384765625,0.7190834879875183,9.365967750549316,-2.9521255493164062
1788681560369513200,28.14251318359375,0.6271312236785889,9.32766056060791,-3.0021045207977295
1788681560379588900,28.1525888671875,0.6827215552330017,9.28381633758545,-3.051335334777832
1788681560389663500,28.16266357421875,0.8301146030426025,9.262493133544922,-2.978012800216675
1788681560399737300,28.1727373046875,1.0351929664611816,9.264737129211426,-2.8104186058044434
1788681560409813000,28.18281298828125,1.2713210582733154,9.263540267944336,-2.6501567363739014
1788681560419886800,28.192886962890626,1.3492822647094727,9.309703826904297,-2.5165305137634277
1788681560429961700,28.202961669921876,1.184755802154541,9.398887634277344,-2.3196072578430176
1788681560440037000,28.213037109375,1.103427767753601,9.469816207885742,-2.2305729389190674
1788681560450111200,28.223111328125,1.0586860179901123,9.563862800598145,-2.214412212371826
1788681560460192800,28.23319287109375,0.9616460800170898,9.600375175476074,-2.017488956451416
1788681560470260500,28.243260498046876,0.8475474119186401,9.670479774475098,-1.7910125255584717
1788681560480336000,28.2533359375,0.7735515832901001,9.74006175994873,-1.6686089038848877
1788681560490405600,28.263405517578125,0.7712322473526001,9.77672290802002,-1.599102258682251
1788681560500484900,28.27348486328125,0.8470984697341919,9.7466459274292,-1.5124621391296387
1788681560510560300,28.283560302734376,0.8938602209091187,9.71933650970459,-1.5127613544464111
1788681560520633900,28.2936337890625,0.978181004524231,9.764153480529785,-1.5665560960769653
1788681560530683100,28.30368310546875,1.0361655950546265,9.808819770812988,-1.6154875755310059
1788681560540784000,28.3137841796875,1.0182090997695923,9.7907133102417,-1.6071078777313232
1788681560550858000,28.32385791015625,1.0245686769485474,9.708562850952148,-1.6421979665756226
1788681560560932400,28.333932373046874,1.0610802173614502,9.610699653625488,-1.6428712606430054
1788681560571007700,28.3440078125,1.199944019317627,9.572916030883789,-1.6280571222305298
1788681560581082400,28.354082275390624,1.3732991218566895,9.605462074279785,-1.5616928339004517
1788681560591157500,28.364157470703127,1.433827519416809,9.683274269104004,-1.549572229385376
1788681560601231000,28.374231201171874,1.3619266748428345,9.725846290588379,-1.5239841938018799
1788681560611306200,28.38430615234375,1.259350061416626,9.705195426940918,-1.5237597227096558
1788681560621381600,28.394381591796876,1.2191723585128784,9.738789558410645,-1.5642367601394653
1788681560631456000,28.4044560546875,1.1828852891921997,9.786599159240723,-1.588926911354065
1788681560641530600,28.414530517578125,1.1724106073379517,9.74238109588623,-1.592667818069458
1788681560651605200,28.424605224609376,1.150339126586914,9.636063575744629,-1.6062848567962646
1788681560661653200,28.4346533203125,1.109039068222046,9.513211250305176,-1.6676362752914429
1788681560671729000,28.44472900390625,1.0767173767089844,9.460912704467773,-1.745373010635376
1788681560681804000,28.454803955078123,0.996362030506134,9.458593368530273,-1.8119617700576782
1788681560691878000,28.4648779296875,0.9493758082389832,9.455375671386719,-1.909675121307373
1788681560701978400,28.474978271484375,0.9100959300994873,9.4822359085083,-2.0597617626190186
1788681560712053500,28.485053466796874,0.8655039072036743,9.486051559448242,-2.126425266265869
1788681560722102000,28.49510205078125,0.8020575642585754,9.443255424499512,-2.2123920917510986
1788681560732176600,28.5051767578125,0.7567173838615417,9.420584678649902,-2.2457611560821533
1788681560742251500,28.51525146484375,0.789936900138855,9.429189682006836,-2.27209734916687
1788681560752335400,28.52533544921875,0.758288562297821,9.556755065917969,-2.481440305709839
1788681560762403300,28.5354033203125,0.4241477847099304,9.459266662597656,-2.801814556121826
1788681560772476700,28.5454765625,0.5086182355880737,9.267355918884277,-2.3686137199401855
1788681560782550500,28.555550537109376,0.805349588394165,9.127220153808594,-2.3273136615753174
1788681560792625400,28.56562548828125,0.9565584063529968,9.117718696594238,-2.4675989151000977
1788681560802706200,28.5757060546875,1.2251578569412231,9.05591869354248,-2.3400328159332275
1788681560812775700,28.585775634765625,1.4744541645050049,9.000252723693848,-2.2577321529388428
1788681560822849300,28.595849365234375,1.39716637134552,9.089811325073242,-2.2975358963012695
1788681560832924000,28.605923828125,1.1142016649246216,9.118167877197266,-2.216282606124878
1788681560842998500,28.61599853515625,0.8876502513885498,9.312846183776855,-2.358887195587158
1788681560853073200,28.6260732421875,0.7171382308006287,9.5647611618042,-2.4560019969940186
1788681560863195600,28.636195556640626,0.5490203499794006,9.72861385345459,-2.5837178230285645
1788681560873248800,28.646248779296876,0.32014966011047363,9.727192878723145,-2.4777743816375732
1788681560883323100,28.6563232421875,0.4074631929397583,9.542240142822266,-2.451587677001953
1788681560893398000,28.66639794921875,0.5808183550834656,9.300500869750977,-2.2445640563964844
1788681560903472400,28.676472412109376,0.7739257216453552,9.023970603942871,-2.2240636348724365
1788681560913547300,28.68654736328125,0.6986579895019531,8.807669639587402,-2.2607250213623047
1788681560923621600,28.69662158203125,0.535702645778656,8.856376647949219,-2.558354139328003
1788681560933696800,28.70669677734375,0.3123685121536255,8.97541332244873,-2.6332478523254395
1788681560943771100,28.716771240234376,0.2651578485965729,9.149741172790527,-2.8319664001464844
1788681560953846300,28.72684619140625,0.23508067429065704,9.464428901672363,-2.9543700218200684
1788681560963920600,28.736920654296874,0.14163199067115784,9.644817352294922,-3.012728691101074
1788681560973995500,28.74699560546875,0.2585737705230713,9.752331733703613,-3.1630396842956543
1788681560984070100,28.757070068359376,0.2909703254699707,9.792584419250488,-3.079392194747925
1788681560994141200,28.76714111328125,0.24428339302539825,9.666664123535156,-3.0142250061035156
1788681561004219100,28.77721923828125,0.3373579978942871,9.508048057556152,-3.002254009246826
1788681561014294500,28.78729443359375,0.5804442763328552,9.36581802368164,-2.820070266723633
1788681561024367600,28.79736767578125,0.8901193141937256,9.28067398071289,-2.5457847118377686
1788681561034443500,28.807443603515626,0.7077110409736633,9.406594276428223,-2.536133050918579
1788681561044512000,28.817511962890624,0.3288286328315735,9.367613792419434,-2.887033224105835
1788681561054592800,28.8275927734375,-0.16639702022075653,9.322572708129883,-3.0656256675720215
1788681561064666600,28.83766650390625,-0.34252047538757324,9.372326850891113,-3.1088709831237793
1788681561074742500,28.847742431640626,-0.26246437430381775,9.556530952453613,-3.0998926162719727
1788681561084816600,28.857816650390625,0.032097265124320984,9.672125816345215,-3.069366693496704
1788681561094890500,28.867890380859375,0.27226561307907104,9.65035343170166,-3.0906898975372314
1788681561104966000,28.8779658203125,0.41868603229522705,9.662249565124512,-3.1950621604919434
1788681561115041300,28.888041259765625,0.37805941700935364,9.629928588867188,-2.9897594451904297
1788681561125115400,28.898115478515624,-0.15674538910388947,9.484929084777832,-2.814159631729126
1788681561135190500,28.9081904296875,-1.3833997249603271,9.521515846252441,-2.669534921646118
1788681561145264600,28.9182646484375,0.3009960353374481,9.328557968139648,-2.7462990283966064
1788681561155339800,28.92833984375,1.6718261241912842,8.835801124572754,-2.584540843963623
1788681561165414100,28.9384140625,1.1561750173568726,8.68631362915039,-2.6919806003570557
1788681561175489300,28.9484892578125,-0.00613514194265008,8.925359725952148,-3.0731074810028076
1788681561185563400,28.9585634765625,-0.5769277811050415,9.170540809631348,-3.3378164768218994
1788681561195612400,28.9686123046875,-0.3307739198207855,9.271097183227539,-3.4445080757141113
1788681561205713400,28.97871337890625,0.19131167232990265,9.28613567352295,-3.446453332901001
1788681561215788000,28.9887880859375,0.5816413760185242,9.285462379455566,-3.2689082622528076
1788681561225861400,28.998861328125,0.7224503755569458,9.288305282592773,-3.0353989601135254
1788681561235937300,29.008937255859376,0.5071966648101807,9.31269645690918,-3.0416088104248047
1788681561246011100,29.01901123046875,-0.17672201991081238,9.255011558532715,-3.2350902557373047
1788681561256087000,29.029087158203126,-0.09030629694461823,9.095646858215332,-2.8446109294891357
1788681561266135300,29.03913525390625,0.7017255425453186,9.396344184875488,-2.2596774101257324
1788681561276236300,29.049236328125,0.6370820999145508,9.734524726867676,-2.3352444171905518
1788681561286310700,29.059310546875,0.2671031355857849,9.775750160217285,-2.7049241065979004
1788681561296386000,29.069385986328125,-0.27136778831481934,9.653645515441895,-2.79665207862854
1788681561306460400,29.07946044921875,-0.41195231676101685,9.649306297302246,-2.9811551570892334
1788681561316535000,29.08953515625,-0.1578676700592041,9.66726303100586,-3.0429556369781494
1788681561326603500,29.099603515625,0.20462942123413086,9.53273868560791,-2.8755111694335938
1788681561336684300,29.109684326171877,0.3339163064956665,9.420286178588867,-2.9768905639648438
1788681561346758100,29.119758056640624,0.3274070918560028,9.225981712341309,-3.002254009246826
1788681561356807200,29.12980712890625,0.2817676067352295,9.082404136657715,-2.9920787811279297
1788681561366908400,29.139908447265626,0.15898995101451874,9.02591609954834,-3.0098109245300293
1788681561376983300,29.1499833984375,-0.015487492084503174,9.05606746673584,-2.9635727405548096
1788681561387057700,29.1600576171875,-0.14814123511314392,9.180341720581055,-3.0674960613250732
1788681561397131500,29.170131591796874,-0.16160862147808075,9.332598686218262,-3.177704095840454
1788681561407207200,29.180207275390625,0.054842181503772736,9.436521530151367,-3.2567877769470215
1788681561417281800,29.19028173828125,0.4181622862815857,9.459041595458984,-3.194762945175171
1788681561427355400,29.20035546875,0.6206219792366028,9.428067207336426,-3.047893524169922
1788681561437431000,29.21043115234375,0.6323685050010681,9.352275848388672,-2.933720111846924
1788681561447505700,29.220505615234377,0.5022585988044739,9.331550598144531,-2.939331531524658
1788681561457580800,29.230580810546876,0.3933972716331482,9.305214881896973,-3.0130279064178467
1788681561467654100,29.240654052734374,0.22049100697040558,9.287781715393066,-3.222595453262329
1788681561477730000,29.25072998046875,0.08140286058187485,9.273566246032715,-3.341557502746582
1788681561487804700,29.2608046875,-0.0035913025494664907,9.28882884979248,-3.3530795574188232
1788681561497878500,29.27087841796875,0.03329436853528023,9.386392593383789,-3.255964756011963
1788681561507954400,29.280954345703126,0.15689502656459808,9.470414161682129,-2.988861560821533
1788681561518002700,29.291002685546875,0.3322702944278717,9.570821762084961,-2.645143985748291
1788681561528110000,29.301110107421874,0.6016179919242859,9.724124908447266,-2.3050925731658936
1788681561538177500,29.311177490234375,0.5487210750579834,9.71701717376709,-2.13181209564209
1788681561548253000,29.3212529296875,0.29373863339424133,9.53737735748291,-2.224886655807495
1788681561558326500,29.331326416015624,0.02379237860441208,9.3358154296875,-2.2356605529785156
1788681561568402200,29.341402099609375,-0.15562310814857483,9.261670112609863,-2.118344783782959
1788681561578477000,29.35147705078125,-0.24922142922878265,9.281946182250977,-2.1728129386901855
1788681561588551700,29.3615517578125,-0.27488428354263306,9.435324668884277,-2.3587374687194824
1788681561598626300,29.371626220703124,-0.1893663853406906,9.563339233398438,-2.5614216327667236
1788681561608675000,29.381675048828125,-0.13295301795005798,9.54201602935791,-2.786177396774292
1788681561618776000,29.391776123046874,-0.35681086778640747,9.851615905761719,-2.9771149158477783
1788681561628849700,29.401849609375,0.22251112759113312,9.881094932556152,-2.9613282680511475
1788681561638925000,29.411925048828124,0.9403975605964661,9.114726066589355,-2.792536973953247
1788681561649000000,29.422,0.9915735721588135,8.823455810546875,-3.2491562366485596
1788681561659074600,29.432074462890625,0.8117091655731201,9.0051908493042,-3.3955764770507812
1788681561669148000,29.44214794921875,0.5155015587806702,9.259051322937012,-3.2345664501190186
1788681561679223800,29.452223876953123,0.13661913573741913,9.399934768676758,-2.8097453117370605
1788681561689276400,29.4622763671875,-0.5536591410636902,9.364620208740234,-2.2485294342041016
1788681561699377000,29.472376953125,-1.5135843753814697,9.060033798217773,-2.011204242706299
1788681561709448000,29.482447998046876,-0.8912416100502014,8.866626739501953,-2.0528035163879395
1788681561719521800,29.492521728515626,0.9359832406044006,9.3596830368042,-2.327089309692383
1788681561729596200,29.50259619140625,2.0847511291503906,9.630452156066895,-2.3599348068237305
1788681561739671800,29.512671875,2.5587282180786133,9.357138633728027,-2.304718494415283
1788681561749746400,29.522746337890624,2.557007312774658,9.270723342895508,-2.9625253677368164
1788681561759820500,29.532820556640626,1.8771289587020874,9.339930534362793,-3.6496613025665283
1788681561769895400,29.5428955078125,1.1605144739151,9.012673377990723,-3.008688449859619
1788681561779970800,29.552970703125,0.6942436695098877,8.922965049743652,-2.3972692489624023
1788681561790045400,29.56304541015625,0.7409306168556213,9.21131706237793,-2.238354206085205
1788681561800119600,29.57311962890625,1.2156559228897095,9.733851432800293,-2.4547300338745117
1788681561810195000,29.58319482421875,1.6772879362106323,9.896806716918945,-2.921300172805786
1788681561820268800,29.593268798828124,1.7688661813735962,9.727940559387207,-2.996567964553833
1788681561830343400,29.603343505859375,1.2754361629486084,9.541566848754883,-2.825307607650757
1788681561840419300,29.61341943359375,0.3440916836261749,9.392677307128906,-2.641028881072998
1788681561850493400,29.623493408203124,-0.17066168785095215,9.428516387939453,-2.5433156490325928
1788681561860565500,29.6335654296875,-0.10699088871479034,9.639803886413574,-2.698863983154297
1788681561870642400,29.643642333984374,0.16834230720996857,9.77096176147461,-2.923694372177124
1788681561880717600,29.653717529296873,0.24937106668949127,9.83448314666748,-3.137451648712158
1788681561890765800,29.663765869140626,-0.1744026243686676,10.158971786499023,-3.1150059700012207
1788681561900866600,29.673866455078127,-0.566153883934021,10.775479316711426,-2.7329812049865723
1788681561910942200,29.683942138671874,1.9413235187530518,9.943643569946289,-1.8311153650283813
1788681561921016000,29.69401611328125,2.281524658203125,9.489717483520508,-2.2801778316497803
1788681561931090400,29.70409033203125,1.9900305271148682,9.29458999633789,-3.0823850631713867
1788681561941166000,29.714166015625,1.9155858755111694,8.951845169067383,-3.3739538192749023
1788681561951240400,29.724240478515625,1.5233856439590454,8.842759132385254,-3.344400405883789
1788681561961314300,29.734314208984376,0.883011519908905,9.030180931091309,-3.315894603729248
1788681561971389400,29.744389404296875,0.18734627962112427,9.50161361694336,-3.500547409057617
1788681561981464600,29.754464599609374,-0.48953941464424133,9.95329475402832,-3.7713913917541504
1788681561991513000,29.76451318359375,-0.7940519452095032,10.418218612670898,-3.841496706008911
1788681562001613600,29.774613525390624,-0.6224176287651062,10.647089958190918,-3.618910789489746
1788681562011688700,29.784688720703127,-0.23089082539081573,10.690185546875,-3.370661973953247
1788681562021762600,29.794762451171874,0.010324995033442974,10.39307975769043,-3.044826030731201
1788681562031838000,29.804837890625,0.1008557453751564,10.141987800598145,-2.936638116836548
1788681562041887200,29.81488720703125,0.22714988887310028,9.855581283569336,-2.895637273788452
1788681562051987000,29.824987060546874,0.5601683855056763,9.561543464660645,-2.86024808883667
1788681562062036200,29.8350361328125,1.01020348072052,9.329754829406738,-2.759317398071289
1788681562072110800,29.84511083984375,1.3550432920455933,9.094000816345215,-2.641552686691284
1788681562082231800,29.855231689453124,1.365143895149231,9.056741714477539,-2.583268880844116
1788681562092264700,29.8652646484375,1.0874165296554565,9.171363830566406,-2.535010576248169
1788681562102337300,29.875337158203124,0.7465420365333557,9.286584854125977,-2.4340052604675293
1788681562112416800,29.885416748046875,0.5045779943466187,9.32893180847168,-2.2478561401367188
1788681562122484700,29.895484619140625,0.41120412945747375,9.347637176513672,-1.9954174757003784
1788681562132560000,29.905559814453124,0.3455132246017456,9.324666976928711,-1.7696892023086548
1788681562142641000,29.915640869140624,0.5883750915527344,9.281347274780273,-1.7624317407608032
1788681562152708600,29.92570849609375,1.0847978591918945,8.000149726867676,-1.503783106803894
1788681562162783500,29.935783447265624,-1.0378116369247437,8.632967948913574,-0.19692309200763702
1788681562172859100,29.945859130859375,-1.703474521636963,9.174955368041992,0.5368249416351318
1788681562182933000,29.95593310546875,-2.3540987968444824,9.809642791748047,-1.581370234489441
1788681562193011000,29.966010986328126,-1.0409539937973022,9.604340553283691,-5.016450881958008
1788681562203107800,29.97610791015625,0.2462286800146103,8.713024139404297,-7.27186393737793
1788681562213183000,29.986182861328125,-0.33593642711639404,8.372149467468262,-6.231508255004883
1788681562223231500,29.9962314453125,-1.413551688194275,8.768613815307617,-3.5389294624328613
1788681562233332200,30.006332275390626,-1.660229206085205,9.253290176391602,-2.2723968029022217
1788681562243406800,30.01640673828125,-0.9272294044494629,9.351153373718262,-1.754126787185669
1788681562253481700,30.026481689453124,-0.06262333691120148,9.33806037902832,-1.6083049774169922
1788681562263532300,30.0365322265625,0.008529343642294407,9.363946914672852,-1.9499276876449585
1788681562273631500,30.046631591796874,-0.573710560798645,9.328108787536621,-2.349011182785034
1788681562283705900,30.056705810546877,-0.9817723631858826,9.282095909118652,-2.287959098815918
1788681562293780700,30.06678076171875,-1.045742392539978,9.41639518737793,-1.9730466604232788
1788681562303829200,30.076829345703125,-0.8568249344825745,9.607033729553223,-2.1972038745880127
1788681562313930000,30.086929931640626,-0.022221185266971588,9.818172454833984,-2.750563621520996
1788681562324004600,30.097004638671876,0.8251017332077026,10.0789155960083,-3.1309423446655273
1788681562334079500,30.10707958984375,0.4528782069683075,10.114978790283203,-3.209277629852295
1788681562344154000,30.117154052734374,-0.6026654839515686,10.036643028259277,-2.9035680294036865
1788681562354229200,30.127229248046874,-0.8759037256240845,9.75622272491455,-2.6974422931671143
1788681562364303400,30.137303466796876,-0.5071966648101807,9.441010475158691,-2.4664766788482666
1788681562374378200,30.147378173828123,-0.5163245797157288,9.251494407653809,-1.8597710132598877
1788681562384452400,30.157452392578126,-0.4883423149585724,9.114202499389648,-1.4104840755462646
1788681562394502100,30.167502197265627,-0.013691840693354607,9.043872833251953,-0.8481459617614746
1788681562404601900,30.177601806640624,0.30032268166542053,9.230545043945312,-1.158793568611145
1788681562414677000,30.187677001953126,0.051026422530412674,9.549049377441406,-1.9179052114486694
1788681562424725000,30.19772509765625,0.057311203330755234,9.38512134552002,-2.0930559635162354
1788681562434826500,30.207826416015624,0.4792144298553467,9.140687942504883,-1.8834885358810425
1788681562444900600,30.217900634765623,0.44360068440437317,9.0975923538208,-1.8883517980575562
1788681562454975700,30.227975830078126,0.6001964211463928,9.221940994262695,-2.492438793182373
1788681562465026000,30.238026123046875,0.7041197419166565,9.312995910644531,-3.154959201812744
1788681562475099400,30.248099365234374,0.07721300423145294,9.24715518951416,-3.1122376918792725
1788681562485200000,30.258199951171875,-0.39205053448677063,9.30918025970459,-2.965667724609375
1788681562495274000,30.26827392578125,-0.28954875469207764,9.706393241882324,-3.233818292617798
1788681562505348900,30.278348876953125,-0.020201077684760094,10.065598487854004,-3.6651487350463867
1788681562515424000,30.288424072265624,-0.006808510981500149,10.042853355407715,-3.649810791015625
1788681562525498000,30.298498046875,0.1513584405183792,9.62379264831543,-3.3553240299224854
1788681562535573500,30.308573486328125,0.22909517586231232,9.330877304077148,-3.484910249710083
1788681562545647600,30.318647705078124,0.08910919725894928,9.30918025970459,-3.310133457183838
1788681562555723000,30.328722900390623,0.08417115360498428,9.281571388244629,-3.0714614391326904
1788681562565798000,30.3387978515625,0.1769464761018753,9.316736221313477,-3.1074492931365967
1788681562575872500,30.34887255859375,0.8304138779640198,9.429862976074219,-3.4938137531280518
1788681562585946400,30.3589462890625,0.9497498869895935,9.495927810668945,-3.706448793411255
1788681562596013000,30.369012939453125,0.7875427007675171,9.556830406188965,-3.810596466064453
1788681562606096100,30.37909619140625,0.6115688681602478,9.409287452697754,-3.8261587619781494
1788681562616171300,30.389171142578125,0.5563526153564453,9.332149505615234,-3.728445529937744
1788681562626220000,30.399219970703125,0.12681786715984344,9.047015190124512,-2.9629743099212646
1788681562636320800,30.40932080078125,0.0967407152056694,9.078662872314453,-2.5551369190216064
1788681562646401800,30.41940185546875,0.34685996174812317,9.517550468444824,-3.1471781730651855
1788681562656470000,30.429469970703124,0.4655974209308624,9.807473182678223,-3.6857986450195312
1788681562666544400,30.43954443359375,0.6492775678634644,9.917830467224121,-3.8781578540802
1788681562676619500,30.44961962890625,0.7466168403625488,9.685967445373535,-3.550226926803589
1788681562686694400,30.4596943359375,1.0919055938720703,9.606584548950195,-3.672555685043335
1788681562696768000,30.46976806640625,1.1903671026229858,9.405695915222168,-3.325321674346924
1788681562706843600,30.47984375,1.5444844961166382,9.357288360595703,-2.5127146244049072
1788681562716918300,30.489918212890625,1.534159541130066,9.848323822021484,-2.821192502975464
1788681562726966300,30.49996630859375,1.1495161056518555,10.805107116699219,-3.5382559299468994
1788681562737067800,30.51006787109375,1.4372692108154297,11.61831283569336,-3.7404911518096924
1788681562747141400,30.520141357421874,0.590470016002655,11.602002143859863,-3.9498343467712402
1788681562757191400,30.53019140625,0.16400282084941864,11.327940940856934,-3.012354612350464
1788681562767292400,30.54029248046875,0.7554454803466797,10.96768856048584,-2.47328519821167
1788681562777366500,30.550366455078127,0.9918728470802307,10.390536308288574,-2.2730700969696045
1788681562787441200,30.560441162109374,0.983418345451355,9.63883113861084,-1.5259294509887695
1788681562797515000,30.570514892578124,1.7725322246551514,9.15505313873291,-0.8169465065002441
1788681562807591000,30.5805908203125,2.2079029083251953,8.72417163848877,-0.8077437877655029
1788681562817665000,30.5906650390625,1.849969744682312,8.48018741607666,-0.7789385318756104
1788681562827739100,30.6007392578125,1.561244010925293,8.52148723602295,-0.8875006437301636
1788681562837814800,30.610814697265624,1.9174562692642212,8.761281967163086,-1.033247709274292
1788681562847888600,30.620888671875,2.074052095413208,9.154753684997559,-1.2467057704925537
1788681562857964300,30.63096435546875,1.9328689575195312,10.017489433288574,-1.6249147653579712
1788681562868038100,30.6410380859375,1.6506524085998535,10.906336784362793,-2.5194482803344727
1788681562878113800,30.65111376953125,1.6941221952438354,11.336994171142578,-2.9718029499053955
1788681562888188000,30.66118798828125,0.8760533928871155,11.591452598571777,-3.317166566848755
1788681562898261800,30.67126171875,0.1438017338514328,12.344878196716309,-3.7724387645721436
1788681562908311300,30.681311279296875,1.5403695106506348,11.221697807312012,-4.104858875274658
1788681562918412300,30.691412353515624,1.569997787475586,10.278457641601562,-3.930830240249634
1788681562928461000,30.7014609375,2.6007015705108643,8.492308616638184,-3.158475875854492
1788681562938561800,30.711561767578125,2.6007015705108643,7.490484237670898,-3.0108582973480225
1788681562948635600,30.7216357421875,2.430039882659912,6.9478983879089355,-3.7472996711730957
1788681562958685400,30.731685546875,2.1367502212524414,6.7870378494262695,-3.4133834838867188
1788681562968785400,30.741785400390626,1.879373550415039,6.6268510818481445,-2.429441452026367
1788681562978845700,30.751845703125,2.301426410675049,7.167342185974121,-2.918980836868286
1788681562988935200,30.76193505859375,2.27209734916687,8.77272891998291,-3.390413999557495
1788681562999008800,30.7720087890625,2.1984755992889404,10.657564163208008,-4.551601886749268
1788681563009085000,30.7820849609375,1.3510031700134277,12.871377944946289,-7.248221397399902
1788681563019159000,30.792158935546876,1.070208191871643,12.334702491760254,-6.704288482666016
1788681563029233400,30.8022333984375,4.51755952835083,11.178827285766602,-4.621108531951904
1788681563039309000,30.81230908203125,-0.7967454195022583,10.69602108001709,-5.503671169281006
1788681563049383000,30.8223828125,-1.1400889158248901,10.642375946044922,-6.211831092834473
1788681563059458300,30.832458251953124,0.03643675893545151,9.132607460021973,-4.5025954246521
1788681563069532000,30.842531982421875,-1.294066071510315,7.76484489440918,-2.9250411987304688
1788681563079607600,30.852607666015626,1.9010709524154663,8.508394241333008,-4.456881046295166
1788681563089707300,30.862707275390626,1.347037672996521,8.868572235107422,-3.5872623920440674
1788681563099756500,30.872756591796875,1.6213234663009644,9.45447826385498,-4.194192409515381
1788681563109831700,30.882831787109374,3.215712070465088,9.025766372680664,-4.698022365570068
1788681563119906600,30.892906494140625,3.90322208404541,7.699528217315674,-4.15723180770874
1788681563129956400,30.902956298828126,4.698022365570068,6.485742568969727,-4.262127876281738
1788681563140055800,30.913055908203123,4.910807132720947,5.920112609863281,-3.991283893585205
1788681563150129700,30.923129638671874,5.72281551361084,5.7374796867370605,-4.364330291748047
1788681563160204500,30.93320458984375,6.082918167114258,6.3471784591674805,-4.437727451324463
1788681563170280200,30.9432802734375,6.1070098876953125,6.601038455963135,-4.309937000274658
1788681563180354800,30.953354736328127,6.19806432723999,6.826467514038086,-4.183792591094971
1788681563190429400,30.963429443359374,6.230386257171631,7.89510440826416,-4.757353782653809
1788681563200503300,30.97350341796875,6.476913928985596,8.803628921508789,-4.975375652313232
1788681563210578700,30.98357861328125,6.379126071929932,9.825429916381836,-5.583353042602539
1788681563220653800,30.99365380859375,5.460052013397217,9.980454444885254,-5.9491424560546875
1788681563230727000,31.003726806640625,4.755856990814209,9.118541717529297,-5.171326160430908
1788681563240803000,31.013802978515624,3.5896565914154053,8.557999610900879,-3.8803277015686035
1788681563250877000,31.023876953125,4.1192240715026855,8.194978713989258,-5.128305435180664
1788681563260951300,31.033951416015626,4.0143280029296875,6.682366371154785,-3.5370588302612305
1788681563271001300,31.04400146484375,6.258218765258789,7.90318489074707,-6.539687156677246
1788681563281102000,31.05410205078125,5.099574565887451,6.804919719696045,-4.5563154220581055
1788681563291164200,31.0641640625,4.751742362976074,4.335899353027344,-2.312499523162842
1788681563301250800,31.074250732421874,6.0977325439453125,3.226261615753174,-2.982501983642578
1788681563311326000,31.084325927734376,8.225130081176758,4.2265143394470215,-4.313079357147217
1788681563321400600,31.094400634765623,8.458864212036133,5.023334503173828,-4.850727558135986
1788681563331474400,31.104474365234374,7.864204406738281,5.621660232543945,-5.2381391525268555
1788681563341550000,31.114550048828125,7.508740425109863,5.631536483764648,-5.086256980895996
1788681563351624400,31.12462451171875,7.518167495727539,5.388076305389404,-4.673257350921631
1788681563361698800,31.13469873046875,7.516371726989746,5.499331474304199,-5.326275825500488
1788681563371774500,31.1447744140625,7.112574577331543,5.273528575897217,-5.374833106994629
1788681563381848800,31.154848876953125,7.390227317810059,4.593874454498291,-5.188384532928467
1788681563391924000,31.164924072265624,7.605406284332275,3.723956346511841,-4.307842254638672
1788681563401997800,31.174997802734374,7.947178363800049,3.0765492916107178,-3.3848774433135986
1788681563412072200,31.185072265625,8.275932312011719,3.2280571460723877,-3.1286230087280273
1788681563422121500,31.19512158203125,7.888595104217529,4.1967363357543945,-3.3692402839660645
1788681563432227000,31.20522705078125,6.9030070304870605,5.22137975692749,-4.236464977264404
1788681563442276000,31.215276123046873,6.335506439208984,5.890933513641357,-4.730044841766357
1788681563452363500,31.225363525390627,6.452223777770996,5.793294906616211,-4.942305564880371
1788681563462447000,31.235447021484376,7.549890518188477,5.020117282867432,-4.564919471740723
1788681563472495400,31.245495361328125,7.817592144012451,3.575366258621216,-1.0895862579345703
1788681563482572300,31.255572265625,6.216993808746338,4.621781826019287,-4.480673789978027
1788681563492663600,31.26566357421875,8.45699405670166,5.557316303253174,-1.3742717504501343
1788681563502719700,31.2757197265625,7.985186576843262,4.223745822906494,-1.15011465549469
1788681563512808000,31.285807861328124,8.849642753601074,3.3941550254821777,-2.7170448303222656
1788681563522871300,31.295871337890624,8.231040954589844,4.006322383880615,-3.262997627258301
1788681563532944100,31.305944091796874,8.214506149291992,3.974374771118164,-3.7895724773406982
1788681563543060000,31.31606005859375,8.487818717956543,3.586289644241333,-3.6254947185516357
1788681563553093400,31.32609326171875,8.667309761047363,3.1140334606170654,-3.195286512374878
1788681563563193600,31.336193603515625,8.459013938903809,2.775104284286499,-2.716296672821045
1788681563573268700,31.346268798828124,8.02536392211914,2.7172691822052,-2.2420949935913086
1788681563583343000,31.356343017578126,8.694169044494629,3.3669958114624023,-2.435950517654419
1788681563593418200,31.366418212890625,13.597943305969238,4.966397285461426,-3.7968297004699707
1788681563603492600,31.37649267578125,7.99566125869751,4.45209264755249,-2.0708348751068115
1788681563613566700,31.386566650390623,6.9502177238464355,3.765779972076416,-1.9892075061798096
1788681563623654700,31.396654541015625,8.772804260253906,3.9390604496002197,-3.4745852947235107
1788681563633717000,31.406717041015625,9.883040428161621,3.934720754623413,-3.6926071643829346
1788681563643791400,31.416791259765624,10.20887565612793,3.6960489749908447,-3.062333583831787
1788681563653866200,31.4268662109375,9.303194046020508,3.720215320587158,-3.287987232208252
1788681563663918000,31.43691796875,8.443077087402344,3.9258923530578613,-3.2334442138671875
1788681563674014700,31.4470146484375,8.419734001159668,4.191873073577881,-2.719738245010376
1788681563684090600,31.457090576171876,7.974038600921631,4.093112468719482,-2.6505308151245117
1788681563694164500,31.46716455078125,7.957727909088135,4.202123165130615,-2.941276788711548
1788681563704239900,31.477239990234374,8.438438415527344,4.34951639175415,-3.1560816764831543
1788681563714314500,31.487314453125,8.907477378845215,4.022932052612305,-2.9590089321136475
1788681563724388600,31.497388671875,9.1376953125,3.3179893493652344,-2.9993362426757812
1788681563734464500,31.507464599609374,9.303343772888184,2.719813108444214,-3.164311647415161
1788681563744539000,31.517538818359377,9.354519844055176,2.6048166751861572,-2.839149236679077
1788681563754613500,31.527613525390624,9.092354774475098,2.8342111110687256,-2.3569419384002686
1788681563764688400,31.5376884765625,8.495001792907715,3.076399564743042,-2.5106945037841797
1788681563774762000,31.547761962890625,8.034716606140137,3.1834652423858643,-3.208005905151367
1788681563784837400,31.55783740234375,7.1612067222595215,3.32584547996521,-2.4922890663146973
1788681563794886400,31.567886474609374,7.7726263999938965,3.6275148391723633,-0.8239794969558716
1788681563804987100,31.577987060546874,8.865130424499512,3.7068228721618652,-0.6140379309654236
1788681563815061800,31.588061767578125,9.065420150756836,3.5179052352905273,-2.0341737270355225
1788681563825111300,31.598111328125,9.729811668395996,3.3761985301971436,-3.015347480773926
1788681563835211300,31.608211181640623,10.393902778625488,3.600954294204712,-3.2769887447357178
1788681563845285600,31.61828564453125,10.3386869430542,4.020687580108643,-2.9817538261413574
1788681563855335200,31.628335205078123,9.833135604858398,4.206088542938232,-2.477400302886963
1788681563865410600,31.63841064453125,9.046192169189453,4.003180027008057,-2.1375732421875
1788681563875484000,31.64848388671875,8.155922889709473,3.6320040225982666,-1.90324068069458
1788681563885559000,31.65855908203125,7.012766361236572,3.4340333938598633,-1.8556559085845947
1788681563895634000,31.668634033203126,6.629245281219482,2.9112744331359863,-1.2945897579193115
1788681563905734400,31.678734375,7.067384243011475,3.1535377502441406,-0.49627313017845154
1788681563915809000,31.68880908203125,8.02768325805664,3.7135565280914307,0.21689970791339874
1788681563925878500,31.69887841796875,8.506598472595215,3.6950762271881104,0.23029227554798126
1788681563935958800,31.708958740234376,8.851812362670898,3.4047045707702637,-0.20477905869483948
1788681563946033200,31.719033203125,9.217676162719727,3.289782762527466,-0.585232675075531
1788681563956107800,31.729107666015626,9.556081771850586,3.422511339187622,-0.6037877202033997
1788681563966182400,31.739182373046877,9.566781044006348,3.5516486167907715,-0.16736966371536255
1788681563976256500,31.749256591796875,9.156399726867676,3.514688014984131,0.45010992884635925
1788681563986332200,31.759332275390626,8.650774002075195,3.2254385948181152,1.0463409423828125
1788681563996414200,31.769414306640623,8.484452247619629,2.9221980571746826,1.345017671585083
1788681564006481200,31.779481201171876,8.59653091430664,2.8663084506988525,1.356390118598938
1788681564016556300,31.789556396484375,8.602516174316406,3.0300867557525635,1.333345890045166
1788681564026630000,31.7996298828125,8.401777267456055,3.1541361808776855,1.2416929006576538
1788681564036706300,31.809706298828125,8.541389465332031,3.262922763824463,1.08651864528656
1788681564046780200,31.8197802734375,8.82083797454834,3.292476177215576,1.107019066810608
1788681564056855600,31.82985546875,8.882712364196777,3.212195634841919,1.2030863761901855
1788681564066929200,31.83992919921875,8.877250671386719,3.133411407470703,1.1896189451217651
1788681564077004000,31.850004150390625,9.037662506103516,3.095702886581421,1.2066776752471924
1788681564087079000,31.860078857421875,9.02239990234375,3.0212581157684326,1.2778303623199463
1788681564097153300,31.8701533203125,8.810736656188965,2.8912978172302246,1.325714349746704
1788681564107228700,31.880228759765625,8.654964447021484,2.923245429992676,1.2739397287368774
1788681564117303300,31.89030322265625,8.554183006286621,2.989684581756592,1.2830677032470703
1788681564127378400,31.90037841796875,8.519916534423828,3.017666816711426,1.3943232297897339
1788681564137452800,31.910452880859374,8.265606880187988,3.050886392593384,1.4838813543319702
1788681564147527400,31.92052734375,8.101828575134277,3.012279748916626,1.6741455793380737
1788681564157582300,31.930582275390623,8.118064880371094,2.9105262756347656,1.9541175365447998
1788681564167677200,31.94067724609375,8.474651336669922,2.759841203689575,2.0766706466674805
1788681564177751600,31.95075146484375,8.992097854614258,2.6215012073516846,2.1706430912017822
1788681564187826200,31.960826171875,9.333122253417969,2.567631721496582,2.196530342102051
1788681564197900300,31.970900390625,9.948356628417969,2.4739584922790527,2.045620918273926
1788681564207976000,31.980975830078126,10.744354248046875,2.239476442337036,1.7536031007766724
1788681564218050800,31.99105078125,8.564358711242676,2.6915316581726074,1.738115668296814
1788681564228124400,32.00112451171875,8.97885513305664,2.558354139328003,2.5882816314697266
1788681564238200000,32.011199951171875,9.014469146728516,2.5411458015441895,2.247781276702881
1788681564248274000,32.02127392578125,8.271068572998047,2.6879403591156006,1.9153614044189453
1788681564258349000,32.03134912109375,7.863680839538574,2.884564161300659,1.9370588064193726
1788681564268424400,32.04142456054687,7.8029279708862305,2.9722516536712646,1.5819687843322754
1788681564278498300,32.051498291015626,7.228244781494141,3.345148801803589,1.5932663679122925
1788681564288574000,32.061573974609374,7.113622188568115,3.5656397342681885,1.3906570672988892
1788681564298623700,32.07162377929688,7.384241580963135,3.7124342918395996,0.6848164796829224
1788681564308723500,32.081723388671875,7.505373477935791,4.160299777984619,0.10399813950061798
1788681564318797800,32.0917978515625,7.909020900726318,4.5265374183654785,-0.20724809169769287
1788681564328847600,32.10184765625,8.574234962463379,4.523320198059082,-0.26830023527145386
1788681564338947300,32.111947265625,8.760458946228027,4.4315924644470215,-0.17993922531604767
1788681564349021700,32.12202172851563,8.69289779663086,4.399869441986084,-0.10945990681648254
1788681564359089000,32.1320888671875,8.73569393157959,4.378695487976074,0.08372224122285843
1788681564369171200,32.14217114257813,8.488118171691895,4.368520259857178,0.26725277304649353
1788681564379245800,32.15224584960937,8.217424392700195,4.401365756988525,0.18375498056411743
1788681564389320700,32.16232080078125,8.261491775512695,4.545541763305664,-0.1702875941991806
1788681564399395000,32.17239501953125,8.363470077514648,4.593276023864746,-0.5345803499221802
1788681564409470500,32.182470458984376,8.663044929504395,4.499902248382568,-0.7215525507926941
1788681564419545300,32.19254541015625,9.155951499938965,4.349142074584961,-0.7827543020248413
1788681564429619000,32.202618896484374,9.728838920593262,4.157156944274902,-0.6713491082191467
1788681564439673600,32.212673583984376,10.180220603942871,3.8941690921783447,-0.32344168424606323
1788681564449769200,32.22276928710937,10.254889488220215,3.6740522384643555,0.014215572737157345
1788681564459844400,32.23284423828125,9.869647979736328,3.526958465576172,0.2298433631658554
1788681564469919200,32.242919189453126,9.257031440734863,3.495983362197876,0.2535609304904938
1788681564479993600,32.25299365234375,8.626533508300781,3.578807830810547,0.18712182343006134
1788681564490068200,32.263068115234375,8.253262519836426,3.7054011821746826,0.11207856982946396
1788681564500142300,32.273142333984374,8.05626392364502,3.9076364040374756,-0.09030629694461823
1788681564510218000,32.28321801757812,8.114623069763184,4.099322319030762,-0.3927238881587982
1788681564520292400,32.29329223632813,8.354043006896973,4.235193252563477,-0.62458735704422
1788681564530366000,32.303365966796875,8.643142700195312,4.261229991912842,-0.5933130979537964
1788681564540442000,32.313442138671874,8.882862091064453,4.18880558013916,-0.52418053150177
1788681564550516200,32.32351611328125,9.105223655700684,4.053084373474121,-0.44337621331214905
1788681564560591400,32.33359130859375,9.428216934204102,3.949235677719116,-0.24099136888980865
1788681564570666200,32.34366625976563,9.514707565307617,3.9996635913848877,-0.17702129483222961
1788681564580740600,32.35374072265625,9.38976001739502,4.13867712020874,-0.11971008777618408
1788681564590815500,32.3638154296875,9.014094352722168,4.211400985717773,-0.12861351668834686
1788681564600889000,32.37388916015625,8.641197204589844,4.170998573303223,-0.20260931551456451
1788681564610965200,32.38396533203125,8.495600700378418,4.112191200256348,-0.2513163685798645
1788681564621039900,32.39403979492187,8.466944694519043,4.120420932769775,-0.23919571936130524
1788681564631113700,32.40411376953125,8.519617080688477,4.120495796203613,-0.21675007045269012
1788681564641189000,32.414189208984375,8.699256896972656,4.076801776885986,-0.19138649106025696
1788681564651263000,32.42426293945312,8.850316047668457,4.035202503204346,-0.13250410556793213
1788681564661337900,32.434337890625,8.999878883361816,4.06281042098999,-0.05057751014828682
1788681564671413500,32.44441357421875,9.141286849975586,4.096254825592041,-0.17627310752868652
1788681564681488100,32.45448803710938,9.189544677734375,4.15064811706543,-0.2621650993824005
1788681564691582200,32.464582275390626,9.07335090637207,4.231078147888184,-0.1991676539182663
1788681564701636600,32.47463671875,8.924013137817383,4.25666618347168,-0.16385318338871002
1788681564711712500,32.48471240234375,8.79577350616455,4.200701713562012,-0.06337152421474457
1788681564721787100,32.494787109375,8.631172180175781,4.165462017059326,-0.05693710967898369
1788681564731861000,32.50486108398437,8.609025955200195,4.135310173034668,-0.048482585698366165
1788681564741936000,32.51493603515625,8.772504806518555,4.142118453979492,-0.0884358286857605
1788681564752010200,32.52501025390625,8.727389335632324,4.217685699462891,-0.1833808869123459
1788681564762071600,32.53507153320312,8.612616539001465,4.2458176612854,-0.16250644624233246
1788681564772135000,32.54513500976562,8.617330551147461,4.26362419128418,-0.14574703574180603
1788681564782233000,32.55523315429687,8.58388614654541,4.293102741241455,-0.09412205219268799
1788681564792283600,32.56528369140625,8.430657386779785,4.317867755889893,-0.1280149668455124
1788681564802401500,32.575401611328125,8.434024810791016,4.321683883666992,-0.17455226182937622
1788681564812433000,32.58543286132812,8.476147651672363,4.370914459228516,-0.23620295524597168
1788681564822509300,32.59550927734375,8.509291648864746,4.4223151206970215,-0.22767361998558044
1788681564832583000,32.6055830078125,8.679654121398926,4.365228176116943,-0.15816694498062134
1788681564842657800,32.61565771484375,8.808342933654785,4.286593914031982,-0.0958428904414177
1788681564852732700,32.62573266601562,8.77729320526123,4.272153854370117,-0.09816227108240128
1788681564862807600,32.6358076171875,8.803180694580078,4.304699897766113,-0.13871406018733978
1788681564872883000,32.64588305664063,8.841412544250488,4.316745758056641,-0.1363946795463562
1788681564882956800,32.655956787109375,8.820762634277344,4.352583885192871,-0.14567221701145172
1788681564893031700,32.66603173828125,8.793378829956055,4.3529582023620605,-0.1569698452949524
1788681564903132000,32.6761318359375,8.654365539550781,4.393210411071777,-0.19797055423259735
1788681564913181000,32.68618090820313,8.517297744750977,4.458901405334473,-0.28072014451026917
1788681564923281400,32.69628149414063,8.52141284942627,4.5177836418151855,-0.3472340703010559
1788681564933356500,32.7063564453125,8.608501434326172,4.528931617736816,-0.3642927408218384
1788681564943431000,32.71643090820312,8.683844566345215,4.526762008666992,-0.3538181185722351
1788681564953486600,32.72648657226563,8.787543296813965,4.460846900939941,-0.23874680697917938
1788681564963580200,32.736580078125,9.017536163330078,4.421865940093994,-0.16101007163524628
1788681564973655000,32.746655029296875,8.95109748840332,4.392088413238525,-0.011596914380788803
1788681564983729700,32.756729736328126,8.407238960266113,4.161346912384033,-0.1265185922384262
1788681564993805300,32.76680541992187,8.603264808654785,4.236839294433594,-0.25819969177246094
1788681565003879200,32.77687915039063,8.566154479980469,4.55496883392334,-0.35666123032569885
1788681565013954300,32.78695434570312,8.325162887573242,4.5644707679748535,-0.5157260298728943
1788681565024002600,32.79700244140625,8.163554191589355,4.54883337020874,-0.6154595017433167
1788681565034103800,32.807103759765624,8.22460651397705,4.589235782623291,-0.5247042775154114
1788681565044178000,32.81717797851562,8.443376541137695,4.478204727172852,-0.392424613237381
1788681565054253000,32.827253173828126,8.797643661499023,4.360963344573975,-0.3134159743785858
1788681565064323300,32.8373232421875,8.930148124694824,4.398298263549805,-0.28625673055648804
