time,seconds_elapsed,z,y,x
1788679041948055000,0.039054931640625,9.482755661010742,1.710868239402771,-2.251646041870117
1788679041965336000,0.056336181640625,9.425328254699707,1.765903115272522,-2.280359983444214
1788679041982617300,0.073617431640625,9.391828536987305,1.7467604875564575,-2.3186452388763428
1788679041999898600,0.090898681640625,9.410971641540527,1.6582261323928833,-2.352144718170166
1788679042017180000,0.108179931640625,9.523433685302734,1.557727575302124,-2.359323024749756
1788679042034461200,0.125461181640625,9.482755661010742,1.5170495510101318,-2.3784656524658203
1788679042051742500,0.142742431640625,9.315258979797363,1.581655740737915,-2.4119651317596436
1788679042069023700,0.160023681640625,9.231510162353516,1.667797327041626,-2.447857618331909
1788679042086305000,0.177304931640625,9.267401695251465,1.710868239402771,-2.4095723628997803
1788679042103586300,0.19458642578125,9.308079719543457,1.7060825824737549,-2.328216314315796
1788679042120867300,0.211867431640625,9.384650230407715,1.698904037475586,-2.287538528442383
1788679042138148600,0.229148681640625,9.391828536987305,1.6630117893218994,-2.3018953800201416
1788679042155430000,0.246429931640625,9.322437286376953,1.674975872039795,-2.2947168350219727
1788679042172711200,0.263711181640625,9.41336441040039,1.7228323221206665,-2.2947168350219727
1788679042189992400,0.280992431640625,9.45164966583252,1.7156537771224976,-2.2444677352905273
1788679042207273700,0.298273681640625,9.456435203552246,1.6654045581817627,-2.242074728012085
1788679042224555000,0.315554931640625,9.492327690124512,1.6366907358169556,-2.2851455211639404
1788679042241836000,0.3328359375,9.516255378723145,1.5792629718780518,-2.344966173171997
1788679042259117300,0.350117431640625,9.351150512695312,1.5361921787261963,-2.3162522315979004
1788679042276398600,0.367398681640625,9.265008926391602,1.6199408769607544,-2.3162522315979004
1788679042293679900,0.384679931640625,9.363115310668945,1.6917256116867065,-2.2396819591522217
1788679042310961200,0.401961181640625,9.442078590393066,1.734796404838562,-2.1511476039886475
1788679042328242400,0.419242431640625,9.391828536987305,1.7012969255447388,-2.163111686706543
1788679042345523700,0.436523681640625,9.312865257263184,1.7012969255447388,-2.2540390491485596
1788679042362805000,0.453804931640625,9.370293617248535,1.6701902151107788,-2.289931297302246
1788679042380086000,0.4710859375,9.473184585571289,1.6319050788879395,-2.242074728012085
1788679042397367300,0.4883671875,9.430113792419434,1.6295121908187866,-2.2396819591522217
1788679042414648600,0.505648681640625,9.4061861038208,1.6582261323928833,-2.203789710998535
1788679042431929900,0.522929931640625,9.470791816711426,1.703689694404602,-2.155933141708374
1788679042449211100,0.540211181640625,9.454042434692383,1.765903115272522,-2.1032910346984863
1788679042466492400,0.557492431640625,9.497113227844238,1.7802600860595703,-2.1535403728485107
1788679042483773700,0.574773681640625,9.257830619812012,1.703689694404602,-2.146361827850342
1788679042501055000,0.592054931640625,9.21715259552002,1.6893328428268433,-2.227717876434326
1788679042518336000,0.6093359375,9.31047248840332,1.7012969255447388,-2.187039852142334
1788679042535617300,0.6266171875,9.324830055236816,1.7156537771224976,-2.115255117416382
1788679042552898600,0.643898681640625,9.43489933013916,1.6941183805465698,-2.1200408935546875
1788679042570179800,0.661179931640625,9.363115310668945,1.648654818534851,-2.1104695796966553
1788679042587461000,0.678461181640625,9.255437850952148,1.6510475873947144,-2.1535403728485107
1788679042604742400,0.695742431640625,9.312865257263184,1.6151553392410278,-2.196611166000366
1788679042622023700,0.713023681640625,9.365508079528809,1.5314065217971802,-2.1678972244262695
1788679042639305000,0.730304931640625,9.415757179260254,1.5002998113632202,-2.062613010406494
1788679042656586000,0.7475859375,9.401400566101074,1.6295121908187866,-1.9836499691009521
1788679042673867300,0.7648671875,9.4660062789917,1.6893328428268433,-1.9860427379608154
1788679042691148500,0.7821484375,9.717252731323242,1.6941183805465698,-1.8711873292922974
1788679042708429800,0.799429931640625,10.068997383117676,1.7635103464126587,-1.892722725868225
1788679042725711000,0.816711181640625,9.588040351867676,1.7611174583435059,-1.919043779373169
1788679042742992400,0.833992431640625,9.176474571228027,1.7994025945663452,-2.0650060176849365
1788679042760273700,0.851273681640625,9.078369140625,1.7994025945663452,-2.2947168350219727
1788679042777555000,0.868554931640625,9.049654960632324,1.6893328428268433,-2.3712873458862305
1788679042794836200,0.885836181640625,9.336793899536133,1.576870083808899,-2.431107759475708
1788679042812117500,0.903117431640625,9.580862045288086,1.4261223077774048,-2.5220351219177246
1788679042829398500,0.9203984375,9.590433120727539,1.25144624710083,-2.60339093208313
1788679042846679800,0.9376796875,9.729216575622559,1.2275179624557495,-2.5986053943634033
1788679042863961000,0.954961181640625,9.832108497619629,1.2586246728897095,-2.4981069564819336
1788679042881242400,0.972242431640625,9.748359680175781,1.2610175609588623,-2.445464849472046
1788679042898523600,0.989523681640625,9.631111145019531,1.2681959867477417,-2.4287149906158447
1788679042915805000,1.006804931640625,9.631111145019531,1.3040883541107178,-2.366501569747925
1788679042933086200,1.024086181640625,9.592825889587402,1.397408366203308,-2.2779672145843506
1788679042950367500,1.041367431640625,9.492327690124512,1.5170495510101318,-2.225325107574463
1788679042967648500,1.0586484375,9.422935485839844,1.5864413976669312,-2.203789710998535
1788679042984929800,1.0759296875,9.332008361816406,1.612762451171875,-2.1750757694244385
1788679043002211000,1.093211181640625,9.358329772949219,1.6295121908187866,-2.1750757694244385
1788679043019492400,1.110492431640625,9.408578872680664,1.6319050788879395,-2.170290231704712
1788679043036773600,1.127773681640625,9.442078590393066,1.6247265338897705,-2.1774685382843018
1788679043054055000,1.145054931640625,9.358329772949219,1.5625132322311401,-2.2612173557281494
1788679043071336200,1.162336181640625,9.365508079528809,1.4333007335662842,-2.289931297302246
1788679043088617500,1.179617431640625,9.468399047851562,1.3830515146255493,-2.390429735183716
1788679043105898800,1.196898681640625,9.475577354431152,1.399801254272461,-2.5052852630615234
1788679043123179800,1.2141796875,9.461220741271973,1.4572290182113647,-2.4335005283355713
1788679043140461000,1.2314609375,9.44447135925293,1.5672988891601562,-2.376072883605957
1788679043157742300,1.248742431640625,9.487542152404785,1.7060825824737549,-2.3641088008880615
1788679043175023600,1.266023681640625,9.372686386108398,1.7874385118484497,-2.3162522315979004
1788679043192305000,1.283304931640625,9.41336441040039,1.919043779373169,-2.297109842300415
1788679043209586200,1.300586181640625,9.370293617248535,1.954936146736145,-2.3090739250183105
1788679043226867500,1.317867431640625,9.377471923828125,1.94297194480896,-2.359323024749756
1788679043244148700,1.335148681640625,9.410971641540527,1.852044701576233,-2.3641088008880615
1788679043261430000,1.352429931640625,9.439684867858887,1.7730815410614014,-2.3162522315979004
1788679043278711300,1.369711181640625,9.375079154968262,1.7850457429885864,-2.2923240661621094
1788679043295992300,1.386992431640625,9.389435768127441,1.8137595653533936,-2.306680917739868
1788679043313273600,1.404273681640625,9.372686386108398,1.7635103464126587,-2.2851455211639404
1788679043330555000,1.421554931640625,9.355937004089355,1.7587246894836426,-2.2468605041503906
1788679043347836200,1.438836181640625,9.44447135925293,1.8065811395645142,-2.2372891902923584
1788679043365117400,1.456117431640625,9.53061294555664,1.8137595653533936,-2.218146562576294
1788679043382398700,1.473398681640625,9.597611427307129,1.7922241687774658,-2.234896421432495
1788679043399680000,1.490679931640625,9.525827407836914,1.7754744291305542,-2.266003131866455
1788679043416961300,1.507961181640625,9.391828536987305,1.8041882514953613,-2.282752752304077
1788679043434242300,1.5252421875,9.231510162353516,1.9094724655151367,-2.287538528442383
1788679043451523600,1.542523681640625,9.17886734008789,2.021935224533081,-2.273181438446045
1788679043468804900,1.559804931640625,9.20997428894043,2.0578274726867676,-2.249253273010254
1788679043486086100,1.577086181640625,9.269794464111328,2.0673987865448,-2.2061824798583984
1788679043503367400,1.594367431640625,9.174081802368164,2.043470621109009,-2.273181438446045
1788679043520648700,1.611648681640625,8.9850492477417,2.0315065383911133,-2.3856441974639893
1788679043537930000,1.628929931640625,9.044869422912598,2.021935224533081,-2.447857618331909
1788679043555211300,1.646211181640625,9.226723670959473,1.9573289155960083,-2.4095723628997803
1788679043572492500,1.663492431640625,9.34875774383545,1.8783657550811768,-2.4263222217559814
1788679043589773800,1.68077392578125,9.437292098999023,1.8544375896453857,-2.478964328765869
1788679043607055000,1.69805517578125,9.492327690124512,1.801795482635498,-2.462214469909668
1788679043624336400,1.71533642578125,9.53779125213623,1.8041882514953613,-2.4358935356140137
1788679043641617400,1.732617431640625,9.56889820098877,1.8352949619293213,-2.407179594039917
1788679043658898700,1.749898681640625,9.53061294555664,1.8185452222824097,-2.423929452896118
1788679043676180000,1.767179931640625,9.473184585571289,1.8376877307891846,-2.4191436767578125
1788679043693461200,1.784461181640625,9.477970123291016,1.9166508913040161,-2.423929452896118
1788679043710742500,1.801742431640625,9.430113792419434,2.0171494483947754,-2.416750907897949
1788679043728023800,1.81902392578125,9.384650230407715,2.100898265838623,-2.4263222217559814
1788679043745305000,1.83630517578125,9.34875774383545,2.0578274726867676,-2.3856441974639893
1788679043762586400,1.85358642578125,9.377471923828125,2.0243279933929443,-2.3856441974639893
1788679043779867600,1.87086767578125,9.363115310668945,1.9932212829589844,-2.392822742462158
1788679043797149000,1.88814892578125,9.4061861038208,1.9836499691009521,-2.368894338607788
1788679043814430200,1.90543017578125,9.226723670959473,1.9405791759490967,-2.368894338607788
1788679043831711500,1.92271142578125,9.028120040893555,1.923829436302185,-2.455035924911499
1788679043848992500,1.939992431640625,8.889336585998535,1.911865234375,-2.50289249420166
1788679043866273800,1.957273681640625,8.894122123718262,1.9310078620910645,-2.4981069564819336
1788679043883555000,1.97455517578125,8.86062240600586,1.947757601737976,-2.5076780319213867
1788679043900836400,1.99183642578125,8.8438720703125,1.978864312171936,-2.50289249420166
1788679043918117600,2.00911767578125,9.056833267211914,2.0003998279571533,-2.486142635345459
1788679043935399000,2.02639892578125,9.286544799804688,1.950150489807129,-2.495713949203491
1788679043952680200,2.04368017578125,9.437292098999023,1.8903298377990723,-2.5052852630615234
1788679043969961500,2.06096142578125,9.432506561279297,1.852044701576233,-2.555534601211548
1788679043987242800,2.07824267578125,9.34875774383545,1.8496519327163696,-2.579462766647339
1788679044004524000,2.09552392578125,9.262616157531738,1.892722725868225,-2.548356056213379
1788679044021805300,2.112805419921875,9.276973724365234,1.97407865524292,-2.4765713214874268
1788679044039086600,2.130086669921875,9.375079154968262,2.069791555404663,-2.4095723628997803
1788679044056367600,2.14736767578125,9.430113792419434,2.0793628692626953,-2.3497519493103027
1788679044073649000,2.16464892578125,9.494720458984375,2.0506489276885986,-2.3880369663238525
1788679044090930200,2.18193017578125,9.556933403015137,1.9860427379608154,-2.416750907897949
1788679044108211500,2.19921142578125,9.4660062789917,1.9573289155960083,-2.4263222217559814
1788679044125492700,2.21649267578125,9.312865257263184,2.053041934967041,-2.423929452896118
1788679044142774000,2.23377392578125,9.245866775512695,2.117648124694824,-2.4095723628997803
1788679044160055300,2.25105517578125,9.324830055236816,2.132004976272583,-2.3569302558898926
1788679044177336600,2.268336669921875,9.387042999267578,2.1200408935546875,-2.3545374870300293
1788679044194617900,2.285617919921875,9.408578872680664,2.0985054969787598,-2.3641088008880615
1788679044211899100,2.302899169921875,9.312865257263184,2.0506489276885986,-2.3976082801818848
1788679044229180400,2.320180419921875,9.214759826660156,2.045863389968872,-2.392822742462158
1788679044246461700,2.337461669921875,9.190832138061523,2.0793628692626953,-2.3880369663238525
1788679044263743000,2.354742919921875,9.265008926391602,2.1128623485565186,-2.328216314315796
1788679044281024300,2.372024169921875,9.286544799804688,2.0985054969787598,-2.3258235454559326
1788679044298305300,2.38930517578125,9.276973724365234,2.0171494483947754,-2.3641088008880615
1788679044315586800,2.4065869140625,9.231510162353516,1.9405791759490967,-2.359323024749756
1788679044332867800,2.423867919921875,9.418149948120117,2.1583259105682373,-2.304288148880005
1788679044350149000,2.441149169921875,9.355937004089355,2.115255117416382,-2.2372891902923584
1788679044367430400,2.458430419921875,9.298508644104004,2.1200408935546875,-2.2995026111602783
1788679044384711700,2.475711669921875,9.265008926391602,2.1750757694244385,-2.3497519493103027
1788679044401993000,2.492992919921875,9.241081237792969,2.172683000564575,-2.289931297302246
1788679044419274200,2.510274169921875,9.274580955505371,2.2205393314361572,-2.289931297302246
1788679044436555500,2.527555419921875,9.260223388671875,2.234896421432495,-2.3258235454559326
1788679044453836800,2.5448369140625,9.255437850952148,2.2229323387145996,-2.3497519493103027
1788679044471118000,2.5621181640625,9.286544799804688,2.179861545562744,-2.3617160320281982
1788679044488399400,2.5793994140625,9.346364974975586,2.1367905139923096,-2.4023938179016113
1788679044505680600,2.5966806640625,9.389435768127441,2.122433662414551,-2.392822742462158
1788679044522962000,2.6139619140625,9.367900848388672,2.146361827850342,-2.3712873458862305
1788679044540243200,2.6312431640625,9.226723670959473,2.1846470832824707,-2.3952155113220215
1788679044557524500,2.6485244140625,9.18843936920166,2.1750757694244385,-2.416750907897949
1788679044574805500,2.665805419921875,9.236295700073242,2.1343977451324463,-2.4119651317596436
1788679044592086800,2.683086669921875,9.198010444641113,2.1128623485565186,-2.4023938179016113
1788679044609368000,2.7003681640625,9.169296264648438,2.117648124694824,-2.383251428604126
1788679044626649300,2.7176494140625,9.18843936920166,2.1367905139923096,-2.335394859313965
1788679044643930600,2.7349306640625,9.312865257263184,2.1439690589904785,-2.342573404312134
1788679044661212000,2.7522119140625,9.260223388671875,2.0985054969787598,-2.344966173171997
1788679044678493200,2.7694931640625,9.140582084655762,2.115255117416382,-2.3569302558898926
1788679044695774500,2.7867744140625,9.073583602905273,2.1678972244262695,-2.344966173171997
1788679044713055700,2.8040556640625,9.013762474060059,2.179861545562744,-2.313859462738037
1788679044730337000,2.8213369140625,9.133403778076172,2.2372891902923584,-2.2923240661621094
1788679044747618300,2.838618408203125,9.279366493225098,2.2372891902923584,-2.256431818008423
1788679044764899600,2.855899658203125,9.30329418182373,2.1822543144226074,-2.2205393314361572
1788679044782180900,2.873180908203125,9.494720458984375,2.148754835128784,-2.2061824798583984
1788679044799462100,2.890462158203125,9.439684867858887,2.069791555404663,-2.2372891902923584
1788679044816743400,2.907743408203125,9.387042999267578,2.1343977451324463,-2.139183521270752
1788679044834024700,2.925024658203125,9.052047729492188,1.9716858863830566,-2.172683000564575
1788679044851306000,2.942305908203125,9.066405296325684,2.273181438446045,-2.0889341831207275
1788679044868587300,2.959587158203125,8.621339797973633,2.0267207622528076,-1.950150489807129
1788679044885868500,2.97686865234375,8.769695281982422,1.3423734903335571,-2.297109842300415
1788679044903149600,2.994149658203125,9.133403778076172,1.4380863904953003,-2.8115665912628174
1788679044920430800,3.011430908203125,9.090332984924316,2.0003998279571533,-2.4502503871917725
1788679044937712000,3.028712158203125,7.087540626525879,3.601198196411133,-1.698904037475586
1788679044954993400,3.045993408203125,8.061419486999512,4.972285270690918,-0.8015955686569214
1788679044972274700,3.063274658203125,7.884350776672363,4.505684852600098,-0.2105683982372284
1788679044989556000,3.080555908203125,7.487142086029053,3.6394832134246826,-0.03349951654672623
1788679045006837200,3.097837158203125,7.953742504119873,2.825923442840576,-0.44745782017707825
1788679045024118500,3.115118408203125,8.906085968017578,1.4835500717163086,-0.6867401003837585
1788679045041399800,3.13239990234375,9.915857315063477,1.277767300605774,-1.3399807214736938
1788679045058681000,3.14968115234375,10.39202880859375,1.0600204467773438,-1.9932212829589844
1788679045075962400,3.16696240234375,10.279565811157227,0.6317051649093628,-1.6606189012527466
1788679045093243600,3.18424365234375,14.218152046203613,0.31345975399017334,-1.0791629552841187
1788679045110525000,3.20152490234375,11.710474014282227,0.4977070987224579,-0.9475577473640442
1788679045127806200,3.21880615234375,10.030712127685547,1.3543375730514526,-0.9978070259094238
1788679045145087500,3.23608740234375,9.726823806762695,1.4811571836471558,-0.9690931439399719
1788679045162368800,3.25336865234375,9.91825008392334,1.2705888748168945,-0.8566305041313171
1788679045179650000,3.270650146484375,10.262816429138184,1.3280165195465088,-0.5144568681716919
1788679045196931000,3.28793115234375,9.425328254699707,1.3184453248977661,0.05742774158716202
1788679045214212600,3.305212646484375,9.908679008483887,1.7276179790496826,0.20099709928035736
1788679045231493600,3.32249365234375,10.604990005493164,1.6845471858978271,0.18903298676013947
1788679045248775000,3.33977490234375,10.224531173706055,1.4333007335662842,0.06699903309345245
1788679045266056200,3.35705615234375,10.1216402053833,1.4213366508483887,-0.28235307335853577
1788679045283337500,3.37433740234375,9.657432556152344,1.9310078620910645,-1.2801600694656372
1788679045300618800,3.39161865234375,9.485149383544922,2.0315065383911133,-0.794417142868042
1788679045317900000,3.408900146484375,9.657432556152344,1.7060825824737549,0.1459621787071228
1788679045335181300,3.426181396484375,9.255437850952148,1.8448662757873535,0.26560330390930176
1788679045352462600,3.443462646484375,9.068798065185547,1.765903115272522,-0.10049854964017868
1788679045369744000,3.460743896484375,9.738788604736328,1.8664016723632812,-0.4953143000602722
1788679045387025200,3.478025146484375,10.660024642944336,1.8687944412231445,0.1459621787071228
1788679045404306400,3.495306396484375,10.803594589233398,1.5026925802230835,0.17706887423992157
1788679045421587700,3.512587646484375,10.356136322021484,1.6773686408996582,0.3326023519039154
1788679045438869000,3.529868896484375,10.047462463378906,1.8065811395645142,0.3397808074951172
1788679045456150300,3.547150390625,9.714859962463379,1.911865234375,0.5048855543136597
1788679045473431600,3.564431640625,9.987641334533691,1.9046868085861206,0.397208571434021
1788679045490712600,3.581712646484375,10.147960662841797,2.0171494483947754,0.5551348328590393
1788679045507994000,3.598994140625,10.200602531433105,2.060220241546631,0.4785645306110382
1788679045525275100,3.616275146484375,9.884750366210938,2.1678972244262695,0.4570291340351105
1788679045542556400,3.633556396484375,9.66221809387207,2.4502503871917725,0.34695929288864136
1788679045559837700,3.650837646484375,9.693324089050293,2.6608188152313232,0.5790630578994751
1788679045577119000,3.668118896484375,9.710074424743652,2.4119651317596436,0.6532405614852905
1788679045594400300,3.685400146484375,9.425328254699707,2.6847469806671143,0.6197410821914673
1788679045611681500,3.702681640625,9.22433090209961,2.7900311946868896,0.576670229434967
1788679045628962800,3.719962890625,9.150154113769531,2.9048867225646973,0.7657032608985901
1788679045646244000,3.737244140625,9.174081802368164,3.136990547180176,1.0001999139785767
1788679045663525400,3.754525390625,8.695517539978027,3.1513473987579346,0.7657032608985901
1788679045680806700,3.771806640625,8.657232284545898,3.005385160446167,0.44027936458587646
1788679045698088000,3.789087890625,8.920442581176758,2.8761727809906006,0.4833501875400543
1788679045715369200,3.806369140625,9.248259544372559,2.9623143672943115,0.6364908218383789
1788679045732650500,3.823650390625,9.29611587524414,2.9455647468566895,0.8231309652328491
1788679045749931800,3.840931884765625,9.300901412963867,3.0005996227264404,0.9595218896865845
1788679045767213000,3.858213134765625,9.207581520080566,2.981456995010376,1.1054840087890625
1788679045784494000,3.875494140625,9.040083885192871,3.0867412090301514,1.2299108505249023
1788679045801775600,3.892775634765625,8.889336585998535,3.25663161277771,1.0552347898483276
1788679045819056600,3.910056640625,8.975478172302246,3.22552490234375,1.00259268283844
1788679045836338000,3.927337890625,8.80798053741455,3.2039895057678223,0.97148597240448
1788679045853619200,3.944619140625,8.774480819702148,3.208775281906128,0.8949156403541565
1788679045870900500,3.961900390625,9.047262191772461,2.9312076568603516,0.7489534616470337
1788679045888181800,3.979181640625,9.140582084655762,3.0628130435943604,0.9044869542121887
1788679045905463000,3.996463134765625,9.152546882629395,2.9862427711486816,0.9810572862625122
1788679045922744300,4.013744384765625,9.162117958068848,3.0388846397399902,0.6795616149902344
1788679045940025600,4.031025634765625,9.06401252746582,3.084348440170288,1.0648061037063599
1788679045957307000,4.048306884765625,9.056833267211914,3.074777126312256,1.25144624710083
1788679045974588200,4.065588134765625,9.276973724365234,3.139383316040039,1.301695466041565
1788679045991869400,4.082869384765625,9.556933403015137,2.9790642261505127,1.3040883541107178
1788679046009150700,4.100150634765625,9.731609344482422,2.7828526496887207,1.3184453248977661
1788679046026432000,4.117431884765625,9.681360244750977,2.895315408706665,1.2729816436767578
1788679046043713300,4.13471337890625,9.523433685302734,2.9623143672943115,1.1700903177261353
1788679046060994300,4.151994384765625,9.399007797241211,3.0556344985961914,1.1700903177261353
1788679046078275600,4.169275634765625,9.013762474060059,3.2063822746276855,1.1700903177261353
1788679046095556900,4.186556884765625,8.788837432861328,3.1992039680480957,1.1222338676452637
1788679046112838100,4.203838134765625,8.930013656616211,3.232703447341919,1.1892328262329102
1788679046130119400,4.221119384765625,9.028120040893555,3.0963125228881836,1.1748759746551514
1788679046147400700,4.238400634765625,9.154939651489258,3.153740167617798,1.2323036193847656
1788679046164682000,4.255681884765625,9.317651748657227,3.1130621433258057,1.1676974296569824
1788679046181963300,4.27296337890625,9.116654396057129,3.280559778213501,1.1270195245742798
1788679046199244500,4.29024462890625,9.131011009216309,3.2614171504974365,1.124626636505127
1788679046216525800,4.30752587890625,9.245866775512695,3.0795626640319824,1.0121639966964722
1788679046233807000,4.32480712890625,9.30329418182373,3.0269205570220947,0.9260223507881165
1788679046251088400,4.34208837890625,9.269794464111328,3.115455150604248,1.0887342691421509
1788679046268369700,4.35936962890625,9.18843936920166,3.1968109607696533,1.153340458869934
1788679046285651000,4.37665087890625,9.260223388671875,3.1106693744659424,1.0648061037063599
1788679046302932200,4.39393212890625,9.389435768127441,3.1034910678863525,1.0456634759902954
1788679046320213200,4.411213134765625,9.355937004089355,3.263810157775879,1.6007983684539795
1788679046337494500,4.42849462890625,9.145368576049805,3.4648072719573975,1.2394821643829346
1788679046354775800,4.44577587890625,9.372686386108398,2.9479575157165527,0.6029912829399109
1788679046372057000,4.46305712890625,9.810572624206543,2.5938198566436768,0.2967100143432617
1788679046389338400,4.48033837890625,9.832108497619629,2.6081767082214355,0.4546363055706024
1788679046406619600,4.49761962890625,9.719645500183105,2.792423963546753,0.5120640397071838
1788679046423901000,4.51490087890625,9.42054271697998,2.8498518466949463,0.5072783827781677
1788679046441182200,4.53218212890625,9.284152030944824,3.067598581314087,0.5335994362831116
1788679046458463500,4.54946337890625,8.894122123718262,3.1034910678863525,0.7537391185760498
1788679046475744800,4.566744873046875,8.81515884399414,3.122633457183838,0.7657032608985901
1788679046493025800,4.58402587890625,9.09272575378418,3.046063184738159,0.7058826684951782
1788679046510307300,4.601307373046875,9.363115310668945,2.9766714572906494,0.7417750358581543
1788679046527588400,4.61858837890625,9.554540634155273,3.029313564300537,0.8566305041313171
1788679046544869600,4.63586962890625,8.963513374328613,3.1896326541900635,0.8590233325958252
1788679046562151000,4.65315087890625,8.776873588562012,3.218346357345581,0.6508477330207825
1788679046579432200,4.67043212890625,9.245866775512695,2.861815929412842,0.7010970115661621
1788679046596713500,4.68771337890625,8.989834785461426,2.9934210777282715,0.5048855543136597
1788679046613994800,4.704994873046875,8.446663856506348,3.4480574131011963,0.5934200286865234
1788679046631276000,4.722276123046875,8.135597229003906,3.321237802505493,0.9044869542121887
1788679046648557300,4.739557373046875,8.401200294494629,3.184846878051758,0.49292147159576416
1788679046665838600,4.756838623046875,8.762516975402832,3.6442689895629883,0.3565305769443512
1788679046683119900,4.774119873046875,8.71226692199707,3.555734395980835,1.0552347898483276
1788679046700401200,4.791401123046875,8.638090133666992,3.383451223373413,0.9092726111412048
1788679046717682200,4.80868212890625,8.621339797973633,3.211168050765991,1.031306505203247
1788679046734963500,4.82596337890625,8.784051895141602,3.3475589752197266,1.306481122970581
1788679046752244700,4.84324462890625,9.111868858337402,3.1728827953338623,1.0265209674835205
1788679046769526000,4.860526123046875,9.418149948120117,2.943171739578247,0.9092726111412048
1788679046786807300,4.877807373046875,9.150154113769531,3.2829527854919434,1.2203395366668701
1788679046804088600,4.895088623046875,8.415556907653809,3.589233875274658,1.9046868085861206
1788679046821369900,4.912369873046875,7.953742504119873,3.460021495819092,2.117648124694824
1788679046838651100,4.929651123046875,8.93958568572998,2.8737800121307373,1.6390835046768188
1788679046855932400,4.946932373046875,8.551948547363281,1.9645073413848877,1.8664016723632812
1788679046873213700,4.964213623046875,9.817750930786133,2.148754835128784,1.5314065217971802
1788679046890494700,4.98149462890625,9.107083320617676,2.227717876434326,1.97407865524292
1788679046907776000,4.99877587890625,8.707481384277344,2.53399920463562,2.2325034141540527
1788679046925057300,5.016057373046875,8.451449394226074,2.610569477081299,1.9214365482330322
1788679046942338600,5.033338623046875,7.587640762329102,2.100898265838623,1.277767300605774
1788679046959619800,5.050619873046875,8.0350980758667,2.093719720840454,0.24406790733337402
1788679046976901000,5.067901123046875,8.322237014770508,2.3162522315979004,0.38285163044929504
1788679046994182400,5.085182373046875,8.295916557312012,2.062613010406494,1.3040883541107178
1788679047011463700,5.102463623046875,8.408378601074219,2.328216314315796,2.1583259105682373
1788679047028745000,5.119744873046875,8.11406135559082,2.390429735183716,2.854637384414673
1788679047046026000,5.13702587890625,7.456035137176514,1.25144624710083,2.7110681533813477
1788679047063307300,5.154307373046875,8.037490844726562,0.9643075466156006,2.469393014907837
1788679047080588500,5.171588623046875,7.915457248687744,0.7776673436164856,1.9932212829589844
1788679047097869800,5.188869873046875,8.61894702911377,1.1724830865859985,2.132004976272583
1788679047115151000,5.206151123046875,9.001798629760742,1.1437692642211914,2.713460922241211
1788679047132432400,5.223432373046875,8.709874153137207,0.5431707501411438,3.187239646911621
1788679047149713700,5.240713623046875,8.123632431030273,-0.1746760457754135,3.436093330383301
1788679047166995000,5.257994873046875,7.671389579772949,-0.7585247755050659,3.6777684688568115
1788679047184276200,5.275276123046875,7.618747234344482,-0.9092726111412048,3.9385859966278076
1788679047201557500,5.2925576171875,7.121040344238281,-0.7561319470405579,4.161118507385254
1788679047218838500,5.309838623046875,6.675975322723389,-0.42352959513664246,4.390829563140869
1788679047236119800,5.327119873046875,6.245266914367676,-0.38285163044929504,4.914857864379883
1788679047253401000,5.344401123046875,5.558526992797852,-0.6149554252624512,5.041677474975586
1788679047270682400,5.361682373046875,5.077569484710693,-1.1509476900100708,4.962714195251465
1788679047287963600,5.378963623046875,5.66620397567749,-1.5960127115249634,4.321437835693359
1788679047305245000,5.396244873046875,3.9433717727661133,-2.0793628692626953,4.567898273468018
1788679047322526000,5.41352587890625,3.16331148147583,-2.3162522315979004,4.364508628845215
1788679047339807500,5.430807373046875,2.1678972244262695,-2.589034080505371,3.84765887260437
1788679047357088500,5.448088623046875,2.53399920463562,-2.7637102603912354,3.9050865173339844
1788679047374369800,5.465369873046875,3.5676984786987305,-3.94097900390625,4.2831525802612305
1788679047391651000,5.482651123046875,3.634697675704956,-5.551348686218262,4.565505504608154
1788679047408932400,5.499932373046875,3.2997024059295654,-6.288337707519531,5.065605640411377
1788679047426213600,5.517213623046875,3.5581271648406982,-6.714260101318359,6.50608491897583
1788679047443495000,5.534494873046875,4.931607246398926,-7.214360237121582,9.025727272033691
1788679047460776200,5.551776123046875,6.905686378479004,-7.018148899078369,11.722437858581543
1788679047478057200,5.56905712890625,7.798209190368652,-6.070590972900391,13.627124786376953
1788679047495338500,5.58633837890625,8.298309326171875,-5.309673309326172,14.816357612609863
1788679047512619800,5.603619873046875,8.070990562438965,-5.465207099914551,15.450455665588379
1788679047529901000,5.620901123046875,8.532805442810059,-5.639883041381836,15.548561096191406
1788679047547182300,5.638182373046875,8.090133666992188,-5.163711071014404,15.75434398651123
1788679047564463600,5.655463623046875,6.764509677886963,-4.6301116943359375,15.577275276184082
1788679047581745000,5.672744873046875,5.592026710510254,-4.59421968460083,15.146567344665527
1788679047599026000,5.69002587890625,4.709074974060059,-4.500899314880371,14.787644386291504
1788679047616309200,5.707309326171875,5.635097503662109,-3.6059837341308594,15.87159252166748
1788679047633588500,5.72458837890625,3.1824541091918945,-2.4095723628997803,16.99143409729004
1788679047650869800,5.741869873046875,2.6560330390930176,-1.9357935190200806,16.804794311523438
1788679047668151000,5.759151123046875,0.6795616149902344,-2.4574289321899414,15.170495986938477
1788679047685432300,5.776432373046875,-0.6699903607368469,-4.701896667480469,11.169695854187012
1788679047702713300,5.79371337890625,8.10688304901123,-4.417150497436523,9.930213928222656
1788679047719994600,5.81099462890625,5.276174068450928,-4.01037073135376,11.076375961303711
1788679047737276000,5.82827587890625,10.133604049682617,-3.8333017826080322,10.03549861907959
1788679047754557200,5.84555712890625,3.5341989994049072,-4.213760852813721,8.81515884399414
1788679047771838500,5.86283837890625,3.081955671310425,-4.639683246612549,7.735995769500732
1788679047789119700,5.88011962890625,4.036691665649414,-4.491328239440918,8.37966537475586
1788679047806400800,5.89740087890625,1.9836499691009521,-4.529613494873047,6.45822811126709
1788679047823682000,5.91468212890625,2.885744094848633,-5.276174068450928,4.9435715675354
1788679047840963300,5.93196337890625,3.462414264678955,-5.120640277862549,6.6592254638671875
1788679047858244600,5.94924462890625,3.1585259437561035,-3.2590243816375732,10.001998901367188
1788679047875526000,5.96652587890625,2.572284460067749,-2.201396942138672,9.714859962463379
1788679047892807200,5.98380712890625,3.7974095344543457,-2.8809585571289062,10.214960098266602
1788679047910088200,6.001088134765625,5.678168296813965,-2.469393014907837,9.961320877075195
1788679047927369500,6.018369384765625,6.778866767883301,-1.9812572002410889,10.255638122558594
1788679047944650800,6.035650634765625,7.814958572387695,-1.6199408769607544,10.712666511535645
1788679047961932000,6.05293212890625,4.0319061279296875,-0.6460621356964111,8.2695951461792
1788679047979213300,6.07021337890625,-10.6624174118042,-2.280359983444214,-0.9523434042930603
1788679047996494600,6.08749462890625,4.677968502044678,-1.7826528549194336,8.338987350463867
1788679048013776000,6.10477587890625,8.35573673248291,-0.46420758962631226,8.449056625366211
1788679048031057000,6.122056884765625,3.2614171504974365,-2.4023938179016113,5.61116886138916
1788679048048338200,6.139338134765625,-2.4598217010498047,0.5958128571510315,5.5034918785095215
1788679048065619500,6.156619384765625,0.25363919138908386,0.3278166949748993,8.047062873840332
1788679048082900700,6.173900634765625,2.7661030292510986,-0.2225325107574463,7.884350776672363
1788679048100182000,6.19118212890625,1.6845471858978271,-1.373480200767517,5.924628734588623
1788679048117463000,6.208463134765625,0.8590233325958252,-1.6366907358169556,6.345765590667725
1788679048134744300,6.225744384765625,0.32303106784820557,-0.32303106784820557,9.145368576049805
1788679048152025600,6.243025634765625,-0.7130611538887024,0.2727817893028259,8.228917121887207
1788679048169307000,6.260306884765625,-0.5527420043945312,-0.16271193325519562,8.14516830444336
1788679048186588200,6.277588134765625,-0.33020952343940735,-0.8709874153137207,7.872386455535889
1788679048203869200,6.294869140625,-0.7513462901115417,-2.132004976272583,6.147161483764648
1788679048221150500,6.312150390625,1.3591232299804688,-3.7423746585845947,5.230710506439209
1788679048238431700,6.329431640625,2.0315065383911133,-6.752545356750488,5.032105922698975
1788679048255713000,6.346713134765625,0.19142581522464752,-5.472385406494141,10.05703353881836
1788679048272994300,6.363994384765625,-0.6556333899497986,-3.2279176712036133,10.526026725769043
1788679048290275300,6.381275390625,-1.8089739084243774,-4.163511276245117,11.243873596191406
1788679048307556600,6.398556640625,-1.0528420209884644,-4.108476638793945,11.97607707977295
1788679048324838000,6.415837890625,1.1629117727279663,-4.273581027984619,10.214960098266602
1788679048342119200,6.433119140625,3.290131092071533,-7.530212879180908,17.577674865722656
1788679048359400400,6.450400390625,-1.9669002294540405,-6.041877269744873,6.98704195022583
1788679048376681500,6.467681396484375,-1.828116536140442,-5.654240131378174,6.065805435180664
1788679048393962800,6.484962646484375,-2.335394859313965,-5.931807518005371,9.047262191772461
1788679048411244000,6.502244140625,-1.954936146736145,-6.226124286651611,8.642875671386719
1788679048428525300,6.519525390625,-0.760917603969574,-6.496513366699219,7.585247993469238
1788679048445806600,6.536806640625,-0.4905286431312561,-7.276573657989502,5.869594097137451
1788679048463087600,6.554087646484375,-0.8039883971214294,-6.285944938659668,6.5491557121276855
1788679048480369000,6.571368896484375,-0.9260223507881165,-6.900900363922119,6.096911907196045
1788679048497650200,6.588650146484375,-0.44027936458587646,-7.491927623748779,5.400600910186768
1788679048514931500,6.605931396484375,-0.2871387302875519,-8.200202941894531,3.627519130706787
1788679048532212700,6.623212646484375,0.44027936458587646,-7.977670669555664,4.431507587432861
1788679048549494000,6.640493896484375,0.41156548261642456,-7.5708909034729,4.878965377807617
1788679048566775000,6.657775146484375,-0.06699903309345245,-6.551548480987549,6.884150981903076
1788679048584056300,6.675056396484375,-1.0815558433532715,-6.948757171630859,6.845865726470947
1788679048601337600,6.692337646484375,-0.038285162299871445,-6.63769006729126,6.50608491897583
1788679048618619000,6.709618896484375,-0.02392822690308094,-5.8337016105651855,7.417750358581543
1788679048635900200,6.726900146484375,-0.35413774847984314,-4.579862594604492,3.1800613403320312
1788679048653181400,6.744181396484375,1.552941918373108,-6.003592014312744,4.443471431732178
1788679048670462700,6.761462646484375,-0.7824530005455017,-7.9728851318359375,6.118447303771973
1788679048687743700,6.77874365234375,-0.26560330390930176,-9.724431037902832,6.166304111480713
1788679048705025000,6.79602490234375,-0.06939185410737991,-12.488141059875488,5.675775527954102
1788679048722306300,6.813306396484375,-0.004785645287483931,-13.359128952026367,5.113461971282959
1788679048739587300,6.83058740234375,-0.4259224236011505,-11.82293701171875,5.31685209274292
1788679048756868600,6.84786865234375,-0.7417750358581543,-8.449056625366211,5.517848968505859
1788679048774150000,6.86514990234375,0.7010970115661621,-7.774280548095703,4.9052863121032715
1788679048791431200,6.88243115234375,-1.674975872039795,-7.874779224395752,4.5822553634643555
1788679048808712400,6.89971240234375,-1.8424733877182007,-9.049654960632324,2.974278450012207
1788679048825993700,6.91699365234375,-1.5912270545959473,-9.10229778289795,3.476771354675293
1788679048843274800,6.934274658203125,-1.4572290182113647,-8.059026718139648,3.7399818897247314
1788679048860556000,6.95155615234375,-1.4141582250595093,-9.095118522644043,4.5200419425964355
1788679048877837300,6.96883740234375,-0.8781659007072449,-9.035298347473145,3.8045880794525146
1788679048895118600,6.98611865234375,-1.074377417564392,-8.161917686462402,3.5270206928253174
1788679048912400000,7.00339990234375,-1.0480563640594482,-9.042476654052734,3.2135608196258545
1788679048929681000,7.020680908203125,-1.368694543838501,-9.456435203552246,3.476771354675293
1788679048946962200,7.037962158203125,-0.8015955686569214,-8.094919204711914,2.8354947566986084
1788679048964243500,7.055243408203125,-1.7156537771224976,-6.1328043937683105,2.7278177738189697
1788679048981524700,7.072524658203125,-1.210768222808838,-4.4650068283081055,2.227717876434326
1788679048998806000,7.089805908203125,-0.33738797903060913,-4.7712883949279785,3.16331148147583
1788679049016087300,7.10708740234375,-0.9882357716560364,-6.726224422454834,2.964707374572754
1788679049033368300,7.124368408203125,-1.6319050788879395,-7.88913631439209,2.407179594039917
1788679049050649600,7.141649658203125,-1.1700903177261353,-6.709474563598633,1.459621787071228
1788679049067931000,7.158930908203125,-0.7010970115661621,-6.946363925933838,1.3399807214736938
1788679049085212200,7.176212158203125,-0.8015955686569214,-8.58784008026123,1.8664016723632812
1788679049102493200,7.1934931640625,-1.0791629552841187,-10.222138404846191,2.1822543144226074
1788679049119774500,7.2107744140625,-1.0767701864242554,-10.794022560119629,1.9405791759490967
1788679049137055700,7.2280556640625,-1.0791629552841187,-11.901900291442871,1.8951154947280884
1788679049154337000,7.2453369140625,-0.20099709928035736,-13.674981117248535,1.765903115272522
1788679049171618300,7.262618408203125,-0.9308080077171326,-13.359128952026367,2.785245656967163
1788679049188899300,7.2798994140625,-0.6125625967979431,-10.315458297729492,1.423729419708252
1788679049206180600,7.2971806640625,-1.1222338676452637,-6.874579429626465,-0.02392822690308094
1788679049223462000,7.3144619140625,-0.7561319470405579,-4.967499732971191,-0.7776673436164856
1788679049240743200,7.3317431640625,-0.2105683982372284,-9.157332420349121,0.5383850932121277
1788679049258024200,7.349024169921875,0.13639089465141296,-13.782658576965332,1.1820544004440308
1788679049275305500,7.366305419921875,-0.28235307335853577,-11.877971649169922,1.545763373374939
1788679049292586800,7.383586669921875,-0.8949156403541565,-9.611968994140625,0.851844847202301
1788679049309868000,7.400867919921875,-0.040677983313798904,-7.6737823486328125,-1.038485050201416
1788679049327149300,7.4181494140625,1.4428720474243164,-6.585047721862793,-1.8735800981521606
1788679049344430300,7.435430419921875,-0.5407779216766357,-13.87358570098877,-3.438486099243164
1788679049361711600,7.452711669921875,0.040677983313798904,-15.558133125305176,-0.7824530005455017
1788679049378993000,7.469992919921875,-0.39960137009620667,-16.63968849182129,1.5672988891601562
1788679049396274200,7.487274169921875,-0.43549370765686035,-10.389636039733887,2.8211379051208496
1788679049413555500,7.504555419921875,0.6532405614852905,-10.3681001663208,1.1174482107162476
1788679049430836500,7.52183642578125,0.11246266216039658,-10.810772895812988,0.0526420995593071
1788679049448117800,7.53911767578125,-0.41156548261642456,-10.911271095275879,0.20817556977272034
1788679049465399000,7.55639892578125,0.349352091550827,-10.01156997680664,0.4426721930503845
1788679049482680300,7.573680419921875,0.02392822690308094,-10.03549861907959,0.6269195079803467
1788679049499961600,7.590961669921875,-0.16749759018421173,-9.877572059631348,-0.08853443711996078
1788679049517242600,7.60824267578125,-0.019142581149935722,-9.525827407836914,-1.0552347898483276
1788679049534524000,7.62552392578125,0.019142581149935722,-9.635896682739258,-1.9764715433120728
1788679049551805200,7.64280517578125,-0.3565305769443512,-9.844072341918945,-1.4404792785644531
1788679049569086500,7.66008642578125,-0.007178467698395252,-9.927821159362793,-1.1341979503631592
1788679049586367700,7.67736767578125,-0.04546362906694412,-9.853643417358398,-0.8542376756668091
1788679049603648800,7.694648681640625,-0.16271193325519562,-10.28195858001709,-0.4019941985607147
1788679049620930000,7.711929931640625,0.2105683982372284,-10.114460945129395,-0.43549370765686035
1788679049638211300,7.72921142578125,-0.02153540402650833,-10.080962181091309,-0.5958128571510315
1788679049655492600,7.74649267578125,-0.12442677468061447,-10.083354949951172,-0.5096712112426758
1788679049672774000,7.76377392578125,0.06699903309345245,-9.66221809387207,-0.6652047038078308
1788679049690055000,7.781054931640625,-0.12681959569454193,-9.7938232421875,-0.607776939868927
1788679049707336200,7.798336181640625,-0.05024927482008934,-9.954142570495605,-0.6197410821914673
1788679049724617500,7.815617431640625,-0.09092725813388824,-10.052248001098633,-0.5886343717575073
1788679049741898800,7.832898681640625,-0.15314064919948578,-10.059426307678223,-0.44027936458587646
1788679049759180000,7.850179931640625,-0.16510476171970367,-10.126425743103027,-0.3613162338733673
1788679049776461000,7.8674609375,0.6245267391204834,-9.492327690124512,-0.41156548261642456
1788679049793742300,7.884742431640625,-0.31106695532798767,-9.281759262084961,-0.9427721500396729
1788679049811023600,7.902023681640625,-0.16271193325519562,-9.55214786529541,-0.794417142868042
1788679049828305000,7.919304931640625,-0.3756731450557709,-9.494720458984375,-0.4211367964744568
1788679049845586200,7.936586181640625,-0.18903298676013947,-9.822537422180176,-0.4307080805301666
1788679049862867200,7.9538671875,-0.275174617767334,-9.851250648498535,-0.6699903607368469
1788679049880148500,7.9711484375,-0.059820566326379776,-9.963713645935059,-0.6149554252624512
1788679049897429800,7.9884296875,0.14835500717163086,-9.980463027954102,-0.34695929288864136
1788679049914711000,8.0057109375,0.10049854964017868,-9.872786521911621,-0.2847459018230438
1788679049931992000,8.022991943359376,-0.08374879509210587,-9.89432144165039,-0.4785645306110382
1788679049949273300,8.0402734375,-0.1818545162677765,-9.89432144165039,-0.6364908218383789
1788679049966554600,8.0575546875,-0.18903298676013947,-9.8871431350708,-0.727418065071106
1788679049983836000,8.0748359375,-0.13878370821475983,-9.853643417358398,-0.7561319470405579
1788679050001117200,8.0921171875,-0.12681959569454193,-9.839286804199219,-0.7489534616470337
1788679050018398200,8.109398193359375,-0.07178468257188797,-9.863214492797852,-0.7824530005455017
1788679050035679500,8.126679443359375,-0.06939185410737991,-9.978070259094238,-0.8303094506263733
1788679050052960800,8.143960693359375,-0.11485548317432404,-9.990034103393555,-0.9068797826766968
1788679050070241800,8.16124169921875,-0.11964113265275955,-10.00439167022705,-1.0049854516983032
1788679050087523000,8.178523193359375,-0.17946170270442963,-9.990034103393555,-1.1437692642211914
1788679050104804400,8.195804443359375,-0.33738797903060913,-9.875179290771484,-1.2442678213119507
1788679050122085600,8.213085693359375,-0.46899324655532837,-9.765109062194824,-1.1629117727279663
1788679050139367000,8.230366943359375,-0.672383189201355,-9.714859962463379,-0.9978070259094238
1788679050156648000,8.24764794921875,-0.8542376756668091,-9.731609344482422,-0.7537391185760498
1788679050173929200,8.26492919921875,-0.8135597109794617,-9.686145782470703,-0.5455635786056519
1788679050191210500,8.28221044921875,-0.9427721500396729,-9.707681655883789,-0.39960137009620667
1788679050208491800,8.29949169921875,-0.7537391185760498,-9.872786521911621,-0.4019941985607147
1788679050225773000,8.31677294921875,-0.7489534616470337,-10.009177207946777,-0.4091726839542389
1788679050243054000,8.33405419921875,-0.6867401003837585,-9.868000984191895,-0.4546363055706024
1788679050260335400,8.35133544921875,-0.7369893789291382,-9.611968994140625,-0.5072783827781677
1788679050277616600,8.36861669921875,-1.0145567655563354,-9.53779125213623,-0.607776939868927
1788679050294898000,8.38589794921875,-1.2729816436767578,-9.616754531860352,-0.641276478767395
1788679050312179200,8.40317919921875,-1.3710874319076538,-9.724431037902832,-0.6484549641609192
1788679050329460200,8.420460205078125,-1.2442678213119507,-9.779465675354004,-0.6340979933738708
1788679050346741500,8.437741455078125,-1.1509476900100708,-9.765109062194824,-0.641276478767395
1788679050364022800,8.455022705078125,-0.9332008361816406,-9.66221809387207,-0.7082754969596863
1788679050381304000,8.472303955078125,-0.8901300430297852,-9.667003631591797,-0.7417750358581543
1788679050398585300,8.48958544921875,-0.8805587291717529,-9.741181373596191,-0.7704889178276062
1788679050415866400,8.506866455078125,-0.9667003750801086,-9.784252166748047,-0.7657032608985901
1788679050433147600,8.524147705078125,-1.038485050201416,-9.717252731323242,-0.7226324677467346
1788679050450429000,8.541428955078125,-1.2729816436767578,-9.659825325012207,-0.6843472719192505
1788679050467710000,8.5587099609375,-1.2490534782409668,-9.705288887023926,-0.7082754969596863
1788679050484991200,8.5759912109375,-1.277767300605774,-9.877572059631348,-0.7728816866874695
1788679050502272500,8.5932724609375,-1.3232308626174927,-10.001998901367188,-0.8422735929489136
1788679050519553800,8.6105537109375,-1.2275179624557495,-10.03549861907959,-0.9260223507881165
1788679050536834800,8.627834716796874,-1.1581261157989502,-9.882357597351074,-0.8183453679084778
1788679050554116000,8.6451162109375,-1.1030912399291992,-9.734002113342285,-0.6747759580612183
1788679050571397400,8.6623974609375,-0.9308080077171326,-9.659825325012207,-0.6484549641609192
1788679050588678700,8.6796787109375,-0.7226324677467346,-9.571290969848633,-0.5742774605751038
1788679050605960000,8.6969599609375,-0.5934200286865234,-9.640682220458984,-0.4498506486415863
1788679050623241000,8.714240966796876,-0.4977070987224579,-9.745966911315918,-0.38285163044929504
1788679050640522200,8.731522216796876,-0.4043870270252228,-9.710074424743652,-0.31106695532798767
1788679050657803500,8.748803466796875,-0.5335994362831116,-9.68375301361084,-0.24646073579788208
1788679050675084800,8.766084716796875,-0.5862415432929993,-9.805787086486816,-0.1459621787071228
1788679050692366000,8.783365966796875,-0.605384111404419,-9.963713645935059,-0.07417750358581543
1788679050709647000,8.800647216796875,-0.7920243144035339,-10.001998901367188,-0.10289137065410614
1788679050726928400,8.817928466796875,-0.8087740540504456,-9.963713645935059,-0.16749759018421173
1788679050744209700,8.835209716796875,-0.6867401003837585,-9.973284721374512,-0.22492532432079315
1788679050761491000,8.852490966796875,-0.519242525100708,-10.040284156799316,-0.33020952343940735
1788679050778772000,8.86977197265625,-0.3732803463935852,-10.037891387939453,-0.44745782017707825
1788679050796053200,8.88705322265625,-0.32542386651039124,-9.987641334533691,-0.4905286431312561
1788679050813334500,8.90433447265625,-0.3086741268634796,-9.882357597351074,-0.5288137793540955
1788679050830615800,8.92161572265625,-0.24406790733337402,-9.870393753051758,-0.6125625967979431
1788679050847896800,8.938896728515624,-0.1866401731967926,-9.882357597351074,-0.8327022790908813
1788679050865178000,8.95617822265625,-0.2727817893028259,-9.937392234802246,-1.124626636505127
1788679050882459400,8.97345947265625,-0.3732803463935852,-9.92542839050293,-1.246660590171814
1788679050899740700,8.99074072265625,-0.380458801984787,-9.834501266479492,-1.1868400573730469
1788679050917021700,9.008021728515626,-0.275174617767334,-9.750752449035645,-1.0671988725662231
1788679050934303000,9.025302978515626,-0.37806597352027893,-9.829715728759766,-1.0791629552841187
1788679050951584300,9.042584228515626,-0.5240281820297241,-9.930213928222656,-1.2275179624557495
1788679050968865500,9.059865478515626,-0.5096712112426758,-9.963713645935059,-1.2658032178878784
1788679050986146800,9.077146728515626,-0.5479564070701599,-9.851250648498535,-1.1700903177261353
1788679051003427800,9.094427734375,-0.5479564070701599,-9.8871431350708,-1.074377417564392
1788679051020709000,9.111709228515625,-0.5168496966362,-10.009177207946777,-1.0791629552841187
1788679051037990400,9.128990478515625,-0.605384111404419,-10.126425743103027,-1.1700903177261353
1788679051055271700,9.146271728515625,-0.7513462901115417,-10.176674842834473,-1.3040883541107178
1788679051072552700,9.163552734375,-0.8877372145652771,-10.126425743103027,-1.3639088869094849
1788679051089834000,9.180833984375,-1.0959128141403198,-10.03310489654541,-1.3112667798995972
1788679051107115300,9.198115234375,-1.222732424736023,-9.812965393066406,-1.062413215637207
1788679051124396500,9.215396484375,-1.3495519161224365,-9.595218658447266,-0.8183453679084778
1788679051141677600,9.232677490234375,-1.4572290182113647,-9.53061294555664,-0.7106683254241943
1788679051158958800,9.249958740234375,-1.34476637840271,-9.657432556152344,-0.7130611538887024
1788679051176240000,9.267240234375,-1.2897313833236694,-9.827322959899902,-0.7728816866874695
1788679051193521400,9.284521484375,-1.2299108505249023,-9.970891952514648,-0.9332008361816406
1788679051210802400,9.301802490234374,-1.2370892763137817,-10.068997383117676,-1.0360921621322632
1788679051228083700,9.319083740234374,-1.2179467678070068,-9.944570541381836,-1.0001999139785767
1788679051245365000,9.336364990234374,-1.2562319040298462,-9.877572059631348,-0.8901300430297852
1788679051262646300,9.353646240234376,-1.246660590171814,-9.877572059631348,-0.8111668825149536
1788679051279927300,9.37092724609375,-1.2011969089508057,-9.908679008483887,-0.7920243144035339
1788679051297208600,9.38820849609375,-1.2801600694656372,-9.712467193603516,-0.7130611538887024
1788679051314489900,9.40548974609375,-1.6151553392410278,-9.501898765563965,-0.6532405614852905
1788679051331771000,9.42277099609375,-1.820937991142273,-9.45164966583252,-0.550349235534668
1788679051349052200,9.44005224609375,-1.8424733877182007,-9.561718940734863,-0.5024927258491516
1788679051366333400,9.45733349609375,-1.7778671979904175,-9.755537986755371,-0.45224347710609436
1788679051383614700,9.47461474609375,-1.9286150932312012,-9.93978500366211,-0.3684946894645691
1788679051400895700,9.491895751953125,-2.062613010406494,-9.868000984191895,-0.14356936514377594
1788679051418177000,9.509177001953125,-2.0793628692626953,-9.56650447845459,0.21774685382843018
1788679051435458300,9.526458251953125,-2.407179594039917,-9.332008361816406,0.11964113265275955
1788679051452739600,9.543739501953125,-2.4502503871917725,-9.255437850952148,-0.08614161610603333
1788679051470020900,9.561020751953125,-2.2540390491485596,-9.133403778076172,-0.2153540402650833
1788679051487302000,9.578302001953125,-2.132004976272583,-9.066405296325684,-0.30628129839897156
1788679051504583200,9.595583251953125,-2.1367905139923096,-9.176474571228027,-0.397208571434021
1788679051521864400,9.612864501953124,-2.132004976272583,-9.241081237792969,-0.349352091550827
1788679051539145700,9.630145751953124,-2.0506489276885986,-9.276973724365234,-0.06699903309345245
1788679051556426800,9.6474267578125,-2.03629207611084,-9.32004451751709,0.11006984114646912
1788679051573708000,9.6647080078125,-2.0099709033966064,-9.20279598236084,0.04785645380616188
1788679051590989300,9.6819892578125,-2.251646041870117,-9.150154113769531,0.031106693670153618
1788679051608270300,9.699270263671876,-2.4574289321899414,-9.298508644104004,-0.3517449200153351
1788679051625551600,9.716551513671876,-2.4191436767578125,-9.272188186645508,-0.7369893789291382
1788679051642833000,9.7338330078125,-2.1678972244262695,-9.358329772949219,-0.7082754969596863
1788679051660114200,9.7511142578125,-2.2133610248565674,-9.487542152404785,-0.6005984544754028
1788679051677395200,9.768395263671875,-2.122433662414551,-9.499505996704102,-0.6556333899497986
1788679051694676500,9.785676513671875,-2.251646041870117,-9.391828536987305,-0.5455635786056519
1788679051711957800,9.802957763671875,-2.3401806354522705,-9.403793334960938,-0.30149564146995544
1788679051729238800,9.82023876953125,-1.7850457429885864,-9.272188186645508,-0.10049854964017868
1788679051746520000,9.83752001953125,-1.1341979503631592,-9.265008926391602,-0.5000999569892883
1788679051763801300,9.85480126953125,-1.9980069398880005,-9.133403778076172,-1.3902299404144287
1788679051781082600,9.87208251953125,-2.335394859313965,-9.231510162353516,-1.947757601737976
1788679051798364000,9.889364013671875,-1.9166508913040161,-9.183652877807617,-1.4213366508483887
1788679051815645000,9.90664501953125,-1.210768222808838,-9.154939651489258,-0.8638089895248413
1788679051832926200,9.92392626953125,-1.1485549211502075,-9.116654396057129,-0.8303094506263733
1788679051850207200,9.941207275390624,-1.4333007335662842,-9.212367057800293,-1.1150553226470947
1788679051867488500,9.958488525390624,-1.8233308792114258,-9.719645500183105,-1.3519448041915894
1788679051884769800,9.975769775390624,-2.0865414142608643,-10.712666511535645,-1.2681959867477417
1788679051902051000,9.993051025390624,-2.2779672145843506,-11.820544242858887,-0.9332008361816406
1788679051919332000,10.01033203125,-2.108076810836792,-11.767901420593262,-0.5288137793540955
1788679051936613400,10.02761328125,-1.9716858863830566,-10.466206550598145,-0.4091726839542389
1788679051953894700,10.044894775390626,-1.9405791759490967,-9.592825889587402,-0.6556333899497986
1788679051971176000,10.062176025390626,-1.6271194219589233,-9.456435203552246,-0.698704183101654
1788679051988457000,10.07945703125,-1.4620146751403809,-9.446864128112793,-0.2799602448940277
1788679052005738200,10.09673828125,-0.9332008361816406,-9.812965393066406,0.4211367964744568
1788679052023019500,10.11401953125,-0.6197410821914673,-10.13599681854248,0.6963114142417908
1788679052040300500,10.131300537109375,-0.5814558863639832,-10.126425743103027,0.4043870270252228
1788679052057581800,10.148581787109375,-0.31824541091918945,-9.90149974822998,-0.062213387340307236
1788679052074863000,10.165863037109375,-0.349352091550827,-9.76989459991455,-0.4091726839542389
1788679052092144400,10.183144287109375,-0.5383850932121277,-9.827322959899902,-0.7752745151519775
1788679052109425400,10.20042529296875,-0.3852444589138031,-9.80817985534668,-0.8398807644844055
1788679052126706700,10.217706787109375,-0.15314064919948578,-9.743574142456055,-0.607776939868927
1788679052143988000,10.234988037109375,-0.20817556977272034,-9.76989459991455,-0.4953143000602722
1788679052161269000,10.25226904296875,-0.10289137065410614,-9.791430473327637,-0.2967100143432617
1788679052178550300,10.26955029296875,-0.10049854964017868,-9.93978500366211,-0.0526420995593071
1788679052195831600,10.28683154296875,-0.09571290761232376,-10.047462463378906,0.1339980661869049
1788679052213112800,10.30411279296875,-0.09571290761232376,-10.009177207946777,-0.01196411345154047
1788679052230393900,10.321393798828124,-0.17228323221206665,-9.961320877075195,-0.09810572862625122
1788679052247675100,10.338675048828126,-0.1698904037475586,-9.868000984191895,-0.09092725813388824
1788679052264956200,10.3559560546875,-0.064606212079525,-9.76989459991455,0.15314064919948578
1788679052282237400,10.373237548828126,-0.03349951654672623,-9.753145217895508,0.3517449200153351
1788679052299518700,10.390518798828126,-0.04546362906694412,-9.817750930786133,0.4498506486415863
1788679052316800000,10.407800048828125,-0.12921242415905,-9.899106979370117,0.32542386651039124
1788679052334081000,10.4250810546875,-0.2919243574142456,-9.944570541381836,-0.01196411345154047
1788679052351362300,10.4423623046875,-0.14835500717163086,-9.927821159362793,-0.06939185410737991
1788679052368643600,10.4596435546875,-0.13160525262355804,-9.985248565673828,0.16271193325519562
1788679052385924600,10.476924560546875,0.02632104977965355,-9.944570541381836,0.3445664644241333
1788679052403206000,10.494205810546875,-0.04307080805301666,-9.90149974822998,0.3924229145050049
1788679052420487200,10.511487060546875,-0.20578274130821228,-9.803394317626953,0.2991028428077698
1788679052437768400,10.5287685546875,-0.2847459018230438,-9.848857879638672,0.15553347766399384
1788679052455049500,10.546049560546875,-0.2105683982372284,-9.980463027954102,0.004785645287483931
1788679052472330800,10.563330810546875,0.007178467698395252,-9.889535903930664,-0.1459621787071228
1788679052489612000,10.580612060546875,0.014356935396790504,-9.812965393066406,-0.27756741642951965
1788679052506893000,10.59789306640625,-0.07417750358581543,-9.774680137634277,-0.380458801984787
1788679052524174300,10.61517431640625,-0.15074782073497772,-9.767501831054688,-0.4546363055706024
1788679052541455600,10.63245556640625,-0.1459621787071228,-9.657432556152344,-0.6125625967979431
1788679052558736600,10.649736572265626,-0.18424734473228455,-9.652647018432617,-0.7250252366065979
1788679052576018000,10.667017822265626,0.014356935396790504,-9.58325481414795,-1.1270195245742798
1788679052593299200,10.68429931640625,0.20099709928035736,-10.090533256530762,-1.0815558433532715
1788679052610580200,10.701580322265626,0.20338992774486542,-10.147960662841797,-1.0432707071304321
1788679052627861500,10.718861572265626,0.14117653667926788,-10.126425743103027,-1.0289137363433838
1788679052645142800,10.736142822265625,-0.19381862878799438,-9.963713645935059,-0.8877372145652771
1788679052662423800,10.753423828125,-0.3086741268634796,-9.824930191040039,-0.7010970115661621
1788679052679705000,10.770705078125,-0.18424734473228455,-9.743574142456055,-0.7058826684951782
1788679052696986400,10.787986328125,-0.05742774158716202,-9.68375301361084,-0.672383189201355
1788679052714267600,10.805267578125,-0.06699903309345245,-9.631111145019531,-0.4953143000602722
1788679052731548700,10.822548583984375,-0.20578274130821228,-9.774680137634277,-0.38285163044929504
1788679052748830000,10.839829833984375,-0.28953152894973755,-9.868000984191895,-0.6556333899497986
1788679052766111000,10.857111083984375,-0.24167509377002716,-9.91825008392334,-0.8709874153137207
1788679052783392300,10.874392333984375,-0.40677985548973083,-9.913464546203613,-0.7992027401924133
1788679052800673500,10.891673583984375,-0.3445664644241333,-9.963713645935059,-0.6317051649093628
1788679052817954600,10.90895458984375,-0.2392822653055191,-9.920642852783203,-0.5886343717575073
1788679052835235800,10.92623583984375,-0.13639089465141296,-9.824930191040039,-0.7082754969596863
1788679052852517000,10.94351708984375,-0.16510476171970367,-9.774680137634277,-0.8446664214134216
1788679052869798100,10.960798095703124,-0.25363919138908386,-9.772287368774414,-0.8781659007072449
1788679052887079400,10.978079345703126,-0.2512463629245758,-9.750752449035645,-0.9116654396057129
1788679052904360700,10.995360595703126,-0.1746760457754135,-9.7938232421875,-0.8446664214134216
1788679052921641700,11.012641845703126,-0.09571290761232376,-9.853643417358398,-0.885344386100769
1788679052938923000,11.029923095703126,0.062213387340307236,-9.870393753051758,-0.9092726111412048
1788679052956204300,11.047204345703125,0.06699903309345245,-9.748359680175781,-0.916451096534729
1788679052973485600,11.064485595703125,0.1698904037475586,-9.719645500183105,-0.9379864931106567
1788679052990766600,11.0817666015625,0.16031911969184875,-9.80100154876709,-0.885344386100769
1788679053008047600,11.099047607421875,0.06939185410737991,-9.875179290771484,-0.9451649188995361
1788679053025329000,11.116328857421875,0.06939185410737991,-9.844072341918945,-1.0528420209884644
1788679053042610200,11.133610107421875,0.15074782073497772,-9.76989459991455,-1.1222338676452637
1788679053059891500,11.150891357421875,0.1459621787071228,-9.772287368774414,-1.1078768968582153
1788679053077172500,11.16817236328125,0.1986042857170105,-9.76989459991455,-1.0145567655563354
1788679053094453800,11.185453857421875,0.22492532432079315,-9.853643417358398,-0.8446664214134216
1788679053111735000,11.202735107421875,0.059820566326379776,-9.978070259094238,-0.7848458290100098
1788679053129016000,11.22001611328125,0.04785645380616188,-9.975677490234375,-0.7776673436164856
1788679053146297300,11.23729736328125,-0.01196411345154047,-9.870393753051758,-0.8039883971214294
1788679053163578400,11.254578369140624,-0.09571290761232376,-9.851250648498535,-0.8015955686569214
1788679053180859600,11.271859619140624,-0.15553347766399384,-9.784252166748047,-0.7345965504646301
1788679053198141000,11.289140869140626,-0.07896314561367035,-9.889535903930664,-0.6963114142417908
1788679053215422000,11.306421875,-0.15314064919948578,-10.001998901367188,-0.6699903607368469
1788679053232703200,11.323703125,-0.2847459018230438,-10.01156997680664,-0.7800601720809937
1788679053249984500,11.340984619140626,-0.24885354936122894,-9.884750366210938,-0.8997012972831726
1788679053267265500,11.358265625,0.064606212079525,-9.779465675354004,-0.9020941257476807
1788679053284546800,11.375546875,0.28235307335853577,-9.710074424743652,-0.7728816866874695
1788679053301827800,11.392827880859375,0.32542386651039124,-9.69093132019043,-0.6843472719192505
1788679053319109000,11.410109130859375,0.23688943684101105,-9.755537986755371,-0.6795616149902344
1788679053336390400,11.427390380859375,0.10767702013254166,-9.80100154876709,-0.8039883971214294
1788679053353671400,11.44467138671875,-0.02153540402650833,-9.848857879638672,-0.8805587291717529
1788679053370952700,11.46195263671875,-0.04307080805301666,-9.841679573059082,-0.8614161610603333
1788679053388234000,11.47923388671875,-0.04546362906694412,-9.858428955078125,-0.7968099117279053
1788679053405515000,11.496514892578125,-0.035892341285943985,-9.89432144165039,-0.7250252366065979
1788679053422796300,11.51379638671875,-0.014356935396790504,-9.870393753051758,-0.7106683254241943
1788679053440077300,11.531077392578124,-0.038285162299871445,-9.860821723937988,-0.7513462901115417
1788679053457358600,11.548358642578124,-0.06939185410737991,-9.865608215332031,-0.8183453679084778
1788679053474640000,11.565639892578124,-0.14117653667926788,-9.832108497619629,-0.8733802437782288
1788679053491921000,11.5829208984375,-0.18424734473228455,-9.834501266479492,-0.7992027401924133
1788679053509202200,11.6002021484375,-0.19621145725250244,-9.848857879638672,-0.7082754969596863
1788679053526483500,11.6174833984375,-0.15314064919948578,-9.875179290771484,-0.7250252366065979
1788679053543764500,11.634764404296876,-0.12442677468061447,-9.875179290771484,-0.8087740540504456
1788679053561045800,11.652045654296876,-0.08614161610603333,-9.844072341918945,-0.8781659007072449
1788679053578326800,11.669326904296875,-0.02632104977965355,-9.851250648498535,-0.9092726111412048
1788679053595608000,11.686608154296875,0.016749758273363113,-9.841679573059082,-0.9403793215751648
1788679053612889000,11.70388916015625,0.031106693670153618,-9.796216011047363,-0.9188438653945923
1788679053630170400,11.72117041015625,0.08853443711996078,-9.832108497619629,-0.9882357716560364
1788679053647451600,11.73845166015625,0.09571290761232376,-9.817750930786133,-1.0121639966964722
1788679053664732700,11.755732666015625,0.15074782073497772,-9.858428955078125,-1.0480563640594482
1788679053682014000,11.773013916015625,0.11246266216039658,-9.827322959899902,-1.0432707071304321
1788679053699295200,11.790295166015625,0.11485548317432404,-9.868000984191895,-1.0336993932724
1788679053716576300,11.807576171875,0.10049854964017868,-9.853643417358398,-1.0121639966964722
1788679053733857500,11.824857421875,0.06699903309345245,-9.875179290771484,-1.0097711086273193
1788679053751138600,11.842138671875,0.0023928226437419653,-9.877572059631348,-1.0265209674835205
1788679053768419800,11.859419921875,-0.0933200865983963,-9.875179290771484,-0.9834501147270203
1788679053785700900,11.876700927734374,-0.07896314561367035,-9.93260669708252,-0.916451096534729
1788679053802982100,11.893982177734374,-0.004785645287483931,-9.872786521911621,-0.6891329288482666
1788679053820263400,11.911263427734376,0.24646073579788208,-9.724431037902832,-0.48813581466674805
1788679053837544400,11.92854443359375,0.3756731450557709,-9.702896118164062,-0.5670989751815796
1788679053854825700,11.94582568359375,0.2632105052471161,-9.757930755615234,-0.672383189201355
1788679053872107000,11.96310693359375,0.12442677468061447,-9.829715728759766,-0.6771687865257263
1788679053889388000,11.980387939453125,0.035892341285943985,-9.860821723937988,-0.6221339106559753
1788679053906669300,11.99766943359375,0.031106693670153618,-9.858428955078125,-0.6149554252624512
1788679053923950300,12.014950439453125,-0.062213387340307236,-9.844072341918945,-0.6364908218383789
1788679053941231600,12.032231689453125,-0.16271193325519562,-9.839286804199219,-0.641276478767395
1788679053958512600,12.0495126953125,-0.13878370821475983,-9.872786521911621,-0.6436693072319031
1788679053975794000,12.0667939453125,-0.04785645380616188,-9.860821723937988,-0.6340979933738708
1788679053993075200,12.0840751953125,-0.004785645287483931,-9.832108497619629,-0.6269195079803467
1788679054010356200,12.101356201171875,0.007178467698395252,-9.829715728759766,-0.5718846321105957
1788679054027637500,12.118637451171875,-0.016749758273363113,-9.80100154876709,-0.5862415432929993
1788679054044918500,12.13591845703125,-0.064606212079525,-9.817750930786133,-0.6293123364448547
1788679054062199800,12.15319970703125,-0.12681959569454193,-9.844072341918945,-0.7130611538887024
1788679054079481000,12.170481201171874,-0.15553347766399384,-9.853643417358398,-0.7728816866874695
1788679054096762000,12.18776220703125,-0.16031911969184875,-9.858428955078125,-0.7680960893630981
1788679054114043400,12.20504345703125,-0.17706887423992157,-9.834501266479492,-0.7465606927871704
1788679054131324400,12.222324462890626,-0.16271193325519562,-9.829715728759766,-0.7034898400306702
1788679054148605700,12.239605712890626,-0.17706887423992157,-9.834501266479492,-0.7082754969596863
1788679054165886700,12.25688671875,-0.17946170270442963,-9.836894035339355,-0.7226324677467346
1788679054183168000,12.27416796875,-0.19142581522464752,-9.832108497619629,-0.7130611538887024
1788679054200449000,12.291448974609375,-0.2273181527853012,-9.841679573059082,-0.6652047038078308
1788679054217730300,12.308730224609375,-0.22971096634864807,-9.81535816192627,-0.6269195079803467
1788679054235011600,12.326011474609375,-0.24646073579788208,-9.80817985534668,-0.6269195079803467
1788679054252292600,12.343292724609375,-0.27038896083831787,-9.824930191040039,-0.6771687865257263
1788679054269574000,12.360573974609375,-0.29431718587875366,-9.820143699645996,-0.698704183101654
1788679054286855000,12.37785498046875,-0.24885354936122894,-9.846465110778809,-0.7010970115661621
1788679054304136200,12.39513623046875,-0.2153540402650833,-9.858428955078125,-0.6843472719192505
1788679054321417200,12.412417236328125,-0.1866401731967926,-9.853643417358398,-0.7082754969596863
1788679054338698500,12.429698486328125,-0.17706887423992157,-9.810572624206543,-0.727418065071106
1788679054355979500,12.4469794921875,-0.16271193325519562,-9.781859397888184,-0.7561319470405579
1788679054373260800,12.4642607421875,-0.15553347766399384,-9.779465675354004,-0.7752745151519775
1788679054390542000,12.4815419921875,-0.16031911969184875,-9.798608779907227,-0.7848458290100098
1788679054407823000,12.498822998046874,-0.15314064919948578,-9.829715728759766,-0.7800601720809937
1788679054425104400,12.5161044921875,-0.16749759018421173,-9.846465110778809,-0.7776673436164856
1788679054442385400,12.533385498046876,-0.16749759018421173,-9.856036186218262,-0.7680960893630981
1788679054459666700,12.550666748046876,-0.15553347766399384,-9.863214492797852,-0.7657032608985901
1788679054476947700,12.56794775390625,-0.14356936514377594,-9.856036186218262,-0.7800601720809937
1788679054494229000,12.58522900390625,-0.12442677468061447,-9.834501266479492,-0.7896314859390259
1788679054511510000,12.602510009765625,-0.12681959569454193,-9.80817985534668,-0.7896314859390259
1788679054528791300,12.619791259765625,-0.14117653667926788,-9.817750930786133,-0.7872386574745178
1788679054546072300,12.637072265625,-0.13160525262355804,-9.822537422180176,-0.7585247755050659
1788679054563353600,12.654353515625,-0.12442677468061447,-9.832108497619629,-0.7441678643226624
1788679054580634600,12.671634521484375,-0.11246266216039658,-9.827322959899902,-0.7345965504646301
1788679054597916000,12.688916015625,-0.16271193325519562,-9.812965393066406,-0.7513462901115417
1788679054615197000,12.706197021484375,-0.2225325107574463,-9.80100154876709,-0.7585247755050659
1788679054632478200,12.723478271484375,-0.22492532432079315,-9.834501266479492,-0.7058826684951782
1788679054649759500,12.740759521484375,-0.2153540402650833,-9.822537422180176,-0.6460621356964111
1788679054667040500,12.75804052734375,-0.20099709928035736,-9.836894035339355,-0.6699903607368469
1788679054684321800,12.77532177734375,-0.20338992774486542,-9.889535903930664,-0.7178468108177185
1788679054701602800,12.792602783203124,-0.16031911969184875,-9.89432144165039,-0.794417142868042
1788679054718884000,12.809884033203126,-0.1818545162677765,-9.961320877075195,-0.9475577473640442
1788679054736165000,12.8271650390625,-0.1579262912273407,-9.944570541381836,-0.97148597240448
1788679054753446400,12.8444462890625,-0.04785645380616188,-9.817750930786133,-0.7657032608985901
1788679054770727400,12.8617275390625,0.10049854964017868,-9.729216575622559,-0.6340979933738708
1788679054788008400,12.879008544921875,0.12203395366668701,-9.753145217895508,-0.6891329288482666
1788679054805289700,12.896289794921875,0.064606212079525,-9.7938232421875,-0.7968099117279053
1788679054822571000,12.913571044921875,-0.007178467698395252,-9.796216011047363,-0.8159525394439697
1788679054839852000,12.93085205078125,-0.035892341285943985,-9.791430473327637,-0.7465606927871704
1788679054857133300,12.94813330078125,-0.08135596662759781,-9.829715728759766,-0.7202396392822266
1788679054874414300,12.965414306640625,-0.11246266216039658,-9.81535816192627,-0.6963114142417908
1788679054891695600,12.982695556640625,-0.13878370821475983,-9.829715728759766,-0.6675975322723389
1788679054908976600,12.9999765625,-0.11485548317432404,-9.848857879638672,-0.638883650302887
1788679054926258000,13.0172578125,-0.11724831163883209,-9.817750930786133,-0.6340979933738708
1788679054943539000,13.0345390625,-0.11724831163883209,-9.822537422180176,-0.6197410821914673
1788679054960820200,13.0518203125,-0.10049854964017868,-9.832108497619629,-0.6436693072319031
1788679054978101200,13.069101318359374,-0.09810572862625122,-9.836894035339355,-0.6867401003837585
1788679054995382500,13.086382568359374,-0.10289137065410614,-9.839286804199219,-0.7058826684951782
1788679055012663800,13.103663818359376,-0.10289137065410614,-9.824930191040039,-0.7393822073936462
1788679055029944800,13.12094482421875,-0.11485548317432404,-9.829715728759766,-0.7896314859390259
1788679055047225900,13.138225830078126,-0.11246266216039658,-9.846465110778809,-0.8470591902732849
1788679055064507100,13.155507080078126,-0.07417750358581543,-9.868000984191895,-0.8901300430297852
1788679055081788200,13.1727880859375,-0.0526420995593071,-9.863214492797852,-0.9308080077171326
1788679055099069400,13.1900693359375,-0.038285162299871445,-9.858428955078125,-0.9116654396057129
1788679055116350500,13.2073505859375,-0.02153540402650833,-9.856036186218262,-0.8662018179893494
1788679055133631700,13.2246318359375,-0.031106693670153618,-9.827322959899902,-0.8350951075553894
1788679055150912800,13.241912841796875,-0.040677983313798904,-9.827322959899902,-0.8039883971214294
1788679055168194000,13.259194091796875,-0.014356935396790504,-9.810572624206543,-0.8087740540504456
1788679055185475000,13.27647509765625,-0.009571290574967861,-9.836894035339355,-0.7800601720809937
1788679055202756400,13.29375634765625,-0.03349951654672623,-9.834501266479492,-0.763310432434082
1788679055220037400,13.311037353515625,-0.05742774158716202,-9.856036186218262,-0.7561319470405579
1788679055237318700,13.328318603515624,-0.059820566326379776,-9.829715728759766,-0.7537391185760498
1788679055254599700,13.345599609375,-0.062213387340307236,-9.836894035339355,-0.7704889178276062
1788679055271881000,13.362880859375,-0.062213387340307236,-9.844072341918945,-0.8015955686569214
1788679055289162000,13.380161865234374,-0.0526420995593071,-9.822537422180176,-0.7992027401924133
1788679055306443300,13.397443359375,-0.040677983313798904,-9.812965393066406,-0.7968099117279053
1788679055323724300,13.414724365234376,-0.06939185410737991,-9.805787086486816,-0.7968099117279053
1788679055341005600,13.432005615234376,-0.05503492057323456,-9.839286804199219,-0.8015955686569214
1788679055358286600,13.44928662109375,-0.05024927482008934,-9.860821723937988,-0.7872386574745178
1788679055375567600,13.466567626953125,-0.09092725813388824,-9.856036186218262,-0.7920243144035339
1788679055392849000,13.483848876953125,-0.09092725813388824,-9.844072341918945,-0.7896314859390259
1788679055410130000,13.5011298828125,-0.09810572862625122,-9.822537422180176,-0.7776673436164856
1788679055427411200,13.5184111328125,-0.11006984114646912,-9.822537422180176,-0.7800601720809937
1788679055444692200,13.535692138671875,-0.08853443711996078,-9.834501266479492,-0.7704889178276062
1788679055461973500,13.552973388671875,-0.0526420995593071,-9.844072341918945,-0.760917603969574
1788679055479254500,13.570254638671875,-0.031106693670153618,-9.841679573059082,-0.760917603969574
1788679055496535800,13.587535888671875,-0.04546362906694412,-9.832108497619629,-0.7992027401924133
1788679055513816800,13.60481689453125,-0.05024927482008934,-9.820143699645996,-0.8231309652328491
1788679055531098000,13.62209814453125,-0.06699903309345245,-9.820143699645996,-0.8374879360198975
1788679055548379100,13.639379150390624,-0.059820566326379776,-9.836894035339355,-0.8111668825149536
1788679055565660400,13.656660400390624,-0.062213387340307236,-9.853643417358398,-0.7752745151519775
1788679055582941400,13.67394140625,-0.04307080805301666,-9.851250648498535,-0.7752745151519775
1788679055600222700,13.69122265625,-0.038285162299871445,-9.844072341918945,-0.7968099117279053
1788679055617503700,13.708503662109376,-0.038285162299871445,-9.829715728759766,-0.7872386574745178
1788679055634785000,13.725784912109376,-0.031106693670153618,-9.824930191040039,-0.7920243144035339
1788679055652066000,13.743066162109375,-0.04785645380616188,-9.832108497619629,-0.7752745151519775
1788679055669347300,13.760347412109375,-0.064606212079525,-9.836894035339355,-0.7800601720809937
1788679055686628400,13.77762841796875,-0.0526420995593071,-9.817750930786133,-0.7896314859390259
1788679055703909600,13.79490966796875,-0.05024927482008934,-9.805787086486816,-0.7800601720809937
1788679055721190700,13.812190673828125,-0.064606212079525,-9.81535816192627,-0.763310432434082
1788679055738471700,13.8294716796875,-0.05024927482008934,-9.844072341918945,-0.7537391185760498
1788679055755753000,13.8467529296875,-0.02632104977965355,-9.841679573059082,-0.7776673436164856
1788679055773034000,13.864033935546875,-0.04785645380616188,-9.841679573059082,-0.8374879360198975
1788679055790315300,13.881315185546875,-0.035892341285943985,-9.839286804199219,-0.8303094506263733
1788679055807596300,13.89859619140625,-0.0526420995593071,-9.836894035339355,-0.7585247755050659
1788679055824877300,13.915877197265624,-0.08853443711996078,-9.822537422180176,-0.760917603969574
1788679055842158600,13.93315869140625,-0.09092725813388824,-9.820143699645996,-0.7704889178276062
1788679055859439600,13.950439697265624,-0.08853443711996078,-9.827322959899902,-0.7561319470405579
1788679055876721000,13.967720947265626,-0.06939185410737991,-9.856036186218262,-0.760917603969574
1788679055894002000,13.985001953125,-0.08135596662759781,-9.841679573059082,-0.7393822073936462
1788679055911283000,14.002282958984376,-0.11006984114646912,-9.839286804199219,-0.7130611538887024
1788679055928564200,14.019564208984375,-0.10767702013254166,-9.832108497619629,-0.698704183101654
1788679055945845200,14.03684521484375,-0.14356936514377594,-9.829715728759766,-0.7250252366065979
1788679055963126500,14.05412646484375,-0.12921242415905,-9.858428955078125,-0.7393822073936462
1788679055980407600,14.071407470703125,-0.09571290761232376,-9.865608215332031,-0.7920243144035339
1788679055997688800,14.088688720703125,-0.08135596662759781,-9.865608215332031,-0.8159525394439697
1788679056014969900,14.105969970703125,-0.059820566326379776,-9.844072341918945,-0.8231309652328491
1788679056032251100,14.123251220703125,-0.04307080805301666,-9.839286804199219,-0.8446664214134216
1788679056049532200,14.1405322265625,-0.07178468257188797,-9.820143699645996,-0.8446664214134216
1788679056066813400,14.1578134765625,-0.07178468257188797,-9.822537422180176,-0.7896314859390259
1788679056084094500,14.175094482421875,-0.06699903309345245,-9.803394317626953,-0.7441678643226624
1788679056101375500,14.19237548828125,-0.08853443711996078,-9.812965393066406,-0.729810893535614
1788679056118656800,14.20965673828125,-0.09571290761232376,-9.820143699645996,-0.7345965504646301
1788679056135937800,14.226937744140624,-0.11485548317432404,-9.829715728759766,-0.729810893535614
1788679056153219000,14.244218994140626,-0.10049854964017868,-9.875179290771484,-0.727418065071106
1788679056170500000,14.2615,-0.11485548317432404,-9.868000984191895,-0.7250252366065979
1788679056187781000,14.278781005859376,-0.12921242415905,-9.846465110778809,-0.6939185857772827
1788679056205062400,14.2960625,-0.14835500717163086,-9.848857879638672,-0.6819544434547424
1788679056222343400,14.313343505859375,-0.16031911969184875,-9.841679573059082,-0.6963114142417908
1788679056239624700,14.330624755859375,-0.13639089465141296,-9.858428955078125,-0.7058826684951782
1788679056256905700,14.34790576171875,-0.11724831163883209,-9.848857879638672,-0.6795616149902344
1788679056274187000,14.36518701171875,-0.07896314561367035,-9.817750930786133,-0.6436693072319031
1788679056291468000,14.382468017578125,-0.064606212079525,-9.789037704467773,-0.607776939868927
1788679056308749300,14.399749267578125,-0.016749758273363113,-9.846465110778809,-0.6245267391204834
1788679056326030300,14.4170302734375,0.004785645287483931,-9.860821723937988,-0.672383189201355
1788679056343311400,14.434311279296875,-0.03349951654672623,-9.844072341918945,-0.6747759580612183
1788679056360592600,14.451592529296875,-0.08374879509210587,-9.81535816192627,-0.6771687865257263
1788679056377873700,14.468873779296874,-0.13639089465141296,-9.803394317626953,-0.6364908218383789
1788679056395155000,14.486155029296874,-0.1818545162677765,-9.824930191040039,-0.638883650302887
1788679056412436000,14.50343603515625,-0.19621145725250244,-9.875179290771484,-0.605384111404419
1788679056429717000,14.520717041015626,-0.20338992774486542,-9.865608215332031,-0.5551348328590393
1788679056446998300,14.537998291015626,-0.19381862878799438,-9.836894035339355,-0.5359922647476196
1788679056464279300,14.555279296875,-0.20817556977272034,-9.817750930786133,-0.5383850932121277
1788679056481560600,14.572560546875,-0.17706887423992157,-9.805787086486816,-0.5575276613235474
1788679056498841600,14.589841552734375,-0.1746760457754135,-9.803394317626953,-0.6125625967979431
1788679056516122600,14.60712255859375,-0.18424734473228455,-9.822537422180176,-0.641276478767395
1788679056533404000,14.62440380859375,-0.1866401731967926,-9.839286804199219,-0.6747759580612183
1788679056550685000,14.641684814453125,-0.2153540402650833,-9.834501266479492,-0.6963114142417908
1788679056567966000,14.658966064453125,-0.2584248483181,-9.841679573059082,-0.7106683254241943
1788679056585247200,14.676247314453125,-0.2512463629245758,-9.846465110778809,-0.7154539823532104
1788679056602528300,14.6935283203125,-0.24167509377002716,-9.846465110778809,-0.7202396392822266
1788679056619809500,14.7108095703125,-0.2105683982372284,-9.829715728759766,-0.7322037220001221
1788679056637090600,14.728090576171875,-0.20338992774486542,-9.827322959899902,-0.7178468108177185
1788679056654371600,14.74537158203125,-0.20099709928035736,-9.841679573059082,-0.6939185857772827
1788679056671652900,14.76265283203125,-0.19381862878799438,-9.844072341918945,-0.6891329288482666
1788679056688934000,14.779933837890624,-0.20338992774486542,-9.820143699645996,-0.6699903607368469
1788679056706215000,14.79721484375,-0.20817556977272034,-9.829715728759766,-0.6580262184143066
1788679056723496200,14.81449609375,-0.24167509377002716,-9.796216011047363,-0.6771687865257263
1788679056740777200,14.831777099609376,-0.2679961323738098,-9.822537422180176,-0.6604190468788147
1788679056758058500,14.84905859375,-0.27038896083831787,-9.827322959899902,-0.6460621356964111
1788679056775339500,14.866339599609375,-0.22492532432079315,-9.834501266479492,-0.641276478767395
1788679056792620500,14.88362060546875,-0.22492532432079315,-9.829715728759766,-0.6364908218383789
1788679056809901800,14.90090185546875,-0.23449662327766418,-9.824930191040039,-0.6460621356964111
1788679056827182800,14.918182861328125,-0.2392822653055191,-9.834501266479492,-0.6675975322723389
1788679056844464000,14.935464111328125,-0.23210379481315613,-9.829715728759766,-0.6867401003837585
1788679056861745200,14.9527451171875,-0.24406790733337402,-9.836894035339355,-0.7130611538887024
1788679056879026200,14.970026123046875,-0.22971096634864807,-9.832108497619629,-0.7202396392822266
1788679056896307500,14.987307373046875,-0.22013968229293823,-9.836894035339355,-0.7226324677467346
1788679056913588500,15.00458837890625,-0.19621145725250244,-9.841679573059082,-0.7322037220001221
1788679056930869500,15.021869384765624,-0.15314064919948578,-9.836894035339355,-0.7489534616470337
1788679056948150800,15.03915087890625,-0.15074782073497772,-9.836894035339355,-0.7752745151519775
1788679056965431800,15.056431884765624,-0.16749759018421173,-9.822537422180176,-0.7680960893630981
1788679056982713000,15.073713134765624,-0.1579262912273407,-9.829715728759766,-0.7465606927871704
1788679056999994000,15.090994140625,-0.16510476171970367,-9.827322959899902,-0.729810893535614
1788679057017275100,15.108275146484376,-0.16271193325519562,-9.820143699645996,-0.7154539823532104
1788679057034556400,15.125556396484376,-0.16271193325519562,-9.827322959899902,-0.7250252366065979
1788679057051837400,15.14283740234375,-0.1579262912273407,-9.834501266479492,-0.7441678643226624
1788679057069118500,15.160118408203125,-0.1698904037475586,-9.846465110778809,-0.7393822073936462
1788679057086399700,15.177399658203125,-0.14835500717163086,-9.856036186218262,-0.7322037220001221
1788679057103680800,15.1946806640625,-0.15074782073497772,-9.858428955078125,-0.727418065071106
1788679057120961800,15.2119619140625,-0.14835500717163086,-9.851250648498535,-0.7369893789291382
1788679057138243000,15.2292431640625,-0.12681959569454193,-9.829715728759766,-0.7441678643226624
1788679057155524000,15.246524169921875,-0.11006984114646912,-9.836894035339355,-0.7489534616470337
1788679057172805000,15.26380517578125,-0.09571290761232376,-9.824930191040039,-0.7585247755050659
1788679057190086400,15.28108642578125,-0.0933200865983963,-9.81535816192627,-0.7585247755050659
1788679057207367400,15.298367431640624,-0.09571290761232376,-9.81535816192627,-0.760917603969574
1788679057224648700,15.315648681640624,-0.0933200865983963,-9.832108497619629,-0.7537391185760498
1788679057241929700,15.3329296875,-0.1052841991186142,-9.829715728759766,-0.7728816866874695
1788679057259210800,15.350210693359376,-0.09810572862625122,-9.839286804199219,-0.7848458290100098
1788679057276492000,15.367491943359376,-0.1052841991186142,-9.841679573059082,-0.7704889178276062
1788679057293773000,15.38477294921875,-0.11246266216039658,-9.839286804199219,-0.7561319470405579
1788679057311054000,15.40205419921875,-0.11724831163883209,-9.829715728759766,-0.7369893789291382
1788679057328335400,15.41933544921875,-0.14117653667926788,-9.803394317626953,-0.7345965504646301
1788679057345616400,15.436616455078125,-0.1579262912273407,-9.810572624206543,-0.7034898400306702
1788679057362897400,15.4538974609375,-0.16031911969184875,-9.829715728759766,-0.6795616149902344
1788679057380178700,15.4711787109375,-0.17706887423992157,-9.858428955078125,-0.6747759580612183
1788679057397459700,15.488459716796875,-0.15314064919948578,-9.860821723937988,-0.6795616149902344
1788679057414741000,15.505740966796875,-0.1459621787071228,-9.856036186218262,-0.7250252366065979
1788679057432022000,15.52302197265625,-0.12921242415905,-9.851250648498535,-0.760917603969574
1788679057449303000,15.540302978515625,-0.11246266216039658,-9.846465110778809,-0.7680960893630981
1788679057466584300,15.557584228515625,-0.10767702013254166,-9.844072341918945,-0.7800601720809937
1788679057483865300,15.574865234375,-0.09092725813388824,-9.832108497619629,-0.7824530005455017
1788679057501146400,15.592146484375,-0.08374879509210587,-9.817750930786133,-0.7848458290100098
1788679057518427400,15.609427490234374,-0.07178468257188797,-9.829715728759766,-0.7776673436164856
1788679057535708700,15.626708740234376,-0.08135596662759781,-9.827322959899902,-0.7417750358581543
1788679057552989700,15.64398974609375,-0.08853443711996078,-9.81535816192627,-0.7417750358581543
1788679057570270700,15.661270751953126,-0.08614161610603333,-9.851250648498535,-0.7561319470405579
1788679057587552000,15.678552001953125,-0.09092725813388824,-9.846465110778809,-0.7776673436164856
1788679057604833000,15.6958330078125,-0.08853443711996078,-9.844072341918945,-0.763310432434082
1788679057622114000,15.713114013671875,-0.09810572862625122,-9.848857879638672,-0.7441678643226624
1788679057639395300,15.730395263671875,-0.09571290761232376,-9.836894035339355,-0.7369893789291382
1788679057656676400,15.74767626953125,-0.11485548317432404,-9.824930191040039,-0.6939185857772827
1788679057673957400,15.764957275390625,-0.13160525262355804,-9.817750930786133,-0.6843472719192505
1788679057691238700,15.78223876953125,-0.11006984114646912,-9.81535816192627,-0.672383189201355
1788679057708519700,15.799519775390625,-0.10767702013254166,-9.824930191040039,-0.6795616149902344
1788679057725800700,15.81680078125,-0.0933200865983963,-9.844072341918945,-0.6771687865257263
1788679057743082000,15.83408203125,-0.09810572862625122,-9.834501266479492,-0.6795616149902344
1788679057760363000,15.851363037109374,-0.09810572862625122,-9.839286804199219,-0.6915257573127747
1788679057777644000,15.86864404296875,-0.10767702013254166,-9.836894035339355,-0.7034898400306702
1788679057794925000,15.885925048828126,-0.11246266216039658,-9.860821723937988,-0.7082754969596863
1788679057812206300,15.903206298828126,-0.11006984114646912,-9.858428955078125,-0.7058826684951782
1788679057829487400,15.9204873046875,-0.11485548317432404,-9.839286804199219,-0.7178468108177185
1788679057846768400,15.937768310546875,-0.09571290761232376,-9.829715728759766,-0.7010970115661621
1788679057864049400,15.95504931640625,-0.08374879509210587,-9.820143699645996,-0.6963114142417908
1788679057881330700,15.97233056640625,-0.10049854964017868,-9.832108497619629,-0.6963114142417908
1788679057898611700,15.98961181640625,-0.10289137065410614,-9.853643417358398,-0.6843472719192505
1788679057915892700,16.006892822265623,-0.08374879509210587,-9.841679573059082,-0.6771687865257263
1788679057933174000,16.024174072265627,-0.10289137065410614,-9.839286804199219,-0.7010970115661621
1788679057950455000,16.041455078125,-0.0933200865983963,-9.841679573059082,-0.7130611538887024
1788679057967736000,16.058736083984375,-0.09571290761232376,-9.817750930786133,-0.6963114142417908
1788679057985017300,16.076017333984375,-0.11006984114646912,-9.832108497619629,-0.6891329288482666
1788679058002298400,16.09329833984375,-0.11006984114646912,-9.844072341918945,-0.6747759580612183
1788679058019579400,16.110579345703126,-0.12203395366668701,-9.829715728759766,-0.6747759580612183
1788679058036860700,16.127860595703126,-0.13160525262355804,-9.827322959899902,-0.6675975322723389
1788679058054141700,16.1451416015625,-0.11485548317432404,-9.841679573059082,-0.6675975322723389
1788679058071422700,16.162422607421874,-0.12921242415905,-9.839286804199219,-0.6771687865257263
1788679058088704000,16.1797041015625,-0.09810572862625122,-9.858428955078125,-0.6819544434547424
1788679058105985000,16.196985107421874,-0.08853443711996078,-9.844072341918945,-0.6915257573127747
1788679058123266000,16.21426611328125,-0.10767702013254166,-9.848857879638672,-0.698704183101654
1788679058140547000,16.231547119140625,-0.07417750358581543,-9.863214492797852,-0.7106683254241943
1788679058157828400,16.248828369140625,-0.09810572862625122,-9.858428955078125,-0.7369893789291382
1788679058175109400,16.266109375,-0.11246266216039658,-9.80100154876709,-0.7178468108177185
1788679058192390400,16.283390380859377,-0.07657032459974289,-9.784252166748047,-0.6317051649093628
1788679058209671400,16.30067138671875,-0.05503492057323456,-9.767501831054688,-0.6221339106559753
1788679058226952700,16.31795263671875,-0.059820566326379776,-9.767501831054688,-0.6460621356964111
1788679058244233700,16.335233642578125,-0.035892341285943985,-9.872786521911621,-0.6675975322723389
1788679058261514800,16.3525146484375,-0.02153540402650833,-9.908679008483887,-0.6819544434547424
1788679058278795800,16.369795654296876,-0.10049854964017868,-9.856036186218262,-0.638883650302887
1788679058296077000,16.3870771484375,-0.16749759018421173,-9.827322959899902,-0.5934200286865234
1788679058313358000,16.404358154296876,-0.19621145725250244,-9.846465110778809,-0.5694918036460876
1788679058330639000,16.42163916015625,-0.21296121180057526,-9.860821723937988,-0.5934200286865234
1788679058347920100,16.438920166015624,-0.19621145725250244,-9.865608215332031,-0.5886343717575073
1788679058365201400,16.456201416015624,-0.17228323221206665,-9.868000984191895,-0.6173482537269592
1788679058382482400,16.473482421875,-0.1579262912273407,-9.839286804199219,-0.6005984544754028
1788679058399763500,16.490763427734375,-0.17228323221206665,-9.820143699645996,-0.5958128571510315
1788679058417044700,16.508044677734375,-0.15074782073497772,-9.817750930786133,-0.5982056856155396
1788679058434325800,16.52532568359375,-0.15314064919948578,-9.824930191040039,-0.6221339106559753
1788679058451606800,16.542606689453127,-0.1459621787071228,-9.836894035339355,-0.6795616149902344
1788679058468887800,16.5598876953125,-0.16031911969184875,-9.841679573059082,-0.7178468108177185
1788679058486169000,16.577169189453127,-0.16031911969184875,-9.844072341918945,-0.729810893535614
1788679058503450000,16.5944501953125,-0.16031911969184875,-9.836894035339355,-0.7106683254241943
1788679058520731100,16.611731201171875,-0.13878370821475983,-9.81535816192627,-0.7082754969596863
1788679058538012200,16.62901220703125,-0.10289137065410614,-9.812965393066406,-0.727418065071106
1788679058555293200,16.646293212890626,-0.09092725813388824,-9.856036186218262,-0.7680960893630981
1788679058572574500,16.663574462890626,-0.05503492057323456,-9.903892517089844,-0.7513462901115417
1788679058589855500,16.68085546875,-0.10767702013254166,-9.851250648498535,-0.6891329288482666
1788679058607136500,16.698136474609374,-0.18424734473228455,-9.812965393066406,-0.6101697683334351
1788679058624417500,16.71541748046875,-0.21774685382843018,-9.803394317626953,-0.5982056856155396
1788679058641698600,16.732698486328125,-0.2225325107574463,-9.832108497619629,-0.6101697683334351
1788679058658979800,16.749979736328125,-0.2632105052471161,-9.865608215332031,-0.6221339106559753
1788679058676260900,16.7672607421875,-0.22971096634864807,-9.860821723937988,-0.605384111404419
1788679058693542000,16.7845419921875,-0.22492532432079315,-9.846465110778809,-0.6317051649093628
1788679058710823200,16.8018232421875,-0.19381862878799438,-9.832108497619629,-0.6005984544754028
1788679058728104200,16.819104248046877,-0.19621145725250244,-9.822537422180176,-0.6460621356964111
1788679058745385200,16.83638525390625,-0.18903298676013947,-9.834501266479492,-0.7058826684951782
1788679058762666200,16.853666259765625,-0.18424734473228455,-9.834501266479492,-0.7537391185760498
1788679058779947500,16.870947509765625,-0.16031911969184875,-9.846465110778809,-0.7728816866874695
1788679058797228500,16.888228515625,-0.16749759018421173,-9.832108497619629,-0.7848458290100098
1788679058814509600,16.905509521484376,-0.1746760457754135,-9.827322959899902,-0.7322037220001221
1788679058831790600,16.92279052734375,-0.17946170270442963,-9.829715728759766,-0.6867401003837585
1788679058849071600,16.940071533203124,-0.18424734473228455,-9.839286804199219,-0.7058826684951782
1788679058866353000,16.957352783203124,-0.16031911969184875,-9.858428955078125,-0.7154539823532104
1788679058883634000,16.974634033203124,-0.1579262912273407,-9.822537422180176,-0.7250252366065979
1788679058900915000,16.9919150390625,-0.1746760457754135,-9.834501266479492,-0.698704183101654
1788679058918196000,17.009196044921875,-0.19142581522464752,-9.839286804199219,-0.6771687865257263
1788679058935477000,17.02647705078125,-0.23210379481315613,-9.822537422180176,-0.6173482537269592
1788679058952758300,17.04375830078125,-0.2584248483181,-9.820143699645996,-0.5886343717575073
1788679058970039300,17.061039306640627,-0.25363919138908386,-9.817750930786133,-0.5934200286865234
1788679058987320300,17.0783203125,-0.2273181527853012,-9.839286804199219,-0.6101697683334351
1788679059004601600,17.0956015625,-0.1986042857170105,-9.836894035339355,-0.641276478767395
1788679059021882600,17.112882568359375,-0.17228323221206665,-9.863214492797852,-0.641276478767395
1788679059039163600,17.13016357421875,-0.16749759018421173,-9.863214492797852,-0.6795616149902344
1788679059056444700,17.147444580078126,-0.1698904037475586,-9.836894035339355,-0.7058826684951782
1788679059073725700,17.1647255859375,-0.16749759018421173,-9.841679573059082,-0.672383189201355
1788679059091006700,17.1820068359375,-0.14835500717163086,-9.846465110778809,-0.672383189201355
1788679059108288000,17.1992880859375,-0.16749759018421173,-9.820143699645996,-0.6556333899497986
1788679059125569000,17.216569091796874,-0.15314064919948578,-9.817750930786133,-0.6364908218383789
1788679059142850000,17.23385009765625,-0.12921242415905,-9.820143699645996,-0.5958128571510315
1788679059160131000,17.251131103515625,-0.14117653667926788,-9.865608215332031,-0.638883650302887
1788679059177412000,17.268412109375,-0.13639089465141296,-9.870393753051758,-0.6293123364448547
1788679059194693400,17.285693359375,-0.13639089465141296,-9.844072341918945,-0.6101697683334351
1788679059211974400,17.302974365234373,-0.14835500717163086,-9.822537422180176,-0.5790630578994751
1788679059229255400,17.32025537109375,-0.15074782073497772,-9.824930191040039,-0.5455635786056519
1788679059246536400,17.337536376953125,-0.11246266216039658,-9.820143699645996,-0.5718846321105957
1788679059263817500,17.3548173828125,-0.11485548317432404,-9.844072341918945,-0.6125625967979431
1788679059281098800,17.3720986328125,-0.12921242415905,-9.856036186218262,-0.6317051649093628
1788679059298379800,17.3893798828125,-0.15553347766399384,-9.846465110778809,-0.638883650302887
1788679059315660800,17.406660888671876,-0.16510476171970367,-9.846465110778809,-0.6340979933738708
1788679059332941800,17.42394189453125,-0.15314064919948578,-9.834501266479492,-0.6556333899497986
1788679059350222800,17.441222900390624,-0.16031911969184875,-9.834501266479492,-0.672383189201355
1788679059367504000,17.45850390625,-0.1052841991186142,-9.851250648498535,-0.641276478767395
1788679059384785200,17.47578515625,-0.11006984114646912,-9.848857879638672,-0.6532405614852905
1788679059402066200,17.493066162109375,-0.12442677468061447,-9.844072341918945,-0.6652047038078308
1788679059419347200,17.51034716796875,-0.11246266216039658,-9.853643417358398,-0.6436693072319031
1788679059436628200,17.527628173828123,-0.12203395366668701,-9.827322959899902,-0.6221339106559753
1788679059453909500,17.544909423828123,-0.14356936514377594,-9.81535816192627,-0.6604190468788147
1788679059471190500,17.5621904296875,-0.12203395366668701,-9.844072341918945,-0.6628118753433228
1788679059488471600,17.579471435546875,-0.12203395366668701,-9.856036186218262,-0.6580262184143066
1788679059505752600,17.596752685546875,-0.13878370821475983,-9.836894035339355,-0.6364908218383789
1788679059523033600,17.61403369140625,-0.15074782073497772,-9.832108497619629,-0.6173482537269592
1788679059540314600,17.631314697265626,-0.16271193325519562,-9.796216011047363,-0.6771687865257263
1788679059557595600,17.648595703125,-0.17706887423992157,-9.810572624206543,-0.7106683254241943
1788679059574877000,17.665876953125,-0.12921242415905,-9.858428955078125,-0.6747759580612183
1788679059592158000,17.683157958984374,-0.14117653667926788,-9.870393753051758,-0.6364908218383789
1788679059609439000,17.70043896484375,-0.15553347766399384,-9.839286804199219,-0.641276478767395
1788679059626720000,17.717719970703126,-0.17706887423992157,-9.839286804199219,-0.6675975322723389
1788679059644001000,17.7350009765625,-0.16271193325519562,-9.856036186218262,-0.6699903607368469
1788679059661282300,17.7522822265625,-0.15553347766399384,-9.853643417358398,-0.6795616149902344
1788679059678563300,17.769563232421874,-0.12921242415905,-9.832108497619629,-0.6891329288482666
1788679059695844400,17.78684423828125,-0.11724831163883209,-9.832108497619629,-0.6795616149902344
1788679059713125400,17.80412548828125,-0.1339980661869049,-9.810572624206543,-0.7058826684951782
1788679059730406400,17.821406494140625,-0.1459621787071228,-9.820143699645996,-0.7465606927871704
1788679059747687400,17.8386875,-0.14117653667926788,-9.832108497619629,-0.7513462901115417
1788679059764968400,17.855968505859376,-0.1339980661869049,-9.841679573059082,-0.7082754969596863
1788679059782249700,17.873249755859376,-0.17228323221206665,-9.848857879638672,-0.6867401003837585
1788679059799530800,17.89053076171875,-0.17228323221206665,-9.820143699645996,-0.7082754969596863
1788679059816811800,17.907811767578124,-0.15553347766399384,-9.839286804199219,-0.6891329288482666
1788679059834092800,17.9250927734375,-0.14117653667926788,-9.875179290771484,-0.6532405614852905
1788679059851373800,17.942373779296876,-0.1339980661869049,-9.848857879638672,-0.6173482537269592
1788679059868654800,17.95965478515625,-0.16510476171970367,-9.834501266479492,-0.672383189201355
1788679059885935900,17.976935791015624,-0.16271193325519562,-9.860821723937988,-0.6771687865257263
1788679059903217200,17.994217041015624,-0.1579262912273407,-9.836894035339355,-0.6556333899497986
1788679059920498200,18.011498291015624,-0.15553347766399384,-9.841679573059082,-0.6317051649093628
1788679059937779200,18.028779296875,-0.13639089465141296,-9.832108497619629,-0.6484549641609192
1788679059955060200,18.046060302734375,-0.1459621787071228,-9.827322959899902,-0.6604190468788147
1788679059972341200,18.06334130859375,-0.13160525262355804,-9.81535816192627,-0.6747759580612183
1788679059989622500,18.08062255859375,-0.13160525262355804,-9.829715728759766,-0.6747759580612183
1788679060006903600,18.097903564453127,-0.12921242415905,-9.832108497619629,-0.6747759580612183
1788679060024184600,18.1151845703125,-0.13639089465141296,-9.836894035339355,-0.6771687865257263
1788679060041465600,18.132465576171874,-0.13639089465141296,-9.822537422180176,-0.698704183101654
1788679060058746600,18.14974658203125,-0.16510476171970367,-9.822537422180176,-0.7034898400306702
1788679060076027600,18.167027587890626,-0.14356936514377594,-9.841679573059082,-0.6867401003837585
1788679060093308700,18.18430859375,-0.16749759018421173,-9.851250648498535,-0.6436693072319031
1788679060110590000,18.20158984375,-0.16749759018421173,-9.839286804199219,-0.6532405614852905
1788679060127871000,18.21887109375,-0.1746760457754135,-9.841679573059082,-0.6795616149902344
1788679060145152000,18.236152099609374,-0.1579262912273407,-9.841679573059082,-0.6436693072319031
1788679060162433000,18.25343310546875,-0.1579262912273407,-9.858428955078125,-0.6460621356964111
1788679060179714000,18.270714111328125,-0.13160525262355804,-9.851250648498535,-0.6364908218383789
1788679060196995000,18.2879951171875,-0.14835500717163086,-9.839286804199219,-0.6484549641609192
1788679060214276000,18.305276123046873,-0.16749759018421173,-9.853643417358398,-0.6771687865257263
1788679060231557000,18.32255712890625,-0.12921242415905,-9.841679573059082,-0.7250252366065979
1788679060248838100,18.339838134765625,-0.10767702013254166,-9.856036186218262,-0.7250252366065979
1788679060266119400,18.357119384765625,-0.0933200865983963,-9.827322959899902,-0.6939185857772827
1788679060283400400,18.374400390625,-0.11485548317432404,-9.817750930786133,-0.6747759580612183
1788679060300681500,18.391681396484376,-0.12681959569454193,-9.812965393066406,-0.6340979933738708
1788679060317962500,18.40896240234375,-0.11724831163883209,-9.822537422180176,-0.6819544434547424
1788679060335243500,18.426243408203124,-0.09092725813388824,-9.822537422180176,-0.729810893535614
1788679060352524500,18.443524658203124,-0.07657032459974289,-9.856036186218262,-0.7034898400306702
1788679060369805600,18.4608056640625,-0.08135596662759781,-9.856036186218262,-0.6819544434547424
1788679060387086600,18.478086669921876,-0.11724831163883209,-9.841679573059082,-0.6795616149902344
1788679060404367600,18.49536767578125,-0.14356936514377594,-9.827322959899902,-0.6628118753433228
1788679060421649000,18.51264892578125,-0.13160525262355804,-9.841679573059082,-0.6675975322723389
1788679060438930000,18.529929931640623,-0.11006984114646912,-9.836894035339355,-0.6604190468788147
1788679060456211000,18.5472109375,-0.12203395366668701,-9.836894035339355,-0.6484549641609192
1788679060473492000,18.564491943359375,-0.1339980661869049,-9.841679573059082,-0.638883650302887
1788679060490773000,18.58177294921875,-0.13878370821475983,-9.827322959899902,-0.6604190468788147
1788679060508054000,18.599053955078126,-0.13160525262355804,-9.839286804199219,-0.6747759580612183
1788679060525335000,18.6163349609375,-0.12203395366668701,-9.841679573059082,-0.6699903607368469
1788679060542616000,18.633615966796874,-0.10049854964017868,-9.834501266479492,-0.7130611538887024
1788679060559897300,18.6508974609375,-0.08853443711996078,-9.839286804199219,-0.7345965504646301
1788679060577178400,18.668178466796874,-0.08374879509210587,-9.836894035339355,-0.7322037220001221
1788679060594459400,18.68545947265625,-0.1052841991186142,-9.836894035339355,-0.6963114142417908
1788679060611740400,18.702740478515626,-0.1339980661869049,-9.832108497619629,-0.6652047038078308
1788679060629021400,18.720021484375,-0.11964113265275955,-9.853643417358398,-0.641276478767395
1788679060646302500,18.737302490234374,-0.12442677468061447,-9.848857879638672,-0.638883650302887
1788679060663583500,18.75458349609375,-0.14356936514377594,-9.846465110778809,-0.6460621356964111
1788679060680864500,18.771864501953125,-0.13878370821475983,-9.851250648498535,-0.6484549641609192
1788679060698145500,18.7891455078125,-0.13160525262355804,-9.848857879638672,-0.6508477330207825
1788679060715426800,18.8064267578125,-0.15074782073497772,-9.832108497619629,-0.6580262184143066
1788679060732707800,18.823707763671877,-0.12921242415905,-9.829715728759766,-0.6604190468788147
1788679060749988900,18.84098876953125,-0.11724831163883209,-9.848857879638672,-0.6580262184143066
1788679060767270000,18.858269775390625,-0.12681959569454193,-9.836894035339355,-0.6747759580612183
1788679060784551000,18.875551025390624,-0.12203395366668701,-9.834501266479492,-0.6747759580612183
1788679060801832000,18.89283203125,-0.10767702013254166,-9.827322959899902,-0.638883650302887
1788679060819113000,18.910113037109376,-0.12203395366668701,-9.834501266479492,-0.6484549641609192
1788679060836394000,18.92739404296875,-0.13878370821475983,-9.841679573059082,-0.641276478767395
1788679060853675000,18.944675048828124,-0.14117653667926788,-9.853643417358398,-0.6364908218383789
1788679060870956000,18.9619560546875,-0.14356936514377594,-9.853643417358398,-0.6293123364448547
1788679060888237000,18.979237060546875,-0.14356936514377594,-9.834501266479492,-0.605384111404419
1788679060905518000,18.99651806640625,-0.15074782073497772,-9.839286804199219,-0.6005984544754028
1788679060922799000,19.013799072265623,-0.14117653667926788,-9.836894035339355,-0.6245267391204834
1788679060940080000,19.031080078125,-0.12203395366668701,-9.829715728759766,-0.6436693072319031
1788679060957361400,19.048361328125,-0.11964113265275955,-9.836894035339355,-0.672383189201355
1788679060974642400,19.065642333984375,-0.10049854964017868,-9.851250648498535,-0.6915257573127747
1788679060991923500,19.08292333984375,-0.08374879509210587,-9.836894035339355,-0.7130611538887024
1788679061009204500,19.10020458984375,-0.08135596662759781,-9.839286804199219,-0.7106683254241943
1788679061026485500,19.117485595703126,-0.08374879509210587,-9.827322959899902,-0.6963114142417908
1788679061043766500,19.1347666015625,-0.10767702013254166,-9.820143699645996,-0.6771687865257263
1788679061061047600,19.152047607421874,-0.11964113265275955,-9.836894035339355,-0.6628118753433228
1788679061078328600,19.16932861328125,-0.11246266216039658,-9.822537422180176,-0.6460621356964111
1788679061095609600,19.186609619140626,-0.12203395366668701,-9.832108497619629,-0.6436693072319031
1788679061112890600,19.203890625,-0.12681959569454193,-9.827322959899902,-0.6293123364448547
1788679061130171600,19.221171630859374,-0.12921242415905,-9.836894035339355,-0.641276478767395
1788679061147452700,19.23845263671875,-0.1339980661869049,-9.853643417358398,-0.6628118753433228
1788679061164733700,19.255733642578125,-0.12921242415905,-9.848857879638672,-0.6556333899497986
1788679061182014700,19.2730146484375,-0.11485548317432404,-9.846465110778809,-0.6652047038078308
1788679061199295700,19.290295654296877,-0.12203395366668701,-9.839286804199219,-0.6747759580612183
1788679061216577000,19.307576904296877,-0.11006984114646912,-9.846465110778809,-0.672383189201355
1788679061233858000,19.324858154296876,-0.11485548317432404,-9.834501266479492,-0.6795616149902344
1788679061251139000,19.34213916015625,-0.11006984114646912,-9.834501266479492,-0.6819544434547424
1788679061268420000,19.359420166015624,-0.12203395366668701,-9.829715728759766,-0.6771687865257263
1788679061285701000,19.376701171875,-0.12442677468061447,-9.832108497619629,-0.6580262184143066
1788679061302982100,19.393982177734376,-0.1052841991186142,-9.858428955078125,-0.6747759580612183
1788679061320263200,19.41126318359375,-0.11006984114646912,-9.841679573059082,-0.672383189201355
1788679061337544200,19.428544189453124,-0.11006984114646912,-9.839286804199219,-0.6699903607368469
1788679061354825200,19.4458251953125,-0.10289137065410614,-9.839286804199219,-0.672383189201355
1788679061372106200,19.463106201171875,-0.11246266216039658,-9.834501266479492,-0.6675975322723389
1788679061389387300,19.48038720703125,-0.11964113265275955,-9.820143699645996,-0.6436693072319031
1788679061406668300,19.497668212890623,-0.14356936514377594,-9.81535816192627,-0.6245267391204834
1788679061423949300,19.51494921875,-0.14356936514377594,-9.848857879638672,-0.6293123364448547
1788679061441230300,19.532230224609375,-0.16271193325519562,-9.868000984191895,-0.6436693072319031
1788679061458511400,19.549511474609375,-0.17706887423992157,-9.856036186218262,-0.6293123364448547
1788679061475792400,19.56679248046875,-0.1698904037475586,-9.851250648498535,-0.672383189201355
1788679061493073400,19.584073486328126,-0.1579262912273407,-9.851250648498535,-0.7010970115661621
1788679061510354400,19.6013544921875,-0.10289137065410614,-9.834501266479492,-0.727418065071106
1788679061527635500,19.618635498046874,-0.10289137065410614,-9.832108497619629,-0.7202396392822266
1788679061544916500,19.63591650390625,-0.08374879509210587,-9.817750930786133,-0.6939185857772827
1788679061562197800,19.65319775390625,-0.09092725813388824,-9.80817985534668,-0.6963114142417908
1788679061579478800,19.670478759765626,-0.11485548317432404,-9.817750930786133,-0.7178468108177185
1788679061596759600,19.687759521484374,-0.11006984114646912,-9.834501266479492,-0.7106683254241943
1788679061614040600,19.70504052734375,-0.13639089465141296,-9.844072341918945,-0.6771687865257263
1788679061631321600,19.722321533203125,-0.13878370821475983,-9.844072341918945,-0.6508477330207825
1788679061648602600,19.7396025390625,-0.1459621787071228,-9.853643417358398,-0.6604190468788147
1788679061665884000,19.7568837890625,-0.14356936514377594,-9.851250648498535,-0.6460621356964111
1788679061683165000,19.7741650390625,-0.15314064919948578,-9.829715728759766,-0.641276478767395
1788679061700446000,19.791446044921877,-0.16749759018421173,-9.836894035339355,-0.6460621356964111
1788679061717726700,19.808726806640625,-0.16031911969184875,-9.836894035339355,-0.6508477330207825
1788679061735007700,19.8260078125,-0.15314064919948578,-9.834501266479492,-0.6699903607368469
1788679061752288800,19.843288818359376,-0.14356936514377594,-9.832108497619629,-0.6867401003837585
1788679061769570000,19.860570068359376,-0.11246266216039658,-9.851250648498535,-0.7010970115661621
1788679061786851000,19.87785107421875,-0.11964113265275955,-9.836894035339355,-0.7154539823532104
1788679061804132000,19.895132080078124,-0.10049854964017868,-9.829715728759766,-0.7345965504646301
1788679061821413000,19.9124130859375,-0.11724831163883209,-9.836894035339355,-0.7513462901115417
1788679061838694000,19.92969384765625,-0.10289137065410614,-9.841679573059082,-0.727418065071106
1788679061855975000,19.946974853515623,-0.09092725813388824,-9.822537422180176,-0.7082754969596863
1788679061873256200,19.964256103515623,-0.09810572862625122,-9.829715728759766,-0.6939185857772827
1788679061890537200,19.981537109375,-0.09092725813388824,-9.839286804199219,-0.638883650302887
1788679061907818200,19.998818359375,-0.08853443711996078,-9.829715728759766,-0.638883650302887
1788679061925099300,20.016099365234375,-0.08614161610603333,-9.832108497619629,-0.6484549641609192
1788679061942380300,20.03338037109375,-0.08135596662759781,-9.836894035339355,-0.6628118753433228
1788679061959661000,20.0506611328125,-0.09092725813388824,-9.832108497619629,-0.7082754969596863
1788679061976942300,20.0679423828125,-0.10049854964017868,-9.834501266479492,-0.7130611538887024
1788679061994223400,20.085223388671874,-0.10289137065410614,-9.832108497619629,-0.698704183101654
1788679062011504400,20.10250439453125,-0.11485548317432404,-9.848857879638672,-0.6867401003837585
1788679062028785400,20.119785400390626,-0.11724831163883209,-9.853643417358398,-0.6795616149902344
1788679062046066200,20.137066162109374,-0.1339980661869049,-9.841679573059082,-0.7034898400306702
1788679062063347200,20.15434716796875,-0.12681959569454193,-9.839286804199219,-0.6891329288482666
1788679062080628500,20.17162841796875,-0.1052841991186142,-9.841679573059082,-0.6747759580612183
1788679062097909500,20.188909423828125,-0.07896314561367035,-9.858428955078125,-0.7058826684951782
1788679062115190500,20.2061904296875,-0.062213387340307236,-9.846465110778809,-0.7250252366065979
1788679062132471300,20.22347119140625,-0.07178468257188797,-9.839286804199219,-0.7226324677467346
1788679062149752300,20.24075244140625,-0.06699903309345245,-9.834501266479492,-0.7441678643226624
1788679062167033300,20.258033447265625,-0.04307080805301666,-9.844072341918945,-0.7345965504646301
1788679062184314600,20.275314697265625,-0.02632104977965355,-9.858428955078125,-0.763310432434082
1788679062201595600,20.292595703125,-0.05503492057323456,-9.860821723937988,-0.7920243144035339
1788679062218876400,20.30987646484375,-0.05503492057323456,-9.841679573059082,-0.7776673436164856
1788679062236157400,20.327157470703124,-0.08374879509210587,-9.810572624206543,-0.7202396392822266
1788679062253438500,20.3444384765625,-0.11724831163883209,-9.820143699645996,-0.6604190468788147
1788679062270719700,20.3617197265625,-0.11724831163883209,-9.824930191040039,-0.6460621356964111
1788679062288000500,20.37900048828125,-0.16749759018421173,-9.832108497619629,-0.6628118753433228
1788679062305281500,20.396281494140624,-0.1866401731967926,-9.856036186218262,-0.6604190468788147
1788679062322562600,20.4135625,-0.1818545162677765,-9.841679573059082,-0.6532405614852905
1788679062339843600,20.430843505859375,-0.16271193325519562,-9.836894035339355,-0.6125625967979431
1788679062357124600,20.44812451171875,-0.13639089465141296,-9.839286804199219,-0.6101697683334351
1788679062374405600,20.465405517578127,-0.11724831163883209,-9.832108497619629,-0.6364908218383789
1788679062391686700,20.482686767578127,-0.09571290761232376,-9.820143699645996,-0.6652047038078308
1788679062408967700,20.4999677734375,-0.062213387340307236,-9.834501266479492,-0.672383189201355
1788679062426248700,20.517248779296875,-0.064606212079525,-9.844072341918945,-0.6843472719192505
1788679062443529700,20.53452978515625,-0.06939185410737991,-9.829715728759766,-0.6963114142417908
1788679062460810800,20.551810791015626,-0.10767702013254166,-9.836894035339355,-0.7226324677467346
1788679062478091800,20.569091796875,-0.13160525262355804,-9.844072341918945,-0.7130611538887024
1788679062495372800,20.586372802734374,-0.14835500717163086,-9.853643417358398,-0.6843472719192505
1788679062512653800,20.60365380859375,-0.1459621787071228,-9.858428955078125,-0.6771687865257263
1788679062529934800,20.620934814453125,-0.15314064919948578,-9.863214492797852,-0.6819544434547424
1788679062547216000,20.6382158203125,-0.1459621787071228,-9.860821723937988,-0.6699903607368469
1788679062564497000,20.655496826171873,-0.14117653667926788,-9.841679573059082,-0.6508477330207825
1788679062581778000,20.67277783203125,-0.18903298676013947,-9.839286804199219,-0.6293123364448547
1788679062599058700,20.69005859375,-0.18424734473228455,-9.824930191040039,-0.6460621356964111
1788679062616339700,20.707339599609377,-0.14835500717163086,-9.841679573059082,-0.6604190468788147
1788679062633620700,20.724620849609376,-0.12681959569454193,-9.853643417358398,-0.6915257573127747
1788679062650901800,20.74190185546875,-0.08853443711996078,-9.832108497619629,-0.7226324677467346
1788679062668182800,20.759182861328124,-0.08853443711996078,-9.829715728759766,-0.7537391185760498
1788679062685463800,20.7764638671875,-0.09810572862625122,-9.822537422180176,-0.7704889178276062
1788679062702744800,20.793744873046876,-0.07417750358581543,-9.817750930786133,-0.7489534616470337
1788679062720025900,20.81102587890625,-0.059820566326379776,-9.81535816192627,-0.7345965504646301
1788679062737307000,20.828306884765624,-0.07417750358581543,-9.832108497619629,-0.7178468108177185
1788679062754588000,20.845587890625,-0.07417750358581543,-9.839286804199219,-0.7178468108177185
1788679062771869000,20.862868896484375,-0.11485548317432404,-9.839286804199219,-0.6915257573127747
1788679062789150000,20.88014990234375,-0.13160525262355804,-9.841679573059082,-0.6747759580612183
1788679062806431000,20.897430908203123,-0.10767702013254166,-9.836894035339355,-0.6436693072319031
1788679062823712000,20.9147119140625,-0.13160525262355804,-9.856036186218262,-0.6532405614852905
1788679062840992800,20.93199267578125,-0.13160525262355804,-9.856036186218262,-0.6484549641609192
1788679062858273800,20.949273681640626,-0.15553347766399384,-9.851250648498535,-0.6508477330207825
1788679062875554800,20.966554931640626,-0.15553347766399384,-9.839286804199219,-0.6628118753433228
1788679062892835800,20.9838359375,-0.1746760457754135,-9.827322959899902,-0.6436693072319031
1788679062910116900,21.001116943359374,-0.1818545162677765,-9.853643417358398,-0.6652047038078308
1788679062927398000,21.01839794921875,-0.2105683982372284,-9.879964828491211,-0.7010970115661621
1788679062944679000,21.035678955078126,-0.19621145725250244,-9.879964828491211,-0.7441678643226624
1788679062961960000,21.0529599609375,-0.13878370821475983,-9.846465110778809,-0.7489534616470337
1788679062979241000,21.070240966796874,-0.08614161610603333,-9.820143699645996,-0.7513462901115417
1788679062996522000,21.08752197265625,-0.09810572862625122,-9.817750930786133,-0.760917603969574
1788679063013803000,21.104802978515625,-0.11246266216039658,-9.81535816192627,-0.7322037220001221
1788679063031083800,21.122083740234373,-0.11964113265275955,-9.798608779907227,-0.6747759580612183
1788679063048365000,21.139364990234377,-0.14356936514377594,-9.817750930786133,-0.6340979933738708
1788679063065645800,21.156645751953125,-0.13160525262355804,-9.834501266479492,-0.5910272002220154
1788679063082926800,21.1739267578125,-0.16031911969184875,-9.841679573059082,-0.550349235534668
1788679063100207900,21.191207763671876,-0.18424734473228455,-9.841679573059082,-0.5455635786056519
1788679063117489000,21.208489013671876,-0.20099709928035736,-9.841679573059082,-0.5670989751815796
1788679063134770000,21.22577001953125,-0.20578274130821228,-9.834501266479492,-0.5958128571510315
1788679063152051000,21.243051025390624,-0.19142581522464752,-9.848857879638672,-0.5934200286865234
1788679063169332000,21.26033203125,-0.1746760457754135,-9.846465110778809,-0.6005984544754028
1788679063186612700,21.27761279296875,-0.12203395366668701,-9.829715728759766,-0.6149554252624512
1788679063203894000,21.29489404296875,-0.12442677468061447,-9.832108497619629,-0.6364908218383789
1788679063221174800,21.3121748046875,-0.12681959569454193,-9.829715728759766,-0.672383189201355
1788679063238455800,21.329455810546875,-0.15074782073497772,-9.829715728759766,-0.6747759580612183
1788679063255736800,21.34673681640625,-0.16749759018421173,-9.836894035339355,-0.6891329288482666
1788679063273017900,21.364017822265627,-0.1746760457754135,-9.846465110778809,-0.6556333899497986
1788679063290299000,21.381298828125,-0.18424734473228455,-9.848857879638672,-0.6508477330207825
1788679063307580000,21.398579833984375,-0.19381862878799438,-9.834501266479492,-0.638883650302887
1788679063324860700,21.415860595703126,-0.20338992774486542,-9.846465110778809,-0.6317051649093628
1788679063342141700,21.4331416015625,-0.20338992774486542,-9.839286804199219,-0.641276478767395
1788679063359422700,21.450422607421874,-0.23688943684101105,-9.848857879638672,-0.641276478767395
1788679063376703700,21.467703857421874,-0.24167509377002716,-9.856036186218262,-0.6484549641609192
1788679063393984800,21.48498486328125,-0.24646073579788208,-9.846465110778809,-0.6436693072319031
1788679063411265800,21.502265869140626,-0.2584248483181,-9.827322959899902,-0.605384111404419
1788679063428546800,21.519546875,-0.2392822653055191,-9.839286804199219,-0.6245267391204834
1788679063445827800,21.536827880859374,-0.2105683982372284,-9.834501266479492,-0.6149554252624512
1788679063463108900,21.55410888671875,-0.18903298676013947,-9.832108497619629,-0.6173482537269592
1788679063480389600,21.5713896484375,-0.17228323221206665,-9.832108497619629,-0.6197410821914673
1788679063497670700,21.588670654296877,-0.17946170270442963,-9.827322959899902,-0.6317051649093628
1788679063514951700,21.60595166015625,-0.1818545162677765,-9.827322959899902,-0.638883650302887
1788679063532232700,21.623232666015625,-0.1986042857170105,-9.827322959899902,-0.6508477330207825
1788679063549513700,21.640513671875,-0.1746760457754135,-9.860821723937988,-0.6532405614852905
1788679063566794500,21.65779443359375,-0.16271193325519562,-9.858428955078125,-0.6317051649093628
1788679063584075800,21.67507568359375,-0.19381862878799438,-9.824930191040039,-0.6556333899497986
1788679063601356500,21.6923564453125,-0.1746760457754135,-9.841679573059082,-0.6652047038078308
1788679063618637600,21.709637451171876,-0.18903298676013947,-9.834501266479492,-0.672383189201355
1788679063635918600,21.726918701171876,-0.16749759018421173,-9.836894035339355,-0.6843472719192505
1788679063653199600,21.74419970703125,-0.16031911969184875,-9.851250648498535,-0.6556333899497986
1788679063670480600,21.761480712890624,-0.1579262912273407,-9.851250648498535,-0.641276478767395
1788679063687761700,21.77876171875,-0.1746760457754135,-9.844072341918945,-0.6556333899497986
1788679063705042400,21.79604248046875,-0.16510476171970367,-9.839286804199219,-0.6556333899497986
1788679063722323500,21.813323486328127,-0.1818545162677765,-9.836894035339355,-0.6484549641609192
1788679063739604500,21.8306044921875,-0.16031911969184875,-9.832108497619629,-0.6532405614852905
1788679063756885500,21.847885498046875,-0.16271193325519562,-9.846465110778809,-0.6580262184143066
1788679063774166500,21.86516650390625,-0.1579262912273407,-9.846465110778809,-0.6340979933738708
1788679063791447600,21.882447509765626,-0.15314064919948578,-9.827322959899902,-0.6628118753433228
1788679063808728600,21.899728515625,-0.14117653667926788,-9.844072341918945,-0.6795616149902344
1788679063826009300,21.91700927734375,-0.16031911969184875,-9.839286804199219,-0.6915257573127747
1788679063843290400,21.934290283203126,-0.1459621787071228,-9.832108497619629,-0.6939185857772827
1788679063860571400,21.9515712890625,-0.1579262912273407,-9.832108497619629,-0.6556333899497986
1788679063877852400,21.968852294921874,-0.15314064919948578,-9.829715728759766,-0.6556333899497986
1788679063895133400,21.986133544921874,-0.15074782073497772,-9.844072341918945,-0.6580262184143066
1788679063912414200,22.003414306640625,-0.13878370821475983,-9.858428955078125,-0.672383189201355
1788679063929695200,22.0206953125,-0.15553347766399384,-9.846465110778809,-0.6747759580612183
1788679063946976300,22.037976318359377,-0.1866401731967926,-9.846465110778809,-0.6628118753433228
1788679063964257300,22.05525732421875,-0.1698904037475586,-9.851250648498535,-0.6604190468788147
1788679063981538300,22.072538330078125,-0.1579262912273407,-9.839286804199219,-0.6508477330207825
1788679063998819300,22.0898193359375,-0.12921242415905,-9.812965393066406,-0.6269195079803467
1788679064016100400,22.107100341796876,-0.1459621787071228,-9.822537422180176,-0.6628118753433228
1788679064033381000,22.124381103515624,-0.14117653667926788,-9.858428955078125,-0.7034898400306702
1788679064050662100,22.141662109375,-0.16510476171970367,-9.858428955078125,-0.7034898400306702
1788679064067943200,22.158943115234376,-0.1579262912273407,-9.846465110778809,-0.6556333899497986
1788679064085224200,22.17622412109375,-0.1579262912273407,-9.820143699645996,-0.6221339106559753
1788679064102505000,22.1935048828125,-0.15074782073497772,-9.817750930786133,-0.6197410821914673
1788679064119786000,22.210785888671875,-0.16271193325519562,-9.824930191040039,-0.6197410821914673
1788679064137067000,22.22806689453125,-0.16749759018421173,-9.839286804199219,-0.6293123364448547
1788679064154348000,22.24534814453125,-0.17706887423992157,-9.841679573059082,-0.6293123364448547
1788679064171629000,22.262629150390627,-0.19381862878799438,-9.846465110778809,-0.6173482537269592
1788679064188909800,22.279909912109375,-0.20099709928035736,-9.846465110778809,-0.6269195079803467
1788679064206190800,22.29719091796875,-0.22013968229293823,-9.827322959899902,-0.6436693072319031
1788679064223471900,22.314471923828126,-0.21296121180057526,-9.832108497619629,-0.6364908218383789
1788679064240753000,22.3317529296875,-0.20578274130821228,-9.836894035339355,-0.6269195079803467
1788679064258033700,22.34903369140625,-0.18424734473228455,-9.848857879638672,-0.638883650302887
1788679064275314700,22.366314697265626,-0.19381862878799438,-9.870393753051758,-0.638883650302887
1788679064292595700,22.383595703125,-0.20578274130821228,-9.844072341918945,-0.6556333899497986
1788679064309876700,22.400876708984374,-0.20338992774486542,-9.832108497619629,-0.6604190468788147
1788679064327157800,22.41815771484375,-0.20817556977272034,-9.817750930786133,-0.6819544434547424
1788679064344438800,22.435438720703125,-0.19381862878799438,-9.820143699645996,-0.6939185857772827
1788679064361719600,22.452719482421877,-0.1866401731967926,-9.827322959899902,-0.7010970115661621
1788679064379000600,22.47000048828125,-0.19381862878799438,-9.827322959899902,-0.6771687865257263
1788679064396281600,22.487281494140625,-0.20338992774486542,-9.839286804199219,-0.6628118753433228
1788679064413562600,22.504562744140625,-0.20817556977272034,-9.844072341918945,-0.6604190468788147
1788679064430843400,22.521843505859376,-0.2225325107574463,-9.848857879638672,-0.6604190468788147
1788679064448124400,22.53912451171875,-0.2560320198535919,-9.848857879638672,-0.6556333899497986
1788679064465405400,22.556405517578124,-0.26081767678260803,-9.860821723937988,-0.6460621356964111
1788679064482686500,22.5736865234375,-0.2679961323738098,-9.858428955078125,-0.6197410821914673
1788679064499967200,22.59096728515625,-0.2584248483181,-9.817750930786133,-0.5886343717575073
1788679064517248300,22.608248291015624,-0.24167509377002716,-9.81535816192627,-0.5623133182525635
1788679064534529300,22.625529296875,-0.22971096634864807,-9.827322959899902,-0.576670229434967
1788679064551810300,22.642810302734375,-0.24167509377002716,-9.839286804199219,-0.607776939868927
1788679064569091000,22.660091064453123,-0.2273181527853012,-9.856036186218262,-0.6149554252624512
1788679064586372000,22.6773720703125,-0.2105683982372284,-9.853643417358398,-0.6293123364448547
1788679064603653000,22.694653076171875,-0.18424734473228455,-9.832108497619629,-0.6293123364448547
1788679064620934100,22.71193408203125,-0.18903298676013947,-9.829715728759766,-0.6580262184143066
1788679064638215000,22.72921484375,-0.17946170270442963,-9.841679573059082,-0.6867401003837585
1788679064655496000,22.746495849609374,-0.18903298676013947,-9.824930191040039,-0.6795616149902344
1788679064672777000,22.76377685546875,-0.17946170270442963,-9.827322959899902,-0.641276478767395
1788679064690058000,22.78105810546875,-0.1986042857170105,-9.822537422180176,-0.6125625967979431
1788679064707339000,22.798339111328126,-0.21296121180057526,-9.834501266479492,-0.6125625967979431
1788679064724619800,22.815619873046874,-0.21296121180057526,-9.851250648498535,-0.6173482537269592
1788679064741900800,22.83290087890625,-0.23210379481315613,-9.872786521911621,-0.6005984544754028
1788679064759181800,22.850181884765625,-0.2512463629245758,-9.856036186218262,-0.5982056856155396
1788679064776462800,22.867462890625,-0.25363919138908386,-9.858428955078125,-0.6245267391204834
1788679064793743600,22.88474365234375,-0.23449662327766418,-9.834501266479492,-0.5814558863639832
1788679064811024600,22.902024658203125,-0.16510476171970367,-9.820143699645996,-0.5527420043945312
1788679064828305700,22.9193056640625,-0.18424734473228455,-9.824930191040039,-0.6173482537269592
1788679064845586400,22.93658642578125,-0.1746760457754135,-9.820143699645996,-0.6317051649093628
1788679064862867500,22.953867431640624,-0.1698904037475586,-9.822537422180176,-0.6436693072319031
1788679064880148500,22.9711484375,-0.17228323221206665,-9.829715728759766,-0.6293123364448547
1788679064897429500,22.988429443359376,-0.2105683982372284,-9.829715728759766,-0.6197410821914673
1788679064914710300,23.005710205078124,-0.20578274130821228,-9.848857879638672,-0.6029912829399109
1788679064931991300,23.0229912109375,-0.20099709928035736,-9.851250648498535,-0.5910272002220154
1788679064949272300,23.040272216796875,-0.1986042857170105,-9.851250648498535,-0.6221339106559753
1788679064966553000,23.057552978515623,-0.16271193325519562,-9.848857879638672,-0.6436693072319031
1788679064983834000,23.074834228515623,-0.1746760457754135,-9.839286804199219,-0.6652047038078308
1788679065001115100,23.092115234375,-0.16749759018421173,-9.834501266479492,-0.6508477330207825
1788679065018396200,23.109396240234375,-0.18903298676013947,-9.822537422180176,-0.6364908218383789
1788679065035677000,23.126677001953126,-0.17228323221206665,-9.839286804199219,-0.6508477330207825
1788679065052958000,23.1439580078125,-0.1579262912273407,-9.829715728759766,-0.6771687865257263
1788679065070239000,23.161239013671874,-0.15553347766399384,-9.846465110778809,-0.6963114142417908
1788679065087519700,23.178519775390626,-0.17228323221206665,-9.848857879638672,-0.672383189201355
1788679065104800800,23.19580078125,-0.19142581522464752,-9.841679573059082,-0.6364908218383789
1788679065122081800,23.213081787109374,-0.19142581522464752,-9.836894035339355,-0.6364908218383789
1788679065139362800,23.23036279296875,-0.21296121180057526,-9.836894035339355,-0.6556333899497986
1788679065156643600,23.2476435546875,-0.1746760457754135,-9.832108497619629,-0.6532405614852905
1788679065173924600,23.264924560546874,-0.16271193325519562,-9.844072341918945,-0.6652047038078308
1788679065191205600,23.28220556640625,-0.17228323221206665,-9.834501266479492,-0.6532405614852905
1788679065208486400,23.299486328125,-0.1746760457754135,-9.848857879638672,-0.6747759580612183
1788679065225767400,23.316767333984377,-0.1746760457754135,-9.846465110778809,-0.672383189201355
1788679065243048400,23.33404833984375,-0.1579262912273407,-9.832108497619629,-0.6628118753433228
1788679065260329200,23.3513291015625,-0.1698904037475586,-9.836894035339355,-0.6771687865257263
1788679065277610200,23.3686103515625,-0.16749759018421173,-9.836894035339355,-0.6819544434547424
1788679065294891300,23.385891357421876,-0.1698904037475586,-9.839286804199219,-0.6795616149902344
1788679065312172300,23.40317236328125,-0.15074782073497772,-9.846465110778809,-0.6771687865257263
1788679065329453000,23.420453125,-0.15553347766399384,-9.846465110778809,-0.6675975322723389
1788679065346734000,23.437734130859376,-0.16271193325519562,-9.836894035339355,-0.6532405614852905
1788679065364015000,23.45501513671875,-0.15553347766399384,-9.841679573059082,-0.6532405614852905
1788679065381295900,23.4722958984375,-0.1746760457754135,-9.827322959899902,-0.6628118753433228
1788679065398577000,23.489576904296875,-0.16031911969184875,-9.839286804199219,-0.6771687865257263
1788679065415858000,23.50685791015625,-0.16271193325519562,-9.853643417358398,-0.6604190468788147
1788679065433138700,23.524138671875,-0.15074782073497772,-9.832108497619629,-0.6771687865257263
1788679065450419700,23.541419677734375,-0.13878370821475983,-9.832108497619629,-0.6843472719192505
1788679065467700700,23.55870068359375,-0.14356936514377594,-9.839286804199219,-0.6843472719192505
1788679065484981500,23.5759814453125,-0.16271193325519562,-9.834501266479492,-0.6795616149902344
1788679065502262500,23.593262451171874,-0.14835500717163086,-9.834501266479492,-0.6747759580612183
1788679065519543600,23.61054345703125,-0.1579262912273407,-9.841679573059082,-0.6460621356964111
1788679065536824300,23.62782421875,-0.15074782073497772,-9.844072341918945,-0.6293123364448547
1788679065554105300,23.645105224609374,-0.16510476171970367,-9.836894035339355,-0.6245267391204834
1788679065571386400,23.662386474609374,-0.16510476171970367,-9.844072341918945,-0.6317051649093628
1788679065588667400,23.67966748046875,-0.15074782073497772,-9.839286804199219,-0.6317051649093628
1788679065605948200,23.6969482421875,-0.1866401731967926,-9.848857879638672,-0.6436693072319031
1788679065623229200,23.714229248046873,-0.1866401731967926,-9.848857879638672,-0.6556333899497986
1788679065640510200,23.73151025390625,-0.1746760457754135,-9.848857879638672,-0.638883650302887
1788679065657791000,23.748791015625,-0.14356936514377594,-9.841679573059082,-0.641276478767395
1788679065675072000,23.766072021484376,-0.1579262912273407,-9.829715728759766,-0.6556333899497986
1788679065692352800,23.783352783203124,-0.13639089465141296,-9.834501266479492,-0.6508477330207825
1788679065709633800,23.8006337890625,-0.1459621787071228,-9.839286804199219,-0.6532405614852905
1788679065726914800,23.817914794921876,-0.14835500717163086,-9.822537422180176,-0.6556333899497986
1788679065744195600,23.835195556640624,-0.1579262912273407,-9.824930191040039,-0.6508477330207825
1788679065761476600,23.8524765625,-0.12921242415905,-9.829715728759766,-0.6460621356964111
1788679065778757600,23.869757568359375,-0.12681959569454193,-9.839286804199219,-0.6628118753433228
1788679065796038400,23.887038330078123,-0.14835500717163086,-9.839286804199219,-0.6747759580612183
1788679065813319400,23.9043193359375,-0.14356936514377594,-9.846465110778809,-0.6604190468788147
1788679065830600400,23.921600341796875,-0.15553347766399384,-9.839286804199219,-0.6436693072319031
1788679065847881200,23.938881103515627,-0.16510476171970367,-9.844072341918945,-0.6484549641609192
1788679065865162200,23.956162353515627,-0.1459621787071228,-9.834501266479492,-0.6580262184143066
1788679065882443300,23.973443359375,-0.1339980661869049,-9.832108497619629,-0.6604190468788147
1788679065899724000,23.99072412109375,-0.12442677468061447,-9.846465110778809,-0.6628118753433228
1788679065917005000,24.008005126953126,-0.12921242415905,-9.829715728759766,-0.6556333899497986
1788679065934286000,24.0252861328125,-0.11485548317432404,-9.839286804199219,-0.6771687865257263
1788679065951566800,24.04256689453125,-0.11246266216039658,-9.832108497619629,-0.6891329288482666
1788679065968848000,24.059847900390626,-0.0933200865983963,-9.834501266479492,-0.7010970115661621
1788679065986129000,24.07712890625,-0.07896314561367035,-9.848857879638672,-0.7034898400306702
1788679066003409700,24.09440966796875,-0.11006984114646912,-9.839286804199219,-0.6939185857772827
1788679066020690400,24.1116904296875,-0.10767702013254166,-9.827322959899902,-0.6867401003837585
1788679066037971500,24.128971435546877,-0.14117653667926788,-9.836894035339355,-0.672383189201355
1788679066055252500,24.14625244140625,-0.15553347766399384,-9.836894035339355,-0.6364908218383789
1788679066072533200,24.163533203125,-0.16749759018421173,-9.841679573059082,-0.5958128571510315
1788679066089814300,24.180814208984376,-0.1746760457754135,-9.841679573059082,-0.5790630578994751
1788679066107095300,24.19809521484375,-0.18903298676013947,-9.839286804199219,-0.5886343717575073
1788679066124376000,24.2153759765625,-0.16031911969184875,-9.848857879638672,-0.5934200286865234
1788679066141657000,24.232656982421876,-0.1866401731967926,-9.851250648498535,-0.6029912829399109
1788679066158938000,24.249938232421876,-0.17228323221206665,-9.851250648498535,-0.5982056856155396
1788679066176219000,24.267218994140624,-0.14835500717163086,-9.858428955078125,-0.641276478767395
1788679066193500000,24.2845,-0.11724831163883209,-9.848857879638672,-0.6652047038078308
1788679066210780700,24.30178076171875,-0.10767702013254166,-9.834501266479492,-0.6771687865257263
1788679066228061700,24.319061767578123,-0.08853443711996078,-9.829715728759766,-0.6891329288482666
1788679066245342700,24.3363427734375,-0.0933200865983963,-9.839286804199219,-0.6915257573127747
1788679066262623500,24.35362353515625,-0.09571290761232376,-9.844072341918945,-0.7106683254241943
1788679066279904500,24.370904541015626,-0.08614161610603333,-9.853643417358398,-0.7513462901115417
1788679066297185500,24.388185546875,-0.07178468257188797,-9.848857879638672,-0.763310432434082
1788679066314466300,24.40546630859375,-0.08853443711996078,-9.822537422180176,-0.763310432434082
1788679066331747300,24.422747314453126,-0.10289137065410614,-9.827322959899902,-0.7537391185760498
1788679066349028000,24.440028076171874,-0.11006984114646912,-9.846465110778809,-0.7657032608985901
1788679066366309000,24.45730908203125,-0.13639089465141296,-9.844072341918945,-0.729810893535614
1788679066383590100,24.474590087890626,-0.1339980661869049,-9.836894035339355,-0.6819544434547424
1788679066400871000,24.491870849609374,-0.12681959569454193,-9.829715728759766,-0.6508477330207825
1788679066418152000,24.50915185546875,-0.12921242415905,-9.853643417358398,-0.6245267391204834
1788679066435433000,24.526432861328125,-0.13639089465141296,-9.856036186218262,-0.6628118753433228
1788679066452713700,24.543713623046877,-0.12203395366668701,-9.841679573059082,-0.6436693072319031
1788679066469994500,24.560994384765625,-0.11246266216039658,-9.824930191040039,-0.638883650302887
1788679066487275500,24.578275634765625,-0.11485548317432404,-9.820143699645996,-0.6699903607368469
1788679066504556500,24.595556640625,-0.11485548317432404,-9.824930191040039,-0.672383189201355
1788679066521837300,24.61283740234375,-0.11006984114646912,-9.839286804199219,-0.6891329288482666
1788679066539118300,24.630118408203124,-0.10049854964017868,-9.846465110778809,-0.7178468108177185
1788679066556399000,24.647399169921876,-0.08135596662759781,-9.856036186218262,-0.763310432434082
1788679066573680000,24.66468017578125,-0.08135596662759781,-9.851250648498535,-0.7657032608985901
1788679066590961200,24.681961181640624,-0.08374879509210587,-9.832108497619629,-0.7369893789291382
1788679066608242000,24.699241943359375,-0.09810572862625122,-9.839286804199219,-0.7106683254241943
1788679066625523000,24.71652294921875,-0.11724831163883209,-9.839286804199219,-0.6747759580612183
1788679066642803700,24.7338037109375,-0.11006984114646912,-9.822537422180176,-0.6867401003837585
1788679066660084700,24.751084716796875,-0.10767702013254166,-9.820143699645996,-0.6628118753433228
1788679066677365800,24.76836572265625,-0.10767702013254166,-9.834501266479492,-0.6460621356964111
1788679066694646500,24.785646484375,-0.10289137065410614,-9.829715728759766,-0.6747759580612183
1788679066711927600,24.802927490234374,-0.11006984114646912,-9.851250648498535,-0.6795616149902344
1788679066729208300,24.820208251953126,-0.13639089465141296,-9.860821723937988,-0.6747759580612183
1788679066746489300,24.8374892578125,-0.13878370821475983,-9.846465110778809,-0.672383189201355
1788679066763770400,24.854770263671874,-0.14835500717163086,-9.846465110778809,-0.6915257573127747
1788679066781051100,24.872051025390626,-0.12921242415905,-9.846465110778809,-0.7010970115661621
1788679066798332000,24.889331787109374,-0.11964113265275955,-9.841679573059082,-0.6867401003837585
1788679066815613000,24.906613037109373,-0.11246266216039658,-9.832108497619629,-0.6771687865257263
1788679066832894000,24.92389404296875,-0.11485548317432404,-9.824930191040039,-0.6771687865257263
1788679066850174700,24.9411748046875,-0.14356936514377594,-9.836894035339355,-0.6867401003837585
1788679066867455700,24.958455810546877,-0.14356936514377594,-9.846465110778809,-0.6747759580612183
1788679066884736500,24.975736572265625,-0.16749759018421173,-9.834501266479492,-0.6843472719192505
1788679066902017500,24.993017578125,-0.15553347766399384,-9.846465110778809,-0.6819544434547424
1788679066919298300,25.01029833984375,-0.16749759018421173,-9.846465110778809,-0.6843472719192505
1788679066936579300,25.027579345703124,-0.12442677468061447,-9.846465110778809,-0.6843472719192505
1788679066953860400,25.0448603515625,-0.12203395366668701,-9.829715728759766,-0.6604190468788147
1788679066971141000,25.06214111328125,-0.12921242415905,-9.827322959899902,-0.6532405614852905
1788679066988422000,25.079421875,-0.14117653667926788,-9.832108497619629,-0.6532405614852905
1788679067005703000,25.096702880859375,-0.15314064919948578,-9.841679573059082,-0.6675975322723389
1788679067022984000,25.11398388671875,-0.15314064919948578,-9.836894035339355,-0.6580262184143066
1788679067040264700,25.1312646484375,-0.15074782073497772,-9.841679573059082,-0.6532405614852905
1788679067057545700,25.148545654296875,-0.14835500717163086,-9.848857879638672,-0.6628118753433228
1788679067074826500,25.165826416015626,-0.1459621787071228,-9.863214492797852,-0.6604190468788147
1788679067092107500,25.183107421875,-0.14835500717163086,-9.827322959899902,-0.6675975322723389
1788679067109388500,25.200388427734374,-0.15314064919948578,-9.80817985534668,-0.641276478767395
1788679067126669300,25.21766943359375,-0.1579262912273407,-9.81535816192627,-0.6340979933738708
1788679067143950300,25.234950439453126,-0.15074782073497772,-9.844072341918945,-0.641276478767395
1788679067161231000,25.252231201171874,-0.14356936514377594,-9.848857879638672,-0.6604190468788147
1788679067178512100,25.26951220703125,-0.13878370821475983,-9.846465110778809,-0.6604190468788147
1788679067195793000,25.28679296875,-0.13639089465141296,-9.836894035339355,-0.6795616149902344
1788679067213074000,25.304073974609373,-0.13639089465141296,-9.832108497619629,-0.6652047038078308
1788679067230354700,25.321354736328125,-0.1339980661869049,-9.824930191040039,-0.6747759580612183
1788679067247635700,25.3386357421875,-0.14835500717163086,-9.848857879638672,-0.6939185857772827
1788679067264916500,25.35591650390625,-0.12681959569454193,-9.839286804199219,-0.6628118753433228
1788679067282197500,25.373197509765625,-0.1052841991186142,-9.848857879638672,-0.6556333899497986
1788679067299478300,25.390478271484376,-0.08614161610603333,-9.856036186218262,-0.6484549641609192
1788679067316759300,25.40775927734375,-0.10289137065410614,-9.834501266479492,-0.6532405614852905
1788679067334040300,25.425040283203124,-0.11964113265275955,-9.827322959899902,-0.6628118753433228
1788679067351321000,25.442321044921876,-0.12681959569454193,-9.836894035339355,-0.6699903607368469
1788679067368602000,25.45960205078125,-0.1339980661869049,-9.846465110778809,-0.6771687865257263
1788679067385883000,25.4768828125,-0.13639089465141296,-9.836894035339355,-0.6771687865257263
1788679067403164000,25.494163818359375,-0.13878370821475983,-9.841679573059082,-0.6675975322723389
1788679067420444700,25.511444580078123,-0.12203395366668701,-9.829715728759766,-0.6699903607368469
1788679067437725400,25.528725341796875,-0.12203395366668701,-9.834501266479492,-0.6604190468788147
1788679067455006500,25.54600634765625,-0.12681959569454193,-9.829715728759766,-0.6580262184143066
1788679067472287200,25.563287353515626,-0.13639089465141296,-9.834501266479492,-0.672383189201355
1788679067489568300,25.580568359375,-0.14356936514377594,-9.844072341918945,-0.6747759580612183
1788679067506849300,25.597849365234374,-0.15074782073497772,-9.846465110778809,-0.6699903607368469
1788679067524130000,25.615130126953126,-0.14117653667926788,-9.836894035339355,-0.6963114142417908
1788679067541411000,25.6324111328125,-0.13639089465141296,-9.822537422180176,-0.7058826684951782
1788679067558691800,25.64969189453125,-0.12203395366668701,-9.834501266479492,-0.6891329288482666
1788679067575972900,25.666972900390626,-0.13878370821475983,-9.846465110778809,-0.6580262184143066
1788679067593253600,25.684253662109374,-0.12203395366668701,-9.853643417358398,-0.6628118753433228
1788679067610534400,25.701534423828125,-0.13878370821475983,-9.839286804199219,-0.6580262184143066
1788679067627815400,25.7188154296875,-0.11246266216039658,-9.834501266479492,-0.6675975322723389
1788679067645096400,25.736096435546877,-0.10049854964017868,-9.839286804199219,-0.6675975322723389
1788679067662377200,25.753377197265625,-0.11006984114646912,-9.839286804199219,-0.6699903607368469
1788679067679658200,25.770658203125,-0.12681959569454193,-9.846465110778809,-0.6628118753433228
1788679067696939000,25.78793896484375,-0.13160525262355804,-9.839286804199219,-0.6771687865257263
1788679067714220000,25.805219970703124,-0.14356936514377594,-9.846465110778809,-0.6652047038078308
1788679067731500800,25.822500732421876,-0.13639089465141296,-9.822537422180176,-0.6556333899497986
1788679067748781800,25.83978173828125,-0.14356936514377594,-9.824930191040039,-0.641276478767395
1788679067766062600,25.8570625,-0.14835500717163086,-9.834501266479492,-0.6508477330207825
1788679067783343400,25.87434326171875,-0.15314064919948578,-9.853643417358398,-0.6460621356964111
1788679067800624400,25.891624267578123,-0.14356936514377594,-9.853643417358398,-0.6532405614852905
1788679067817905200,25.9089052734375,-0.14356936514377594,-9.836894035339355,-0.6580262184143066
1788679067835186200,25.926186279296875,-0.1698904037475586,-9.836894035339355,-0.6628118753433228
1788679067852467000,25.943467041015627,-0.1746760457754135,-9.858428955078125,-0.6747759580612183
1788679067869748000,25.960748046875,-0.16510476171970367,-9.846465110778809,-0.7010970115661621
1788679067887028700,25.97802880859375,-0.15074782073497772,-9.846465110778809,-0.6699903607368469
1788679067904309800,25.995309814453126,-0.16271193325519562,-9.824930191040039,-0.6628118753433228
1788679067921590800,26.0125908203125,-0.17706887423992157,-9.824930191040039,-0.6628118753433228
1788679067938871600,26.02987158203125,-0.18424734473228455,-9.827322959899902,-0.6580262184143066
1788679067956152300,26.04715234375,-0.1698904037475586,-9.841679573059082,-0.6675975322723389
1788679067973433300,26.064433349609374,-0.17228323221206665,-9.848857879638672,-0.6675975322723389
1788679067990714000,26.081714111328125,-0.1579262912273407,-9.846465110778809,-0.6747759580612183
1788679068007995100,26.0989951171875,-0.16031911969184875,-9.824930191040039,-0.6580262184143066
1788679068025276000,26.11627587890625,-0.16749759018421173,-9.839286804199219,-0.6532405614852905
1788679068042557000,26.133556884765625,-0.18424734473228455,-9.848857879638672,-0.6652047038078308
1788679068059837700,26.150837646484376,-0.18424734473228455,-9.853643417358398,-0.6675975322723389
1788679068077118500,26.168118408203124,-0.17946170270442963,-9.844072341918945,-0.6580262184143066
1788679068094399500,26.1853994140625,-0.1746760457754135,-9.841679573059082,-0.6652047038078308
1788679068111680300,26.20268017578125,-0.1746760457754135,-9.827322959899902,-0.6652047038078308
1788679068128961300,26.219961181640624,-0.14835500717163086,-9.832108497619629,-0.6628118753433228
1788679068146242000,26.237241943359376,-0.1698904037475586,-9.832108497619629,-0.6340979933738708
1788679068163523000,26.254523193359375,-0.1698904037475586,-9.834501266479492,-0.6269195079803467
1788679068180803800,26.271803955078123,-0.16031911969184875,-9.829715728759766,-0.6460621356964111
1788679068198084900,26.2890849609375,-0.18903298676013947,-9.851250648498535,-0.6532405614852905
1788679068215365600,26.30636572265625,-0.16510476171970367,-9.863214492797852,-0.6652047038078308
1788679068232646700,26.323646728515627,-0.16510476171970367,-9.853643417358398,-0.6484549641609192
1788679068249927400,26.340927490234375,-0.13878370821475983,-9.841679573059082,-0.6532405614852905
1788679068267208400,26.35820849609375,-0.14356936514377594,-9.841679573059082,-0.6699903607368469
1788679068284489200,26.3754892578125,-0.1459621787071228,-9.839286804199219,-0.6628118753433228
1788679068301770200,26.392770263671874,-0.1339980661869049,-9.829715728759766,-0.6436693072319031
1788679068319051000,26.410051025390626,-0.12442677468061447,-9.834501266479492,-0.6675975322723389
1788679068336331800,26.427331787109374,-0.14835500717163086,-9.846465110778809,-0.6747759580612183
1788679068353612800,26.44461279296875,-0.13639089465141296,-9.834501266479492,-0.6675975322723389
1788679068370893600,26.4618935546875,-0.13639089465141296,-9.834501266479492,-0.6652047038078308
1788679068388174600,26.479174560546873,-0.15074782073497772,-9.839286804199219,-0.6699903607368469
1788679068405455400,26.496455322265625,-0.15553347766399384,-9.836894035339355,-0.6628118753433228
1788679068422736400,26.513736328125,-0.16510476171970367,-9.829715728759766,-0.6604190468788147
1788679068440017200,26.53101708984375,-0.1579262912273407,-9.827322959899902,-0.641276478767395
1788679068457298200,26.548298095703124,-0.14356936514377594,-9.817750930786133,-0.6293123364448547
1788679068474579000,26.565578857421876,-0.12203395366668701,-9.839286804199219,-0.6221339106559753
1788679068491859700,26.582859619140624,-0.14117653667926788,-9.853643417358398,-0.6197410821914673
1788679068509140700,26.600140625,-0.1579262912273407,-9.841679573059082,-0.6221339106559753
1788679068526421500,26.61742138671875,-0.16031911969184875,-9.824930191040039,-0.6460621356964111
1788679068543702500,26.63470263671875,-0.1746760457754135,-9.824930191040039,-0.6460621356964111
1788679068560983300,26.6519833984375,-0.18903298676013947,-9.827322959899902,-0.6484549641609192
1788679068578264300,26.669264404296875,-0.17946170270442963,-9.841679573059082,-0.6580262184143066
1788679068595545000,26.686545166015627,-0.17228323221206665,-9.863214492797852,-0.6795616149902344
1788679068612825900,26.703825927734375,-0.15553347766399384,-9.856036186218262,-0.6771687865257263
1788679068630107000,26.72110693359375,-0.13639089465141296,-9.844072341918945,-0.6699903607368469
1788679068647387600,26.7383876953125,-0.14356936514377594,-9.824930191040039,-0.641276478767395
1788679068664668700,26.755668701171874,-0.13639089465141296,-9.812965393066406,-0.638883650302887
1788679068681949400,26.772949462890626,-0.16510476171970367,-9.812965393066406,-0.638883650302887
1788679068699230500,26.79023046875,-0.17946170270442963,-9.832108497619629,-0.6245267391204834
1788679068716511200,26.80751123046875,-0.20817556977272034,-9.860821723937988,-0.6173482537269592
1788679068733792000,26.8247919921875,-0.22492532432079315,-9.858428955078125,-0.6245267391204834
1788679068751072800,26.84207275390625,-0.21296121180057526,-9.836894035339355,-0.6508477330207825
1788679068768353800,26.859353759765625,-0.17706887423992157,-9.834501266479492,-0.6436693072319031
1788679068785634600,26.876634521484377,-0.16749759018421173,-9.817750930786133,-0.607776939868927
1788679068802915600,26.89391552734375,-0.17946170270442963,-9.824930191040039,-0.6436693072319031
1788679068820196400,26.9111962890625,-0.17946170270442963,-9.832108497619629,-0.6771687865257263
1788679068837477400,26.928477294921876,-0.18424734473228455,-9.841679573059082,-0.6939185857772827
1788679068854758100,26.945758056640624,-0.16749759018421173,-9.832108497619629,-0.6699903607368469
1788679068872039000,26.963038818359376,-0.17946170270442963,-9.834501266479492,-0.6604190468788147
1788679068889320000,26.98031982421875,-0.1818545162677765,-9.853643417358398,-0.6795616149902344
1788679068906600700,26.9976005859375,-0.1818545162677765,-9.856036186218262,-0.6939185857772827
1788679068923881500,27.014881591796875,-0.17228323221206665,-9.846465110778809,-0.6532405614852905
1788679068941162500,27.03216259765625,-0.1698904037475586,-9.834501266479492,-0.6340979933738708
1788679068958443300,27.049443359375,-0.17706887423992157,-9.829715728759766,-0.6364908218383789
1788679068975724300,27.066724365234375,-0.18903298676013947,-9.827322959899902,-0.6460621356964111
1788679068993005000,27.084005126953127,-0.19381862878799438,-9.822537422180176,-0.6436693072319031
1788679069010286000,27.1012861328125,-0.20817556977272034,-9.820143699645996,-0.6675975322723389
1788679069027566800,27.11856689453125,-0.17946170270442963,-9.832108497619629,-0.638883650302887
1788679069044847600,27.13584765625,-0.16271193325519562,-9.836894035339355,-0.6340979933738708
1788679069062128600,27.153128662109374,-0.15553347766399384,-9.846465110778809,-0.6484549641609192
1788679069079409400,27.170409423828126,-0.20817556977272034,-9.853643417358398,-0.7154539823532104
1788679069096690400,27.1876904296875,-0.20578274130821228,-9.853643417358398,-0.7250252366065979
1788679069113971200,27.20497119140625,-0.1866401731967926,-9.846465110778809,-0.6604190468788147
1788679069131252000,27.222251953125,-0.17228323221206665,-9.829715728759766,-0.6460621356964111
1788679069148533000,27.239532958984373,-0.1459621787071228,-9.812965393066406,-0.6604190468788147
1788679069165813800,27.256813720703125,-0.11485548317432404,-9.817750930786133,-0.6771687865257263
1788679069183094500,27.274094482421877,-0.09810572862625122,-9.839286804199219,-0.6915257573127747
1788679069200375600,27.29137548828125,-0.11724831163883209,-9.856036186218262,-0.6819544434547424
1788679069217656300,27.30865625,-0.11724831163883209,-9.841679573059082,-0.7130611538887024
1788679069234937300,27.325937255859376,-0.14117653667926788,-9.841679573059082,-0.7034898400306702
1788679069252218000,27.343218017578124,-0.12203395366668701,-9.836894035339355,-0.672383189201355
1788679069269499000,27.360498779296876,-0.11724831163883209,-9.841679573059082,-0.6364908218383789
1788679069286780000,27.37777978515625,-0.12681959569454193,-9.820143699645996,-0.6269195079803467
1788679069304060700,27.395060791015624,-0.14117653667926788,-9.829715728759766,-0.6245267391204834
1788679069321341700,27.412341796875,-0.16271193325519562,-9.822537422180176,-0.6005984544754028
1788679069338622500,27.42962255859375,-0.16031911969184875,-9.834501266479492,-0.5958128571510315
1788679069355903200,27.4469033203125,-0.16031911969184875,-9.865608215332031,-0.6269195079803467
1788679069373184300,27.464184326171875,-0.15314064919948578,-9.856036186218262,-0.6556333899497986
1788679069390465000,27.481465087890626,-0.12921242415905,-9.841679573059082,-0.6628118753433228
1788679069407745800,27.498745849609374,-0.14117653667926788,-9.836894035339355,-0.6484549641609192
1788679069425026800,27.51602685546875,-0.15074782073497772,-9.844072341918945,-0.6628118753433228
1788679069442307600,27.5333076171875,-0.13160525262355804,-9.846465110778809,-0.6675975322723389
1788679069459588400,27.55058837890625,-0.11006984114646912,-9.832108497619629,-0.6652047038078308
1788679069476869400,27.567869384765626,-0.1052841991186142,-9.822537422180176,-0.6652047038078308
1788679069494150100,27.585150146484374,-0.10289137065410614,-9.834501266479492,-0.6699903607368469
1788679069511431200,27.60243115234375,-0.09571290761232376,-9.844072341918945,-0.6436693072319031
1788679069528712000,27.6197119140625,-0.11485548317432404,-9.841679573059082,-0.6556333899497986
1788679069545992700,27.63699267578125,-0.13878370821475983,-9.848857879638672,-0.672383189201355
1788679069563273500,27.6542734375,-0.13878370821475983,-9.839286804199219,-0.6436693072319031
1788679069580554500,27.671554443359376,-0.14117653667926788,-9.832108497619629,-0.6436693072319031
1788679069597835300,27.688835205078124,-0.13160525262355804,-9.820143699645996,-0.6484549641609192
1788679069615116300,27.7061162109375,-0.14117653667926788,-9.824930191040039,-0.6460621356964111
1788679069632397000,27.72339697265625,-0.12921242415905,-9.836894035339355,-0.6699903607368469
1788679069649677800,27.740677734375,-0.14117653667926788,-9.846465110778809,-0.6628118753433228
1788679069666958800,27.757958740234375,-0.13639089465141296,-9.841679573059082,-0.6508477330207825
1788679069684239600,27.775239501953124,-0.13878370821475983,-9.827322959899902,-0.6460621356964111
1788679069701520400,27.792520263671875,-0.15314064919948578,-9.829715728759766,-0.6604190468788147
1788679069718801400,27.809801513671875,-0.14835500717163086,-9.858428955078125,-0.6508477330207825
1788679069736082200,27.827082275390627,-0.13160525262355804,-9.851250648498535,-0.6771687865257263
1788679069753363000,27.844363037109375,-0.12921242415905,-9.844072341918945,-0.6891329288482666
1788679069770644000,27.86164404296875,-0.12203395366668701,-9.841679573059082,-0.6436693072319031
1788679069787924700,27.8789248046875,-0.12442677468061447,-9.836894035339355,-0.672383189201355
1788679069805205800,27.896205810546874,-0.11724831163883209,-9.832108497619629,-0.6939185857772827
1788679069822486500,27.913486572265626,-0.1339980661869049,-9.827322959899902,-0.7106683254241943
1788679069839767300,27.930767333984374,-0.11006984114646912,-9.851250648498535,-0.6891329288482666
1788679069857048000,27.948048095703125,-0.12921242415905,-9.851250648498535,-0.672383189201355
1788679069874329000,27.9653291015625,-0.09810572862625122,-9.841679573059082,-0.6771687865257263
1788679069891609900,27.98260986328125,-0.10049854964017868,-9.841679573059082,-0.6532405614852905
1788679069908891000,27.999890869140625,-0.11964113265275955,-9.844072341918945,-0.6795616149902344
1788679069926171600,28.017171630859377,-0.12203395366668701,-9.834501266479492,-0.6963114142417908
1788679069943452400,28.034452392578125,-0.10767702013254166,-9.832108497619629,-0.698704183101654
1788679069960733200,28.051733154296876,-0.0933200865983963,-9.839286804199219,-0.7034898400306702
1788679069978014200,28.06901416015625,-0.08853443711996078,-9.844072341918945,-0.7034898400306702
1788679069995295000,28.086294921875,-0.09092725813388824,-9.822537422180176,-0.6963114142417908
1788679070012575700,28.10357568359375,-0.08374879509210587,-9.827322959899902,-0.6939185857772827
1788679070029856800,28.120856689453124,-0.07896314561367035,-9.844072341918945,-0.7226324677467346
1788679070047137500,28.138137451171875,-0.08853443711996078,-9.834501266479492,-0.7034898400306702
1788679070064418300,28.155418212890623,-0.07896314561367035,-9.832108497619629,-0.698704183101654
1788679070081699300,28.17269921875,-0.07657032459974289,-9.844072341918945,-0.6915257573127747
1788679070098980000,28.18997998046875,-0.08614161610603333,-9.856036186218262,-0.7106683254241943
1788679070116260900,28.2072607421875,-0.10049854964017868,-9.858428955078125,-0.6867401003837585
1788679070133542000,28.2245419921875,-0.09571290761232376,-9.832108497619629,-0.6364908218383789
1788679070150822700,28.24182275390625,-0.06699903309345245,-9.824930191040039,-0.6029912829399109
1788679070168103400,28.259103515625,-0.05024927482008934,-9.820143699645996,-0.638883650302887
1788679070185384200,28.27638427734375,-0.040677983313798904,-9.834501266479492,-0.6699903607368469
1788679070202665200,28.293665283203126,-0.064606212079525,-9.836894035339355,-0.6867401003837585
1788679070219946000,28.310946044921874,-0.08374879509210587,-9.844072341918945,-0.7082754969596863
1788679070237226800,28.328226806640625,-0.0933200865983963,-9.841679573059082,-0.7154539823532104
1788679070254507800,28.3455078125,-0.09810572862625122,-9.832108497619629,-0.7250252366065979
1788679070271788500,28.36278857421875,-0.09571290761232376,-9.827322959899902,-0.7322037220001221
1788679070289069300,28.3800693359375,-0.0933200865983963,-9.853643417358398,-0.7417750358581543
1788679070306350300,28.397350341796876,-0.08374879509210587,-9.865608215332031,-0.7322037220001221
1788679070323631000,28.414631103515624,-0.09810572862625122,-9.839286804199219,-0.7250252366065979
1788679070340911900,28.431911865234376,-0.11006984114646912,-9.827322959899902,-0.7010970115661621
1788679070358192600,28.449192626953124,-0.11485548317432404,-9.81535816192627,-0.7034898400306702
1788679070375473700,28.4664736328125,-0.12921242415905,-9.822537422180176,-0.729810893535614
1788679070392754400,28.48375439453125,-0.1459621787071228,-9.848857879638672,-0.7369893789291382
1788679070410035500,28.501035400390624,-0.13639089465141296,-9.844072341918945,-0.7537391185760498
1788679070427316200,28.518316162109375,-0.14356936514377594,-9.844072341918945,-0.7657032608985901
1788679070444597000,28.535596923828123,-0.15553347766399384,-9.846465110778809,-0.7513462901115417
1788679070461877800,28.552877685546875,-0.14835500717163086,-9.839286804199219,-0.7441678643226624
1788679070479158800,28.57015869140625,-0.11485548317432404,-9.836894035339355,-0.7369893789291382
1788679070496439600,28.587439453125,-0.09571290761232376,-9.853643417358398,-0.7345965504646301
1788679070513720300,28.60472021484375,-0.08614161610603333,-9.848857879638672,-0.7513462901115417
1788679070531001000,28.6220009765625,-0.0933200865983963,-9.834501266479492,-0.7465606927871704
1788679070548282000,28.6392822265625,-0.09810572862625122,-9.822537422180176,-0.727418065071106
1788679070565563000,28.65656298828125,-0.09571290761232376,-9.812965393066406,-0.7369893789291382
1788679070582843600,28.67384375,-0.08614161610603333,-9.827322959899902,-0.7178468108177185
1788679070600124400,28.69112451171875,-0.09571290761232376,-9.834501266479492,-0.727418065071106
1788679070617405400,28.708405517578125,-0.12203395366668701,-9.848857879638672,-0.727418065071106
1788679070634686200,28.725686279296873,-0.10767702013254166,-9.839286804199219,-0.698704183101654
1788679070651967200,28.74296728515625,-0.1339980661869049,-9.858428955078125,-0.7034898400306702
1788679070669248000,28.760248046875,-0.10767702013254166,-9.856036186218262,-0.7178468108177185
1788679070686528800,28.77752880859375,-0.09810572862625122,-9.824930191040039,-0.7082754969596863
1788679070703809500,28.7948095703125,-0.12203395366668701,-9.81535816192627,-0.6963114142417908
1788679070721090600,28.812090576171876,-0.12681959569454193,-9.822537422180176,-0.6771687865257263
1788679070738371300,28.829371337890624,-0.12203395366668701,-9.853643417358398,-0.6915257573127747
1788679070755652000,28.846652099609376,-0.11724831163883209,-9.858428955078125,-0.6915257573127747
1788679070772932900,28.863932861328124,-0.12681959569454193,-9.858428955078125,-0.6867401003837585
1788679070790214000,28.8812138671875,-0.13160525262355804,-9.844072341918945,-0.6915257573127747
1788679070807494700,28.89849462890625,-0.12203395366668701,-9.848857879638672,-0.7010970115661621
1788679070824775400,28.915775390625,-0.11485548317432404,-9.824930191040039,-0.6843472719192505
1788679070842056200,28.93305615234375,-0.10289137065410614,-9.822537422180176,-0.6484549641609192
1788679070859337200,28.950337158203126,-0.11485548317432404,-9.824930191040039,-0.6317051649093628
1788679070876618000,28.967617919921874,-0.10049854964017868,-9.834501266479492,-0.6317051649093628
1788679070893898800,28.984898681640626,-0.11246266216039658,-9.856036186218262,-0.6675975322723389
1788679070911179500,29.002179443359374,-0.1052841991186142,-9.836894035339355,-0.6747759580612183
1788679070928460500,29.01946044921875,-0.12203395366668701,-9.824930191040039,-0.6747759580612183
1788679070945741300,29.0367412109375,-0.12681959569454193,-9.844072341918945,-0.6819544434547424
1788679070963022000,29.05402197265625,-0.1339980661869049,-9.844072341918945,-0.6843472719192505
1788679070980302800,29.071302734375,-0.11964113265275955,-9.846465110778809,-0.7178468108177185
1788679070997584000,29.088583984375,-0.14356936514377594,-9.848857879638672,-0.7322037220001221
1788679071014864600,29.10586474609375,-0.14835500717163086,-9.836894035339355,-0.7082754969596863
1788679071032145400,29.1231455078125,-0.1339980661869049,-9.841679573059082,-0.7058826684951782
1788679071049426200,29.14042626953125,-0.12442677468061447,-9.839286804199219,-0.6891329288482666
1788679071066707200,29.157707275390624,-0.10049854964017868,-9.839286804199219,-0.6867401003837585
1788679071083988000,29.174988037109376,-0.0933200865983963,-9.832108497619629,-0.6915257573127747
1788679071101268700,29.192268798828124,-0.10767702013254166,-9.829715728759766,-0.6771687865257263
1788679071118549500,29.209549560546876,-0.11724831163883209,-9.820143699645996,-0.6747759580612183
1788679071135830500,29.22683056640625,-0.12442677468061447,-9.834501266479492,-0.698704183101654
1788679071153111300,29.244111328125,-0.12681959569454193,-9.841679573059082,-0.6819544434547424
1788679071170392000,29.26139208984375,-0.13878370821475983,-9.853643417358398,-0.6628118753433228
1788679071187672800,29.2786728515625,-0.14835500717163086,-9.848857879638672,-0.6556333899497986
1788679071204953900,29.295953857421875,-0.14835500717163086,-9.841679573059082,-0.6508477330207825
1788679071222234600,29.313234619140626,-0.15074782073497772,-9.844072341918945,-0.6604190468788147
1788679071239515400,29.330515380859374,-0.13639089465141296,-9.834501266479492,-0.6699903607368469
1788679071256796200,29.347796142578126,-0.14356936514377594,-9.836894035339355,-0.6699903607368469
1788679071274077200,29.3650771484375,-0.12921242415905,-9.822537422180176,-0.6819544434547424
1788679071291358000,29.38235791015625,-0.14835500717163086,-9.844072341918945,-0.6747759580612183
1788679071308638700,29.399638671875,-0.1579262912273407,-9.832108497619629,-0.6963114142417908
1788679071325919700,29.416919677734374,-0.1698904037475586,-9.836894035339355,-0.698704183101654
1788679071343200500,29.434200439453125,-0.16749759018421173,-9.853643417358398,-0.6915257573127747
1788679071360481300,29.451481201171877,-0.16271193325519562,-9.865608215332031,-0.6795616149902344
1788679071377762000,29.468761962890625,-0.15314064919948578,-9.858428955078125,-0.6556333899497986
1788679071395043000,29.48604296875,-0.15553347766399384,-9.822537422180176,-0.6628118753433228
1788679071412323600,29.503323486328124,-0.13639089465141296,-9.81535816192627,-0.6532405614852905
1788679071429604600,29.5206044921875,-0.14117653667926788,-9.824930191040039,-0.6675975322723389
1788679071446885400,29.537885498046876,-0.14356936514377594,-9.820143699645996,-0.6675975322723389
1788679071464166100,29.555166259765624,-0.15553347766399384,-9.824930191040039,-0.6747759580612183
1788679071481447000,29.572447021484376,-0.1579262912273407,-9.846465110778809,-0.6556333899497986
1788679071498728000,29.58972802734375,-0.17706887423992157,-9.844072341918945,-0.6675975322723389
1788679071516008700,29.6070087890625,-0.18424734473228455,-9.832108497619629,-0.6556333899497986
1788679071533289500,29.62428955078125,-0.1698904037475586,-9.834501266479492,-0.6771687865257263
1788679071550570200,29.6415703125,-0.17946170270442963,-9.844072341918945,-0.672383189201355
1788679071567851300,29.658851318359375,-0.1818545162677765,-9.839286804199219,-0.6508477330207825
1788679071585132000,29.676132080078126,-0.1818545162677765,-9.844072341918945,-0.6508477330207825
1788679071602412800,29.693412841796874,-0.18903298676013947,-9.848857879638672,-0.6532405614852905
1788679071619693600,29.710693603515626,-0.20099709928035736,-9.846465110778809,-0.6460621356964111
1788679071636974300,29.727974365234374,-0.19381862878799438,-9.834501266479492,-0.6436693072319031
1788679071654255400,29.74525537109375,-0.20099709928035736,-9.827322959899902,-0.6436693072319031
1788679071671536000,29.7625361328125,-0.18903298676013947,-9.839286804199219,-0.6675975322723389
1788679071688817000,29.77981689453125,-0.17706887423992157,-9.841679573059082,-0.6604190468788147
1788679071706097700,29.79709765625,-0.17228323221206665,-9.846465110778809,-0.6556333899497986
1788679071723378700,29.814378662109377,-0.1746760457754135,-9.851250648498535,-0.6675975322723389
1788679071740659500,29.831659423828125,-0.2153540402650833,-9.834501266479492,-0.6747759580612183
1788679071757940200,29.848940185546876,-0.24885354936122894,-9.858428955078125,-0.698704183101654
1788679071775221000,29.866220947265624,-0.21774685382843018,-9.853643417358398,-0.6699903607368469
1788679071792501800,29.883501708984376,-0.1746760457754135,-9.836894035339355,-0.641276478767395
1788679071809782500,29.900782470703124,-0.16749759018421173,-9.822537422180176,-0.6221339106559753
1788679071827063600,29.9180634765625,-0.17946170270442963,-9.810572624206543,-0.6101697683334351
1788679071844344300,29.93534423828125,-0.20817556977272034,-9.817750930786133,-0.6029912829399109
1788679071861625000,29.952625,-0.19142581522464752,-9.817750930786133,-0.6029912829399109
1788679071878905900,29.96990576171875,-0.1698904037475586,-9.832108497619629,-0.605384111404419
1788679071896187000,29.987186767578127,-0.17946170270442963,-9.844072341918945,-0.6245267391204834
1788679071913467600,30.004467529296875,-0.17946170270442963,-9.844072341918945,-0.6317051649093628
1788679071930748400,30.02174853515625,-0.20099709928035736,-9.824930191040039,-0.6317051649093628
1788679071948029200,30.039029296875,-0.19381862878799438,-9.812965393066406,-0.6317051649093628
1788679071965310000,30.05631005859375,-0.18903298676013947,-9.81535816192627,-0.6364908218383789
1788679071982591000,30.073591064453126,-0.19621145725250244,-9.841679573059082,-0.641276478767395
1788679071999871700,30.090871826171874,-0.21774685382843018,-9.853643417358398,-0.6484549641609192
1788679072017152500,30.108152587890626,-0.21774685382843018,-9.839286804199219,-0.6508477330207825
1788679072034433300,30.125433349609374,-0.22492532432079315,-9.839286804199219,-0.605384111404419
1788679072051714000,30.142714111328125,-0.23688943684101105,-9.820143699645996,-0.6125625967979431
1788679072068994800,30.159994873046877,-0.2153540402650833,-9.839286804199219,-0.6460621356964111
1788679072086275800,30.17727587890625,-0.20099709928035736,-9.829715728759766,-0.6556333899497986
1788679072103556600,30.194556640625,-0.19621145725250244,-9.839286804199219,-0.641276478767395
1788679072120837400,30.21183740234375,-0.2225325107574463,-9.841679573059082,-0.6460621356964111
1788679072138118100,30.2291181640625,-0.23688943684101105,-9.841679573059082,-0.6484549641609192
1788679072155399200,30.246399169921876,-0.24167509377002716,-9.851250648498535,-0.6484549641609192
1788679072172680000,30.263679931640624,-0.24885354936122894,-9.839286804199219,-0.6364908218383789
1788679072189960700,30.280960693359376,-0.22492532432079315,-9.822537422180176,-0.6269195079803467
1788679072207241500,30.298241455078124,-0.2273181527853012,-9.822537422180176,-0.6101697683334351
1788679072224522200,30.315522216796875,-0.22013968229293823,-9.824930191040039,-0.6197410821914673
1788679072241803300,30.33280322265625,-0.20578274130821228,-9.820143699645996,-0.607776939868927
1788679072259083800,30.350083740234375,-0.20817556977272034,-9.846465110778809,-0.6293123364448547
1788679072276364800,30.36736474609375,-0.20817556977272034,-9.858428955078125,-0.672383189201355
1788679072293645600,30.3846455078125,-0.22492532432079315,-9.844072341918945,-0.6747759580612183
1788679072310926300,30.40192626953125,-0.22971096634864807,-9.839286804199219,-0.6460621356964111
1788679072328207000,30.41920703125,-0.20578274130821228,-9.834501266479492,-0.6293123364448547
1788679072345488000,30.43648779296875,-0.21296121180057526,-9.829715728759766,-0.6364908218383789
1788679072362769000,30.453768798828126,-0.23210379481315613,-9.839286804199219,-0.6484549641609192
1788679072380049700,30.471049560546874,-0.2225325107574463,-9.834501266479492,-0.6197410821914673
1788679072397330400,30.488330322265625,-0.2560320198535919,-9.846465110778809,-0.6029912829399109
1788679072414611200,30.505611083984373,-0.2273181527853012,-9.848857879638672,-0.6221339106559753
1788679072431892200,30.522892333984377,-0.2105683982372284,-9.851250648498535,-0.6293123364448547
1788679072449172700,30.5401728515625,-0.20099709928035736,-9.836894035339355,-0.6484549641609192
1788679072466453800,30.557453857421876,-0.21774685382843018,-9.827322959899902,-0.6460621356964111
1788679072483734500,30.574734619140624,-0.2225325107574463,-9.839286804199219,-0.641276478767395
1788679072501015300,30.592015380859376,-0.24885354936122894,-9.839286804199219,-0.6245267391204834
1788679072518296000,30.609296142578124,-0.2225325107574463,-9.844072341918945,-0.5886343717575073
1788679072535576800,30.626576904296876,-0.2153540402650833,-9.839286804199219,-0.5838487148284912
1788679072552857900,30.64385791015625,-0.18903298676013947,-9.844072341918945,-0.5982056856155396
1788679072570138600,30.661138671875,-0.1866401731967926,-9.834501266479492,-0.6149554252624512
1788679072587419400,30.67841943359375,-0.1818545162677765,-9.834501266479492,-0.6197410821914673
1788679072604700200,30.6957001953125,-0.1818545162677765,-9.846465110778809,-0.6293123364448547
1788679072621981000,30.71298095703125,-0.1866401731967926,-9.827322959899902,-0.6556333899497986
1788679072639261700,30.73026171875,-0.17706887423992157,-9.824930191040039,-0.6580262184143066
1788679072656542700,30.747542724609374,-0.16271193325519562,-9.827322959899902,-0.641276478767395
1788679072673823500,30.764823486328126,-0.17706887423992157,-9.836894035339355,-0.6269195079803467
1788679072691104300,30.782104248046874,-0.16271193325519562,-9.844072341918945,-0.6245267391204834
1788679072708385000,30.799385009765626,-0.1818545162677765,-9.848857879638672,-0.6221339106559753
1788679072725665800,30.816665771484374,-0.19142581522464752,-9.851250648498535,-0.6340979933738708
1788679072742946800,30.83394677734375,-0.19381862878799438,-9.848857879638672,-0.6245267391204834
1788679072760227600,30.8512275390625,-0.18424734473228455,-9.839286804199219,-0.638883650302887
1788679072777508400,30.86850830078125,-0.18424734473228455,-9.834501266479492,-0.6436693072319031
1788679072794789000,30.8857890625,-0.19621145725250244,-9.834501266479492,-0.6317051649093628
1788679072812070000,30.90306982421875,-0.1746760457754135,-9.824930191040039,-0.6245267391204834
1788679072829350700,30.9203505859375,-0.16749759018421173,-9.832108497619629,-0.6340979933738708
1788679072846631400,30.93763134765625,-0.1459621787071228,-9.832108497619629,-0.638883650302887
1788679072863912400,30.954912353515624,-0.17228323221206665,-9.836894035339355,-0.6580262184143066
1788679072881193200,30.972193115234376,-0.1746760457754135,-9.829715728759766,-0.6675975322723389
1788679072898474000,30.989473876953124,-0.17706887423992157,-9.841679573059082,-0.6699903607368469
1788679072915754800,31.006754638671875,-0.18903298676013947,-9.844072341918945,-0.6747759580612183
1788679072933035500,31.024035400390623,-0.17706887423992157,-9.856036186218262,-0.672383189201355
1788679072950316300,31.04131640625,-0.19621145725250244,-9.846465110778809,-0.6771687865257263
1788679072967597000,31.05859716796875,-0.17946170270442963,-9.846465110778809,-0.6747759580612183
1788679072984877800,31.0758779296875,-0.16510476171970367,-9.839286804199219,-0.6652047038078308
1788679073002158800,31.093158935546874,-0.16271193325519562,-9.836894035339355,-0.6436693072319031
1788679073019439600,31.110439697265626,-0.16271193325519562,-9.822537422180176,-0.6340979933738708
1788679073036720400,31.127720458984374,-0.1818545162677765,-9.822537422180176,-0.6340979933738708
1788679073054001200,31.145001220703126,-0.16271193325519562,-9.841679573059082,-0.638883650302887
1788679073071282000,31.162281982421874,-0.17228323221206665,-9.839286804199219,-0.6628118753433228
1788679073088562700,31.179562744140625,-0.15553347766399384,-9.846465110778809,-0.6771687865257263
1788679073105843500,31.196843505859373,-0.14835500717163086,-9.844072341918945,-0.6747759580612183
1788679073123124500,31.21412451171875,-0.14356936514377594,-9.841679573059082,-0.6915257573127747
1788679073140405200,31.2314052734375,-0.13878370821475983,-9.839286804199219,-0.6843472719192505
1788679073157686000,31.24868603515625,-0.14117653667926788,-9.805787086486816,-0.6963114142417908
1788679073174966800,31.265966796875,-0.14356936514377594,-9.824930191040039,-0.6484549641609192
1788679073192247600,31.28324755859375,-0.16510476171970367,-9.832108497619629,-0.6364908218383789
1788679073209528300,31.3005283203125,-0.1698904037475586,-9.863214492797852,-0.6340979933738708
1788679073226809000,31.31780908203125,-0.1746760457754135,-9.856036186218262,-0.6317051649093628
1788679073244090000,31.335090087890624,-0.18424734473228455,-9.851250648498535,-0.6532405614852905
1788679073261371000,31.352370849609375,-0.15314064919948578,-9.848857879638672,-0.6460621356964111
1788679073278651600,31.369651611328123,-0.1698904037475586,-9.834501266479492,-0.6795616149902344
1788679073295932400,31.386932373046875,-0.1746760457754135,-9.824930191040039,-0.6819544434547424
1788679073313213200,31.404213134765627,-0.17706887423992157,-9.836894035339355,-0.6604190468788147
1788679073330494000,31.421493896484375,-0.1698904037475586,-9.870393753051758,-0.6556333899497986
1788679073347774700,31.438774658203126,-0.15314064919948578,-9.844072341918945,-0.6532405614852905
1788679073365055700,31.4560556640625,-0.14835500717163086,-9.822537422180176,-0.6460621356964111
1788679073382336500,31.47333642578125,-0.13639089465141296,-9.827322959899902,-0.6532405614852905
1788679073399617300,31.4906171875,-0.14356936514377594,-9.834501266479492,-0.6532405614852905
1788679073416898000,31.50789794921875,-0.15074782073497772,-9.836894035339355,-0.638883650302887
1788679073434178800,31.5251787109375,-0.1698904037475586,-9.834501266479492,-0.6269195079803467
1788679073451459600,31.54245947265625,-0.18903298676013947,-9.846465110778809,-0.6364908218383789
1788679073468740400,31.559740234375,-0.1746760457754135,-9.836894035339355,-0.6460621356964111
1788679073486021000,31.577021240234377,-0.1818545162677765,-9.841679573059082,-0.6484549641609192
1788679073503302000,31.594302001953125,-0.1698904037475586,-9.824930191040039,-0.6269195079803467
1788679073520583000,31.6115830078125,-0.1818545162677765,-9.829715728759766,-0.6197410821914673
1788679073537863700,31.62886376953125,-0.1818545162677765,-9.829715728759766,-0.6364908218383789
1788679073555144400,31.64614453125,-0.1818545162677765,-9.832108497619629,-0.6532405614852905
1788679073572425200,31.66342529296875,-0.21774685382843018,-9.846465110778809,-0.6652047038078308
1788679073589706000,31.6807060546875,-0.2225325107574463,-9.858428955078125,-0.6771687865257263
1788679073606986800,31.69798681640625,-0.2273181527853012,-9.853643417358398,-0.6795616149902344
1788679073624267500,31.715267578125,-0.22013968229293823,-9.836894035339355,-0.6532405614852905
1788679073641548300,31.73254833984375,-0.21774685382843018,-9.844072341918945,-0.6747759580612183
1788679073658829300,31.749829345703127,-0.19142581522464752,-9.832108497619629,-0.6436693072319031
1788679073676109800,31.76710986328125,-0.19142581522464752,-9.817750930786133,-0.6460621356964111
1788679073693390800,31.784390869140626,-0.19142581522464752,-9.836894035339355,-0.6580262184143066
1788679073710671600,31.801671630859374,-0.1698904037475586,-9.844072341918945,-0.6532405614852905
1788679073727952400,31.818952392578126,-0.17228323221206665,-9.841679573059082,-0.641276478767395
1788679073745233200,31.836233154296874,-0.17228323221206665,-9.824930191040039,-0.641276478767395
1788679073762514000,31.853513916015626,-0.19381862878799438,-9.832108497619629,-0.6484549641609192
1788679073779794700,31.870794677734374,-0.19142581522464752,-9.846465110778809,-0.6532405614852905
1788679073797075500,31.888075439453125,-0.16031911969184875,-9.846465110778809,-0.6556333899497986
1788679073814356500,31.9053564453125,-0.1746760457754135,-9.846465110778809,-0.6843472719192505
1788679073831637000,31.922636962890625,-0.1698904037475586,-9.841679573059082,-0.672383189201355
1788679073848918000,31.93991796875,-0.16271193325519562,-9.834501266479492,-0.6364908218383789
1788679073866198800,31.95719873046875,-0.15553347766399384,-9.839286804199219,-0.638883650302887
1788679073883479600,31.9744794921875,-0.16510476171970367,-9.824930191040039,-0.6484549641609192
1788679073900760300,31.99176025390625,-0.14835500717163086,-9.832108497619629,-0.6364908218383789
1788679073918041000,32.009041015625,-0.13878370821475983,-9.829715728759766,-0.6293123364448547
1788679073935321900,32.02632177734375,-0.13639089465141296,-9.841679573059082,-0.6340979933738708
1788679073952602600,32.0436025390625,-0.16271193325519562,-9.844072341918945,-0.6508477330207825
1788679073969883400,32.06088330078125,-0.1698904037475586,-9.832108497619629,-0.6269195079803467
1788679073987164400,32.07816430664062,-0.1579262912273407,-9.839286804199219,-0.6149554252624512
1788679074004445000,32.09544482421875,-0.1579262912273407,-9.844072341918945,-0.6173482537269592
1788679074021726000,32.112725830078126,-0.16510476171970367,-9.853643417358398,-0.641276478767395
1788679074039006700,32.1300068359375,-0.17228323221206665,-9.851250648498535,-0.638883650302887
1788679074056287500,32.14728759765625,-0.16510476171970367,-9.848857879638672,-0.6317051649093628
1788679074073568300,32.164568359375,-0.16510476171970367,-9.836894035339355,-0.638883650302887
1788679074090849000,32.18184912109375,-0.17228323221206665,-9.841679573059082,-0.6364908218383789
1788679074108129800,32.1991298828125,-0.16031911969184875,-9.846465110778809,-0.6340979933738708
1788679074125410600,32.21641064453125,-0.1579262912273407,-9.839286804199219,-0.6293123364448547
1788679074142691300,32.23369140625,-0.14117653667926788,-9.834501266479492,-0.6245267391204834
1788679074159972000,32.25097216796875,-0.1459621787071228,-9.834501266479492,-0.638883650302887
1788679074177252900,32.2682529296875,-0.14356936514377594,-9.834501266479492,-0.6245267391204834
1788679074194534000,32.28553393554687,-0.1698904037475586,-9.836894035339355,-0.6269195079803467
1788679074211814400,32.302814453125,-0.16510476171970367,-9.832108497619629,-0.6125625967979431
1788679074229095400,32.320095458984376,-0.1746760457754135,-9.836894035339355,-0.6269195079803467
1788679074246376200,32.33737622070313,-0.17946170270442963,-9.856036186218262,-0.6245267391204834
1788679074263657000,32.35465698242187,-0.19621145725250244,-9.856036186218262,-0.6269195079803467
1788679074280937700,32.371937744140624,-0.19621145725250244,-9.839286804199219,-0.6197410821914673
1788679074298218500,32.389218505859375,-0.20578274130821228,-9.836894035339355,-0.6173482537269592
1788679074315499300,32.40649926757813,-0.1986042857170105,-9.836894035339355,-0.6197410821914673
1788679074332780000,32.42378002929688,-0.17228323221206665,-9.834501266479492,-0.6245267391204834
1788679074350060800,32.44106079101562,-0.1746760457754135,-9.851250648498535,-0.641276478767395
1788679074367341600,32.458341552734375,-0.17228323221206665,-9.834501266479492,-0.6556333899497986
1788679074384622300,32.475622314453126,-0.18424734473228455,-9.851250648498535,-0.6652047038078308
1788679074401903000,32.49290307617188,-0.17946170270442963,-9.853643417358398,-0.6532405614852905
1788679074419183900,32.51018383789062,-0.17946170270442963,-9.841679573059082,-0.6532405614852905
1788679074436464600,32.527464599609374,-0.17228323221206665,-9.844072341918945,-0.6628118753433228
1788679074453745700,32.54474560546875,-0.17706887423992157,-9.848857879638672,-0.6604190468788147
1788679074471026400,32.5620263671875,-0.19381862878799438,-9.827322959899902,-0.6580262184143066
1788679074488307200,32.57930712890625,-0.17946170270442963,-9.841679573059082,-0.6436693072319031
1788679074505588000,32.596587890625,-0.17706887423992157,-9.836894035339355,-0.6532405614852905
1788679074522868700,32.61386865234375,-0.18424734473228455,-9.834501266479492,-0.6604190468788147
1788679074540149500,32.6311494140625,-0.1818545162677765,-9.827322959899902,-0.6604190468788147
1788679074557430300,32.64843017578125,-0.17706887423992157,-9.822537422180176,-0.6652047038078308
1788679074574711000,32.6657109375,-0.18424734473228455,-9.824930191040039,-0.6819544434547424
1788679074591991800,32.68299169921875,-0.17228323221206665,-9.841679573059082,-0.6963114142417908
1788679074609272600,32.7002724609375,-0.1818545162677765,-9.846465110778809,-0.6915257573127747
1788679074626553300,32.71755322265625,-0.17706887423992157,-9.844072341918945,-0.6628118753433228
1788679074643834000,32.73483422851562,-0.17946170270442963,-9.820143699645996,-0.6508477330207825
1788679074661115000,32.752114990234375,-0.17706887423992157,-9.841679573059082,-0.6532405614852905
1788679074678395600,32.76939575195313,-0.16271193325519562,-9.839286804199219,-0.6580262184143066
1788679074695676400,32.78667651367188,-0.1698904037475586,-9.856036186218262,-0.672383189201355
1788679074712957400,32.80395751953125,-0.15553347766399384,-9.856036186218262,-0.6556333899497986
1788679074730238000,32.821238037109374,-0.1459621787071228,-9.839286804199219,-0.6245267391204834
1788679074747519000,32.83851904296875,-0.1579262912273407,-9.822537422180176,-0.6317051649093628
1788679074764799700,32.8557998046875,-0.16271193325519562,-9.824930191040039,-0.6556333899497986
1788679074782080500,32.87308056640625,-0.18424734473228455,-9.827322959899902,-0.6675975322723389
1788679074799361300,32.890361328125,-0.18903298676013947,-9.836894035339355,-0.6460621356964111
1788679074816642000,32.90764208984375,-0.19142581522464752,-9.851250648498535,-0.6269195079803467
1788679074833922800,32.9249228515625,-0.16749759018421173,-9.865608215332031,-0.6221339106559753
1788679074851203600,32.94220361328125,-0.17228323221206665,-9.848857879638672,-0.6197410821914673
1788679074868484400,32.959484375,-0.1698904037475586,-9.839286804199219,-0.6364908218383789
1788679074885765000,32.97676513671875,-0.17946170270442963,-9.836894035339355,-0.6532405614852905
1788679074903046000,32.9940458984375,-0.16271193325519562,-9.851250648498535,-0.6652047038078308
1788679074920326700,33.01132666015625,-0.17228323221206665,-9.836894035339355,-0.6699903607368469
1788679074937607400,33.028607421875,-0.16271193325519562,-9.846465110778809,-0.638883650302887
1788679074954888200,33.04588818359375,-0.1698904037475586,-9.844072341918945,-0.6245267391204834
1788679074972169000,33.0631689453125,-0.1459621787071228,-9.832108497619629,-0.641276478767395
1788679074989449700,33.08044970703125,-0.1698904037475586,-9.829715728759766,-0.6604190468788147
1788679075006730500,33.09773046875,-0.1579262912273407,-9.841679573059082,-0.6652047038078308
1788679075024011300,33.11501123046875,-0.15314064919948578,-9.839286804199219,-0.6364908218383789
1788679075041292000,33.1322919921875,-0.16510476171970367,-9.836894035339355,-0.6173482537269592
1788679075058572800,33.14957275390625,-0.1698904037475586,-9.844072341918945,-0.6364908218383789
1788679075075853600,33.166853515625,-0.17228323221206665,-9.851250648498535,-0.638883650302887
1788679075093134300,33.18413427734375,-0.17946170270442963,-9.836894035339355,-0.6269195079803467
1788679075110415000,33.2014150390625,-0.1866401731967926,-9.836894035339355,-0.6340979933738708
1788679075127696000,33.21869580078125,-0.1818545162677765,-9.841679573059082,-0.6293123364448547
1788679075144976600,33.2359765625,-0.16510476171970367,-9.846465110778809,-0.638883650302887
1788679075162257400,33.25325732421875,-0.1579262912273407,-9.846465110778809,-0.641276478767395
1788679075179538200,33.2705380859375,-0.16031911969184875,-9.834501266479492,-0.6508477330207825
1788679075196819000,33.28781884765625,-0.15553347766399384,-9.841679573059082,-0.6604190468788147
1788679075214099700,33.305099609375,-0.16271193325519562,-9.846465110778809,-0.6699903607368469
1788679075231380500,33.32238037109375,-0.17946170270442963,-9.844072341918945,-0.672383189201355
1788679075248661500,33.33966162109375,-0.17946170270442963,-9.832108497619629,-0.6675975322723389
1788679075265942000,33.35694189453125,-0.1579262912273407,-9.836894035339355,-0.6652047038078308
1788679075283222800,33.37422290039063,-0.16031911969184875,-9.839286804199219,-0.6675975322723389
1788679075300503600,33.39150366210937,-0.16031911969184875,-9.844072341918945,-0.6556333899497986
1788679075317784300,33.40878442382812,-0.16749759018421173,-9.839286804199219,-0.6532405614852905
1788679075335065300,33.4260654296875,-0.17946170270442963,-9.829715728759766,-0.6628118753433228
1788679075352345900,33.44334594726563,-0.18424734473228455,-9.836894035339355,-0.6436693072319031
1788679075369627000,33.460626953125,-0.17946170270442963,-9.836894035339355,-0.6532405614852905
1788679075386907600,33.47790771484375,-0.17946170270442963,-9.839286804199219,-0.6508477330207825
1788679075404188200,33.495188232421874,-0.1698904037475586,-9.829715728759766,-0.6364908218383789
1788679075421469200,33.51246923828125,-0.18903298676013947,-9.839286804199219,-0.6532405614852905
1788679075438750000,33.52975,-0.16510476171970367,-9.851250648498535,-0.6436693072319031
1788679075456030700,33.54703076171875,-0.16031911969184875,-9.851250648498535,-0.6436693072319031
1788679075473311500,33.5643115234375,-0.1818545162677765,-9.832108497619629,-0.6556333899497986
1788679075490592000,33.581592041015625,-0.18424734473228455,-9.829715728759766,-0.6436693072319031
1788679075507873000,33.598873046875,-0.1866401731967926,-9.820143699645996,-0.6364908218383789
1788679075525153800,33.61615380859375,-0.16031911969184875,-9.848857879638672,-0.641276478767395
1788679075542434600,33.6334345703125,-0.15553347766399384,-9.853643417358398,-0.6580262184143066
1788679075559715300,33.65071533203125,-0.15314064919948578,-9.848857879638672,-0.6699903607368469
1788679075576996000,33.66799609375,-0.13639089465141296,-9.834501266479492,-0.6460621356964111
1788679075594276900,33.68527685546875,-0.15074782073497772,-9.834501266479492,-0.6580262184143066
1788679075611557600,33.7025576171875,-0.15553347766399384,-9.824930191040039,-0.6652047038078308
1788679075628838100,33.719838134765624,-0.15553347766399384,-9.824930191040039,-0.6604190468788147
1788679075646119200,33.737119140625,-0.16271193325519562,-9.841679573059082,-0.6364908218383789
1788679075663400000,33.75439990234375,-0.16031911969184875,-9.834501266479492,-0.6269195079803467
1788679075680680700,33.7716806640625,-0.16271193325519562,-9.839286804199219,-0.6269195079803467
1788679075697961500,33.78896142578125,-0.17706887423992157,-9.836894035339355,-0.638883650302887
1788679075715242200,33.8062421875,-0.17946170270442963,-9.832108497619629,-0.6317051649093628
1788679075732523000,33.82352294921875,-0.1818545162677765,-9.846465110778809,-0.6604190468788147
1788679075749803800,33.8408037109375,-0.19142581522464752,-9.841679573059082,-0.6675975322723389
1788679075767084300,33.85808422851562,-0.18903298676013947,-9.822537422180176,-0.6604190468788147
1788679075784365300,33.875365234375,-0.17946170270442963,-9.846465110778809,-0.6364908218383789
1788679075801646000,33.89264599609375,-0.16510476171970367,-9.836894035339355,-0.641276478767395
1788679075818926600,33.90992651367188,-0.16031911969184875,-9.834501266479492,-0.6652047038078308
1788679075836207600,33.92720751953125,-0.15553347766399384,-9.839286804199219,-0.6891329288482666
1788679075853488400,33.94448828125,-0.15074782073497772,-9.848857879638672,-0.6747759580612183
1788679075870769000,33.961768798828125,-0.15314064919948578,-9.839286804199219,-0.6675975322723389
1788679075888050000,33.9790498046875,-0.1579262912273407,-9.832108497619629,-0.6747759580612183
1788679075905330400,33.99633032226563,-0.14117653667926788,-9.824930191040039,-0.6771687865257263
1788679075922611200,34.01361108398437,-0.15314064919948578,-9.834501266479492,-0.6819544434547424
1788679075939892200,34.030892333984376,-0.14117653667926788,-9.846465110778809,-0.672383189201355
1788679075957172700,34.0481728515625,-0.17706887423992157,-9.836894035339355,-0.6460621356964111
1788679075974453500,34.06545361328125,-0.15314064919948578,-9.853643417358398,-0.6556333899497986
1788679075991734500,34.08273461914062,-0.16510476171970367,-9.851250648498535,-0.6532405614852905
1788679076009015000,34.10001513671875,-0.1579262912273407,-9.841679573059082,-0.6652047038078308
1788679076026295800,34.1172958984375,-0.16749759018421173,-9.829715728759766,-0.6628118753433228
1788679076043576600,34.13457666015625,-0.15314064919948578,-9.839286804199219,-0.6556333899497986
1788679076060857300,34.151857421875,-0.15553347766399384,-9.832108497619629,-0.6508477330207825
1788679076078138000,34.16913818359375,-0.14356936514377594,-9.841679573059082,-0.6580262184143066
1788679076095419000,34.1864189453125,-0.1339980661869049,-9.820143699645996,-0.6604190468788147
1788679076112699600,34.20369970703125,-0.15553347766399384,-9.832108497619629,-0.6675975322723389
1788679076129980400,34.22098046875,-0.16031911969184875,-9.844072341918945,-0.6771687865257263
1788679076147261200,34.23826123046875,-0.16749759018421173,-9.851250648498535,-0.6963114142417908
1788679076164542000,34.2555419921875,-0.17706887423992157,-9.839286804199219,-0.6867401003837585
1788679076181822700,34.27282275390625,-0.1866401731967926,-9.832108497619629,-0.6747759580612183
1788679076199103500,34.290103515625,-0.16031911969184875,-9.827322959899902,-0.6484549641609192
1788679076216384300,34.30738427734375,-0.15074782073497772,-9.824930191040039,-0.638883650302887
1788679076233665000,34.3246650390625,-0.16749759018421173,-9.827322959899902,-0.6484549641609192
1788679076250945800,34.34194580078125,-0.16031911969184875,-9.829715728759766,-0.6532405614852905
1788679076268226600,34.3592265625,-0.1698904037475586,-9.841679573059082,-0.6556333899497986
1788679076285507300,34.37650732421875,-0.1818545162677765,-9.846465110778809,-0.6628118753433228
1788679076302788000,34.3937880859375,-0.17228323221206665,-9.844072341918945,-0.6460621356964111
1788679076320068900,34.41106884765625,-0.1746760457754135,-9.839286804199219,-0.6197410821914673
1788679076337349600,34.428349609375,-0.16271193325519562,-9.834501266479492,-0.6173482537269592
1788679076354630400,34.44563037109375,-0.16271193325519562,-9.832108497619629,-0.6436693072319031
1788679076371911200,34.4629111328125,-0.16510476171970367,-9.834501266479492,-0.638883650302887
1788679076389191700,34.48019165039062,-0.13878370821475983,-9.851250648498535,-0.6532405614852905
1788679076406472700,34.49747265625,-0.1339980661869049,-9.846465110778809,-0.6532405614852905
1788679076423753500,34.51475341796875,-0.16031911969184875,-9.844072341918945,-0.6556333899497986
1788679076441034000,34.53203393554688,-0.1579262912273407,-9.836894035339355,-0.672383189201355
1788679076458314800,34.54931469726562,-0.12442677468061447,-9.827322959899902,-0.6795616149902344
1788679076475595500,34.566595458984374,-0.13878370821475983,-9.827322959899902,-0.7034898400306702
1788679076492876300,34.583876220703125,-0.13639089465141296,-9.824930191040039,-0.6675975322723389
1788679076510157000,34.60115698242188,-0.13639089465141296,-9.832108497619629,-0.638883650302887
1788679076527437800,34.61843774414063,-0.1579262912273407,-9.834501266479492,-0.6340979933738708
1788679076544718600,34.63571850585937,-0.1459621787071228,-9.834501266479492,-0.6460621356964111
1788679076561999400,34.652999267578124,-0.1459621787071228,-9.848857879638672,-0.6652047038078308
1788679076579280100,34.670280029296876,-0.13160525262355804,-9.846465110778809,-0.6628118753433228
1788679076596561000,34.68756079101563,-0.1459621787071228,-9.856036186218262,-0.6675975322723389
1788679076613841700,34.70484155273437,-0.15553347766399384,-9.851250648498535,-0.6867401003837585
1788679076631122400,34.722122314453124,-0.14835500717163086,-9.834501266479492,-0.6819544434547424
1788679076648403200,34.7394033203125,-0.1339980661869049,-9.832108497619629,-0.6819544434547424
1788679076665684000,34.75668408203125,-0.1339980661869049,-9.834501266479492,-0.6771687865257263
1788679076682964700,34.77396484375,-0.10767702013254166,-9.844072341918945,-0.6963114142417908
1788679076700245500,34.79124560546875,-0.12681959569454193,-9.836894035339355,-0.6915257573127747
1788679076717526300,34.8085263671875,-0.1052841991186142,-9.824930191040039,-0.6699903607368469
1788679076734806800,34.825806884765626,-0.10049854964017868,-9.834501266479492,-0.6556333899497986
1788679076752087800,34.843087890625,-0.12203395366668701,-9.846465110778809,-0.6795616149902344
1788679076769368600,34.86036865234375,-0.12921242415905,-9.846465110778809,-0.6891329288482666
1788679076786649000,34.877649169921874,-0.14356936514377594,-9.836894035339355,-0.6915257573127747
1788679076803929900,34.894929931640625,-0.13639089465141296,-9.841679573059082,-0.672383189201355
1788679076821210600,34.91221069335938,-0.13160525262355804,-9.839286804199219,-0.6675975322723389
1788679076838491400,34.92949145507812,-0.1339980661869049,-9.839286804199219,-0.6843472719192505
1788679076855772200,34.94677221679687,-0.11964113265275955,-9.832108497619629,-0.6939185857772827
1788679076873053000,34.964052978515625,-0.1052841991186142,-9.834501266479492,-0.7034898400306702
1788679076890333700,34.981333740234376,-0.1052841991186142,-9.844072341918945,-0.6939185857772827
1788679076907614500,34.99861450195313,-0.11485548317432404,-9.839286804199219,-0.6843472719192505
1788679076924895200,35.01589526367187,-0.12921242415905,-9.832108497619629,-0.6747759580612183
1788679076942176000,35.033176025390624,-0.14356936514377594,-9.834501266479492,-0.698704183101654
1788679076959456800,35.050456787109376,-0.14117653667926788,-9.846465110778809,-0.7010970115661621
1788679076976737500,35.06773754882813,-0.12203395366668701,-9.844072341918945,-0.6915257573127747
1788679076994018000,35.08501806640625,-0.11964113265275955,-9.841679573059082,-0.7010970115661621
1788679077011299000,35.10229907226562,-0.11964113265275955,-9.836894035339355,-0.6891329288482666
1788679077028579600,35.11957958984375,-0.11246266216039658,-9.848857879638672,-0.6915257573127747
1788679077045860400,35.1368603515625,-0.11246266216039658,-9.834501266479492,-0.698704183101654
1788679077063141000,35.15414111328125,-0.11964113265275955,-9.841679573059082,-0.6795616149902344
1788679077080422000,35.171421875,-0.11485548317432404,-9.834501266479492,-0.6747759580612183
1788679077097702700,35.18870263671875,-0.11724831163883209,-9.836894035339355,-0.6795616149902344
1788679077114983400,35.2059833984375,-0.12203395366668701,-9.834501266479492,-0.6915257573127747
1788679077132264200,35.22326416015625,-0.14117653667926788,-9.836894035339355,-0.6747759580612183
1788679077149545000,35.240544921875,-0.11006984114646912,-9.851250648498535,-0.6652047038078308
1788679077166825700,35.25782568359375,-0.11006984114646912,-9.846465110778809,-0.6747759580612183
1788679077184106500,35.2751064453125,-0.1052841991186142,-9.834501266479492,-0.6795616149902344
1788679077201387300,35.29238720703125,-0.12442677468061447,-9.846465110778809,-0.6747759580612183
1788679077218668000,35.30966796875,-0.14356936514377594,-9.891928672790527,-0.6628118753433228
1788679077235948800,35.32694873046875,-0.16271193325519562,-9.91825008392334,-0.672383189201355
1788679077253229300,35.34422924804687,-0.16510476171970367,-9.851250648498535,-0.6939185857772827
1788679077270510000,35.361510009765624,-0.12681959569454193,-9.80100154876709,-0.6532405614852905
1788679077287790800,35.378790771484375,-0.07896314561367035,-9.791430473327637,-0.6364908218383789
1788679077305071600,35.39607153320313,-0.04307080805301666,-9.7938232421875,-0.698704183101654
1788679077322352400,35.41335229492187,-0.031106693670153618,-9.80100154876709,-0.727418065071106
1788679077339633200,35.43063305664062,-0.05742774158716202,-9.803394317626953,-0.727418065071106
1788679077356914000,35.447913818359375,-0.09810572862625122,-9.820143699645996,-0.6963114142417908
1788679077374194700,35.465194580078126,-0.1339980661869049,-9.841679573059082,-0.6963114142417908
1788679077391475500,35.48247534179688,-0.14117653667926788,-9.868000984191895,-0.7154539823532104
1788679077408756000,35.499755859375,-0.13639089465141296,-9.865608215332031,-0.729810893535614
1788679077426036700,35.51703662109375,-0.11964113265275955,-9.848857879638672,-0.7058826684951782
1788679077443317800,35.53431787109375,-0.1459621787071228,-9.858428955078125,-0.698704183101654
1788679077460598300,35.55159838867188,-0.14835500717163086,-9.844072341918945,-0.6891329288482666
1788679077477879000,35.56887915039062,-0.14117653667926788,-9.832108497619629,-0.6580262184143066
1788679077495159800,35.58615991210937,-0.11964113265275955,-9.81535816192627,-0.6628118753433228
1788679077512440600,35.603440673828125,-0.08853443711996078,-9.822537422180176,-0.6675975322723389
1788679077529721300,35.620721435546876,-0.11724831163883209,-9.846465110778809,-0.7130611538887024
1788679077547002000,35.63800219726563,-0.11964113265275955,-9.822537422180176,-0.727418065071106
1788679077564282600,35.65528271484375,-0.14117653667926788,-9.822537422180176,-0.7178468108177185
1788679077581563400,35.6725634765625,-0.13878370821475983,-9.829715728759766,-0.7178468108177185
1788679077598844400,35.689844482421876,-0.14356936514377594,-9.832108497619629,-0.7106683254241943
1788679077616125000,35.707125,-0.11485548317432404,-9.841679573059082,-0.6891329288482666
1788679077633405700,35.72440576171875,-0.11485548317432404,-9.856036186218262,-0.6867401003837585
1788679077650686500,35.7416865234375,-0.12442677468061447,-9.853643417358398,-0.6795616149902344
1788679077667967200,35.75896728515625,-0.13878370821475983,-9.851250648498535,-0.6699903607368469
1788679077685248000,35.776248046875,-0.15314064919948578,-9.832108497619629,-0.6652047038078308
1788679077702528800,35.79352880859375,-0.1579262912273407,-9.824930191040039,-0.6436693072319031
1788679077719809500,35.8108095703125,-0.1459621787071228,-9.834501266479492,-0.638883650302887
1788679077737090000,35.82809008789062,-0.1459621787071228,-9.846465110778809,-0.6652047038078308
1788679077754371000,35.84537109375,-0.15553347766399384,-9.829715728759766,-0.6939185857772827
1788679077771651600,35.862651611328126,-0.16271193325519562,-9.839286804199219,-0.7178468108177185
1788679077788932400,35.87993237304688,-0.14117653667926788,-9.846465110778809,-0.7513462901115417
1788679077806213000,35.89721313476562,-0.1052841991186142,-9.836894035339355,-0.760917603969574
1788679077823494000,35.91449389648437,-0.10289137065410614,-9.853643417358398,-0.760917603969574
1788679077840774700,35.931774658203125,-0.07417750358581543,-9.848857879638672,-0.7513462901115417
1788679077858055400,35.949055419921876,-0.08614161610603333,-9.824930191040039,-0.7657032608985901
1788679077875336200,35.96633618164063,-0.064606212079525,-9.841679573059082,-0.7800601720809937
1788679077892616700,35.98361669921875,-0.05024927482008934,-9.839286804199219,-0.7513462901115417
1788679077909897500,36.0008974609375,-0.016749758273363113,-9.81535816192627,-0.7489534616470337
1788679077927178200,36.01817822265625,-0.004785645287483931,-9.824930191040039,-0.7345965504646301
1788679077944459000,36.035458984375,-0.007178467698395252,-9.846465110778809,-0.727418065071106
1788679077961739800,36.05273974609375,-0.0023928226437419653,-9.834501266479492,-0.7393822073936462
1788679077979020500,36.0700205078125,-0.02632104977965355,-9.824930191040039,-0.727418065071106
1788679077996301000,36.08730102539062,-0.06699903309345245,-9.820143699645996,-0.7154539823532104
1788679078013582000,36.10458203125,-0.07657032459974289,-9.846465110778809,-0.698704183101654
1788679078030862800,36.12186279296875,-0.09571290761232376,-9.836894035339355,-0.6963114142417908
1788679078048143400,36.13914331054688,-0.12203395366668701,-9.836894035339355,-0.7058826684951782
1788679078065424100,36.15642407226562,-0.15074782073497772,-9.827322959899902,-0.7130611538887024
1788679078082705000,36.173704833984374,-0.15074782073497772,-9.844072341918945,-0.6843472719192505
1788679078099985700,36.190985595703125,-0.15553347766399384,-9.848857879638672,-0.6699903607368469
1788679078117266400,36.20826635742188,-0.17706887423992157,-9.841679573059082,-0.6843472719192505
1788679078134547200,36.22554711914062,-0.1698904037475586,-9.839286804199219,-0.6747759580612183
1788679078151828000,36.24282788085937,-0.16510476171970367,-9.824930191040039,-0.6699903607368469
1788679078169108500,36.2601083984375,-0.1579262912273407,-9.827322959899902,-0.6604190468788147
1788679078186389200,36.27738916015625,-0.1818545162677765,-9.822537422180176,-0.6580262184143066
1788679078203670000,36.294669921875,-0.19142581522464752,-9.820143699645996,-0.6293123364448547
1788679078220950800,36.31195068359375,-0.2105683982372284,-9.836894035339355,-0.6460621356964111
1788679078238231600,36.3292314453125,-0.19381862878799438,-9.858428955078125,-0.6556333899497986
1788679078255512300,36.34651220703125,-0.19381862878799438,-9.868000984191895,-0.6508477330207825
1788679078272792800,36.363792724609375,-0.19142581522464752,-9.868000984191895,-0.6652047038078308
1788679078290073600,36.38107348632813,-0.1746760457754135,-9.870393753051758,-0.6963114142417908
1788679078307354400,36.39835424804688,-0.15074782073497772,-9.846465110778809,-0.7058826684951782
1788679078324635100,36.41563525390625,-0.15553347766399384,-9.839286804199219,-0.6795616149902344
1788679078341916000,36.432916015625,-0.15074782073497772,-9.812965393066406,-0.6747759580612183
1788679078359196700,36.45019677734375,-0.13639089465141296,-9.824930191040039,-0.6843472719192505
1788679078376477400,36.4674775390625,-0.14117653667926788,-9.822537422180176,-0.6699903607368469
1788679078393758000,36.48475805664062,-0.14117653667926788,-9.812965393066406,-0.6556333899497986
1788679078411038700,36.502038818359374,-0.1698904037475586,-9.822537422180176,-0.6460621356964111
1788679078428319500,36.519319580078125,-0.16749759018421173,-9.829715728759766,-0.5982056856155396
1788679078445600300,36.53660034179688,-0.15074782073497772,-9.851250648498535,-0.5838487148284912
1788679078462881000,36.55388110351562,-0.16031911969184875,-9.851250648498535,-0.5958128571510315
1788679078480161800,36.57116186523437,-0.15074782073497772,-9.863214492797852,-0.5982056856155396
1788679078497442300,36.5884423828125,-0.11964113265275955,-9.839286804199219,-0.6125625967979431
1788679078514723000,36.60572314453125,-0.10289137065410614,-9.832108497619629,-0.6149554252624512
1788679078532003800,36.62300390625,-0.08614161610603333,-9.824930191040039,-0.6293123364448547
1788679078549284600,36.64028466796875,-0.10049854964017868,-9.829715728759766,-0.6652047038078308
1788679078566565400,36.6575654296875,-0.07657032459974289,-9.856036186218262,-0.6915257573127747
1788679078583846100,36.67484619140625,-0.07417750358581543,-9.846465110778809,-0.7034898400306702
1788679078601127000,36.692126953125,-0.05742774158716202,-9.829715728759766,-0.7058826684951782
1788679078618407400,36.70940747070313,-0.05024927482008934,-9.836894035339355,-0.7178468108177185
1788679078635688200,36.72668823242188,-0.040677983313798904,-9.834501266479492,-0.7226324677467346
1788679078652969000,36.74396899414062,-0.07896314561367035,-9.834501266479492,-0.7345965504646301
1788679078670249700,36.761249755859374,-0.0933200865983963,-9.853643417358398,-0.7345965504646301
1788679078687530500,36.778530517578126,-0.09571290761232376,-9.848857879638672,-0.7154539823532104
1788679078704811300,36.79581127929688,-0.09571290761232376,-9.841679573059082,-0.7010970115661621
1788679078722092000,36.81309204101562,-0.11246266216039658,-9.853643417358398,-0.6843472719192505
1788679078739372500,36.83037255859375,-0.12681959569454193,-9.846465110778809,-0.7082754969596863
1788679078756653300,36.8476533203125,-0.12681959569454193,-9.832108497619629,-0.7130611538887024
1788679078773934000,36.86493408203125,-0.11964113265275955,-9.851250648498535,-0.7034898400306702
1788679078791214800,36.88221484375,-0.13878370821475983,-9.841679573059082,-0.7130611538887024
1788679078808495600,36.89949560546875,-0.11964113265275955,-9.851250648498535,-0.7058826684951782
1788679078825776000,36.91677612304687,-0.0933200865983963,-9.860821723937988,-0.7010970115661621
1788679078843057000,36.934056884765624,-0.0933200865983963,-9.858428955078125,-0.6747759580612183
1788679078860337700,36.951337646484376,-0.08853443711996078,-9.846465110778809,-0.6604190468788147
1788679078877618400,36.96861840820313,-0.11724831163883209,-9.844072341918945,-0.6747759580612183
1788679078894899200,36.98589916992187,-0.11006984114646912,-9.848857879638672,-0.6843472719192505
1788679078912179700,37.0031796875,-0.08614161610603333,-9.827322959899902,-0.6795616149902344
1788679078929460500,37.02046044921875,-0.07896314561367035,-9.822537422180176,-0.6532405614852905
1788679078946741200,37.0377412109375,-0.07178468257188797,-9.824930191040039,-0.6747759580612183
1788679078964022000,37.05502197265625,-0.05742774158716202,-9.836894035339355,-0.6867401003837585
1788679078981302800,37.072302734375,-0.05742774158716202,-9.851250648498535,-0.7106683254241943
1788679078998583600,37.08958349609375,-0.064606212079525,-9.863214492797852,-0.7178468108177185
1788679079015864300,37.1068642578125,-0.07178468257188797,-9.863214492797852,-0.727418065071106
1788679079033144800,37.124144775390626,-0.07657032459974289,-9.832108497619629,-0.7322037220001221
1788679079050425600,37.14142553710938,-0.10289137065410614,-9.829715728759766,-0.6963114142417908
1788679079067706400,37.15870629882812,-0.09810572862625122,-9.805787086486816,-0.6580262184143066
1788679079084987100,37.17598706054687,-0.11964113265275955,-9.836894035339355,-0.6340979933738708
1788679079102267600,37.193267578125,-0.10767702013254166,-9.829715728759766,-0.6269195079803467
1788679079119548400,37.21054833984375,-0.11964113265275955,-9.858428955078125,-0.6460621356964111
1788679079136829200,37.2278291015625,-0.12921242415905,-9.870393753051758,-0.6532405614852905
1788679079154110000,37.24510986328125,-0.12921242415905,-9.841679573059082,-0.6675975322723389
1788679079171390700,37.262390625,-0.13160525262355804,-9.848857879638672,-0.6747759580612183
1788679079188671500,37.27967138671875,-0.12921242415905,-9.844072341918945,-0.6604190468788147
1788679079205952000,37.296951904296876,-0.12442677468061447,-9.824930191040039,-0.6652047038078308
1788679079223232800,37.31423266601563,-0.11246266216039658,-9.824930191040039,-0.672383189201355
1788679079240513500,37.33151342773437,-0.12681959569454193,-9.832108497619629,-0.6675975322723389
1788679079257794300,37.34879418945312,-0.12203395366668701,-9.836894035339355,-0.672383189201355
1788679079275074800,37.36607470703125,-0.14356936514377594,-9.836894035339355,-0.6628118753433228
1788679079292355600,37.38335546875,-0.15553347766399384,-9.834501266479492,-0.6628118753433228
1788679079309636400,37.40063623046875,-0.14835500717163086,-9.844072341918945,-0.6556333899497986
1788679079326917000,37.41791723632812,-0.15314064919948578,-9.834501266479492,-0.6460621356964111
1788679079344198000,37.435197998046874,-0.16031911969184875,-9.841679573059082,-0.6340979933738708
1788679079361478700,37.452478759765626,-0.15074782073497772,-9.851250648498535,-0.641276478767395
1788679079378759400,37.46975952148438,-0.15074782073497772,-9.834501266479492,-0.6269195079803467
1788679079396040000,37.4870400390625,-0.1459621787071228,-9.832108497619629,-0.6245267391204834
1788679079413320700,37.50432080078125,-0.1579262912273407,-9.824930191040039,-0.638883650302887
1788679079430601500,37.5216015625,-0.15553347766399384,-9.822537422180176,-0.638883650302887
1788679079447882200,37.53888232421875,-0.13878370821475983,-9.839286804199219,-0.6580262184143066
1788679079465162800,37.556162841796876,-0.14117653667926788,-9.851250648498535,-0.6699903607368469
1788679079482443500,37.57344360351563,-0.13639089465141296,-9.844072341918945,-0.6867401003837585
1788679079499724300,37.59072436523437,-0.13160525262355804,-9.844072341918945,-0.6915257573127747
1788679079517005000,37.608005126953124,-0.12681959569454193,-9.841679573059082,-0.672383189201355
1788679079534285600,37.62528564453125,-0.1052841991186142,-9.836894035339355,-0.7010970115661621
1788679079551566300,37.64256640625,-0.10767702013254166,-9.829715728759766,-0.6963114142417908
1788679079568847000,37.65984716796875,-0.10767702013254166,-9.839286804199219,-0.6939185857772827
1788679079586128000,37.6771279296875,-0.10049854964017868,-9.841679573059082,-0.6795616149902344
1788679079603408600,37.69440869140625,-0.09810572862625122,-9.851250648498535,-0.6867401003837585
1788679079620689400,37.711689453125,-0.09571290761232376,-9.856036186218262,-0.698704183101654
1788679079637970000,37.728969970703126,-0.14117653667926788,-9.832108497619629,-0.6939185857772827
1788679079655250700,37.74625073242188,-0.15553347766399384,-9.834501266479492,-0.6699903607368469
1788679079672531500,37.76353149414062,-0.1579262912273407,-9.827322959899902,-0.6508477330207825
1788679079689812200,37.780812255859374,-0.1459621787071228,-9.848857879638672,-0.638883650302887
1788679079707092700,37.7980927734375,-0.1459621787071228,-9.844072341918945,-0.638883650302887
1788679079724373500,37.81537353515625,-0.1339980661869049,-9.860821723937988,-0.6340979933738708
1788679079741654300,37.832654296875,-0.12203395366668701,-9.846465110778809,-0.6149554252624512
1788679079758935000,37.84993505859375,-0.12442677468061447,-9.827322959899902,-0.6101697683334351
1788679079776215600,37.86721557617187,-0.13160525262355804,-9.832108497619629,-0.607776939868927
1788679079793496300,37.884496337890624,-0.13878370821475983,-9.836894035339355,-0.6436693072319031
1788679079810777000,37.901777099609376,-0.10289137065410614,-9.841679573059082,-0.6675975322723389
1788679079828057900,37.91905786132813,-0.12442677468061447,-9.844072341918945,-0.6699903607368469
1788679079845338400,37.93633837890625,-0.08853443711996078,-9.836894035339355,-0.6747759580612183
1788679079862619100,37.953619140625,-0.08374879509210587,-9.829715728759766,-0.7058826684951782
1788679079879900000,37.97089990234375,-0.09571290761232376,-9.841679573059082,-0.7058826684951782
1788679079897180700,37.9881806640625,-0.10049854964017868,-9.822537422180176,-0.7010970115661621
1788679079914461400,38.00546142578125,-0.10049854964017868,-9.841679573059082,-0.6915257573127747
1788679079931742200,38.0227421875,-0.09810572862625122,-9.844072341918945,-0.6915257573127747
1788679079949022700,38.04002270507812,-0.11964113265275955,-9.839286804199219,-0.6843472719192505
1788679079966303500,38.057303466796874,-0.1459621787071228,-9.856036186218262,-0.672383189201355
1788679079983584300,38.074584228515626,-0.15553347766399384,-9.829715728759766,-0.6556333899497986
1788679080000865000,38.09186499023438,-0.14356936514377594,-9.824930191040039,-0.6340979933738708
1788679080018145500,38.1091455078125,-0.13639089465141296,-9.836894035339355,-0.638883650302887
1788679080035426300,38.12642626953125,-0.13639089465141296,-9.841679573059082,-0.6340979933738708
1788679080052707000,38.14370703125,-0.1459621787071228,-9.841679573059082,-0.641276478767395
1788679080069987800,38.16098779296875,-0.12921242415905,-9.860821723937988,-0.6580262184143066
1788679080087268400,38.178268310546876,-0.13639089465141296,-9.848857879638672,-0.6652047038078308
1788679080104549000,38.19554907226563,-0.12203395366668701,-9.846465110778809,-0.6891329288482666
1788679080121830000,38.21282983398437,-0.11006984114646912,-9.834501266479492,-0.6867401003837585
1788679080139110700,38.230110595703124,-0.12681959569454193,-9.827322959899902,-0.6915257573127747
1788679080156391200,38.24739111328125,-0.11964113265275955,-9.817750930786133,-0.6963114142417908
1788679080173672000,38.264671875,-0.12442677468061447,-9.822537422180176,-0.6675975322723389
1788679080190952700,38.28195263671875,-0.12681959569454193,-9.844072341918945,-0.6580262184143066
1788679080208233500,38.2992333984375,-0.12203395366668701,-9.834501266479492,-0.6245267391204834
1788679080225514000,38.31651391601562,-0.1339980661869049,-9.832108497619629,-0.6221339106559753
1788679080242794800,38.333794677734375,-0.13878370821475983,-9.851250648498535,-0.6149554252624512
1788679080260075500,38.351075439453126,-0.11964113265275955,-9.856036186218262,-0.5958128571510315
1788679080277356300,38.36835620117188,-0.11964113265275955,-9.832108497619629,-0.6197410821914673
1788679080294636800,38.38563671875,-0.11485548317432404,-9.836894035339355,-0.6532405614852905
1788679080311917600,38.40291748046875,-0.13639089465141296,-9.839286804199219,-0.6604190468788147
1788679080329198300,38.4201982421875,-0.14117653667926788,-9.832108497619629,-0.638883650302887
1788679080346479000,38.43747900390625,-0.1339980661869049,-9.851250648498535,-0.6460621356964111
1788679080363759600,38.45475952148438,-0.14117653667926788,-9.844072341918945,-0.6699903607368469
1788679080381040400,38.47204028320313,-0.11485548317432404,-9.856036186218262,-0.6819544434547424
1788679080398321200,38.48932104492187,-0.11964113265275955,-9.841679573059082,-0.6747759580612183
1788679080415602000,38.506601806640624,-0.12203395366668701,-9.858428955078125,-0.6628118753433228
1788679080432882400,38.52388232421875,-0.14356936514377594,-9.848857879638672,-0.6604190468788147
1788679080450163200,38.5411630859375,-0.1339980661869049,-9.846465110778809,-0.6556333899497986
1788679080467444000,38.55844384765625,-0.13639089465141296,-9.834501266479492,-0.6580262184143066
1788679080484724700,38.575724853515624,-0.14835500717163086,-9.844072341918945,-0.6580262184143066
1788679080502005200,38.59300512695312,-0.15314064919948578,-9.853643417358398,-0.6364908218383789
1788679080519286000,38.6102861328125,-0.14835500717163086,-9.834501266479492,-0.6125625967979431
1788679080536566800,38.62756689453125,-0.1459621787071228,-9.846465110778809,-0.6173482537269592
1788679080553847600,38.64484765625,-0.13878370821475983,-9.853643417358398,-0.638883650302887
1788679080571128000,38.66212817382812,-0.14117653667926788,-9.853643417358398,-0.638883650302887
1788679080588408800,38.679408935546874,-0.1459621787071228,-9.834501266479492,-0.6340979933738708
1788679080605689600,38.696689697265626,-0.1698904037475586,-9.829715728759766,-0.6317051649093628
1788679080622970400,38.71397045898438,-0.1459621787071228,-9.836894035339355,-0.6149554252624512
1788679080640251000,38.7312509765625,-0.16749759018421173,-9.829715728759766,-0.6340979933738708
1788679080657531600,38.74853173828125,-0.14835500717163086,-9.856036186218262,-0.6556333899497986
1788679080674812400,38.7658125,-0.15074782073497772,-9.853643417358398,-0.6436693072319031
1788679080692093000,38.783093017578125,-0.14117653667926788,-9.851250648498535,-0.6436693072319031
1788679080709373700,38.800373779296876,-0.15074782073497772,-9.844072341918945,-0.6508477330207825
1788679080726654500,38.81765454101563,-0.1459621787071228,-9.839286804199219,-0.672383189201355
1788679080743935200,38.83493530273437,-0.16031911969184875,-9.839286804199219,-0.6508477330207825
1788679080761215700,38.8522158203125,-0.1818545162677765,-9.827322959899902,-0.638883650302887
1788679080778496500,38.86949658203125,-0.1818545162677765,-9.822537422180176,-0.6293123364448547
1788679080795777300,38.88677734375,-0.17946170270442963,-9.836894035339355,-0.6197410821914673
1788679080813058000,38.90405810546875,-0.14356936514377594,-9.844072341918945,-0.6005984544754028
1788679080830338600,38.92133862304688,-0.14835500717163086,-9.846465110778809,-0.6149554252624512
1788679080847619300,38.93861938476562,-0.1746760457754135,-9.853643417358398,-0.605384111404419
1788679080864900000,38.955900146484375,-0.19621145725250244,-9.848857879638672,-0.6005984544754028
1788679080882180900,38.973180908203126,-0.20338992774486542,-9.848857879638672,-0.5886343717575073
1788679080899461400,38.99046142578125,-0.18903298676013947,-9.858428955078125,-0.5814558863639832
1788679080916742100,39.0077421875,-0.19142581522464752,-9.841679573059082,-0.5742774605751038
1788679080934023000,39.02502294921875,-0.19142581522464752,-9.839286804199219,-0.5694918036460876
1788679080951303700,39.0423037109375,-0.17706887423992157,-9.844072341918945,-0.5599204897880554
1788679080968584200,39.059584228515625,-0.19621145725250244,-9.820143699645996,-0.5623133182525635
1788679080985865000,39.07686499023438,-0.17946170270442963,-9.827322959899902,-0.5623133182525635
1788679081003145700,39.09414575195313,-0.1698904037475586,-9.822537422180176,-0.5718846321105957
1788679081020426200,39.11142626953125,-0.13639089465141296,-9.829715728759766,-0.5838487148284912
1788679081037707000,39.12870703125,-0.11964113265275955,-9.851250648498535,-0.6364908218383789
1788679081054987800,39.14598779296875,-0.13639089465141296,-9.868000984191895,-0.6771687865257263
1788679081072268300,39.163268310546876,-0.16271193325519562,-9.858428955078125,-0.6628118753433228
1788679081089549000,39.18054907226563,-0.18424734473228455,-9.844072341918945,-0.6245267391204834
1788679081106829800,39.19782983398437,-0.22971096634864807,-9.832108497619629,-0.5862415432929993
1788679081124110300,39.2151103515625,-0.23688943684101105,-9.834501266479492,-0.5790630578994751
1788679081141391000,39.23239111328125,-0.24406790733337402,-9.834501266479492,-0.576670229434967
1788679081158672000,39.249671875,-0.2225325107574463,-9.848857879638672,-0.5647061467170715
1788679081175952600,39.26695263671875,-0.22013968229293823,-9.846465110778809,-0.550349235534668
1788679081193233200,39.28423315429688,-0.22492532432079315,-9.848857879638672,-0.5551348328590393
1788679081210514000,39.30151391601562,-0.2273181527853012,-9.834501266479492,-0.5455635786056519
1788679081227794700,39.318794677734374,-0.2273181527853012,-9.844072341918945,-0.5479564070701599
1788679081245075500,39.336075439453126,-0.2153540402650833,-9.856036186218262,-0.5718846321105957
1788679081262356000,39.35335595703125,-0.1866401731967926,-9.844072341918945,-0.6101697683334351
1788679081279636700,39.37063671875,-0.17706887423992157,-9.832108497619629,-0.6652047038078308
1788679081296917500,39.38791748046875,-0.1746760457754135,-9.844072341918945,-0.6580262184143066
1788679081314198300,39.4051982421875,-0.1866401731967926,-9.827322959899902,-0.6317051649093628
1788679081331478800,39.422478759765625,-0.23210379481315613,-9.858428955078125,-0.6460621356964111
1788679081348759600,39.439759521484376,-0.2560320198535919,-9.858428955078125,-0.6197410821914673
1788679081366040300,39.45704028320313,-0.22971096634864807,-9.832108497619629,-0.5814558863639832
1788679081383320800,39.47432080078125,-0.15314064919948578,-9.824930191040039,-0.5264210104942322
1788679081400601600,39.4916015625,-0.12203395366668701,-9.822537422180176,-0.5144568681716919
1788679081417882400,39.50888232421875,-0.16749759018421173,-9.80100154876709,-0.550349235534668
1788679081435163000,39.526162841796875,-0.16510476171970367,-9.803394317626953,-0.5455635786056519
1788679081452443600,39.54344360351563,-0.17946170270442963,-9.832108497619629,-0.5551348328590393
1788679081469724400,39.56072436523438,-0.20338992774486542,-9.863214492797852,-0.607776939868927
1788679081487005000,39.5780048828125,-0.22971096634864807,-9.856036186218262,-0.6484549641609192
1788679081504285700,39.59528564453125,-0.24885354936122894,-9.848857879638672,-0.6508477330207825
1788679081521566500,39.61256640625,-0.21774685382843018,-9.836894035339355,-0.5886343717575073
1788679081538847200,39.62984716796875,-0.20578274130821228,-9.841679573059082,-0.5551348328590393
1788679081556127700,39.64712768554688,-0.20817556977272034,-9.832108497619629,-0.5670989751815796
1788679081573408500,39.66440844726562,-0.20817556977272034,-9.839286804199219,-0.5838487148284912
1788679081590689300,39.68168920898437,-0.2153540402650833,-9.841679573059082,-0.5790630578994751
1788679081607969800,39.6989697265625,-0.21774685382843018,-9.841679573059082,-0.5551348328590393
1788679081625250600,39.71625048828125,-0.23449662327766418,-9.832108497619629,-0.576670229434967
1788679081642531300,39.73353125,-0.24167509377002716,-9.853643417358398,-0.5910272002220154
1788679081659811800,39.75081176757813,-0.2225325107574463,-9.841679573059082,-0.5982056856155396
1788679081677092600,39.76809252929687,-0.22013968229293823,-9.853643417358398,-0.6125625967979431
1788679081694373400,39.785373291015624,-0.1986042857170105,-9.848857879638672,-0.5958128571510315
1788679081711654000,39.80265380859375,-0.1986042857170105,-9.844072341918945,-0.5886343717575073
1788679081728934700,39.8199345703125,-0.20817556977272034,-9.827322959899902,-0.5958128571510315
1788679081746215400,39.83721533203125,-0.20099709928035736,-9.829715728759766,-0.5910272002220154
1788679081763496200,39.85449609375,-0.1986042857170105,-9.829715728759766,-0.6221339106559753
1788679081780776700,39.87177661132812,-0.20099709928035736,-9.839286804199219,-0.6101697683334351
1788679081798057500,39.889057373046874,-0.23449662327766418,-9.848857879638672,-0.6197410821914673
1788679081815338200,39.906338134765626,-0.2153540402650833,-9.839286804199219,-0.605384111404419
1788679081832619000,39.92361889648438,-0.22971096634864807,-9.834501266479492,-0.5958128571510315
1788679081849899500,39.9408994140625,-0.2153540402650833,-9.832108497619629,-0.5910272002220154
1788679081867180300,39.95818017578125,-0.22013968229293823,-9.844072341918945,-0.5910272002220154
1788679081884460800,39.97546069335937,-0.20817556977272034,-9.848857879638672,-0.5958128571510315
1788679081901741600,39.992741455078125,-0.1986042857170105,-9.836894035339355,-0.5647061467170715
1788679081919022300,40.01002221679688,-0.22013968229293823,-9.822537422180176,-0.5718846321105957
1788679081936302800,40.027302734375,-0.20099709928035736,-9.836894035339355,-0.5886343717575073
1788679081953583600,40.04458349609375,-0.2225325107574463,-9.858428955078125,-0.6101697683334351
1788679081970864400,40.061864501953124,-0.18903298676013947,-9.836894035339355,-0.605384111404419
1788679081988145200,40.079145263671876,-0.16510476171970367,-9.851250648498535,-0.5862415432929993
1788679082005425700,40.09642578125,-0.1986042857170105,-9.863214492797852,-0.5790630578994751
1788679082022706400,40.11370654296875,-0.20578274130821228,-9.829715728759766,-0.5359922647476196
1788679082039987000,40.13098706054687,-0.19142581522464752,-9.834501266479492,-0.5264210104942322
1788679082057267700,40.14826782226562,-0.17946170270442963,-9.827322959899902,-0.5383850932121277
1788679082074548500,40.165548583984375,-0.15074782073497772,-9.829715728759766,-0.5838487148284912
1788679082091829000,40.1828291015625,-0.15074782073497772,-9.824930191040039,-0.6221339106559753
1788679082109109800,40.20010986328125,-0.17706887423992157,-9.848857879638672,-0.6508477330207825
1788679082126390500,40.217390625,-0.17706887423992157,-9.856036186218262,-0.6340979933738708
1788679082143671300,40.23467138671875,-0.1579262912273407,-9.848857879638672,-0.6293123364448547
1788679082160951800,40.251951904296874,-0.16031911969184875,-9.832108497619629,-0.6340979933738708
1788679082178232600,40.269232666015625,-0.15074782073497772,-9.836894035339355,-0.6628118753433228
1788679082195513000,40.28651318359375,-0.17706887423992157,-9.844072341918945,-0.6532405614852905
1788679082212793900,40.3037939453125,-0.1746760457754135,-9.858428955078125,-0.6340979933738708
1788679082230074600,40.32107470703125,-0.1698904037475586,-9.865608215332031,-0.6125625967979431
1788679082247355100,40.33835522460937,-0.20338992774486542,-9.870393753051758,-0.6221339106559753
1788679082264636000,40.355635986328124,-0.19142581522464752,-9.851250648498535,-0.638883650302887
1788679082281916700,40.372916748046876,-0.19142581522464752,-9.841679573059082,-0.6508477330207825
1788679082299197400,40.39019750976563,-0.16271193325519562,-9.836894035339355,-0.6460621356964111
1788679082316478000,40.40747802734375,-0.12921242415905,-9.841679573059082,-0.6652047038078308
1788679082333758700,40.4247587890625,-0.13160525262355804,-9.844072341918945,-0.6675975322723389
1788679082351039200,40.44203930664062,-0.12203395366668701,-9.829715728759766,-0.6508477330207825
1788679082368320000,40.459320068359375,-0.12442677468061447,-9.820143699645996,-0.6628118753433228
1788679082385600800,40.47660083007813,-0.11006984114646912,-9.832108497619629,-0.6795616149902344
1788679082402881300,40.49388134765625,-0.13639089465141296,-9.836894035339355,-0.6843472719192505
1788679082420162000,40.511162109375,-0.1339980661869049,-9.829715728759766,-0.672383189201355
1788679082437442800,40.52844287109375,-0.1459621787071228,-9.844072341918945,-0.6508477330207825
1788679082454723600,40.5457236328125,-0.15074782073497772,-9.853643417358398,-0.641276478767395
1788679082472004000,40.563004150390626,-0.12921242415905,-9.853643417358398,-0.6532405614852905
1788679082489284900,40.58028491210938,-0.15553347766399384,-9.860821723937988,-0.6699903607368469
1788679082506565400,40.5975654296875,-0.14117653667926788,-9.853643417358398,-0.6604190468788147
1788679082523846100,40.61484619140625,-0.14117653667926788,-9.834501266479492,-0.641276478767395
1788679082541127000,40.632126953125,-0.12442677468061447,-9.832108497619629,-0.6221339106559753
1788679082558407400,40.649407470703125,-0.13160525262355804,-9.863214492797852,-0.6197410821914673
1788679082575688200,40.666688232421876,-0.12442677468061447,-9.865608215332031,-0.6125625967979431
1788679082592969000,40.68396899414063,-0.11485548317432404,-9.839286804199219,-0.6221339106559753
1788679082610249500,40.70124951171875,-0.1052841991186142,-9.834501266479492,-0.605384111404419
1788679082627530200,40.7185302734375,-0.09810572862625122,-9.829715728759766,-0.6197410821914673
1788679082644810800,40.73581079101562,-0.11724831163883209,-9.846465110778809,-0.6293123364448547
1788679082662091500,40.753091552734375,-0.1052841991186142,-9.858428955078125,-0.6125625967979431
1788679082679372300,40.77037231445313,-0.11724831163883209,-9.832108497619629,-0.5910272002220154
1788679082696653000,40.78765307617188,-0.11964113265275955,-9.832108497619629,-0.5838487148284912
1788679082713933600,40.80493359375,-0.12442677468061447,-9.832108497619629,-0.5790630578994751
1788679082731214300,40.82221435546875,-0.11485548317432404,-9.844072341918945,-0.5790630578994751
1788679082748494800,40.839494873046874,-0.12921242415905,-9.853643417358398,-0.5934200286865234
1788679082765775600,40.856775634765626,-0.13639089465141296,-9.860821723937988,-0.6173482537269592
1788679082783056400,40.87405639648438,-0.14117653667926788,-9.856036186218262,-0.6269195079803467
1788679082800337000,40.8913369140625,-0.1698904037475586,-9.851250648498535,-0.6221339106559753
1788679082817617700,40.90861767578125,-0.16271193325519562,-9.841679573059082,-0.6317051649093628
1788679082834898400,40.9258984375,-0.16031911969184875,-9.836894035339355,-0.6197410821914673
1788679082852179000,40.943178955078125,-0.15553347766399384,-9.832108497619629,-0.6245267391204834
1788679082869459700,40.960459716796876,-0.15314064919948578,-9.832108497619629,-0.6269195079803467
1788679082886740200,40.977740234375,-0.15074782073497772,-9.846465110778809,-0.6197410821914673
1788679082904021000,40.99502099609375,-0.15553347766399384,-9.848857879638672,-0.6221339106559753
1788679082921301800,41.0123017578125,-0.1866401731967926,-9.848857879638672,-0.6197410821914673
1788679082938582500,41.02958251953125,-0.19381862878799438,-9.839286804199219,-0.6005984544754028
1788679082955863000,41.046863037109375,-0.18903298676013947,-9.848857879638672,-0.5958128571510315
1788679082973143800,41.06414379882813,-0.19142581522464752,-9.841679573059082,-0.6029912829399109
1788679082990424300,41.08142431640625,-0.1866401731967926,-9.851250648498535,-0.6005984544754028
1788679083007705000,41.098705078125,-0.20338992774486542,-9.844072341918945,-0.6005984544754028
1788679083024985900,41.11598583984375,-0.21296121180057526,-9.839286804199219,-0.6029912829399109
1788679083042266400,41.133266357421874,-0.2225325107574463,-9.841679573059082,-0.6005984544754028
1788679083059547100,41.150547119140626,-0.2153540402650833,-9.844072341918945,-0.5958128571510315
1788679083076827600,41.16782763671875,-0.2273181527853012,-9.848857879638672,-0.607776939868927
1788679083094108400,41.1851083984375,-0.22492532432079315,-9.841679573059082,-0.6005984544754028
1788679083111389200,41.20238916015625,-0.24167509377002716,-9.841679573059082,-0.5886343717575073
1788679083128670000,41.219669921875,-0.2225325107574463,-9.836894035339355,-0.5814558863639832
1788679083145950500,41.236950439453125,-0.23449662327766418,-9.832108497619629,-0.5838487148284912
1788679083163231200,41.254231201171876,-0.21296121180057526,-9.836894035339355,-0.605384111404419
1788679083180511700,41.27151171875,-0.2225325107574463,-9.844072341918945,-0.6029912829399109
1788679083197792500,41.28879248046875,-0.23688943684101105,-9.834501266479492,-0.5958128571510315
1788679083215073300,41.3060732421875,-0.23688943684101105,-9.839286804199219,-0.6005984544754028
1788679083232353800,41.323353759765624,-0.24406790733337402,-9.822537422180176,-0.6173482537269592
1788679083249634600,41.340634521484375,-0.24406790733337402,-9.81535816192627,-0.6269195079803467
1788679083266915000,41.3579150390625,-0.21296121180057526,-9.829715728759766,-0.6005984544754028
1788679083284195800,41.37519580078125,-0.2225325107574463,-9.841679573059082,-0.5742774605751038
1788679083301476600,41.3924765625,-0.20817556977272034,-9.841679573059082,-0.5814558863639832
1788679083318757000,41.40975708007812,-0.2225325107574463,-9.848857879638672,-0.6173482537269592
1788679083336038000,41.427037841796874,-0.23210379481315613,-9.865608215332031,-0.6197410821914673
1788679083353318700,41.444318603515626,-0.23688943684101105,-9.858428955078125,-0.576670229434967
1788679083370599200,41.46159912109375,-0.24646073579788208,-9.846465110778809,-0.5599204897880554
1788679083387880000,41.4788798828125,-0.23449662327766418,-9.827322959899902,-0.5335994362831116
1788679083405160400,41.49616040039062,-0.22971096634864807,-9.836894035339355,-0.5312066078186035
1788679083422441200,41.51344116210937,-0.23210379481315613,-9.817750930786133,-0.550349235534668
1788679083439722000,41.530721923828125,-0.2273181527853012,-9.844072341918945,-0.5455635786056519
1788679083457002500,41.54800244140625,-0.2105683982372284,-9.832108497619629,-0.5647061467170715
1788679083474283300,41.565283203125,-0.20099709928035736,-9.841679573059082,-0.5694918036460876
1788679083491563800,41.58256372070313,-0.20817556977272034,-9.848857879638672,-0.5958128571510315
1788679083508844500,41.59984448242187,-0.2105683982372284,-9.865608215332031,-0.5958128571510315
1788679083526125300,41.617125244140624,-0.18903298676013947,-9.851250648498535,-0.5982056856155396
1788679083543406000,41.634406005859375,-0.20099709928035736,-9.839286804199219,-0.6005984544754028
1788679083560686600,41.6516865234375,-0.20099709928035736,-9.832108497619629,-0.5814558863639832
1788679083577967000,41.66896704101563,-0.18903298676013947,-9.827322959899902,-0.5838487148284912
1788679083595247900,41.68624780273438,-0.19381862878799438,-9.829715728759766,-0.576670229434967
1788679083612528600,41.70352856445312,-0.19381862878799438,-9.839286804199219,-0.5718846321105957
1788679083629809400,41.720809326171874,-0.1986042857170105,-9.844072341918945,-0.5623133182525635
1788679083647090000,41.73808984375,-0.21296121180057526,-9.841679573059082,-0.5575276613235474
1788679083664370400,41.755370361328126,-0.2225325107574463,-9.834501266479492,-0.5647061467170715
1788679083681651200,41.77265112304688,-0.21774685382843018,-9.841679573059082,-0.5742774605751038
1788679083698932000,41.78993188476562,-0.23688943684101105,-9.841679573059082,-0.5742774605751038
1788679083716212700,41.80721264648437,-0.23449662327766418,-9.839286804199219,-0.5623133182525635
1788679083733493200,41.8244931640625,-0.23449662327766418,-9.834501266479492,-0.5886343717575073
1788679083750774000,41.84177392578125,-0.22492532432079315,-9.851250648498535,-0.5694918036460876
1788679083768054500,41.859054443359376,-0.2225325107574463,-9.858428955078125,-0.5694918036460876
1788679083785335000,41.8763349609375,-0.21774685382843018,-9.860821723937988,-0.5814558863639832
1788679083802615800,41.89361572265625,-0.20338992774486542,-9.839286804199219,-0.5814558863639832
1788679083819896600,41.910896484375,-0.20099709928035736,-9.839286804199219,-0.5886343717575073
1788679083837177000,41.928177001953124,-0.20578274130821228,-9.844072341918945,-0.5886343717575073
1788679083854457900,41.945457763671875,-0.21774685382843018,-9.824930191040039,-0.5814558863639832
1788679083871738400,41.96273828125,-0.20338992774486542,-9.836894035339355,-0.5814558863639832
1788679083889019100,41.98001904296875,-0.22013968229293823,-9.858428955078125,-0.5742774605751038
1788679083906300000,41.9972998046875,-0.2105683982372284,-9.848857879638672,-0.5814558863639832
1788679083923580400,42.01458032226562,-0.2392822653055191,-9.841679573059082,-0.5838487148284912
1788679083940861200,42.031861083984374,-0.2105683982372284,-9.841679573059082,-0.5718846321105957
1788679083958141700,42.0491416015625,-0.22492532432079315,-9.851250648498535,-0.5814558863639832
1788679083975422500,42.06642236328125,-0.21296121180057526,-9.860821723937988,-0.607776939868927
1788679083992703200,42.083703125,-0.20817556977272034,-9.863214492797852,-0.6221339106559753
1788679084009983700,42.10098364257812,-0.2105683982372284,-9.856036186218262,-0.6149554252624512
1788679084027264500,42.11826440429687,-0.2105683982372284,-9.846465110778809,-0.5982056856155396
1788679084044545000,42.135544921875,-0.22013968229293823,-9.81535816192627,-0.5934200286865234
1788679084061825800,42.15282568359375,-0.21296121180057526,-9.812965393066406,-0.5862415432929993
1788679084079106600,42.1701064453125,-0.19621145725250244,-9.817750930786133,-0.5455635786056519
1788679084096387000,42.18738696289063,-0.20338992774486542,-9.824930191040039,-0.5335994362831116
1788679084113667800,42.20466772460937,-0.20099709928035736,-9.856036186218262,-0.5551348328590393
1788679084130948400,42.2219482421875,-0.21296121180057526,-9.865608215332031,-0.5647061467170715
1788679084148229000,42.23922900390625,-0.20578274130821228,-9.846465110778809,-0.5647061467170715
1788679084165510000,42.25651000976563,-0.22971096634864807,-9.846465110778809,-0.5575276613235474
1788679084182790400,42.27379028320313,-0.24646073579788208,-9.834501266479492,-0.5647061467170715
1788679084200071200,42.2910712890625,-0.20338992774486542,-9.841679573059082,-0.5838487148284912
1788679084217351700,42.3083515625,-0.1986042857170105,-9.844072341918945,-0.5886343717575073
1788679084234632400,42.325632568359374,-0.20099709928035736,-9.848857879638672,-0.5814558863639832
1788679084251913200,42.342913330078126,-0.20578274130821228,-9.839286804199219,-0.5910272002220154
1788679084269193700,42.36019384765625,-0.22013968229293823,-9.827322959899902,-0.5862415432929993
1788679084286474500,42.377474609375,-0.21774685382843018,-9.832108497619629,-0.5790630578994751
1788679084303755000,42.39475512695312,-0.2225325107574463,-9.839286804199219,-0.5910272002220154
1788679084321035800,42.41203588867187,-0.21774685382843018,-9.846465110778809,-0.5934200286865234
1788679084338316300,42.42931640625,-0.24646073579788208,-9.851250648498535,-0.5862415432929993
1788679084355597000,42.44659716796875,-0.24406790733337402,-9.834501266479492,-0.5814558863639832
1788679084372877800,42.4638779296875,-0.22492532432079315,-9.848857879638672,-0.576670229434967
1788679084390158300,42.48115844726563,-0.2225325107574463,-9.841679573059082,-0.5623133182525635
1788679084407439000,42.49843920898437,-0.2225325107574463,-9.844072341918945,-0.576670229434967
1788679084424719600,42.5157197265625,-0.20578274130821228,-9.836894035339355,-0.5718846321105957
1788679084442000400,42.53300048828125,-0.21774685382843018,-9.827322959899902,-0.5718846321105957
1788679084459281200,42.55028125,-0.2153540402650833,-9.836894035339355,-0.5910272002220154
1788679084476561700,42.56756176757813,-0.20817556977272034,-9.827322959899902,-0.5958128571510315
1788679084493842400,42.58484252929688,-0.21296121180057526,-9.860821723937988,-0.6125625967979431
1788679084511123000,42.602123046875,-0.20578274130821228,-9.851250648498535,-0.6293123364448547
1788679084528403700,42.61940380859375,-0.20817556977272034,-9.834501266479492,-0.6269195079803467
1788679084545684200,42.636684326171874,-0.20338992774486542,-9.834501266479492,-0.6029912829399109
1788679084562965000,42.653965087890626,-0.18903298676013947,-9.822537422180176,-0.605384111404419
1788679084580245800,42.67124584960938,-0.18424734473228455,-9.832108497619629,-0.6029912829399109
1788679084597526300,42.6885263671875,-0.1986042857170105,-9.846465110778809,-0.6173482537269592
1788679084614807000,42.70580712890625,-0.18903298676013947,-9.856036186218262,-0.6245267391204834
1788679084632087600,42.72308764648437,-0.20578274130821228,-9.851250648498535,-0.6245267391204834
1788679084649368300,42.740368408203125,-0.1986042857170105,-9.836894035339355,-0.6149554252624512
1788679084666649000,42.757649169921876,-0.19142581522464752,-9.836894035339355,-0.6149554252624512
1788679084683929600,42.7749296875,-0.20338992774486542,-9.841679573059082,-0.5958128571510315
1788679084701210000,42.79221020507813,-0.16271193325519562,-9.848857879638672,-0.6005984544754028
1788679084718491000,42.80949096679687,-0.15314064919948578,-9.841679573059082,-0.6125625967979431
1788679084735771600,42.826771728515624,-0.16510476171970367,-9.827322959899902,-0.6269195079803467
1788679084753052200,42.84405224609375,-0.17228323221206665,-9.820143699645996,-0.6101697683334351
1788679084770333000,42.8613330078125,-0.16031911969184875,-9.851250648498535,-0.6005984544754028
1788679084787613400,42.87861352539063,-0.15553347766399384,-9.858428955078125,-0.641276478767395
1788679084804894200,42.89589428710938,-0.15553347766399384,-9.851250648498535,-0.6364908218383789
1788679084822175000,42.91317504882812,-0.16749759018421173,-9.844072341918945,-0.6436693072319031
1788679084839455500,42.93045556640625,-0.16271193325519562,-9.829715728759766,-0.6197410821914673
1788679084856736300,42.947736328125,-0.14356936514377594,-9.829715728759766,-0.6101697683334351
1788679084874016800,42.965016845703126,-0.17706887423992157,-9.836894035339355,-0.6101697683334351
1788679084891297500,42.98229760742188,-0.14117653667926788,-9.841679573059082,-0.5934200286865234
1788679084908578000,42.999578125,-0.15314064919948578,-9.836894035339355,-0.5862415432929993
1788679084925858800,43.01685888671875,-0.1579262912273407,-9.834501266479492,-0.5886343717575073
1788679084943139600,43.0341396484375,-0.17706887423992157,-9.856036186218262,-0.607776939868927
1788679084960420000,43.051420166015625,-0.1698904037475586,-9.858428955078125,-0.6364908218383789
1788679084977700900,43.068700927734376,-0.17946170270442963,-9.848857879638672,-0.6604190468788147
1788679084994981400,43.0859814453125,-0.1818545162677765,-9.848857879638672,-0.6747759580612183
1788679085012262100,43.10326220703125,-0.16031911969184875,-9.844072341918945,-0.6580262184143066
1788679085029542700,43.12054272460937,-0.14835500717163086,-9.839286804199219,-0.6580262184143066
1788679085046823400,43.137823486328124,-0.12203395366668701,-9.839286804199219,-0.638883650302887
1788679085064104200,43.155104248046875,-0.12203395366668701,-9.824930191040039,-0.6197410821914673
1788679085081384700,43.172384765625,-0.13160525262355804,-9.829715728759766,-0.6173482537269592
1788679085098665200,43.18966528320313,-0.1459621787071228,-9.832108497619629,-0.605384111404419
1788679085115946000,43.20694604492188,-0.1746760457754135,-9.836894035339355,-0.5814558863639832
1788679085133226800,43.22422680664062,-0.17706887423992157,-9.846465110778809,-0.5790630578994751
1788679085150507300,43.24150732421875,-0.1986042857170105,-9.846465110778809,-0.5599204897880554
1788679085167788000,43.2587880859375,-0.22492532432079315,-9.851250648498535,-0.5814558863639832
1788679085185068500,43.276068603515625,-0.21296121180057526,-9.841679573059082,-0.5910272002220154
1788679085202349300,43.29334936523438,-0.19142581522464752,-9.858428955078125,-0.605384111404419
1788679085219630000,43.31063012695312,-0.16510476171970367,-9.827322959899902,-0.6269195079803467
1788679085236910600,43.32791064453125,-0.17228323221206665,-9.827322959899902,-0.6173482537269592
1788679085254191400,43.34519140625,-0.1746760457754135,-9.834501266479492,-0.6197410821914673
1788679085271471900,43.362471923828124,-0.19381862878799438,-9.839286804199219,-0.605384111404419
1788679085288752600,43.379752685546876,-0.20578274130821228,-9.836894035339355,-0.5886343717575073
1788679085306033200,43.397033203125,-0.22492532432079315,-9.836894035339355,-0.6005984544754028
1788679085323314000,43.41431396484375,-0.2273181527853012,-9.846465110778809,-0.6005984544754028
1788679085340594400,43.43159448242187,-0.23449662327766418,-9.863214492797852,-0.5862415432929993
1788679085357875200,43.44887524414062,-0.2273181527853012,-9.858428955078125,-0.605384111404419
1788679085375156000,43.466156005859375,-0.2105683982372284,-9.868000984191895,-0.607776939868927
1788679085392436500,43.4834365234375,-0.18424734473228455,-9.858428955078125,-0.6005984544754028
1788679085409717200,43.50071728515625,-0.17946170270442963,-9.848857879638672,-0.6101697683334351
1788679085426997800,43.51799780273438,-0.16749759018421173,-9.839286804199219,-0.6149554252624512
1788679085444278500,43.53527856445312,-0.16271193325519562,-9.81535816192627,-0.6173482537269592
1788679085461559000,43.55255908203125,-0.13160525262355804,-9.824930191040039,-0.605384111404419
1788679085478839800,43.56983984375,-0.10049854964017868,-9.832108497619629,-0.6125625967979431
1788679085496120300,43.587120361328125,-0.10049854964017868,-9.841679573059082,-0.6317051649093628
1788679085513401000,43.60440112304688,-0.11246266216039658,-9.836894035339355,-0.6628118753433228
1788679085530681600,43.621681640625,-0.1339980661869049,-9.846465110778809,-0.6580262184143066
1788679085547962400,43.63896240234375,-0.11485548317432404,-9.841679573059082,-0.6747759580612183
1788679085565243100,43.6562431640625,-0.11724831163883209,-9.846465110778809,-0.6652047038078308
1788679085582523600,43.673523681640624,-0.12681959569454193,-9.844072341918945,-0.672383189201355
1788679085599804200,43.69080419921875,-0.13639089465141296,-9.868000984191895,-0.6532405614852905
1788679085617085000,43.7080849609375,-0.13639089465141296,-9.848857879638672,-0.6532405614852905
1788679085634365700,43.72536572265625,-0.16031911969184875,-9.846465110778809,-0.6556333899497986
1788679085651646200,43.74264624023437,-0.16031911969184875,-9.841679573059082,-0.6245267391204834
1788679085668927000,43.75992700195312,-0.16510476171970367,-9.836894035339355,-0.6340979933738708
1788679085686207500,43.77720751953125,-0.15314064919948578,-9.824930191040039,-0.6340979933738708
1788679085703488300,43.79448828125,-0.1579262912273407,-9.841679573059082,-0.641276478767395
1788679085720768800,43.811768798828126,-0.1746760457754135,-9.841679573059082,-0.6101697683334351
1788679085738049500,43.82904956054688,-0.1579262912273407,-9.836894035339355,-0.6149554252624512
1788679085755330300,43.84633032226562,-0.15553347766399384,-9.832108497619629,-0.6149554252624512
1788679085772610800,43.86361083984375,-0.16271193325519562,-9.848857879638672,-0.6269195079803467
1788679085789891600,43.8808916015625,-0.18424734473228455,-9.863214492797852,-0.6364908218383789
1788679085807172000,43.898172119140625,-0.16510476171970367,-9.846465110778809,-0.6245267391204834
1788679085824452900,43.91545288085938,-0.16510476171970367,-9.841679573059082,-0.6149554252624512
1788679085841733400,43.9327333984375,-0.1818545162677765,-9.848857879638672,-0.6125625967979431
1788679085859014100,43.95001416015625,-0.18424734473228455,-9.841679573059082,-0.5982056856155396
1788679085876294700,43.96729467773437,-0.19381862878799438,-9.841679573059082,-0.605384111404419
1788679085893575400,43.984575439453124,-0.17228323221206665,-9.832108497619629,-0.6340979933738708
1788679085910856000,44.00185595703125,-0.17228323221206665,-9.839286804199219,-0.6317051649093628
1788679085928136700,44.01913671875,-0.15314064919948578,-9.848857879638672,-0.6293123364448547
1788679085945417200,44.03641723632813,-0.17228323221206665,-9.844072341918945,-0.6149554252624512
1788679085962698000,44.05369799804687,-0.17228323221206665,-9.848857879638672,-0.6317051649093628
1788679085979978800,44.07097875976562,-0.1746760457754135,-9.827322959899902,-0.6460621356964111
1788679085997259300,44.08825927734375,-0.17706887423992157,-9.844072341918945,-0.6460621356964111
1788679086014540000,44.1055400390625,-0.17946170270442963,-9.829715728759766,-0.607776939868927
1788679086031820500,44.122820556640626,-0.17946170270442963,-9.834501266479492,-0.5910272002220154
1788679086049101300,44.14010131835938,-0.18424734473228455,-9.851250648498535,-0.6005984544754028
1788679086066381800,44.1573818359375,-0.2105683982372284,-9.851250648498535,-0.6101697683334351
1788679086083662600,44.17466259765625,-0.20817556977272034,-9.858428955078125,-0.5862415432929993
1788679086100943000,44.19194311523437,-0.20817556977272034,-9.853643417358398,-0.5982056856155396
1788679086118224000,44.209223876953125,-0.20817556977272034,-9.848857879638672,-0.5910272002220154
1788679086135504400,44.22650439453125,-0.18424734473228455,-9.832108497619629,-0.6005984544754028
1788679086152785200,44.24378515625,-0.17946170270442963,-9.836894035339355,-0.6029912829399109
1788679086170065700,44.26106567382813,-0.18903298676013947,-9.824930191040039,-0.5982056856155396
1788679086187346400,44.27834643554687,-0.17228323221206665,-9.829715728759766,-0.6005984544754028
1788679086204627200,44.295627197265624,-0.1818545162677765,-9.836894035339355,-0.5886343717575073
1788679086221907700,44.31290771484375,-0.19621145725250244,-9.834501266479492,-0.607776939868927
1788679086239188200,44.330188232421875,-0.21774685382843018,-9.844072341918945,-0.6197410821914673
1788679086256469000,44.34746899414063,-0.20578274130821228,-9.839286804199219,-0.6221339106559753
1788679086273749500,44.36474951171875,-0.20817556977272034,-9.853643417358398,-0.6173482537269592
1788679086291030300,44.3820302734375,-0.18424734473228455,-9.834501266479492,-0.6221339106559753
1788679086308311000,44.39931103515625,-0.1698904037475586,-9.844072341918945,-0.6340979933738708
1788679086325591600,44.416591552734374,-0.1698904037475586,-9.841679573059082,-0.6364908218383789
1788679086342872300,44.433872314453126,-0.15553347766399384,-9.846465110778809,-0.641276478767395
1788679086360152800,44.45115283203125,-0.14835500717163086,-9.841679573059082,-0.6317051649093628
1788679086377433600,44.46843359375,-0.17706887423992157,-9.846465110778809,-0.607776939868927
1788679086394714000,44.48571411132812,-0.1698904037475586,-9.846465110778809,-0.6149554252624512
1788679086411995000,44.50299487304687,-0.17706887423992157,-9.844072341918945,-0.6029912829399109
1788679086429275400,44.520275390625,-0.1698904037475586,-9.832108497619629,-0.5982056856155396
1788679086446556200,44.53755615234375,-0.17228323221206665,-9.839286804199219,-0.5886343717575073
1788679086463836700,44.554836669921876,-0.1746760457754135,-9.841679573059082,-0.607776939868927
1788679086481117400,44.57211743164063,-0.16749759018421173,-9.851250648498535,-0.6173482537269592
1788679086498398000,44.58939794921875,-0.16749759018421173,-9.841679573059082,-0.605384111404419
1788679086515678700,44.6066787109375,-0.16271193325519562,-9.839286804199219,-0.6317051649093628
1788679086532959200,44.62395922851562,-0.1698904037475586,-9.839286804199219,-0.6340979933738708
1788679086550240000,44.641239990234375,-0.19621145725250244,-9.834501266479492,-0.6460621356964111
1788679086567520500,44.6585205078125,-0.18424734473228455,-9.832108497619629,-0.6149554252624512
1788679086584801300,44.67580126953125,-0.19142581522464752,-9.841679573059082,-0.6005984544754028
1788679086602081800,44.69308178710938,-0.20099709928035736,-9.834501266479492,-0.607776939868927
1788679086619362600,44.71036254882812,-0.1986042857170105,-9.841679573059082,-0.6197410821914673
1788679086636643000,44.72764306640625,-0.1818545162677765,-9.841679573059082,-0.6221339106559753
1788679086653923800,44.744923828125,-0.17228323221206665,-9.848857879638672,-0.6125625967979431
1788679086671204600,44.76220458984375,-0.17228323221206665,-9.848857879638672,-0.6317051649093628
1788679086688485000,44.77948510742188,-0.17706887423992157,-9.839286804199219,-0.6173482537269592
1788679086705765600,44.796765625,-0.1746760457754135,-9.827322959899902,-0.605384111404419
1788679086723046400,44.81404638671875,-0.17228323221206665,-9.844072341918945,-0.6149554252624512
1788679086740327000,44.83132690429687,-0.16271193325519562,-9.824930191040039,-0.6149554252624512
1788679086757607700,44.848607666015624,-0.1818545162677765,-9.832108497619629,-0.6197410821914673
1788679086774888400,44.865888427734376,-0.17228323221206665,-9.853643417358398,-0.6149554252624512
1788679086792169000,44.8831689453125,-0.18903298676013947,-9.846465110778809,-0.6173482537269592
1788679086809449500,44.90044946289063,-0.17946170270442963,-9.846465110778809,-0.6245267391204834
1788679086826730200,44.91773022460937,-0.1866401731967926,-9.846465110778809,-0.6317051649093628
1788679086844010800,44.9350107421875,-0.17946170270442963,-9.839286804199219,-0.6293123364448547
1788679086861291500,44.95229150390625,-0.17228323221206665,-9.829715728759766,-0.605384111404419
1788679086878572300,44.969572265625,-0.16749759018421173,-9.841679573059082,-0.5982056856155396
1788679086895852800,44.986852783203126,-0.16749759018421173,-9.829715728759766,-0.5982056856155396
1788679086913133600,45.00413354492188,-0.19142581522464752,-9.844072341918945,-0.6005984544754028
1788679086930414000,45.0214140625,-0.19381862878799438,-9.844072341918945,-0.6029912829399109
1788679086947694600,45.03869458007812,-0.19621145725250244,-9.832108497619629,-0.605384111404419
1788679086964975400,45.055975341796874,-0.19381862878799438,-9.836894035339355,-0.6125625967979431
1788679086982256000,45.073256103515625,-0.19621145725250244,-9.844072341918945,-0.6269195079803467
1788679086999536600,45.09053662109375,-0.1986042857170105,-9.844072341918945,-0.6245267391204834
1788679087016817400,45.1078173828125,-0.16510476171970367,-9.848857879638672,-0.6173482537269592
1788679087034098000,45.12509790039063,-0.1746760457754135,-9.836894035339355,-0.6125625967979431
1788679087051378400,45.14237841796875,-0.18903298676013947,-9.834501266479492,-0.6173482537269592
1788679087068659200,45.1596591796875,-0.19621145725250244,-9.853643417358398,-0.6005984544754028
1788679087085939700,45.176939697265624,-0.19381862878799438,-9.832108497619629,-0.6029912829399109
1788679087103220500,45.194220458984375,-0.1986042857170105,-9.848857879638672,-0.6173482537269592
1788679087120501200,45.21150122070313,-0.19621145725250244,-9.846465110778809,-0.6173482537269592
1788679087137781800,45.22878173828125,-0.18424734473228455,-9.836894035339355,-0.6197410821914673
1788679087155062500,45.2460625,-0.18424734473228455,-9.827322959899902,-0.6149554252624512
1788679087172343000,45.26334301757812,-0.18903298676013947,-9.832108497619629,-0.605384111404419
1788679087189623600,45.28062353515625,-0.1866401731967926,-9.844072341918945,-0.5934200286865234
1788679087206904300,45.297904296875,-0.19621145725250244,-9.851250648498535,-0.607776939868927
1788679087224184800,45.315184814453126,-0.19142581522464752,-9.858428955078125,-0.5982056856155396
1788679087241465600,45.33246557617188,-0.20099709928035736,-9.848857879638672,-0.5910272002220154
1788679087258746400,45.34974633789062,-0.18424734473228455,-9.841679573059082,-0.5982056856155396
1788679087276027000,45.36702685546875,-0.16749759018421173,-9.839286804199219,-0.6125625967979431
1788679087293307400,45.38430737304687,-0.14117653667926788,-9.848857879638672,-0.6364908218383789
1788679087310588200,45.401588134765625,-0.11485548317432404,-9.853643417358398,-0.6675975322723389
1788679087327868700,45.41886865234375,-0.12442677468061447,-9.836894035339355,-0.6699903607368469
1788679087345149400,45.4361494140625,-0.1579262912273407,-9.841679573059082,-0.6604190468788147
1788679087362430200,45.45343017578125,-0.17706887423992157,-9.834501266479492,-0.638883650302887
1788679087379710700,45.47071069335937,-0.18903298676013947,-9.827322959899902,-0.6101697683334351
1788679087396991500,45.487991455078124,-0.19381862878799438,-9.834501266479492,-0.576670229434967
1788679087414272000,45.50527197265625,-0.1986042857170105,-9.851250648498535,-0.5694918036460876
1788679087431552500,45.522552490234375,-0.1698904037475586,-9.844072341918945,-0.5527420043945312
1788679087448833300,45.53983325195313,-0.19142581522464752,-9.848857879638672,-0.5790630578994751
1788679087466113800,45.55711376953125,-0.17706887423992157,-9.844072341918945,-0.6005984544754028
1788679087483394600,45.57439453125,-0.1698904037475586,-9.851250648498535,-0.6125625967979431
1788679087500675000,45.59167504882812,-0.17228323221206665,-9.841679573059082,-0.6149554252624512
1788679087517955800,45.608955810546874,-0.15074782073497772,-9.836894035339355,-0.6245267391204834
1788679087535236400,45.626236328125,-0.15553347766399384,-9.839286804199219,-0.6317051649093628
1788679087552517000,45.64351708984375,-0.14117653667926788,-9.839286804199219,-0.638883650302887
1788679087569797600,45.66079760742188,-0.15314064919948578,-9.844072341918945,-0.6556333899497986
1788679087587078400,45.67807836914063,-0.15314064919948578,-9.829715728759766,-0.6484549641609192
1788679087604359000,45.69535888671875,-0.13639089465141296,-9.844072341918945,-0.6221339106559753
1788679087621639700,45.7126396484375,-0.14117653667926788,-9.832108497619629,-0.6221339106559753
1788679087638920200,45.729920166015624,-0.15074782073497772,-9.832108497619629,-0.6340979933738708
1788679087656201000,45.747200927734376,-0.16749759018421173,-9.851250648498535,-0.6317051649093628
1788679087673481500,45.7644814453125,-0.1746760457754135,-9.853643417358398,-0.6364908218383789
1788679087690762200,45.78176220703125,-0.18903298676013947,-9.846465110778809,-0.6125625967979431
1788679087708042800,45.79904272460937,-0.22013968229293823,-9.846465110778809,-0.6173482537269592
1788679087725323500,45.81632348632812,-0.22013968229293823,-9.860821723937988,-0.6245267391204834
1788679087742604000,45.83360400390625,-0.16271193325519562,-9.839286804199219,-0.6149554252624512
1788679087759884800,45.850884765625,-0.14356936514377594,-9.827322959899902,-0.6173482537269592
1788679087777165300,45.868165283203126,-0.15553347766399384,-9.820143699645996,-0.6245267391204834
1788679087794445800,45.88544580078125,-0.13639089465141296,-9.80817985534668,-0.6197410821914673
1788679087811726600,45.9027265625,-0.15314064919948578,-9.822537422180176,-0.6197410821914673
1788679087829007000,45.92000708007812,-0.16031911969184875,-9.827322959899902,-0.638883650302887
1788679087846288000,45.93728784179687,-0.16031911969184875,-9.834501266479492,-0.6436693072319031
1788679087863568400,45.954568359375,-0.19621145725250244,-9.872786521911621,-0.6340979933738708
1788679087880849200,45.97184912109375,-0.2153540402650833,-9.860821723937988,-0.6436693072319031
1788679087898129700,45.989129638671876,-0.21296121180057526,-9.853643417358398,-0.638883650302887
1788679087915410400,46.00641040039063,-0.21296121180057526,-9.836894035339355,-0.6340979933738708
1788679087932691000,46.02369091796875,-0.18424734473228455,-9.81535816192627,-0.6173482537269592
1788679087949971700,46.0409716796875,-0.15553347766399384,-9.834501266479492,-0.6173482537269592
1788679087967252200,46.058252197265624,-0.18424734473228455,-9.820143699645996,-0.607776939868927
1788679087984533000,46.075532958984375,-0.16510476171970367,-9.827322959899902,-0.6221339106559753
1788679088001813500,46.0928134765625,-0.18424734473228455,-9.839286804199219,-0.6245267391204834
1788679088019094300,46.11009423828125,-0.1746760457754135,-9.839286804199219,-0.6508477330207825
1788679088036374800,46.12737475585938,-0.19142581522464752,-9.836894035339355,-0.6508477330207825
1788679088053655600,46.14465551757812,-0.18903298676013947,-9.856036186218262,-0.6484549641609192
1788679088070936000,46.16193603515625,-0.1866401731967926,-9.860821723937988,-0.6652047038078308
1788679088088216600,46.179216552734374,-0.14356936514377594,-9.851250648498535,-0.6556333899497986
1788679088105497300,46.196497314453126,-0.1339980661869049,-9.834501266479492,-0.6460621356964111
1788679088122778000,46.21377807617188,-0.11485548317432404,-9.839286804199219,-0.638883650302887
1788679088140058600,46.23105859375,-0.11724831163883209,-9.827322959899902,-0.6269195079803467
1788679088157339100,46.24833911132812,-0.15314064919948578,-9.829715728759766,-0.6293123364448547
1788679088174620000,46.26561987304687,-0.17946170270442963,-9.824930191040039,-0.6293123364448547
1788679088191900400,46.282900390625,-0.1866401731967926,-9.834501266479492,-0.6029912829399109
1788679088209181200,46.30018115234375,-0.19621145725250244,-9.844072341918945,-0.5958128571510315
1788679088226461700,46.317461669921876,-0.16271193325519562,-9.853643417358398,-0.607776939868927
1788679088243742500,46.33474243164063,-0.1579262912273407,-9.863214492797852,-0.6317051649093628
1788679088261023000,46.35202294921875,-0.15074782073497772,-9.860821723937988,-0.6340979933738708
1788679088278303700,46.3693037109375,-0.1459621787071228,-9.834501266479492,-0.6293123364448547
1788679088295584300,46.38658422851562,-0.15074782073497772,-9.846465110778809,-0.607776939868927
1788679088312865000,46.403864990234375,-0.1459621787071228,-9.836894035339355,-0.5958128571510315
1788679088330145500,46.4211455078125,-0.14117653667926788,-9.829715728759766,-0.5982056856155396
1788679088347426000,46.438426025390626,-0.14117653667926788,-9.829715728759766,-0.5982056856155396
1788679088364706800,46.45570678710938,-0.13639089465141296,-9.836894035339355,-0.605384111404419
1788679088381987300,46.4729873046875,-0.1579262912273407,-9.836894035339355,-0.6173482537269592
1788679088399268000,46.49026806640625,-0.1579262912273407,-9.839286804199219,-0.6269195079803467
1788679088416548600,46.507548583984374,-0.17228323221206665,-9.844072341918945,-0.6221339106559753
1788679088433829400,46.524829345703125,-0.15074782073497772,-9.846465110778809,-0.6149554252624512
1788679088451110000,46.54210986328125,-0.1339980661869049,-9.841679573059082,-0.6173482537269592
1788679088468390700,46.559390625,-0.15314064919948578,-9.841679573059082,-0.6293123364448547
1788679088485671200,46.57667114257813,-0.16510476171970367,-9.841679573059082,-0.6364908218383789
1788679088502951700,46.59395166015625,-0.15553347766399384,-9.839286804199219,-0.638883650302887
1788679088520232400,46.611232421875,-0.15314064919948578,-9.841679573059082,-0.638883650302887
1788679088537513000,46.628512939453124,-0.15553347766399384,-9.832108497619629,-0.6317051649093628
1788679088554793700,46.645793701171876,-0.16510476171970367,-9.841679573059082,-0.6460621356964111
1788679088572074200,46.66307421875,-0.15553347766399384,-9.841679573059082,-0.6460621356964111
1788679088589355000,46.68035498046875,-0.16031911969184875,-9.834501266479492,-0.6436693072319031
1788679088606635500,46.69763549804688,-0.16749759018421173,-9.836894035339355,-0.6364908218383789
1788679088623916000,46.714916015625,-0.16510476171970367,-9.839286804199219,-0.6436693072319031
1788679088641196800,46.73219677734375,-0.16510476171970367,-9.834501266479492,-0.6317051649093628
1788679088658477300,46.749477294921874,-0.16510476171970367,-9.834501266479492,-0.6436693072319031
1788679088675758000,46.766758056640626,-0.1698904037475586,-9.846465110778809,-0.6293123364448547
1788679088693038800,46.78403881835938,-0.16510476171970367,-9.836894035339355,-0.6269195079803467
1788679088710319400,46.8013193359375,-0.17228323221206665,-9.839286804199219,-0.6269195079803467
1788679088727599900,46.81859985351562,-0.1818545162677765,-9.844072341918945,-0.6364908218383789
1788679088744880600,46.83588061523437,-0.18424734473228455,-9.839286804199219,-0.6508477330207825
1788679088762161200,46.8531611328125,-0.1818545162677765,-9.839286804199219,-0.6460621356964111
1788679088779441700,46.870441650390624,-0.18424734473228455,-9.851250648498535,-0.6436693072319031
1788679088796722400,46.887722412109376,-0.18424734473228455,-9.858428955078125,-0.641276478767395
1788679088814003000,46.9050029296875,-0.19142581522464752,-9.839286804199219,-0.6484549641609192
1788679088831283700,46.92228369140625,-0.1866401731967926,-9.844072341918945,-0.638883650302887
1788679088848564200,46.93956420898437,-0.1866401731967926,-9.834501266479492,-0.6293123364448547
1788679088865845000,46.95684497070312,-0.16271193325519562,-9.846465110778809,-0.6173482537269592
1788679088883125500,46.97412548828125,-0.13639089465141296,-9.834501266479492,-0.6269195079803467
1788679088900406300,46.99140625,-0.14835500717163086,-9.848857879638672,-0.6245267391204834
1788679088917686800,47.008686767578126,-0.15314064919948578,-9.827322959899902,-0.6269195079803467
1788679088934967300,47.02596728515625,-0.15074782073497772,-9.834501266479492,-0.6173482537269592
1788679088952248000,47.043248046875,-0.17946170270442963,-9.844072341918945,-0.6269195079803467
1788679088969528600,47.06052856445312,-0.17706887423992157,-9.844072341918945,-0.6125625967979431
1788679088986809300,47.077809326171874,-0.18424734473228455,-9.839286804199219,-0.5814558863639832
1788679089004089900,47.09508984375,-0.17706887423992157,-9.841679573059082,-0.5814558863639832
1788679089021370600,47.11237060546875,-0.1698904037475586,-9.851250648498535,-0.5886343717575073
1788679089038651100,47.12965112304688,-0.1818545162677765,-9.856036186218262,-0.5982056856155396
1788679089055932000,47.14693188476563,-0.18424734473228455,-9.836894035339355,-0.5910272002220154
1788679089073212400,47.16421240234375,-0.20578274130821228,-9.844072341918945,-0.5982056856155396
1788679089090493000,47.18149291992187,-0.19621145725250244,-9.846465110778809,-0.605384111404419
1788679089107773700,47.198773681640624,-0.1818545162677765,-9.834501266479492,-0.607776939868927
1788679089125054200,47.21605419921875,-0.15074782073497772,-9.841679573059082,-0.6101697683334351
1788679089142335000,47.2333349609375,-0.1459621787071228,-9.839286804199219,-0.6173482537269592
1788679089159615500,47.25061547851563,-0.16031911969184875,-9.829715728759766,-0.6149554252624512
1788679089176896300,47.26789624023438,-0.1746760457754135,-9.827322959899902,-0.6173482537269592
1788679089194176800,47.2851767578125,-0.18424734473228455,-9.832108497619629,-0.6173482537269592
1788679089211457300,47.30245727539062,-0.17228323221206665,-9.834501266479492,-0.6005984544754028
1788679089228738000,47.319738037109374,-0.15553347766399384,-9.848857879638672,-0.5958128571510315
1788679089246018600,47.3370185546875,-0.17706887423992157,-9.851250648498535,-0.6029912829399109
1788679089263299000,47.354299072265626,-0.1818545162677765,-9.846465110778809,-0.6149554252624512
1788679089280579800,47.37157983398438,-0.17946170270442963,-9.851250648498535,-0.6197410821914673
1788679089297860400,47.3888603515625,-0.17228323221206665,-9.834501266479492,-0.6293123364448547
1788679089315141000,47.40614111328125,-0.18424734473228455,-9.829715728759766,-0.6436693072319031
1788679089332421600,47.42342163085937,-0.1746760457754135,-9.822537422180176,-0.6556333899497986
1788679089349702400,47.440702392578125,-0.16031911969184875,-9.839286804199219,-0.672383189201355
1788679089366983000,47.45798291015625,-0.13878370821475983,-9.844072341918945,-0.6556333899497986
1788679089384263700,47.475263671875,-0.1339980661869049,-9.832108497619629,-0.6269195079803467
1788679089401544200,47.49254418945313,-0.15553347766399384,-9.827322959899902,-0.6197410821914673
1788679089418824700,47.50982470703125,-0.15314064919948578,-9.832108497619629,-0.6269195079803467
1788679089436105500,47.52710546875,-0.18424734473228455,-9.848857879638672,-0.638883650302887
1788679089453386000,47.54438598632812,-0.1698904037475586,-9.853643417358398,-0.6340979933738708
1788679089470666800,47.561666748046875,-0.1818545162677765,-9.856036186218262,-0.638883650302887
1788679089487947300,47.578947265625,-0.18424734473228455,-9.851250648498535,-0.6436693072319031
1788679089505228000,47.59622802734375,-0.1986042857170105,-9.848857879638672,-0.6293123364448547
1788679089522508500,47.61350854492188,-0.1818545162677765,-9.834501266479492,-0.6125625967979431
1788679089539789000,47.6307890625,-0.17946170270442963,-9.836894035339355,-0.6005984544754028
1788679089557069800,47.64806982421875,-0.17706887423992157,-9.836894035339355,-0.6005984544754028
1788679089574350300,47.665350341796874,-0.18903298676013947,-9.848857879638672,-0.6149554252624512
1788679089591630800,47.682630859375,-0.19142581522464752,-9.836894035339355,-0.6197410821914673
1788679089608911600,47.69991162109375,-0.18903298676013947,-9.841679573059082,-0.6221339106559753
1788679089626192100,47.71719213867188,-0.18424734473228455,-9.822537422180176,-0.6173482537269592
1788679089643473000,47.73447290039063,-0.1818545162677765,-9.834501266479492,-0.638883650302887
1788679089660753400,47.75175341796875,-0.1986042857170105,-9.834501266479492,-0.6293123364448547
1788679089678034200,47.7690341796875,-0.1986042857170105,-9.839286804199219,-0.6245267391204834
1788679089695314700,47.786314697265624,-0.1986042857170105,-9.841679573059082,-0.607776939868927
1788679089712595200,47.80359521484375,-0.20817556977272034,-9.839286804199219,-0.5982056856155396
1788679089729876000,47.8208759765625,-0.19142581522464752,-9.834501266479492,-0.5838487148284912
1788679089747156500,47.83815649414063,-0.18903298676013947,-9.824930191040039,-0.5790630578994751
1788679089764437200,47.85543725585938,-0.17946170270442963,-9.829715728759766,-0.6029912829399109
1788679089781717800,47.8727177734375,-0.19142581522464752,-9.827322959899902,-0.6221339106559753
1788679089798998300,47.88999829101562,-0.20817556977272034,-9.851250648498535,-0.6173482537269592
1788679089816279000,47.907279052734374,-0.22013968229293823,-9.848857879638672,-0.607776939868927
1788679089833559600,47.9245595703125,-0.22971096634864807,-9.853643417358398,-0.5814558863639832
1788679089850840300,47.94184033203125,-0.20817556977272034,-9.841679573059082,-0.6029912829399109
1788679089868120800,47.95912084960938,-0.20578274130821228,-9.834501266479492,-0.5718846321105957
1788679089885401300,47.9764013671875,-0.20578274130821228,-9.836894035339355,-0.5718846321105957
1788679089902682000,47.99368212890625,-0.20578274130821228,-9.841679573059082,-0.5982056856155396
1788679089919962600,48.01096264648437,-0.22013968229293823,-9.846465110778809,-0.605384111404419
1788679089937243400,48.028243408203124,-0.22013968229293823,-9.841679573059082,-0.6005984544754028
1788679089954524000,48.04552392578125,-0.20099709928035736,-9.846465110778809,-0.5790630578994751
1788679089971804400,48.062804443359376,-0.1866401731967926,-9.853643417358398,-0.5934200286865234
1788679089989085200,48.08008520507813,-0.18903298676013947,-9.853643417358398,-0.6197410821914673
1788679090006366000,48.09736596679687,-0.17706887423992157,-9.834501266479492,-0.6436693072319031
1788679090023646500,48.114646484375,-0.1866401731967926,-9.832108497619629,-0.6245267391204834
1788679090040927000,48.13192700195312,-0.1818545162677765,-9.841679573059082,-0.6005984544754028
1788679090058207700,48.149207763671875,-0.19142581522464752,-9.836894035339355,-0.5958128571510315
1788679090075488300,48.16648828125,-0.20099709928035736,-9.841679573059082,-0.6005984544754028
1788679090092768800,48.183768798828126,-0.16031911969184875,-9.844072341918945,-0.5862415432929993
1788679090110049500,48.20104956054688,-0.1698904037475586,-9.839286804199219,-0.5647061467170715
1788679090127330000,48.218330078125,-0.20338992774486542,-9.836894035339355,-0.5670989751815796
1788679090144610600,48.23561059570312,-0.19142581522464752,-9.841679573059082,-0.576670229434967
1788679090161891300,48.25289135742187,-0.20578274130821228,-9.844072341918945,-0.5934200286865234
1788679090179171800,48.270171875,-0.19142581522464752,-9.848857879638672,-0.607776939868927
1788679090196452600,48.28745263671875,-0.18903298676013947,-9.834501266479492,-0.6029912829399109
1788679090213733000,48.304733154296876,-0.1698904037475586,-9.841679573059082,-0.6149554252624512
1788679090231014000,48.32201391601563,-0.16510476171970367,-9.832108497619629,-0.6340979933738708
1788679090248294400,48.33929443359375,-0.17946170270442963,-9.851250648498535,-0.6245267391204834
1788679090265575000,48.35657495117187,-0.17946170270442963,-9.858428955078125,-0.6293123364448547
1788679090282855700,48.373855712890624,-0.17706887423992157,-9.848857879638672,-0.6173482537269592
1788679090300136200,48.39113623046875,-0.17706887423992157,-9.846465110778809,-0.6269195079803467
1788679090317416700,48.408416748046875,-0.17946170270442963,-9.841679573059082,-0.6101697683334351
1788679090334697500,48.42569750976563,-0.19142581522464752,-9.832108497619629,-0.605384111404419
1788679090351978000,48.44297802734375,-0.2105683982372284,-9.836894035339355,-0.6029912829399109
1788679090369258800,48.4602587890625,-0.2153540402650833,-9.839286804199219,-0.6029912829399109
1788679090386539300,48.47753930664062,-0.20817556977272034,-9.836894035339355,-0.5886343717575073
1788679090403820000,48.494820068359374,-0.19142581522464752,-9.844072341918945,-0.5814558863639832
1788679090421100500,48.5121005859375,-0.19621145725250244,-9.839286804199219,-0.5862415432929993
1788679090438381000,48.529381103515625,-0.20578274130821228,-9.858428955078125,-0.6029912829399109
1788679090455661800,48.54666186523438,-0.20817556977272034,-9.836894035339355,-0.605384111404419
1788679090472942300,48.5639423828125,-0.19621145725250244,-9.841679573059082,-0.607776939868927
1788679090490222800,48.58122290039063,-0.19621145725250244,-9.851250648498535,-0.6269195079803467
1788679090507503600,48.59850366210937,-0.1986042857170105,-9.846465110778809,-0.6221339106559753
1788679090524784000,48.6157841796875,-0.2105683982372284,-9.836894035339355,-0.6029912829399109
1788679090542065000,48.63306494140625,-0.2153540402650833,-9.832108497619629,-0.5982056856155396
1788679090559345400,48.650345458984376,-0.2153540402650833,-9.834501266479492,-0.5862415432929993
1788679090576626200,48.66762622070313,-0.2273181527853012,-9.848857879638672,-0.5982056856155396
1788679090593906700,48.68490673828125,-0.20817556977272034,-9.834501266479492,-0.5910272002220154
1788679090611187200,48.70218725585938,-0.20099709928035736,-9.841679573059082,-0.5910272002220154
1788679090628467700,48.7194677734375,-0.23210379481315613,-9.841679573059082,-0.5623133182525635
1788679090645748500,48.73674853515625,-0.2225325107574463,-9.844072341918945,-0.5479564070701599
1788679090663029000,48.754029052734374,-0.24167509377002716,-9.844072341918945,-0.5527420043945312
1788679090680309800,48.771309814453126,-0.22013968229293823,-9.856036186218262,-0.5599204897880554
1788679090697590300,48.78859033203125,-0.23210379481315613,-9.832108497619629,-0.5790630578994751
1788679090714870800,48.80587084960938,-0.2225325107574463,-9.839286804199219,-0.5742774605751038
1788679090732151600,48.82315161132812,-0.2105683982372284,-9.844072341918945,-0.5647061467170715
1788679090749432000,48.84043212890625,-0.22013968229293823,-9.844072341918945,-0.5670989751815796
1788679090766712800,48.857712890625,-0.2105683982372284,-9.839286804199219,-0.5527420043945312
1788679090783993300,48.874993408203125,-0.19381862878799438,-9.824930191040039,-0.550349235534668
1788679090801273900,48.89227392578125,-0.1986042857170105,-9.824930191040039,-0.5670989751815796
1788679090818554600,48.9095546875,-0.22492532432079315,-9.834501266479492,-0.5575276613235474
1788679090835835100,48.92683520507813,-0.22492532432079315,-9.832108497619629,-0.550349235534668
1788679090853115600,48.94411572265625,-0.2392822653055191,-9.836894035339355,-0.5455635786056519
1788679090870396400,48.961396484375,-0.2273181527853012,-9.851250648498535,-0.5575276613235474
1788679090887677000,48.97867700195312,-0.23210379481315613,-9.853643417358398,-0.6029912829399109
1788679090904957700,48.995957763671875,-0.2105683982372284,-9.856036186218262,-0.607776939868927
1788679090922238200,49.01323828125,-0.18424734473228455,-9.848857879638672,-0.6029912829399109
1788679090939518700,49.030518798828126,-0.19142581522464752,-9.836894035339355,-0.6005984544754028
1788679090956799500,49.04779956054688,-0.20817556977272034,-9.836894035339355,-0.5958128571510315
1788679090974080000,49.065080078125,-0.23210379481315613,-9.827322959899902,-0.5742774605751038
1788679090991360500,49.08236059570312,-0.2560320198535919,-9.817750930786133,-0.5527420043945312
1788679091008641300,49.09964135742187,-0.24646073579788208,-9.836894035339355,-0.5383850932121277
1788679091025921800,49.116921875,-0.2584248483181,-9.834501266479492,-0.5240281820297241
1788679091043202300,49.134202392578125,-0.26081767678260803,-9.839286804199219,-0.5431707501411438
1788679091060483000,49.151483154296876,-0.24885354936122894,-9.853643417358398,-0.5599204897880554
1788679091077763600,49.168763671875,-0.2512463629245758,-9.856036186218262,-0.5718846321105957
1788679091095044400,49.18604443359375,-0.24167509377002716,-9.846465110778809,-0.5790630578994751
1788679091112324900,49.20332495117187,-0.2225325107574463,-9.844072341918945,-0.5886343717575073
1788679091129605600,49.220605712890624,-0.21774685382843018,-9.846465110778809,-0.5982056856155396
1788679091146886100,49.23788623046875,-0.20817556977272034,-9.836894035339355,-0.5982056856155396
1788679091164166700,49.255166748046875,-0.20338992774486542,-9.839286804199219,-0.5934200286865234
1788679091181447400,49.27244750976563,-0.20099709928035736,-9.832108497619629,-0.5982056856155396
1788679091198728000,49.28972802734375,-0.2153540402650833,-9.841679573059082,-0.576670229434967
1788679091216008400,49.30700854492188,-0.2105683982372284,-9.832108497619629,-0.5742774605751038
1788679091233289200,49.32428930664062,-0.2153540402650833,-9.841679573059082,-0.5623133182525635
1788679091250569700,49.34156982421875,-0.21774685382843018,-9.839286804199219,-0.5670989751815796
1788679091267850200,49.358850341796874,-0.2105683982372284,-9.817750930786133,-0.5647061467170715
1788679091285131000,49.376131103515625,-0.1866401731967926,-9.851250648498535,-0.5312066078186035
1788679091302411500,49.39341162109375,-0.1866401731967926,-9.853643417358398,-0.5455635786056519
1788679091319692300,49.4106923828125,-0.1986042857170105,-9.846465110778809,-0.5718846321105957
1788679091336972800,49.42797290039063,-0.20338992774486542,-9.846465110778809,-0.5958128571510315
1788679091354253300,49.44525341796875,-0.18903298676013947,-9.848857879638672,-0.6101697683334351
1788679091371534000,49.4625341796875,-0.21296121180057526,-9.841679573059082,-0.6173482537269592
1788679091388814600,49.479814697265624,-0.19621145725250244,-9.839286804199219,-0.6125625967979431
1788679091406095000,49.49709521484375,-0.20817556977272034,-9.851250648498535,-0.5934200286865234
1788679091423376000,49.5143759765625,-0.19621145725250244,-9.851250648498535,-0.5934200286865234
1788679091440656400,49.53165649414063,-0.20817556977272034,-9.846465110778809,-0.5934200286865234
1788679091457937000,49.54893701171875,-0.23449662327766418,-9.848857879638672,-0.5862415432929993
1788679091475217700,49.5662177734375,-0.22492532432079315,-9.844072341918945,-0.5790630578994751
1788679091492498200,49.58349829101562,-0.24167509377002716,-9.834501266479492,-0.6029912829399109
1788679091509779000,49.600779052734374,-0.23210379481315613,-9.856036186218262,-0.6149554252624512
1788679091527059500,49.6180595703125,-0.2392822653055191,-9.853643417358398,-0.6317051649093628
1788679091544340000,49.635340087890626,-0.22013968229293823,-9.841679573059082,-0.6197410821914673
1788679091561620700,49.65262084960938,-0.24406790733337402,-9.851250648498535,-0.6197410821914673
1788679091578901200,49.6699013671875,-0.24406790733337402,-9.846465110778809,-0.6293123364448547
1788679091596181800,49.687181640625,-0.2225325107574463,-9.829715728759766,-0.6293123364448547
1788679091613462500,49.70446264648437,-0.23449662327766418,-9.829715728759766,-0.6245267391204834
1788679091630743000,49.72174291992187,-0.22013968229293823,-9.834501266479492,-0.6221339106559753
1788679091648023600,49.7390234375,-0.22492532432079315,-9.853643417358398,-0.6221339106559753
1788679091665304300,49.75630419921875,-0.22013968229293823,-9.846465110778809,-0.6317051649093628
1788679091682584800,49.773584716796876,-0.23688943684101105,-9.841679573059082,-0.6532405614852905
1788679091699865300,49.790865234375,-0.23449662327766418,-9.839286804199219,-0.6317051649093628
1788679091717146000,49.80814599609375,-0.20578274130821228,-9.839286804199219,-0.6125625967979431
1788679091734426600,49.82542651367187,-0.19142581522464752,-9.863214492797852,-0.5982056856155396
1788679091751707100,49.84270703125,-0.1746760457754135,-9.829715728759766,-0.5790630578994751
1788679091768988000,49.85998779296875,-0.19381862878799438,-9.827322959899902,-0.5551348328590393
1788679091786268400,49.877268310546874,-0.1986042857170105,-9.846465110778809,-0.5288137793540955
1788679091803549200,49.894549072265626,-0.21296121180057526,-9.839286804199219,-0.5455635786056519
1788679091820829700,49.91182958984375,-0.20338992774486542,-9.832108497619629,-0.5718846321105957
1788679091838110200,49.92911010742188,-0.21296121180057526,-9.834501266479492,-0.5862415432929993
1788679091855390700,49.946390625,-0.20817556977272034,-9.836894035339355,-0.6149554252624512
1788679091872671500,49.96367138671875,-0.21296121180057526,-9.839286804199219,-0.5862415432929993
1788679091889952000,49.98095190429687,-0.1986042857170105,-9.848857879638672,-0.5694918036460876
1788679091907232800,49.998232666015625,-0.2273181527853012,-9.844072341918945,-0.5790630578994751
1788679091924513300,50.01551318359375,-0.1986042857170105,-9.860821723937988,-0.5934200286865234
1788679091941793800,50.032793701171876,-0.1818545162677765,-9.841679573059082,-0.5838487148284912
1788679091959074600,50.05007446289063,-0.22013968229293823,-9.844072341918945,-0.576670229434967
1788679091976355000,50.06735498046875,-0.2273181527853012,-9.841679573059082,-0.5623133182525635
1788679091993635600,50.08463549804687,-0.22971096634864807,-9.839286804199219,-0.5455635786056519
1788679092010916400,50.10191625976562,-0.22492532432079315,-9.844072341918945,-0.5575276613235474
1788679092028196900,50.11919677734375,-0.21296121180057526,-9.832108497619629,-0.5694918036460876
1788679092045477600,50.1364775390625,-0.2512463629245758,-9.848857879638672,-0.5814558863639832
1788679092062758100,50.153758056640626,-0.23449662327766418,-9.860821723937988,-0.605384111404419
1788679092080038700,50.17103857421875,-0.20099709928035736,-9.844072341918945,-0.6149554252624512
1788679092097319200,50.18831909179688,-0.20338992774486542,-9.836894035339355,-0.6125625967979431
1788679092114599700,50.205599609375,-0.19142581522464752,-9.836894035339355,-0.5982056856155396
1788679092131880400,50.22288037109375,-0.2225325107574463,-9.844072341918945,-0.6125625967979431
1788679092149161000,50.24016088867187,-0.2225325107574463,-9.841679573059082,-0.6101697683334351
1788679092166441700,50.257441650390625,-0.2392822653055191,-9.824930191040039,-0.6029912829399109
1788679092183722200,50.27472216796875,-0.24406790733337402,-9.841679573059082,-0.5742774605751038
1788679092201002800,50.292002685546876,-0.24646073579788208,-9.836894035339355,-0.5742774605751038
1788679092218283500,50.30928344726563,-0.24885354936122894,-9.841679573059082,-0.5623133182525635
1788679092235564000,50.32656396484375,-0.2560320198535919,-9.839286804199219,-0.550349235534668
1788679092252844800,50.3438447265625,-0.24406790733337402,-9.848857879638672,-0.5527420043945312
1788679092270125300,50.361125244140624,-0.23688943684101105,-9.851250648498535,-0.5575276613235474
1788679092287405800,50.37840576171875,-0.23449662327766418,-9.846465110778809,-0.5790630578994751
1788679092304686600,50.3956865234375,-0.24406790733337402,-9.841679573059082,-0.5790630578994751
1788679092321967000,50.41296704101563,-0.26560330390930176,-9.836894035339355,-0.5718846321105957
1788679092339247600,50.43024755859375,-0.22971096634864807,-9.841679573059082,-0.5647061467170715
1788679092356528000,50.44752807617188,-0.24406790733337402,-9.846465110778809,-0.5790630578994751
1788679092373809000,50.46480883789062,-0.24646073579788208,-9.836894035339355,-0.5910272002220154
1788679092391089400,50.48208935546875,-0.22971096634864807,-9.841679573059082,-0.5982056856155396
1788679092408370000,50.499369873046874,-0.21296121180057526,-9.851250648498535,-0.5934200286865234
1788679092425650700,50.516650634765625,-0.21774685382843018,-9.844072341918945,-0.5742774605751038
1788679092442931200,50.53393115234375,-0.20578274130821228,-9.827322959899902,-0.5838487148284912
1788679092460211700,50.55121166992188,-0.21774685382843018,-9.827322959899902,-0.5790630578994751
1788679092477492500,50.56849243164063,-0.20338992774486542,-9.841679573059082,-0.5814558863639832
1788679092494773000,50.58577294921875,-0.22013968229293823,-9.841679573059082,-0.576670229434967
1788679092512053500,50.60305346679687,-0.2225325107574463,-9.846465110778809,-0.550349235534668
1788679092529334300,50.620334228515624,-0.23449662327766418,-9.834501266479492,-0.550349235534668
1788679092546614800,50.63761474609375,-0.2392822653055191,-9.853643417358398,-0.5551348328590393
1788679092563895600,50.6548955078125,-0.24885354936122894,-9.836894035339355,-0.5575276613235474
1788679092581176000,50.67217602539063,-0.2273181527853012,-9.844072341918945,-0.5599204897880554
1788679092598456600,50.68945654296875,-0.20817556977272034,-9.858428955078125,-0.5694918036460876
1788679092615737000,50.70673706054688,-0.22013968229293823,-9.834501266479492,-0.5790630578994751
1788679092633017600,50.724017578125,-0.23449662327766418,-9.836894035339355,-0.5886343717575073
1788679092650298400,50.74129833984375,-0.22971096634864807,-9.834501266479492,-0.576670229434967
1788679092667579000,50.758578857421874,-0.2273181527853012,-9.827322959899902,-0.5790630578994751
1788679092684859600,50.775859619140626,-0.21774685382843018,-9.853643417358398,-0.5814558863639832
1788679092702140200,50.79314013671875,-0.2273181527853012,-9.853643417358398,-0.5694918036460876
1788679092719420700,50.81042065429688,-0.22971096634864807,-9.846465110778809,-0.5551348328590393
1788679092736701400,50.82770141601563,-0.23210379481315613,-9.834501266479492,-0.5312066078186035
1788679092753982000,50.84498193359375,-0.23210379481315613,-9.844072341918945,-0.550349235534668
1788679092771262500,50.86226245117187,-0.22971096634864807,-9.829715728759766,-0.550349235534668
1788679092788543200,50.879543212890624,-0.24406790733337402,-9.841679573059082,-0.5814558863639832
1788679092805823700,50.89682373046875,-0.24167509377002716,-9.856036186218262,-0.5838487148284912
1788679092823104300,50.914104248046876,-0.23449662327766418,-9.844072341918945,-0.5814558863639832
1788679092840385000,50.93138500976563,-0.24646073579788208,-9.846465110778809,-0.5814558863639832
1788679092857665500,50.94866552734375,-0.24406790733337402,-9.836894035339355,-0.5814558863639832
1788679092874946000,50.96594604492188,-0.2392822653055191,-9.841679573059082,-0.5958128571510315
1788679092892226600,50.9832265625,-0.2273181527853012,-9.841679573059082,-0.6005984544754028
1788679092909507300,51.00050732421875,-0.2273181527853012,-9.846465110778809,-0.5886343717575073
1788679092926787800,51.017787841796874,-0.2392822653055191,-9.834501266479492,-0.5814558863639832
1788679092944068400,51.035068359375,-0.2560320198535919,-9.834501266479492,-0.5910272002220154
1788679092961349000,51.05234912109375,-0.25363919138908386,-9.824930191040039,-0.5718846321105957
1788679092978629600,51.06962963867188,-0.28235307335853577,-9.820143699645996,-0.5838487148284912
1788679092995910100,51.08691015625,-0.29431718587875366,-9.836894035339355,-0.5718846321105957
1788679093013191000,51.10419091796875,-0.2919243574142456,-9.844072341918945,-0.5359922647476196
1788679093030471400,51.12147143554687,-0.28953152894973755,-9.839286804199219,-0.519242525100708
1788679093047752000,51.138751953125,-0.275174617767334,-9.846465110778809,-0.550349235534668
1788679093065032700,51.15603271484375,-0.2584248483181,-9.841679573059082,-0.5647061467170715
1788679093082313200,51.173313232421876,-0.25363919138908386,-9.836894035339355,-0.5742774605751038
1788679093099593700,51.19059375,-0.26081767678260803,-9.834501266479492,-0.6029912829399109
1788679093116874500,51.20787451171875,-0.27038896083831787,-9.836894035339355,-0.6149554252624512
1788679093134155000,51.22515502929687,-0.2584248483181,-9.839286804199219,-0.605384111404419
1788679093151435500,51.242435546875,-0.24646073579788208,-9.848857879638672,-0.5958128571510315
1788679093168716000,51.25971606445312,-0.2392822653055191,-9.844072341918945,-0.5862415432929993
1788679093185996800,51.276996826171874,-0.2512463629245758,-9.836894035339355,-0.5886343717575073
1788679093203277300,51.29427734375,-0.23688943684101105,-9.836894035339355,-0.5718846321105957
1788679093220557800,51.311557861328126,-0.2225325107574463,-9.839286804199219,-0.5670989751815796
1788679093237838300,51.32883837890625,-0.23210379481315613,-9.824930191040039,-0.5718846321105957
1788679093255119000,51.346119140625,-0.23449662327766418,-9.824930191040039,-0.5599204897880554
1788679093272399600,51.36339965820312,-0.24885354936122894,-9.832108497619629,-0.5527420043945312
1788679093289680400,51.38068041992187,-0.24406790733337402,-9.844072341918945,-0.5718846321105957
1788679093306961000,51.3979609375,-0.26560330390930176,-9.860821723937988,-0.5814558863639832
1788679093324241400,51.415241455078124,-0.2560320198535919,-9.865608215332031,-0.5790630578994751
1788679093341522000,51.43252197265625,-0.22971096634864807,-9.853643417358398,-0.5551348328590393
1788679093358802700,51.449802734375,-0.24406790733337402,-9.841679573059082,-0.5599204897880554
1788679093376083200,51.46708325195313,-0.21774685382843018,-9.829715728759766,-0.5527420043945312
1788679093393364000,51.48436401367187,-0.2105683982372284,-9.81535816192627,-0.5623133182525635
1788679093410644500,51.50164453125,-0.20817556977272034,-9.810572624206543,-0.5886343717575073
1788679093427925000,51.51892504882812,-0.21296121180057526,-9.839286804199219,-0.5862415432929993
1788679093445205500,51.53620556640625,-0.22013968229293823,-9.848857879638672,-0.6005984544754028
1788679093462486300,51.553486328125,-0.22971096634864807,-9.832108497619629,-0.5958128571510315
1788679093479766800,51.570766845703126,-0.2153540402650833,-9.858428955078125,-0.5910272002220154
1788679093497047300,51.58804736328125,-0.2153540402650833,-9.851250648498535,-0.5886343717575073
1788679093514327800,51.60532788085938,-0.22971096634864807,-9.853643417358398,-0.6005984544754028
1788679093531608600,51.62260864257812,-0.24406790733337402,-9.853643417358398,-0.5910272002220154
1788679093548889000,51.63988916015625,-0.22971096634864807,-9.846465110778809,-0.5862415432929993
1788679093566169600,51.65716967773437,-0.2225325107574463,-9.834501266479492,-0.576670229434967
1788679093583450400,51.674450439453125,-0.24885354936122894,-9.846465110778809,-0.5742774605751038
1788679093600731000,51.69173095703125,-0.23210379481315613,-9.839286804199219,-0.5814558863639832
1788679093618011400,51.709011474609376,-0.21296121180057526,-9.848857879638672,-0.5790630578994751
1788679093635292200,51.72629223632813,-0.21296121180057526,-9.841679573059082,-0.576670229434967
1788679093652572700,51.74357275390625,-0.1986042857170105,-9.824930191040039,-0.5670989751815796
1788679093669853200,51.76085327148437,-0.20099709928035736,-9.798608779907227,-0.5814558863639832
1788679093687133700,51.7781337890625,-0.20817556977272034,-9.822537422180176,-0.5838487148284912
1788679093704414500,51.79541455078125,-0.21774685382843018,-9.848857879638672,-0.5814558863639832
1788679093721695000,51.812695068359375,-0.2225325107574463,-9.858428955078125,-0.5886343717575073
1788679093738975500,51.8299755859375,-0.20338992774486542,-9.836894035339355,-0.6005984544754028
1788679093756256300,51.84725634765625,-0.2153540402650833,-9.844072341918945,-0.6221339106559753
1788679093773536800,51.86453686523438,-0.21296121180057526,-9.844072341918945,-0.6532405614852905
1788679093790817300,51.8818173828125,-0.2273181527853012,-9.848857879638672,-0.6460621356964111
1788679093808098000,51.89909814453125,-0.24406790733337402,-9.836894035339355,-0.6340979933738708
1788679093825378600,51.91637866210937,-0.23688943684101105,-9.832108497619629,-0.5623133182525635
1788679093842659000,51.9336591796875,-0.24646073579788208,-9.832108497619629,-0.5288137793540955
1788679093859939600,51.950939697265625,-0.24406790733337402,-9.829715728759766,-0.5264210104942322
1788679093877220400,51.968220458984376,-0.23688943684101105,-9.844072341918945,-0.5312066078186035
1788679093894500900,51.9855009765625,-0.22492532432079315,-9.839286804199219,-0.5527420043945312
1788679093911781400,52.00278149414063,-0.24167509377002716,-9.848857879638672,-0.5670989751815796
1788679093929062000,52.02006176757813,-0.22492532432079315,-9.836894035339355,-0.5479564070701599
1788679093946342700,52.0373427734375,-0.2584248483181,-9.817750930786133,-0.5982056856155396
1788679093963623200,52.054623046875,-0.2512463629245758,-9.856036186218262,-0.6364908218383789
1788679093980903700,52.07190356445312,-0.2225325107574463,-9.882357597351074,-0.605384111404419
1788679093998184400,52.089184326171875,-0.22492532432079315,-9.836894035339355,-0.576670229434967
1788679094015465000,52.10646484375,-0.22971096634864807,-9.820143699645996,-0.5910272002220154
1788679094032745500,52.123745361328126,-0.21774685382843018,-9.81535816192627,-0.5670989751815796
1788679094050026200,52.14102612304688,-0.21774685382843018,-9.812965393066406,-0.550349235534668
1788679094067306800,52.158306640625,-0.1986042857170105,-9.832108497619629,-0.5551348328590393
1788679094084587300,52.17558715820312,-0.1986042857170105,-9.832108497619629,-0.5718846321105957
1788679094101868000,52.19286791992187,-0.22971096634864807,-9.846465110778809,-0.5958128571510315
1788679094119148500,52.2101484375,-0.23449662327766418,-9.870393753051758,-0.5862415432929993
1788679094136429000,52.227428955078125,-0.2392822653055191,-9.863214492797852,-0.5862415432929993
1788679094153709600,52.24470947265625,-0.24646073579788208,-9.846465110778809,-0.6005984544754028
1788679094170990300,52.261990234375,-0.2273181527853012,-9.839286804199219,-0.605384111404419
1788679094188270800,52.27927075195313,-0.22971096634864807,-9.836894035339355,-0.5982056856155396
1788679094205551400,52.29655126953125,-0.22971096634864807,-9.829715728759766,-0.5958128571510315
1788679094222831900,52.31383178710937,-0.22013968229293823,-9.839286804199219,-0.5647061467170715
1788679094240112600,52.33111254882812,-0.23210379481315613,-9.827322959899902,-0.5886343717575073
1788679094257393200,52.34839306640625,-0.21296121180057526,-9.839286804199219,-0.6005984544754028
1788679094274673700,52.365673583984375,-0.2225325107574463,-9.856036186218262,-0.6101697683334351
1788679094291954200,52.3829541015625,-0.2225325107574463,-9.844072341918945,-0.6293123364448547
1788679094309235000,52.40023486328125,-0.22492532432079315,-9.853643417358398,-0.6317051649093628
1788679094326515500,52.41751538085938,-0.22013968229293823,-9.848857879638672,-0.6364908218383789
1788679094343796000,52.4347958984375,-0.20578274130821228,-9.841679573059082,-0.638883650302887
1788679094361076700,52.45207666015625,-0.19142581522464752,-9.841679573059082,-0.6221339106559753
1788679094378357200,52.46935717773437,-0.20099709928035736,-9.829715728759766,-0.6245267391204834
1788679094395637800,52.4866376953125,-0.1986042857170105,-9.824930191040039,-0.6436693072319031
1788679094412918300,52.503918212890625,-0.1818545162677765,-9.820143699645996,-0.6364908218383789
1788679094430199000,52.521198974609376,-0.1986042857170105,-9.841679573059082,-0.641276478767395
1788679094447479600,52.5384794921875,-0.20338992774486542,-9.863214492797852,-0.6317051649093628
1788679094464760000,52.55576000976563,-0.1866401731967926,-9.848857879638672,-0.6317051649093628
1788679094482040800,52.57304077148437,-0.19142581522464752,-9.851250648498535,-0.6197410821914673
1788679094499321300,52.5903212890625,-0.20338992774486542,-9.836894035339355,-0.6245267391204834
1788679094516601900,52.60760180664062,-0.20338992774486542,-9.832108497619629,-0.6029912829399109
1788679094533882600,52.624882568359375,-0.19621145725250244,-9.839286804199219,-0.6245267391204834
1788679094551163100,52.6421630859375,-0.18903298676013947,-9.851250648498535,-0.6221339106559753
1788679094568443600,52.659443603515626,-0.1818545162677765,-9.839286804199219,-0.6221339106559753
1788679094585724200,52.67672412109375,-0.17946170270442963,-9.836894035339355,-0.6221339106559753
1788679094603005000,52.6940048828125,-0.19621145725250244,-9.856036186218262,-0.6364908218383789
1788679094620285400,52.71128540039062,-0.1818545162677765,-9.829715728759766,-0.6317051649093628
1788679094637566000,52.72856591796875,-0.19142581522464752,-9.827322959899902,-0.6245267391204834
1788679094654846500,52.74584643554687,-0.19142581522464752,-9.829715728759766,-0.5934200286865234
1788679094672127000,52.763126953125,-0.18424734473228455,-9.851250648498535,-0.5910272002220154
1788679094689407700,52.78040771484375,-0.20099709928035736,-9.853643417358398,-0.5886343717575073
1788679094706688300,52.797688232421876,-0.21296121180057526,-9.856036186218262,-0.6029912829399109
1788679094723968800,52.81496875,-0.19621145725250244,-9.863214492797852,-0.6101697683334351
1788679094741249300,52.83224926757813,-0.1986042857170105,-9.858428955078125,-0.6149554252624512
1788679094758530000,52.84953002929687,-0.1866401731967926,-9.839286804199219,-0.5982056856155396
1788679094775810600,52.866810546875,-0.1866401731967926,-9.841679573059082,-0.6125625967979431
1788679094793091000,52.88409106445312,-0.1698904037475586,-9.836894035339355,-0.5862415432929993
1788679094810371800,52.901371826171875,-0.16510476171970367,-9.829715728759766,-0.5886343717575073
1788679094827652400,52.91865234375,-0.17228323221206665,-9.841679573059082,-0.6173482537269592
1788679094844932900,52.935932861328126,-0.16749759018421173,-9.848857879638672,-0.6245267391204834
1788679094862213600,52.95321362304688,-0.1698904037475586,-9.841679573059082,-0.6149554252624512
1788679094879494100,52.970494140625,-0.18903298676013947,-9.846465110778809,-0.6101697683334351
1788679094896774700,52.98777465820312,-0.17706887423992157,-9.846465110778809,-0.6245267391204834
1788679094914055200,53.00505517578125,-0.16510476171970367,-9.829715728759766,-0.6221339106559753
1788679094931336000,53.0223359375,-0.16749759018421173,-9.836894035339355,-0.6173482537269592
1788679094948616400,53.039616455078125,-0.15074782073497772,-9.836894035339355,-0.6149554252624512
1788679094965897000,53.05689697265625,-0.16510476171970367,-9.832108497619629,-0.6005984544754028
1788679094983177500,53.074177490234376,-0.17946170270442963,-9.846465110778809,-0.6125625967979431
1788679095000458200,53.09145825195313,-0.17228323221206665,-9.832108497619629,-0.6173482537269592
1788679095017738800,53.10873876953125,-0.16510476171970367,-9.836894035339355,-0.6101697683334351
1788679095035019300,53.12601928710937,-0.16271193325519562,-9.846465110778809,-0.6269195079803467
1788679095052299800,53.1432998046875,-0.1579262912273407,-9.846465110778809,-0.641276478767395
1788679095069580500,53.16058056640625,-0.1698904037475586,-9.844072341918945,-0.6436693072319031
1788679095086861000,53.177861083984375,-0.17228323221206665,-9.836894035339355,-0.6245267391204834
1788679095104141600,53.1951416015625,-0.17706887423992157,-9.832108497619629,-0.6245267391204834
1788679095121422000,53.212422119140626,-0.1698904037475586,-9.827322959899902,-0.6173482537269592
1788679095138702800,53.22970288085938,-0.1866401731967926,-9.829715728759766,-0.6173482537269592
1788679095155983400,53.2469833984375,-0.19381862878799438,-9.853643417358398,-0.6317051649093628
1788679095173264000,53.26426391601562,-0.17228323221206665,-9.858428955078125,-0.6245267391204834
1788679095190544400,53.28154443359375,-0.17706887423992157,-9.848857879638672,-0.6317051649093628
1788679095207825000,53.29882495117187,-0.17706887423992157,-9.834501266479492,-0.638883650302887
1788679095225105700,53.316105712890625,-0.1746760457754135,-9.834501266479492,-0.6532405614852905
1788679095242386200,53.33338623046875,-0.1746760457754135,-9.836894035339355,-0.6604190468788147
1788679095259666700,53.350666748046876,-0.16749759018421173,-9.846465110778809,-0.6508477330207825
1788679095276947200,53.367947265625,-0.16749759018421173,-9.856036186218262,-0.6556333899497986
1788679095294228000,53.38522802734375,-0.1698904037475586,-9.836894035339355,-0.6293123364448547
1788679095311508500,53.40250854492187,-0.17228323221206665,-9.827322959899902,-0.6340979933738708
1788679095328789000,53.4197890625,-0.1866401731967926,-9.848857879638672,-0.6293123364448547
1788679095346069800,53.43706982421875,-0.17706887423992157,-9.832108497619629,-0.6436693072319031
1788679095363350300,53.454350341796875,-0.1746760457754135,-9.853643417358398,-0.6556333899497986
1788679095380630800,53.471630859375,-0.17228323221206665,-9.846465110778809,-0.6317051649093628
1788679095397911300,53.488911376953126,-0.1866401731967926,-9.836894035339355,-0.6317051649093628
1788679095415192000,53.50619213867188,-0.18903298676013947,-9.844072341918945,-0.6340979933738708
1788679095432472600,53.52347265625,-0.1698904037475586,-9.824930191040039,-0.6317051649093628
1788679095449753000,53.54075317382812,-0.19381862878799438,-9.832108497619629,-0.6149554252624512
1788679095467033600,53.55803369140625,-0.2105683982372284,-9.844072341918945,-0.5670989751815796
1788679095484314400,53.575314453125,-0.20338992774486542,-9.851250648498535,-0.5838487148284912
1788679095501595000,53.592594970703125,-0.1986042857170105,-9.851250648498535,-0.5958128571510315
1788679095518875400,53.60987548828125,-0.1818545162677765,-9.841679573059082,-0.6125625967979431
1788679095536156000,53.627156005859376,-0.1818545162677765,-9.827322959899902,-0.6269195079803467
1788679095553436700,53.64443676757813,-0.1698904037475586,-9.846465110778809,-0.6340979933738708
1788679095570717200,53.66171728515625,-0.16749759018421173,-9.839286804199219,-0.6317051649093628
1788679095587997700,53.67899780273437,-0.16749759018421173,-9.834501266479492,-0.6245267391204834
1788679095605278200,53.6962783203125,-0.16031911969184875,-9.836894035339355,-0.607776939868927
1788679095622559000,53.71355908203125,-0.1698904037475586,-9.827322959899902,-0.6149554252624512
1788679095639839500,53.730839599609375,-0.16749759018421173,-9.846465110778809,-0.6245267391204834
1788679095657120000,53.7481201171875,-0.15553347766399384,-9.846465110778809,-0.6293123364448547
1788679095674400500,53.765400390625,-0.17706887423992157,-9.848857879638672,-0.6221339106559753
1788679095691681300,53.78268139648438,-0.19381862878799438,-9.846465110778809,-0.6245267391204834
1788679095708961800,53.7999619140625,-0.19142581522464752,-9.848857879638672,-0.6293123364448547
1788679095726242300,53.8172421875,-0.20578274130821228,-9.844072341918945,-0.6245267391204834
1788679095743522800,53.83452270507812,-0.1746760457754135,-9.844072341918945,-0.6340979933738708
1788679095760803300,53.85180322265625,-0.13639089465141296,-9.832108497619629,-0.6317051649093628
1788679095778084000,53.869083984375,-0.12442677468061447,-9.836894035339355,-0.6125625967979431
1788679095795364600,53.886364501953125,-0.13878370821475983,-9.836894035339355,-0.6364908218383789
1788679095812645000,53.90364501953125,-0.17228323221206665,-9.839286804199219,-0.6149554252624512
1788679095829925600,53.920925537109376,-0.17228323221206665,-9.841679573059082,-0.6364908218383789
1788679095847206100,53.9382060546875,-0.14356936514377594,-9.841679573059082,-0.638883650302887
1788679095864487000,53.95548681640625,-0.15553347766399384,-9.846465110778809,-0.6460621356964111
1788679095881767400,53.97276733398437,-0.1459621787071228,-9.844072341918945,-0.6436693072319031
1788679095899048000,53.9900478515625,-0.17228323221206665,-9.836894035339355,-0.6364908218383789
1788679095916328400,54.00732836914062,-0.1818545162677765,-9.853643417358398,-0.6340979933738708
1788679095933609200,54.024609130859375,-0.15553347766399384,-9.846465110778809,-0.6149554252624512
1788679095950889700,54.0418896484375,-0.1579262912273407,-9.836894035339355,-0.605384111404419
1788679095968170200,54.059170166015626,-0.18424734473228455,-9.844072341918945,-0.5886343717575073
1788679095985450800,54.07645068359375,-0.16749759018421173,-9.836894035339355,-0.5982056856155396
1788679096002731500,54.0937314453125,-0.17706887423992157,-9.841679573059082,-0.6005984544754028
1788679096020012000,54.11101196289062,-0.1866401731967926,-9.844072341918945,-0.6149554252624512
1788679096037292500,54.12829248046875,-0.19142581522464752,-9.844072341918945,-0.6364908218383789
1788679096054573000,54.14557299804687,-0.19142581522464752,-9.846465110778809,-0.6604190468788147
1788679096071853800,54.162853759765625,-0.19621145725250244,-9.836894035339355,-0.6628118753433228
1788679096089134300,54.18013427734375,-0.16749759018421173,-9.832108497619629,-0.6340979933738708
1788679096106414800,54.197414794921876,-0.16510476171970367,-9.812965393066406,-0.6293123364448547
1788679096123695400,54.2146953125,-0.18424734473228455,-9.853643417358398,-0.6364908218383789
1788679096140976000,54.23197607421875,-0.18424734473228455,-9.853643417358398,-0.6245267391204834
1788679096158256600,54.24925659179687,-0.1818545162677765,-9.848857879638672,-0.6245267391204834
1788679096175537200,54.266537109375,-0.17706887423992157,-9.848857879638672,-0.6245267391204834
1788679096192817700,54.28381762695312,-0.19142581522464752,-9.841679573059082,-0.6005984544754028
1788679096210098400,54.301098388671875,-0.1986042857170105,-9.839286804199219,-0.6269195079803467
1788679096227379000,54.31837890625,-0.2105683982372284,-9.832108497619629,-0.6245267391204834
1788679096244659500,54.335659423828126,-0.2105683982372284,-9.844072341918945,-0.6173482537269592
1788679096261940000,54.35293994140625,-0.19381862878799438,-9.841679573059082,-0.605384111404419
1788679096279220700,54.370220703125,-0.18903298676013947,-9.858428955078125,-0.5934200286865234
1788679096296501200,54.38750122070312,-0.1866401731967926,-9.851250648498535,-0.5790630578994751
1788679096313781800,54.40478173828125,-0.20578274130821228,-9.844072341918945,-0.576670229434967
1788679096331062300,54.42206225585937,-0.1818545162677765,-9.851250648498535,-0.576670229434967
1788679096348342800,54.4393427734375,-0.21296121180057526,-9.836894035339355,-0.5862415432929993
1788679096365623600,54.45662353515625,-0.21296121180057526,-9.841679573059082,-0.6005984544754028
1788679096382904000,54.473904052734376,-0.20338992774486542,-9.841679573059082,-0.6101697683334351
1788679096400184600,54.4911845703125,-0.20099709928035736,-9.846465110778809,-0.6149554252624512
1788679096417465000,54.50846508789063,-0.20578274130821228,-9.846465110778809,-0.6173482537269592
1788679096434745600,54.52574560546875,-0.20578274130821228,-9.846465110778809,-0.6532405614852905
1788679096452026400,54.5430263671875,-0.20817556977272034,-9.848857879638672,-0.6532405614852905
1788679096469307000,54.56030688476562,-0.17946170270442963,-9.839286804199219,-0.6484549641609192
1788679096486587400,54.57758740234375,-0.17228323221206665,-9.834501266479492,-0.6197410821914673
1788679096503868000,54.594867919921874,-0.1698904037475586,-9.829715728759766,-0.607776939868927
1788679096521148700,54.612148681640626,-0.18903298676013947,-9.829715728759766,-0.6221339106559753
1788679096538429200,54.62942919921875,-0.1986042857170105,-9.844072341918945,-0.6101697683334351
1788679096555709700,54.64670971679688,-0.19381862878799438,-9.836894035339355,-0.5790630578994751
1788679096572990200,54.663990234375,-0.1866401731967926,-9.844072341918945,-0.5670989751815796
1788679096590270700,54.68127075195312,-0.19621145725250244,-9.848857879638672,-0.5814558863639832
1788679096607551500,54.69855151367187,-0.2105683982372284,-9.844072341918945,-0.5910272002220154
1788679096624832000,54.71583203125,-0.2153540402650833,-9.844072341918945,-0.6005984544754028
1788679096642112500,54.733112548828124,-0.2105683982372284,-9.841679573059082,-0.605384111404419
1788679096659393000,54.75039306640625,-0.2153540402650833,-9.846465110778809,-0.6221339106559753
1788679096676673500,54.767673583984376,-0.2225325107574463,-9.836894035339355,-0.6173482537269592
1788679096693954300,54.78495434570313,-0.22492532432079315,-9.834501266479492,-0.6029912829399109
1788679096711234800,54.80223486328125,-0.22971096634864807,-9.832108497619629,-0.5814558863639832
1788679096728515300,54.81951538085937,-0.2273181527853012,-9.824930191040039,-0.5958128571510315
1788679096745795800,54.8367958984375,-0.20578274130821228,-9.834501266479492,-0.5886343717575073
1788679096763076400,54.85407641601562,-0.2105683982372284,-9.822537422180176,-0.5982056856155396
1788679096780357000,54.871357177734374,-0.23449662327766418,-9.848857879638672,-0.6101697683334351
1788679096797637600,54.8886376953125,-0.21296121180057526,-9.851250648498535,-0.6125625967979431
1788679096814918100,54.905918212890626,-0.2392822653055191,-9.839286804199219,-0.6101697683334351
1788679096832198700,54.92319873046875,-0.23688943684101105,-9.824930191040039,-0.6029912829399109
1788679096849479200,54.94047924804688,-0.2392822653055191,-9.851250648498535,-0.576670229434967
1788679096866760000,54.95776000976562,-0.2392822653055191,-9.839286804199219,-0.550349235534668
1788679096884040400,54.97504052734375,-0.22971096634864807,-9.817750930786133,-0.5455635786056519
1788679096901321000,54.99232104492187,-0.2584248483181,-9.832108497619629,-0.5718846321105957
1788679096918601500,55.0096015625,-0.22492532432079315,-9.846465110778809,-0.5623133182525635
1788679096935882000,55.026882080078124,-0.22971096634864807,-9.853643417358398,-0.6005984544754028
1788679096953162800,55.044162841796876,-0.20817556977272034,-9.839286804199219,-0.6245267391204834
1788679096970443300,55.061443359375,-0.20099709928035736,-9.834501266479492,-0.6197410821914673
1788679096987723800,55.07872387695313,-0.2225325107574463,-9.836894035339355,-0.5958128571510315
1788679097005004300,55.09600439453125,-0.20338992774486542,-9.827322959899902,-0.5958128571510315
1788679097022284800,55.11328491210938,-0.20338992774486542,-9.834501266479492,-0.605384111404419
1788679097039565600,55.13056567382812,-0.21774685382843018,-9.832108497619629,-0.5910272002220154
1788679097056846000,55.14784619140625,-0.22971096634864807,-9.846465110778809,-0.5599204897880554
1788679097074126600,55.165126708984374,-0.23449662327766418,-9.836894035339355,-0.5790630578994751
1788679097091407000,55.182406982421874,-0.2560320198535919,-9.868000984191895,-0.5599204897880554
1788679097108688000,55.19968798828125,-0.26560330390930176,-9.868000984191895,-0.5670989751815796
1788679097125968400,55.21696850585938,-0.25363919138908386,-9.858428955078125,-0.5551348328590393
1788679097143249000,55.23424877929688,-0.2679961323738098,-9.817750930786133,-0.5383850932121277
1788679097160529400,55.251529296875,-0.29431718587875366,-9.836894035339355,-0.5670989751815796
1788679097177810000,55.26880981445313,-0.3038884699344635,-9.851250648498535,-0.5670989751815796
1788679097195090400,55.28609033203125,-0.2584248483181,-9.882357597351074,-0.5670989751815796
1788679097212371200,55.30337109375,-0.24885354936122894,-9.846465110778809,-0.5838487148284912
1788679097229651700,55.320651611328124,-0.2153540402650833,-9.832108497619629,-0.6101697683334351
1788679097246932200,55.33793212890625,-0.21774685382843018,-9.846465110778809,-0.6580262184143066
1788679097264212700,55.355212646484375,-0.20338992774486542,-9.781859397888184,-0.6891329288482666
1788679097281493200,55.3724931640625,-0.19142581522464752,-9.803394317626953,-0.6867401003837585
1788679097298774000,55.38977392578125,-0.20817556977272034,-9.81535816192627,-0.6675975322723389
1788679097316054500,55.40705444335938,-0.18903298676013947,-9.884750366210938,-0.641276478767395
1788679097333335000,55.4243349609375,-0.17706887423992157,-9.89432144165039,-0.6029912829399109
1788679097350615600,55.44161547851562,-0.20578274130821228,-9.846465110778809,-0.5575276613235474
1788679097367896000,55.45889599609375,-0.20817556977272034,-9.844072341918945,-0.5335994362831116
1788679097385176800,55.4761767578125,-0.20338992774486542,-9.851250648498535,-0.5168496966362
1788679097402457300,55.493457275390625,-0.21774685382843018,-9.858428955078125,-0.5264210104942322
1788679097419737900,55.51073779296875,-0.17946170270442963,-9.858428955078125,-0.5431707501411438
1788679097437018400,55.52801831054688,-0.16749759018421173,-9.853643417358398,-0.5647061467170715
1788679097454299000,55.545298828125,-0.14835500717163086,-9.836894035339355,-0.6005984544754028
1788679097471579600,55.56257958984375,-0.15553347766399384,-9.834501266479492,-0.5886343717575073
1788679097488860200,55.57986010742187,-0.15314064919948578,-9.817750930786133,-0.5814558863639832
1788679097506140700,55.597140625,-0.13639089465141296,-9.851250648498535,-0.5790630578994751
1788679097523421200,55.614421142578124,-0.14117653667926788,-9.860821723937988,-0.576670229434967
1788679097540701700,55.63170166015625,-0.1579262912273407,-9.846465110778809,-0.5670989751815796
1788679097557982200,55.648982177734375,-0.19381862878799438,-9.812965393066406,-0.5240281820297241
1788679097575263000,55.66626293945313,-0.2392822653055191,-9.810572624206543,-0.48095735907554626
1788679097592543500,55.68354345703125,-0.2392822653055191,-9.805787086486816,-0.45224347710609436
1788679097609824000,55.70082397460938,-0.2799602448940277,-9.805787086486816,-0.4450650215148926
1788679097627104500,55.7181044921875,-0.31106695532798767,-9.822537422180176,-0.46420758962631226
1788679097644385300,55.73538525390625,-0.3158525824546814,-9.868000984191895,-0.4713860750198364
1788679097661665800,55.752665771484374,-0.30149564146995544,-9.8871431350708,-0.5335994362831116
1788679097678946300,55.7699462890625,-0.24167509377002716,-9.906285285949707,-0.6269195079803467
1788679097696226800,55.787226806640625,-0.20099709928035736,-9.8871431350708,-0.7537391185760498
1788679097713507300,55.80450732421875,-0.17228323221206665,-9.851250648498535,-0.8111668825149536
1788679097730787800,55.821787841796876,-0.1579262912273407,-9.7938232421875,-0.8542376756668091
1788679097748068600,55.83906860351563,-0.15074782073497772,-9.748359680175781,-0.885344386100769
1788679097765349000,55.85634912109375,-0.16510476171970367,-9.762716293334961,-0.885344386100769
1788679097782629600,55.87362963867187,-0.23210379481315613,-9.817750930786133,-0.8063812255859375
1788679097799910100,55.89091015625,-0.2632105052471161,-9.858428955078125,-0.672383189201355
1788679097817190700,55.90819067382812,-0.28235307335853577,-9.877572059631348,-0.5790630578994751
1788679097834471200,55.92547119140625,-0.30149564146995544,-9.879964828491211,-0.5096712112426758
1788679097851752000,55.942751953125,-0.33499518036842346,-9.865608215332031,-0.4713860750198364
1788679097869032400,55.960032470703126,-0.397208571434021,-9.839286804199219,-0.4977070987224579
1788679097886313000,55.97731298828125,-0.4019941985607147,-9.834501266479492,-0.49292147159576416
1788679097903593500,55.99459350585938,-0.39960137009620667,-9.856036186218262,-0.5359922647476196
1788679097920874000,56.0118740234375,-0.349352091550827,-9.841679573059082,-0.605384111404419
1788679097938154500,56.02915454101562,-0.31824541091918945,-9.822537422180176,-0.641276478767395
1788679097955435300,56.04643530273437,-0.2679961323738098,-9.827322959899902,-0.6460621356964111
1788679097972715800,56.0637158203125,-0.24885354936122894,-9.829715728759766,-0.6317051649093628
1788679097989996300,56.080996337890625,-0.23210379481315613,-9.832108497619629,-0.6125625967979431
1788679098007276800,56.09827685546875,-0.1579262912273407,-9.860821723937988,-0.607776939868927
1788679098024557300,56.115557373046876,-0.08135596662759781,-9.903892517089844,-0.672383189201355
1788679098041838000,56.13283813476563,-0.059820566326379776,-9.91825008392334,-0.729810893535614
1788679098059118600,56.15011865234375,-0.08135596662759781,-9.927821159362793,-0.6699903607368469
1788679098076399000,56.16739916992187,-0.02153540402650833,-9.882357597351074,-0.5694918036460876
1788679098093679600,56.1846796875,0.03349951654672623,-9.846465110778809,-0.5838487148284912
1788679098110960000,56.20196020507812,0.04785645380616188,-9.820143699645996,-0.6652047038078308
1788679098128240600,56.21924072265625,0.016749758273363113,-9.77707290649414,-0.6795616149902344
1788679098145521400,56.236521484375,-0.016749758273363113,-9.789037704467773,-0.5718846321105957
1788679098162802000,56.253802001953126,-0.064606212079525,-9.824930191040039,-0.5048855543136597
1788679098180082400,56.27108251953125,-0.14117653667926788,-9.829715728759766,-0.5264210104942322
1788679098197363000,56.28836303710938,-0.1746760457754135,-9.824930191040039,-0.605384111404419
1788679098214643500,56.3056435546875,-0.2153540402650833,-9.822537422180176,-0.6580262184143066
1788679098231924000,56.32292407226562,-0.2560320198535919,-9.875179290771484,-0.638883650302887
1788679098249204700,56.34020483398437,-0.2727817893028259,-9.908679008483887,-0.6005984544754028
1788679098266485200,56.3574853515625,-0.29431718587875366,-9.906285285949707,-0.6269195079803467
1788679098283765800,56.374765869140624,-0.30149564146995544,-9.872786521911621,-0.6819544434547424
1788679098301046300,56.39204638671875,-0.2632105052471161,-9.915857315063477,-0.6963114142417908
1788679098318326800,56.409326904296876,-0.16031911969184875,-9.966106414794922,-0.7154539823532104
1788679098335607300,56.426607177734375,-0.1746760457754135,-9.774680137634277,-0.7776673436164856
1788679098352888000,56.44388818359375,-0.23688943684101105,-9.853643417358398,-0.7680960893630981
1788679098370168600,56.46116845703125,-0.1698904037475586,-9.822537422180176,-0.7034898400306702
1788679098387449000,56.47844897460938,-0.19381862878799438,-9.743574142456055,-0.6556333899497986
1788679098404729600,56.4957294921875,-0.20817556977272034,-9.803394317626953,-0.5599204897880554
1788679098422010000,56.51301000976562,-0.23449662327766418,-9.877572059631348,-0.5000999569892883
1788679098439290600,56.53029052734375,-0.24885354936122894,-9.877572059631348,-0.5000999569892883
1788679098456571400,56.5475712890625,-0.2225325107574463,-9.848857879638672,-0.5168496966362
1788679098473852000,56.564851806640625,-0.1866401731967926,-9.870393753051758,-0.5288137793540955
1788679098491132400,56.58213232421875,-0.1698904037475586,-9.89432144165039,-0.576670229434967
1788679098508413000,56.59941284179688,-0.17946170270442963,-9.915857315063477,-0.6580262184143066
1788679098525693400,56.616693359375,-0.1746760457754135,-9.882357597351074,-0.698704183101654
1788679098542974000,56.63397387695313,-0.19621145725250244,-9.824930191040039,-0.6484549641609192
1788679098560254700,56.65125463867187,-0.17706887423992157,-9.80817985534668,-0.607776939868927
1788679098577535200,56.66853515625,-0.14356936514377594,-9.889535903930664,-0.5910272002220154
1788679098594815700,56.685815673828124,-0.12681959569454193,-9.908679008483887,-0.6340979933738708
1788679098612096300,56.70309619140625,-0.1818545162677765,-9.951749801635742,-0.7178468108177185
1788679098629376800,56.720376708984375,-0.24646073579788208,-9.927821159362793,-0.7417750358581543
1788679098646657300,56.7376572265625,-0.27038896083831787,-9.90149974822998,-0.7154539823532104
1788679098663938000,56.75493798828125,-0.41156548261642456,-9.851250648498535,-0.7226324677467346
1788679098681218600,56.77221850585938,-0.6364908218383789,-9.820143699645996,-0.6675975322723389
1788679098698499000,56.7894990234375,-0.5072783827781677,-9.930213928222656,-0.5431707501411438
1788679098715779600,56.80677954101562,-0.6221339106559753,-10.009177207946777,-0.6221339106559753
1788679098733060000,56.82406005859375,-0.25363919138908386,-10.088140487670898,-0.7226324677467346
1788679098750340900,56.8413408203125,-0.3397808074951172,-10.071390151977539,-0.9571290612220764
1788679098767621400,56.858621337890625,-0.5072783827781677,-9.906285285949707,-1.1030912399291992
1788679098784902000,56.87590185546875,-0.5096712112426758,-9.643074989318848,-0.9068797826766968
1788679098802182400,56.893182373046876,-0.8015955686569214,-9.674181938171387,-0.5623133182525635
1788679098819463000,56.910462890625,-1.1509476900100708,-10.028319358825684,-0.5407779216766357
1788679098836743400,56.92774340820313,-1.3878371715545654,-10.186245918273926,-0.6364908218383789
1788679098854024200,56.94502416992187,-1.2705888748168945,-10.195816993713379,-0.7776673436164856
1788679098871304700,56.9623046875,-1.950150489807129,-9.29611587524414,-0.6221339106559753
1788679098888585200,56.97958520507812,-1.4572290182113647,-8.642875671386719,-0.33499518036842346
1788679098905865700,56.99686572265625,-1.2179467678070068,-8.47298526763916,-0.26560330390930176
1788679098923146200,57.014146240234375,-1.0839486122131348,-8.334200859069824,-0.8207381963729858
1788679098940426800,57.0314267578125,-1.832902193069458,-8.46580696105957,-1.7826528549194336
1788679098957707300,57.048707275390626,-3.706482172012329,-8.499305725097656,-2.0554347038269043
1788679098974988000,57.06598803710938,-4.524827480316162,-8.441878318786621,-1.5672988891601562
1788679098992268500,57.0832685546875,-2.723032236099243,-8.774480819702148,-1.832902193069458
1788679099009549000,57.10054907226562,-3.0269205570220947,-9.430113792419434,-2.03629207611084
1788679099026829600,57.11782958984375,-2.4909284114837646,-10.066604614257812,0.2153540402650833
1788679099044110000,57.13511010742187,-1.093519926071167,-9.501898765563965,2.1774685382843018
1788679099061390600,57.152390625,-1.8041882514953613,-8.590232849121094,1.7324036359786987
1788679099078671000,57.169671142578125,-3.1202406883239746,-7.7838521003723145,-0.46899324655532837
1788679099095952000,57.186951904296876,-5.319244861602783,-6.594619274139404,-1.5122638940811157
1788679099113232400,57.204232421875,-6.632904529571533,-6.455835342407227,-0.20099709928035736
1788679099130513000,57.22151293945313,-5.254638671875,-8.126026153564453,1.3543375730514526
1788679099147793400,57.23879345703125,-5.850451469421387,-7.6977105140686035,0.7202396392822266
1788679099165074000,57.25607397460937,-5.962913990020752,-6.63769006729126,-0.6149554252624512
1788679099182354400,57.2733544921875,-6.075376510620117,-5.974878311157227,-1.0193424224853516
1788679099199635000,57.29063500976562,-7.3052873611450195,-6.975078105926514,-0.34695929288864136
1788679099216915700,57.307915771484375,-6.673582553863525,-7.893921852111816,1.2921242713928223
1788679099234196200,57.3251962890625,-6.25723123550415,-8.090133666992188,0.9188438653945923
1788679099251476700,57.342476806640626,-6.233303070068359,-6.254838466644287,0.035892341285943985
1788679099268757200,57.35975732421875,-5.850451469421387,-4.393222332000732,-0.02871387079358101
1788679099286037800,57.37703784179688,-6.618547439575195,-5.017749309539795,0.18903298676013947
1788679099303318300,57.394318359375,-7.001399040222168,-6.640082836151123,0.8255237936973572
1788679099320598800,57.41159887695313,-7.29810905456543,-6.903293132781982,0.38285163044929504
1788679099337879300,57.42887939453125,-7.022934436798096,-5.249852657318115,-0.1339980661869049
1788679099355160000,57.44616015625,-7.247859954833984,-4.761716842651367,0.363709032535553
1788679099372440600,57.463440673828124,-7.846065521240234,-5.836094379425049,1.1892328262329102
1788679099389721000,57.48072119140625,-7.810173034667969,-6.3122663497924805,1.1389836072921753
1788679099407001600,57.498001708984376,-7.5565338134765625,-5.828916072845459,1.2538390159606934
1788679099424282000,57.5152822265625,-7.343572616577148,-6.262016773223877,1.2131611108779907
1788679099441562600,57.53256274414063,-8.575876235961914,-6.415157318115234,1.5074782371520996
1788679099458843100,57.54984301757813,-8.298309326171875,-4.572684288024902,0.9643075466156006
1788679099476124000,57.5671240234375,-7.810173034667969,-2.2396819591522217,0.7417750358581543
1788679099493404400,57.584404296875,-9.107083320617676,-4.728217601776123,1.0863415002822876
1788679099510685000,57.60168481445312,-9.470791816711426,-5.563312530517578,1.6199408769607544
1788679099527965400,57.61896533203125,-9.257830619812012,-4.821537494659424,1.8831514120101929
1788679099545246000,57.636245849609374,-8.640482902526855,-3.7782669067382812,1.9908283948898315
1788679099562526500,57.6535263671875,-8.973084449768066,-3.1680972576141357,1.9956140518188477
1788679099579807000,57.670806884765625,-8.300702095031738,-3.13220477104187,2.359323024749756
1788679099597087700,57.68808764648438,-9.17886734008789,-3.8739798069000244,1.9405791759490967
1788679099614368300,57.7053681640625,-9.889535903930664,-3.675375461578369,1.2873386144638062
1788679099631648800,57.72264868164063,-9.506684303283691,-3.806980848312378,1.3782658576965332
1788679099648929300,57.73992919921875,-8.994620323181152,-3.5054850578308105,2.0099709033966064
1788679099666209800,57.75720971679687,-9.834501266479492,-3.3643085956573486,1.9812572002410889
1788679099683490300,57.774490234375,-9.214759826660156,-3.90987229347229,1.9525432586669922
1788679099700771000,57.79177099609375,-10.15753173828125,-3.4648072719573975,0.8159525394439697
1788679099718051600,57.809051513671875,-9.265008926391602,-2.4119651317596436,0.6101697683334351
1788679099735332000,57.82633203125,-9.181260108947754,-2.809173822402954,1.2131611108779907
1788679099752612600,57.843612548828126,-10.119247436523438,-2.68953275680542,2.1846470832824707
1788679099769893000,57.86089306640625,-10.068997383117676,-2.8594231605529785,1.9573289155960083
1788679099787173600,57.87817358398438,-10.01156997680664,-2.6225335597991943,0.763310432434082
1788679099804454100,57.8954541015625,-10.370492935180664,-2.196611166000366,0.14835500717163086
1788679099821735000,57.91273486328125,-10.41356372833252,-1.7180466651916504,1.153340458869934
1788679099839015400,57.93001538085937,-9.963713645935059,-1.7754744291305542,1.919043779373169
1788679099856296000,57.9472958984375,-9.487542152404785,-1.3471591472625732,1.4644074440002441
1788679099873576400,57.964576416015625,-9.162117958068848,-1.093519926071167,0.4713860750198364
1788679099890857000,57.98185693359375,-9.956535339355469,-0.8350951075553894,-0.064606212079525
1788679099908137500,57.999137451171876,-11.10030460357666,-0.8685946464538574,0.9810572862625122
1788679099925418000,58.01641796875,-11.179266929626465,-0.25363919138908386,2.1655044555664062
1788679099942698500,58.03369848632813,-10.722238540649414,0.15074782073497772,2.4335005283355713
1788679099959979000,58.05097900390625,-10.408778190612793,0.42831525206565857,1.6869399547576904
1788679099977259800,58.068259765625,-10.236495018005371,0.5814558863639832,1.3663017749786377
1788679099994540300,58.08554028320312,-10.210174560546875,0.6580262184143066,1.0504491329193115
1788679100011820800,58.10282080078125,-10.420742988586426,0.5216353535652161,0.7776673436164856
1788679100029101300,58.120101318359374,-10.990234375,0.5407779216766357,0.7441678643226624
1788679100046381800,58.1373818359375,-11.057233810424805,0.672383189201355,0.9643075466156006
1788679100063662300,58.154662353515626,-10.583454132080078,0.8231309652328491,1.0600204467773438
1788679100080942800,58.17194287109375,-10.77248764038086,0.7417750358581543,0.8063812255859375
1788679100098223400,58.18922338867188,-11.274980545043945,0.5623133182525635,0.38285163044929504
1788679100115503900,58.20650390625,-11.34676456451416,0.4713860750198364,0.4666004180908203
1788679100132784600,58.22378466796875,-11.782258987426758,0.34695929288864136,0.7513462901115417
1788679100150065200,58.24106518554687,-11.827722549438477,0.26560330390930176,1.0121639966964722
1788679100167345700,58.258345703125,-11.940184593200684,0.10289137065410614,0.8901300430297852
1788679100184626200,58.275626220703124,-11.746366500854492,0.004785645287483931,0.5623133182525635
1788679100201906700,58.29290673828125,-11.68175983428955,-0.04307080805301666,0.5814558863639832
1788679100219187200,58.310187255859375,-11.758330345153809,-0.19621145725250244,0.5910272002220154
1788679100236467700,58.3274677734375,-11.710474014282227,-0.31106695532798767,0.4043870270252228
1788679100253748200,58.34474829101563,-11.322836875915527,-0.3445664644241333,0.41156548261642456
1788679100271029000,58.36202905273438,-11.507083892822266,-0.5599204897880554,0.22013968229293823
1788679100288309500,58.3793095703125,-10.944770812988281,-0.5240281820297241,0.1866401731967926
1788679100305590000,58.39659008789062,-11.475976943969727,-0.7369893789291382,0.7657032608985901
1788679100322870500,58.41387060546875,-11.2247314453125,-0.5144568681716919,0.8638089895248413
1788679100340151000,58.431151123046874,-10.583454132080078,-0.6460621356964111,0.914058268070221
1788679100357431600,58.448431640625,-10.040284156799316,-0.7537391185760498,0.5288137793540955
1788679100374712300,58.46571240234375,-10.219745635986328,-1.2394821643829346,0.29431718587875366
1788679100391992800,58.48299291992188,-9.736394882202148,-1.5361921787261963,0.44027936458587646
1788679100409273300,58.5002734375,-9.611968994140625,-2.0027925968170166,0.3086741268634796
1788679100426553900,58.51755395507813,-9.162117958068848,-2.3617160320281982,0.5359922647476196
1788679100443834400,58.53483447265625,-9.408578872680664,-3.0005996227264404,0.4666004180908203
1788679100461115000,58.55211499023437,-9.128618240356445,-3.263810157775879,0.607776939868927
1788679100478395400,58.5693955078125,-8.958727836608887,-3.799802303314209,0.3517449200153351
1788679100495676000,58.586676025390624,-8.776873588562012,-4.3310089111328125,0.2225325107574463
1788679100512956400,58.60395629882812,-8.34855842590332,-4.450650215148926,0.3852444589138031
1788679100530237200,58.6212373046875,-8.449056625366211,-4.622933387756348,0.6436693072319031
1788679100547517700,58.638517578125,-8.793622970581055,-5.036891460418701,0.8350951075553894
1788679100564798200,58.655798095703126,-8.695517539978027,-5.26181697845459,0.7776673436164856
1788679100582078700,58.67307861328125,-7.982456207275391,-5.170889854431152,0.8997012972831726
1788679100599359200,58.69035913085938,-8.02791976928711,-5.008177757263184,1.3280165195465088
1788679100616639700,58.7076396484375,-8.566305160522461,-4.831109046936035,1.490728497505188
1788679100633920300,58.72492016601562,-7.616354465484619,-4.996213912963867,1.5433706045150757
1788679100651200800,58.74220068359375,-7.1473612785339355,-4.7401814460754395,1.3232308626174927
1788679100668481300,58.75948120117187,-7.109076023101807,-4.60857629776001,1.215553879737854
1788679100685762000,58.776761962890625,-7.11146879196167,-4.627718925476074,0.9786644577980042
1788679100703042300,58.794042236328124,-6.63051176071167,-4.876572608947754,0.9188438653945923
1788679100720323000,58.811322998046876,-6.64486837387085,-5.582455158233643,1.3806586265563965
1788679100737603600,58.828603515625,-6.601797580718994,-6.149554252624512,1.7491533756256104
1788679100754884000,58.84588403320313,-6.573083877563477,-6.474977970123291,1.6869399547576904
1788679100772164600,58.86316455078125,-6.333801746368408,-6.558726787567139,1.7682958841323853
1788679100789445000,58.88044506835938,-6.178267955780029,-6.534798622131348,1.6773686408996582
1788679100806725600,58.8977255859375,-5.654240131378174,-7.058826923370361,1.3806586265563965
1788679100824006100,58.91500610351562,-5.491528034210205,-7.274180889129639,0.8662018179893494
1788679100841286700,58.93228662109375,-5.647061347961426,-7.427321434020996,0.519242525100708
1788679100858567400,58.9495673828125,-5.907878875732422,-7.506284713745117,0.6101697683334351
1788679100875848000,58.966847900390626,-5.367101192474365,-7.546962738037109,1.0648061037063599
1788679100893128400,58.98412841796875,-5.312066078186035,-7.712067604064941,0.9427721500396729
1788679100910409000,59.00140893554688,-5.053641319274902,-8.066205024719238,0.7226324677467346
1788679100927689500,59.018689453125,-4.658825874328613,-8.26241683959961,0.7824530005455017
1788679100944970000,59.03596997070313,-4.673182487487793,-8.408378601074219,0.6436693072319031
1788679100962250500,59.05325048828125,-4.252045631408691,-8.47298526763916,0.4498506486415863
1788679100979531300,59.07053125,-4.170690059661865,-8.305487632751465,0.2967100143432617
1788679100996811800,59.087811767578124,-3.3547372817993164,-8.10688304901123,0.27756741642951965
1788679101014092300,59.10509228515625,-3.735196113586426,-7.685746192932129,0.34217363595962524
1788679101031372800,59.122372802734375,-2.988635540008545,-7.795815944671631,0.6317051649093628
1788679101048653300,59.1396533203125,-1.7539390325546265,-8.623732566833496,0.5670989751815796
1788679101065933800,59.15693383789063,-2.0793628692626953,-9.379864692687988,0.3158525824546814
1788679101083214300,59.17421435546875,-1.911865234375,-9.564111709594727,0.11006984114646912
1788679101100494800,59.19149487304688,-1.1485549211502075,-8.930013656616211,0.16271193325519562
1788679101117775400,59.208775390625,-1.3830515146255493,-8.774480819702148,-0.2871387302875519
1788679101135056000,59.22605590820312,-1.9884356260299683,-8.413164138793945,-0.5264210104942322
1788679101152336400,59.24333642578125,-1.8759729862213135,-8.451449394226074,-0.9379864931106567
1788679101169617000,59.26061694335937,-1.5912270545959473,-8.157132148742676,-0.8973084688186646
1788679101186897700,59.277897705078125,-1.734796404838562,-8.250452041625977,-0.916451096534729
1788679101204178200,59.29517822265625,-1.6319050788879395,-8.992227554321289,-1.184447169303894
1788679101221458700,59.312458740234376,-0.9332008361816406,-9.741181373596191,-1.4476577043533325
1788679101238739200,59.3297392578125,-0.24167509377002716,-10.356136322021484,-1.672582983970642
1788679101256019700,59.34701977539063,0.014356935396790504,-10.700702667236328,-1.7515461444854736
1788679101273300200,59.36430029296875,-0.3278166949748993,-10.803594589233398,-1.5864413976669312
1788679101290580700,59.38158081054687,-0.4450650215148926,-10.947163581848145,-1.4093725681304932
1788679101307861200,59.398861328125,-0.44027936458587646,-11.3180513381958,-1.6007983684539795
1788679101325141800,59.41614184570312,-0.27756741642951965,-10.722238540649414,-1.5625132322311401
1788679101342422500,59.433422607421875,-0.1818545162677765,-9.767501831054688,-1.5553346872329712
1788679101359703000,59.450703125,0.3756731450557709,-9.291330337524414,-1.8951154947280884
1788679101376983600,59.467983642578126,0.24406790733337402,-9.1716890335083,-2.062613010406494
1788679101394264000,59.48526416015625,0.014356935396790504,-9.169296264648438,-1.6295121908187866
1788679101411544600,59.50254467773438,-0.064606212079525,-9.430113792419434,-0.9212366938591003
1788679101428825000,59.5198251953125,-0.02153540402650833,-9.657432556152344,-0.1866401731967926
1788679101446105600,59.53710571289062,0.20817556977272034,-9.757930755615234,0.07657032459974289
1788679101463386000,59.55438623046875,0.1579262912273407,-9.623932838439941,-0.1459621787071228
1788679101480666600,59.57166650390625,-0.15314064919948578,-9.659825325012207,-0.6436693072319031
1788679101497947100,59.58894702148437,-0.5264210104942322,-9.829715728759766,-0.9834501147270203
1788679101515228000,59.606227783203124,-0.5790630578994751,-9.841679573059082,-1.1820544004440308
1788679101532508400,59.62350830078125,-0.6819544434547424,-9.9469633102417,-1.4021940231323242
1788679101549789000,59.640788818359376,-0.5814558863639832,-9.841679573059082,-1.4476577043533325
1788679101567069400,59.6580693359375,-0.4307080805301666,-9.805787086486816,-1.3495519161224365
1788679101584350000,59.67534985351563,-0.3038884699344635,-9.879964828491211,-1.28255295753479
1788679101601630500,59.69263037109375,-0.34695929288864136,-10.006784439086914,-1.301695466041565
1788679101618911000,59.70991088867188,-0.3565305769443512,-9.982855796813965,-1.2586246728897095
1788679101636191500,59.72719140625,-0.23688943684101105,-9.784252166748047,-0.9332008361816406
1788679101653472000,59.74447192382812,-0.12681959569454193,-9.762716293334961,-0.7322037220001221
1788679101670752500,59.76175244140625,-0.2273181527853012,-9.81535816192627,-0.7992027401924133
1788679101688033000,59.779032958984374,-0.28953152894973755,-9.927821159362793,-1.00259268283844
1788679101705313500,59.7963134765625,-0.23688943684101105,-9.956535339355469,-1.1724830865859985
1788679101722594300,59.81359423828125,-0.33020952343940735,-9.856036186218262,-1.2658032178878784
1788679101739874800,59.83087475585938,-0.24646073579788208,-9.820143699645996,-1.275374412536621
1788679101757155300,59.8481552734375,-0.16510476171970367,-9.824930191040039,-1.3399807214736938
1788679101774435800,59.86543579101563,-0.1339980661869049,-9.772287368774414,-1.3950155973434448
1788679101791716400,59.88271630859375,-0.20578274130821228,-9.80817985534668,-1.4524433612823486
1788679101808996900,59.89999682617187,-0.23449662327766418,-9.729216575622559,-1.4069796800613403
1788679101826277400,59.91727734375,-0.27038896083831787,-9.674181938171387,-1.1772687435150146
1788679101843558100,59.93455810546875,-0.3517449200153351,-9.688538551330566,-0.9427721500396729
1788679101860838400,59.95183837890625,-0.42352959513664246,-9.7938232421875,-0.885344386100769
1788679101878119200,59.969119140625,-0.44745782017707825,-9.827322959899902,-0.9020941257476807
1788679101895399700,59.986399658203126,-0.519242525100708,-9.789037704467773,-0.8303094506263733
1788679101912680200,60.00368017578125,-0.5144568681716919,-9.805787086486816,-0.7752745151519775
1788679101929960700,60.02096069335938,-0.5431707501411438,-9.848857879638672,-0.849452018737793
1788679101947241200,60.0382412109375,-0.5383850932121277,-9.80100154876709,-0.9236295223236084
1788679101964521700,60.05552172851562,-0.4833501875400543,-9.719645500183105,-0.9020941257476807
1788679101981802200,60.07280224609375,-0.4737788736820221,-9.772287368774414,-1.0336993932724
1788679101999082800,60.09008276367187,-0.5024927258491516,-9.930213928222656,-1.2681959867477417
1788679102016363300,60.10736328125,-0.6293123364448547,-10.112068176269531,-1.466800332069397
1788679102033643800,60.124643798828124,-0.4737788736820221,-9.903892517089844,-1.3591232299804688
1788679102050924300,60.14192431640625,-0.5742774605751038,-9.76989459991455,-1.196411371231079
1788679102068204800,60.159204833984376,-0.6963114142417908,-9.781859397888184,-1.031306505203247
1788679102085485300,60.1764853515625,-0.7250252366065979,-9.865608215332031,-0.7417750358581543
1788679102102765800,60.19376586914063,-0.8039883971214294,-9.829715728759766,-0.4498506486415863
1788679102120046600,60.21104663085937,-0.8781659007072449,-9.712467193603516,-0.21774685382843018
1788679102137327000,60.2283271484375,-0.9332008361816406,-9.671789169311523,-0.04307080805301666
1788679102154607600,60.24560766601562,-0.9786644577980042,-9.719645500183105,-0.064606212079525
1788679102171888000,60.26288818359375,-0.885344386100769,-9.705288887023926,0.009571290574967861
1788679102189168600,60.280168701171874,-0.7202396392822266,-9.781859397888184,0.02632104977965355
1788679102206449200,60.29744921875,-0.6747759580612183,-9.762716293334961,-0.13878370821475983
1788679102223729700,60.314729736328125,-0.6029912829399109,-9.824930191040039,-0.3326023519039154
1788679102241010200,60.33201025390625,-0.4378865361213684,-9.844072341918945,-0.5479564070701599
1788679102258290700,60.34929077148438,-0.41874396800994873,-9.870393753051758,-0.8590233325958252
1788679102275571500,60.36657153320313,-0.44745782017707825,-9.896714210510254,-1.1461620330810547
1788679102292852000,60.38385205078125,-0.5216353535652161,-10.02592658996582,-1.552941918373108
1788679102310132500,60.40113256835937,-0.3684946894645691,-9.930213928222656,-1.7611174583435059
1788679102327413000,60.4184130859375,-0.37806597352027893,-9.868000984191895,-1.667797327041626
1788679102344693500,60.435693603515624,-0.32542386651039124,-9.915857315063477,-1.8161523342132568
1788679102361974000,60.45297412109375,0.2273181527853012,-9.841679573059082,-2.124826431274414
1788679102379254500,60.470254638671875,0.28235307335853577,-9.729216575622559,-2.2612173557281494
1788679102396535000,60.48753515625,0.275174617767334,-9.698110580444336,-2.0410776138305664
1788679102413815600,60.504815673828126,0.03349951654672623,-9.872786521911621,-1.856830358505249
1788679102431096000,60.522095947265626,-0.07417750358581543,-9.934999465942383,-2.1367905139923096
1788679102448376600,60.53937646484375,-0.019142581149935722,-9.908679008483887,-2.1655044555664062
1788679102465657000,60.55665698242188,-0.06699903309345245,-9.891928672790527,-1.9716858863830566
1788679102482937600,60.5739375,-0.13160525262355804,-9.824930191040039,-1.7156537771224976
1788679102500218400,60.59121826171875,-0.20578274130821228,-9.750752449035645,-1.3543375730514526
1788679102517499000,60.60849877929687,-0.28953152894973755,-9.80817985534668,-1.1485549211502075
1788679102534779400,60.625779296875,-0.23688943684101105,-9.77707290649414,-1.0265209674835205
1788679102552060000,60.643059814453125,-0.5359922647476196,-9.80100154876709,-1.1868400573730469
1788679102569340400,60.66034033203125,-1.0648061037063599,-9.875179290771484,-1.3495519161224365
1788679102586621000,60.677620849609376,-1.1437692642211914,-9.942177772521973,-1.526620864868164
1788679102603901400,60.6949013671875,-0.9762716293334961,-9.714859962463379,-1.4021940231323242
1788679102621182000,60.71218188476563,-0.7872386574745178,-9.499505996704102,-1.191625714302063
1788679102638462500,60.72946240234375,-1.0049854516983032,-9.253045082092285,-0.6771687865257263
1788679102655743000,60.74674291992188,-1.7994025945663452,-9.456435203552246,-0.18424734473228455
1788679102673023500,60.7640234375,-2.612962245941162,-10.155138969421387,0.08853443711996078
1788679102690304000,60.78130395507812,-2.4335005283355713,-10.052248001098633,0.8183453679084778
1788679102707584500,60.79858447265625,-1.6462619304656982,-9.279366493225098,0.4259224236011505
1788679102724865000,60.815864990234374,-1.6295121908187866,-8.305487632751465,-0.5431707501411438
1788679102742145800,60.833145751953126,-2.2229323387145996,-8.11406135559082,-1.1700903177261353
1788679102759426300,60.85042626953125,-3.1728827953338623,-8.082955360412598,-1.153340458869934
1788679102776706800,60.86770678710938,-3.3379876613616943,-7.982456207275391,-0.576670229434967
1788679102793987300,60.8849873046875,-2.6057839393615723,-7.836493968963623,-0.08853443711996078
1788679102811267800,60.90226782226563,-2.66560435295105,-7.668996810913086,-0.2273181527853012
1788679102828548400,60.91954833984375,-3.799802303314209,-8.50169849395752,0.20099709928035736
1788679102845828900,60.93682885742187,-2.170290231704712,-9.133403778076172,1.7467604875564575
1788679102863109400,60.954109375,-1.9286150932312012,-8.973084449768066,1.4380863904953003
1788679102880390000,60.971389892578124,-4.522434711456299,-8.726624488830566,-1.3639088869094849
1788679102897670700,60.988670654296875,-4.785645484924316,-8.48016357421875,-3.428914785385132
1788679102914951200,61.005951171875,-3.1896326541900635,-7.793423175811768,-2.770888566970825
1788679102932231700,61.02323168945313,-3.0340991020202637,-7.326822757720947,-1.0671988725662231
1788679102949512200,61.04051220703125,-4.508078098297119,-6.946363925933838,0.41874396800994873
1788679102966792700,61.05779272460938,-6.398407936096191,-6.867401123046875,0.6580262184143066
1788679102984073200,61.0750732421875,-6.8554368019104,-7.3675007820129395,0.5335994362831116
1788679103001353700,61.09235375976562,-5.67338228225708,-8.221738815307617,1.3854442834854126
1788679103018634200,61.10963427734375,-4.811966419219971,-8.58784008026123,2.5674986839294434
1788679103035914800,61.12691479492187,-6.187839508056641,-7.960920810699463,2.1367905139923096
1788679103053195300,61.1441953125,-7.379465103149414,-6.252445697784424,1.2179467678070068
1788679103070475800,61.161475830078125,-7.539783954620361,-4.8813581466674805,1.1581261157989502
1788679103087756300,61.17875634765625,-6.649653911590576,-5.38624382019043,1.1389836072921753
1788679103105036800,61.196036865234376,-6.065805435180664,-6.128018856048584,1.0552347898483276
1788679103122317300,61.2133173828125,-5.931807518005371,-6.685546398162842,0.8183453679084778
1788679103139597800,61.23059790039063,-6.929614543914795,-6.6113691329956055,1.062413215637207
1788679103156878300,61.24787841796875,-7.685746192932129,-5.714060306549072,0.9068797826766968
1788679103174158800,61.26515893554687,-7.700103282928467,-4.735395908355713,0.7704889178276062
1788679103191439600,61.28243969726562,-7.389036178588867,-4.350151538848877,1.6869399547576904
1788679103208720100,61.29972021484375,-7.743174076080322,-5.161318302154541,1.8376877307891846
1788679103226000600,61.317000732421874,-7.9657063484191895,-5.848058700561523,1.3519448041915894
1788679103243281200,61.33428125,-8.226524353027344,-5.711667537689209,1.0791629552841187
1788679103260561700,61.351561767578126,-8.405985832214355,-5.1876397132873535,0.9451649188995361
1788679103277842200,61.36884228515625,-8.513663291931152,-5.2043890953063965,1.2370892763137817
1788679103295122700,61.38612280273438,-8.671588897705078,-5.5106706619262695,1.0528420209884644
1788679103312403200,61.4034033203125,-8.6907320022583,-4.845465660095215,1.7491533756256104
1788679103329683700,61.42068359375,-8.877371788024902,-3.9744784832000732,2.974278450012207
1788679103346964200,61.43796411132813,-8.96112060546875,-4.2831525802612305,3.603590965270996
1788679103364244700,61.45524462890625,-9.77707290649414,-4.632504463195801,3.053241729736328
1788679103381525200,61.47252514648437,-10.016355514526367,-3.706482172012329,2.124826431274414
1788679103398805800,61.4898056640625,-9.176474571228027,-3.3858439922332764,1.703689694404602
1788679103416086500,61.50708642578125,-10.334601402282715,-3.7112679481506348,2.132004976272583
1788679103433367000,61.524366943359375,-10.542776107788086,-3.768695592880249,2.9934210777282715
1788679103450647600,61.5416474609375,-9.052047729492188,-3.1034910678863525,2.2229323387145996
1788679103467928000,61.55892797851563,-8.937192916870117,-2.9168508052825928,0.5312066078186035
1788679103485208600,61.57620849609375,-9.308079719543457,-3.8021950721740723,-0.7585247755050659
1788679103502489000,61.59348901367188,-9.640682220458984,-4.232903480529785,1.2418749332427979
1788679103519769600,61.61076953125,-9.891928672790527,-2.837887763977051,2.816352367401123
1788679103537050000,61.62805004882812,-9.702896118164062,-2.667997360229492,2.510071039199829
1788679103554330600,61.64533056640625,-10.071390151977539,-1.794616937637329,1.923829436302185
1788679103571611100,61.66261108398437,-9.872786521911621,-1.9764715433120728,1.184447169303894
1788679103588891600,61.6798916015625,-9.736394882202148,-1.4787644147872925,0.9595218896865845
1788679103606172200,61.697172119140625,-9.712467193603516,-1.2323036193847656,1.4117653369903564
1788679103623452700,61.71445263671875,-9.980463027954102,-0.4713860750198364,2.720639228820801
1788679103640733200,61.731733154296876,-9.638289451599121,-0.24406790733337402,3.10109806060791
1788679103658014000,61.74901391601563,-10.152746200561523,0.02632104977965355,2.352144718170166
1788679103675294500,61.76629443359375,-9.851250648498535,-0.7489534616470337,1.5146567821502686
1788679103692575000,61.78357495117187,-10.188638687133789,-1.0408778190612793,1.0863415002822876
1788679103709855500,61.80085546875,-10.62413215637207,-0.6675975322723389,1.1772687435150146
1788679103727136000,61.81813598632812,-10.17428207397461,-0.16749759018421173,1.4979069232940674
1788679103744416500,61.83541650390625,-10.514062881469727,-0.18424734473228455,1.4811571836471558
1788679103761697000,61.852697021484374,-10.564311981201172,-0.1052841991186142,1.4069796800613403
1788679103778977500,61.8699775390625,-10.868200302124023,-0.3517449200153351,0.8781659007072449
1788679103796258000,61.887258056640626,-10.671989440917969,-0.4546363055706024,0.5312066078186035
1788679103813538600,61.90453857421875,-10.86580753326416,-0.3158525824546814,0.5694918036460876
1788679103830819000,61.92181909179688,-10.569097518920898,-0.17706887423992157,0.6556333899497986
1788679103848099600,61.939099609375,-10.638489723205566,-0.08614161610603333,1.0097711086273193
1788679103865380000,61.95638012695313,-11.155339241027832,-0.1818545162677765,1.4428720474243164
1788679103882660900,61.97366088867187,-11.186446189880371,-0.18424734473228455,1.0815558433532715
1788679103899941400,61.99094140625,-11.030912399291992,-0.16031911969184875,1.1030912399291992
1788679103917222000,62.008221923828124,-10.528419494628906,-0.1052841991186142,0.9619147181510925
1788679103934502400,62.02550244140625,-10.49970531463623,-0.02392822690308094,1.0480563640594482
1788679103951783000,62.042782958984375,-10.636096954345703,-0.064606212079525,1.2346965074539185
1788679103969063400,62.0600634765625,-10.796415328979492,-0.040677983313798904,1.5098711252212524
1788679103986344000,62.07734399414063,-10.892128944396973,-0.035892341285943985,1.7994025945663452
1788679104003624400,62.09462451171875,-10.535597801208496,-0.09810572862625122,1.3710874319076538
1788679104020905000,62.11190502929688,-10.724631309509277,-0.1052841991186142,1.2993026971817017
1788679104038185500,62.129185546875,-10.631311416625977,-0.15074782073497772,1.4715858697891235
1788679104055466000,62.14646606445312,-10.432706832885742,-0.13878370821475983,1.5026925802230835
1788679104072746500,62.16374658203125,-10.863414764404297,-0.38763725757598877,1.4883357286453247
1788679104090027000,62.18102709960937,-10.53799057006836,-0.4785645306110382,1.306481122970581
1788679104107307500,62.1983076171875,-10.671989440917969,-0.7178468108177185,1.0767701864242554
1788679104124588000,62.215588134765625,-10.724631309509277,-0.9212366938591003,1.4093725681304932
1788679104141868500,62.23286865234375,-10.63370418548584,-1.1772687435150146,1.100698471069336
1788679104159149000,62.250149169921876,-10.638489723205566,-1.3112667798995972,1.1629117727279663
1788679104176429800,62.26742993164063,-10.561919212341309,-1.5146567821502686,0.9308080077171326
1788679104193710300,62.28471044921875,-10.846665382385254,-1.8041882514953613,0.8063812255859375
1788679104210990800,62.30199096679687,-10.28195858001709,-1.9405791759490967,1.0480563640594482
1788679104228271400,62.31927124023437,-10.375279426574707,-2.1822543144226074,0.7202396392822266
1788679104245551900,62.3365517578125,-9.731609344482422,-2.2444677352905273,0.794417142868042
1788679104262832400,62.35383227539062,-10.683953285217285,-2.720639228820801,0.5288137793540955
1788679104280113000,62.37111279296875,-9.879964828491211,-2.7828526496887207,0.5240281820297241
1788679104297393400,62.388393310546874,-9.32722282409668,-3.014956474304199,0.3038884699344635
1788679104314674000,62.405673828125,-9.45882797241211,-3.290131092071533,0.5551348328590393
1788679104331954400,62.422954345703126,-9.016156196594238,-3.5198421478271484,0.6125625967979431
1788679104349235000,62.44023486328125,-9.743574142456055,-4.455435752868652,-0.12681959569454193
1788679104366515500,62.45751538085938,-9.138189315795898,-4.4721856117248535,0.1866401731967926
1788679104383796000,62.4747958984375,-9.001798629760742,-4.773681163787842,0.5934200286865234
1788679104401076500,62.49207641601563,-8.3629150390625,-4.66361141204834,0.9308080077171326
1788679104418357000,62.50935693359375,-8.549555778503418,-4.749752998352051,0.8327022790908813
1788679104435637500,62.52663745117187,-8.695517539978027,-4.895715236663818,1.0408778190612793
1788679104452918000,62.54391796875,-8.353343963623047,-5.056034088134766,1.1988041400909424
1788679104470198800,62.56119873046875,-8.831908226013184,-5.125426292419434,0.973878800868988
1788679104487479300,62.578479248046875,-8.999405860900879,-5.209175109863281,1.2083754539489746
1788679104504759800,62.595759765625,-7.491927623748779,-5.422136306762695,1.1772687435150146
1788679104522040300,62.61304028320313,-7.45364236831665,-5.469992637634277,1.4524433612823486
1788679104539320800,62.63032080078125,-7.070790767669678,-5.654240131378174,1.0648061037063599
1788679104556601300,62.64760131835938,-7.429714202880859,-5.496313571929932,0.7968099117279053
1788679104573881900,62.6648818359375,-6.3601226806640625,-5.694917678833008,0.9499505758285522
1788679104591162400,62.68216235351562,-6.776473522186279,-5.879165172576904,1.093519926071167
1788679104608443000,62.69944287109375,-6.9583282470703125,-6.0849480628967285,1.1365907192230225
1788679104625723400,62.71672338867187,-6.534798622131348,-6.38165807723999,1.1748759746551514
1788679104643004000,62.73400390625,-5.706881999969482,-6.922435760498047,1.397408366203308
1788679104660284400,62.751284423828125,-4.989035129547119,-6.869793891906738,1.0648061037063599
1788679104677565000,62.76856494140625,-5.38624382019043,-7.010970115661621,0.8207381963729858
1788679104694845400,62.785845458984376,-5.706881999969482,-7.0061845779418945,0.7968099117279053
1788679104712126000,62.8031259765625,-5.163711071014404,-7.642675399780273,0.6675975322723389
1788679104729406500,62.82040649414063,-3.8261234760284424,-7.934599876403809,0.5838487148284912
1788679104746687000,62.83768701171875,-4.309473514556885,-7.843672752380371,0.2871387302875519
1788679104763967500,62.85496752929687,-5.280959606170654,-7.70967435836792,-0.10289137065410614
1788679104781248300,62.87224829101562,-4.931607246398926,-8.078168869018555,0.04785645380616188
1788679104798528800,62.88952880859375,-4.359723091125488,-8.733802795410156,0.3924229145050049
1788679104815809000,62.90680908203125,-3.601198196411133,-9.370293617248535,0.5838487148284912
1788679104833089500,62.924089599609374,-3.565305709838867,-9.45164966583252,0.727418065071106
1788679104850370300,62.941370361328126,-2.9359934329986572,-9.241081237792969,0.5359922647476196
1788679104867650800,62.95865087890625,-2.196611166000366,-8.896514892578125,0.11964113265275955
1788679104884931300,62.97593139648438,-2.3569302558898926,-8.889336585998535,-0.4570291340351105
1788679104902211800,62.9932119140625,-2.2995026111602783,-8.865407943725586,-0.8542376756668091
1788679104919492400,63.01049243164063,-2.5842485427856445,-8.336593627929688,-0.5647061467170715
1788679104936772900,63.02777294921875,-2.6727828979492188,-7.805387496948242,-0.12681959569454193
1788679104954053400,63.04505346679687,-1.8352949619293213,-7.5804619789123535,0.019142581149935722
1788679104971334000,63.062333984375,-1.5290136337280273,-7.95134973526001,-0.5168496966362
1788679104988614400,63.079614501953124,-2.321038007736206,-8.652446746826172,-1.5481562614440918
1788679105005895000,63.09689501953125,-3.10109806060791,-8.93958568572998,-2.1415762901306152
1788679105023175400,63.114175537109375,-3.0963125228881836,-9.425328254699707,-2.8737800121307373
1788679105040456000,63.1314560546875,-2.524427890777588,-9.860821723937988,-3.043670415878296
1788679105057736400,63.148736328125,-1.978864312171936,-10.009177207946777,-2.3545374870300293
1788679105075017000,63.166016845703126,-1.397408366203308,-10.12881851196289,-1.7443677186965942
1788679105092297500,63.18329736328125,-0.9379864931106567,-9.734002113342285,-1.7012969255447388
1788679105109578000,63.20057788085938,-0.9236295223236084,-8.784051895141602,-2.076970100402832
1788679105126858800,63.21785864257812,-1.1892328262329102,-8.061419486999512,-2.2301106452941895
1788679105144139000,63.23513891601562,-1.6103696823120117,-8.166703224182129,-2.4095723628997803
1788679105161419500,63.25241943359375,-2.4741785526275635,-8.788837432861328,-2.586641311645508
1788679105178700000,63.26969995117187,-2.9048867225646973,-9.29611587524414,-2.6608188152313232
1788679105195980500,63.28698046875,-2.455035924911499,-9.097511291503906,-3.0173492431640625
1788679105213261300,63.30426123046875,-1.3806586265563965,-8.791230201721191,-3.0891339778900146
1788679105230541600,63.32154150390625,-0.7824530005455017,-8.532805442810059,-2.7397818565368652
1788679105247822300,63.338822265625,-0.8327022790908813,-8.346165657043457,-2.445464849472046
1788679105265102800,63.35610278320313,-1.3040883541107178,-8.279166221618652,-2.352144718170166
1788679105282383400,63.37338330078125,-1.4189438819885254,-8.429914474487305,-2.4717857837677
1788679105299664000,63.39066381835938,-2.060220241546631,-8.882157325744629,-2.562713146209717
1788679105316944400,63.4079443359375,-3.397808074951172,-10.301101684570312,-2.6799614429473877
1788679105334225000,63.42522485351562,-3.9050865173339844,-12.354143142700195,-2.620140790939331
1788679105351505400,63.44250537109375,-3.656233072280884,-13.048062324523926,-2.344966173171997
1788679105368786000,63.459785888671874,-3.9457645416259766,-11.600403785705566,-1.4213366508483887
1788679105386066400,63.47706640625,-3.4337005615234375,-10.045069694519043,-0.48574298620224
1788679105403347000,63.494346923828125,-1.9357935190200806,-9.442078590393066,0.09810572862625122
1788679105420627500,63.51162744140625,-1.3280165195465088,-9.329615592956543,0.3397808074951172
1788679105437908000,63.52890795898438,-0.8327022790908813,-8.882157325744629,0.2632105052471161
1788679105455188500,63.5461884765625,-0.5312066078186035,-8.70508861541748,-0.040677983313798904
1788679105472469000,63.56346899414063,-0.3445664644241333,-9.061619758605957,-0.30149564146995544
1788679105489749500,63.58074951171875,-0.6652047038078308,-9.987641334533691,-0.5886343717575073
1788679105507030000,63.59803002929687,-1.1700903177261353,-10.140782356262207,-0.8159525394439697
1788679105524310500,63.615310546875,-1.2251251935958862,-9.817750930786133,-0.9260223507881165
1788679105541591000,63.63259106445312,-0.849452018737793,-9.65503978729248,-1.1892328262329102
1788679105558871600,63.64987158203125,-0.7250252366065979,-9.647860527038574,-1.430907964706421
1788679105576152300,63.66715234375,-0.8422735929489136,-9.839286804199219,-1.466800332069397
1788679105593432800,63.684432861328126,-0.9810572862625122,-10.303494453430176,-1.3782658576965332
1788679105610713300,63.70171337890625,-1.246660590171814,-10.660024642944336,-1.4572290182113647
1788679105627993900,63.71899389648438,-1.2299108505249023,-10.39920711517334,-1.454836130142212
1788679105645274400,63.7362744140625,-0.9212366938591003,-10.054640769958496,-1.1581261157989502
1788679105662555000,63.75355493164062,-0.4163511395454407,-9.927821159362793,-0.8111668825149536
1788679105679835400,63.77083544921875,-0.275174617767334,-9.80100154876709,-0.5910272002220154
1788679105697116000,63.78811596679687,-0.21296121180057526,-9.69093132019043,-0.5599204897880554
1788679105714396400,63.805396484375,-0.1339980661869049,-9.638289451599121,-0.42352959513664246
1788679105731677000,63.822677001953124,-0.09092725813388824,-9.80100154876709,-0.31345975399017334
1788679105748957400,63.83995751953125,-0.17946170270442963,-9.80817985534668,-0.3206382393836975
1788679105766238000,63.857238037109376,-0.11006984114646912,-9.827322959899902,-0.42831525206565857
1788679105783518500,63.8745185546875,-0.06699903309345245,-10.006784439086914,-0.6771687865257263
1788679105800799000,63.89179907226563,-0.0526420995593071,-10.102497100830078,-0.8039883971214294
1788679105818079500,63.90907958984375,-0.11964113265275955,-10.13599681854248,-0.9954141974449158
1788679105835360000,63.92636010742188,-0.17706887423992157,-10.083354949951172,-1.1054840087890625
1788679105852640500,63.943640625,-0.22971096634864807,-10.04985523223877,-1.1772687435150146
1788679105869921300,63.96092138671875,-0.21296121180057526,-10.159924507141113,-1.2011969089508057
1788679105887201800,63.978201904296874,-0.23449662327766418,-10.066604614257812,-1.2418749332427979
1788679105904482300,63.995482421875,-0.3684946894645691,-10.023533821105957,-1.275374412536621
1788679105921762800,64.0127626953125,-0.39481574296951294,-10.006784439086914,-1.4213366508483887
1788679105939043300,64.03004321289062,-0.5383850932121277,-9.841679573059082,-1.550549030303955
1788679105956323800,64.04732373046875,-0.5048855543136597,-9.805787086486816,-1.588834285736084
1788679105973604400,64.06460424804688,-0.23449662327766418,-10.028319358825684,-1.7156537771224976
1788679105990884900,64.081884765625,-0.20338992774486542,-10.243673324584961,-1.9884356260299683
1788679106008165400,64.09916528320312,-0.7250252366065979,-10.750951766967773,-2.715853691101074
1788679106025446000,64.11644580078125,-1.1198409795761108,-9.741181373596191,-3.273381471633911
1788679106042726400,64.13372631835938,-1.2323036193847656,-8.896514892578125,-2.6321048736572266
1788679106060007000,64.1510068359375,-1.0887342691421509,-8.336593627929688,-1.947757601737976
1788679106077287400,64.16828735351562,-1.4189438819885254,-8.051848411560059,-1.8735800981521606
1788679106094568000,64.18556787109375,-1.7012969255447388,-7.915457248687744,-2.1511476039886475
1788679106111848400,64.20284838867188,-1.7539390325546265,-8.073383331298828,-2.201396942138672
1788679106129129000,64.22012890625,-1.153340458869934,-8.252845764160156,-1.911865234375
1788679106146409500,64.23740942382813,-0.8303094506263733,-8.4562349319458,-2.053041934967041
1788679106163690000,64.25468994140626,-1.0887342691421509,-8.609375953674316,-2.4335005283355713
1788679106180970500,64.27197045898437,-1.5792629718780518,-8.623732566833496,-2.6703901290893555
1788679106198251000,64.2892509765625,-1.8616160154342651,-8.664410591125488,-2.8187451362609863
1788679106215531500,64.30653149414063,-2.4047868251800537,-9.506684303283691,-2.8737800121307373
1788679106232812000,64.32381201171874,-3.4983067512512207,-12.258430480957031,-2.445464849472046
1788679106250092500,64.34109252929687,-3.321237802505493,-14.404792785644531,-1.5601203441619873
1788679106267373000,64.358373046875,-1.919043779373169,-12.361321449279785,-0.5718846321105957
1788679106284653600,64.37565356445313,-1.1318050622940063,-8.930013656616211,-0.3613162338733673
1788679106301934000,64.39293408203125,-1.770688772201538,-8.484949111938477,-0.062213387340307236
1788679106319214600,64.41021459960938,-1.2538390159606934,-8.764909744262695,-0.4833501875400543
1788679106336495000,64.4274951171875,-0.973878800868988,-9.324830055236816,-0.8709874153137207
1788679106353775600,64.44477563476562,-0.8733802437782288,-9.743574142456055,-1.2083754539489746
1788679106371056400,64.46205639648437,-1.0145567655563354,-9.949356079101562,-1.2945170402526855
1788679106388337000,64.4793369140625,-0.9571290612220764,-10.097711563110352,-1.6199408769607544
1788679106405617400,64.49661743164063,-1.1054840087890625,-9.958928108215332,-1.8448662757873535
1788679106422898000,64.51389794921874,-0.9212366938591003,-9.556933403015137,-1.7994025945663452
1788679106440178400,64.53117846679687,-0.5312066078186035,-9.34157943725586,-1.672582983970642
1788679106457459000,64.548458984375,-0.3086741268634796,-9.432506561279297,-1.25144624710083
1788679106474739500,64.56573950195312,-0.4666004180908203,-9.951749801635742,-0.916451096534729
1788679106492020000,64.58302001953125,-0.5240281820297241,-10.13599681854248,-0.763310432434082
1788679106509300500,64.60030053710938,-0.7824530005455017,-9.951749801635742,-0.9547362327575684
1788679106526581000,64.6175810546875,-0.7992027401924133,-9.827322959899902,-1.0719845294952393
1788679106543861500,64.63486157226562,-0.607776939868927,-9.755537986755371,-1.0863415002822876
1788679106561142000,64.65214208984375,-0.33738797903060913,-9.76989459991455,-1.0001999139785767
1788679106578422500,64.66942260742188,-0.16510476171970367,-9.810572624206543,-0.9762716293334961
1788679106595703000,64.686703125,-0.06939185410737991,-9.667003631591797,-0.8638089895248413
1788679106612983600,64.70398364257812,-0.14835500717163086,-9.702896118164062,-0.9643075466156006
1788679106630264000,64.72126416015625,-0.3613162338733673,-9.853643417358398,-1.1676974296569824
1788679106647544600,64.73854467773438,-0.25363919138908386,-9.856036186218262,-1.2275179624557495
1788679106664825000,64.7558251953125,-0.29431718587875366,-9.827322959899902,-1.3208380937576294
1788679106682105600,64.77310571289063,-0.36610186100006104,-9.846465110778809,-1.4476577043533325
1788679106699386000,64.79038623046876,-0.2679961323738098,-9.784252166748047,-1.3471591472625732
1788679106716666600,64.80766650390625,-0.4259224236011505,-9.827322959899902,-1.3615161180496216
1788679106733947100,64.82494702148438,-0.5790630578994751,-9.93978500366211,-1.3663017749786377
1788679106751227600,64.8422275390625,-0.6628118753433228,-9.865608215332031,-1.2634103298187256
1788679106768508200,64.85950805664062,-0.42352959513664246,-9.851250648498535,-1.3854442834854126
1788679106785788700,64.87678857421875,-0.23210379481315613,-9.817750930786133,-1.4811571836471558
1788679106803069200,64.89406909179688,-0.5359922647476196,-9.91107177734375,-1.5194423198699951
1788679106820349700,64.911349609375,-0.8039883971214294,-9.949356079101562,-1.4883357286453247
1788679106837630200,64.92863012695312,-0.8135597109794617,-9.908679008483887,-1.6271194219589233
1788679106854910700,64.94591064453125,-0.973878800868988,-9.89432144165039,-1.6701902151107788
1788679106872191500,64.96319140625,-1.1270195245742798,-9.628718376159668,-1.588834285736084
1788679106889472000,64.98047192382812,-1.2251251935958862,-9.396614074707031,-1.2394821643829346
1788679106906752500,64.99775244140625,-1.1676974296569824,-9.281759262084961,-0.9116654396057129
1788679106924033000,65.01503295898438,-1.4500504732131958,-9.078369140625,-0.9499505758285522
1788679106941313500,65.0323134765625,-1.454836130142212,-9.540184020996094,-1.7611174583435059
1788679106958594000,65.04959399414062,-2.2205393314361572,-9.44447135925293,-2.3401806354522705
1788679106975874600,65.06687451171875,-2.1104695796966553,-8.7505521774292,-1.703689694404602
1788679106993155000,65.08415502929688,-1.8664016723632812,-8.34855842590332,-1.3160524368286133
1788679107010435600,65.101435546875,-1.698904037475586,-8.023134231567383,-1.7515461444854736
1788679107027716000,65.11871606445312,-3.0556344985961914,-8.195417404174805,-2.4502503871917725
1788679107044996600,65.13599658203125,-3.0723843574523926,-9.92542839050293,-2.6943182945251465
1788679107062277000,65.15327709960937,-1.4644074440002441,-10.207781791687012,-0.2967100143432617
1788679107079557600,65.1705576171875,-1.3950155973434448,-9.107083320617676,0.7752745151519775
1788679107096838100,65.18783813476563,-2.447857618331909,-8.398807525634766,-0.035892341285943985
1788679107114118700,65.20511865234376,-2.431107759475708,-8.015955924987793,-0.4666004180908203
1788679107131399200,65.22239916992187,-2.9527430534362793,-8.02791976928711,-0.19142581522464752
1788679107148679700,65.2396796875,-4.400400638580322,-8.530412673950195,-0.8638089895248413
1788679107165960200,65.25696020507813,-4.874179840087891,-8.221738815307617,-1.4261223077774048
1788679107183240700,65.27424072265624,-3.933800458908081,-7.046862602233887,-1.5242279767990112
1788679107200521200,65.29152124023437,-3.3164522647857666,-6.484549522399902,-0.8614161610603333
1788679107217801700,65.3088017578125,-5.584847927093506,-6.199803352355957,-0.8997012972831726
1788679107235082200,65.32608227539062,-7.11146879196167,-6.697510719299316,-0.4019941985607147
1788679107252362800,65.34336279296875,-7.420143127441406,-7.250252723693848,-0.1818545162677765
1788679107269643300,65.36064331054688,-7.271788120269775,-7.018148899078369,-0.46899324655532837
1788679107286923800,65.377923828125,-7.159325122833252,-5.776273727416992,1.0839486122131348
1788679107304204300,65.39520434570312,-7.5086774826049805,-5.367101192474365,2.9790642261505127
1788679107321484800,65.41248486328125,-7.5326056480407715,-5.247459888458252,3.414557933807373
1788679107338765300,65.42976538085938,-7.003791809082031,-4.811966419219971,3.0269205570220947
1788679107356045800,65.4470458984375,-6.166304111480713,-3.7256247997283936,1.9836499691009521
1788679107373326600,65.46432666015625,-7.159325122833252,-3.9457645416259766,1.4476577043533325
1788679107390607000,65.48160717773438,-8.702695846557617,-5.577669620513916,0.97148597240448
1788679107407887600,65.4988876953125,-8.078168869018555,-6.228517532348633,0.34217363595962524
1788679107425168100,65.51616821289062,-7.628318786621094,-5.2977094650268555,-1.062413215637207
1788679107442448600,65.53344873046875,-8.073383331298828,-5.024927616119385,-1.2059825658798218
1788679107459729200,65.55072924804688,-8.793622970581055,-4.1347975730896,-0.3517449200153351
1788679107477009700,65.568009765625,-8.740981101989746,-4.984249591827393,1.4333007335662842
1788679107494290200,65.58529028320312,-8.410771369934082,-5.029713153839111,2.2540390491485596
1788679107511570700,65.60257080078125,-9.365508079528809,-4.570291042327881,1.7874385118484497
1788679107528851200,65.61985131835938,-9.597611427307129,-4.95074987411499,0.9475577473640442
1788679107546131700,65.63713159179687,-9.573683738708496,-4.371686935424805,0.46899324655532837
1788679107563412200,65.654412109375,-8.872586250305176,-4.218546390533447,0.7968099117279053
1788679107580692700,65.67169262695313,-9.1716890335083,-3.8739798069000244,1.062413215637207
1788679107597973200,65.68897314453125,-9.468399047851562,-3.187239646911621,0.607776939868927
1788679107615253800,65.70625366210938,-9.595218658447266,-3.34995174407959,1.3854442834854126
1788679107632534300,65.7235341796875,-9.650253295898438,-2.998206853866577,1.1437692642211914
1788679107649814800,65.74081469726562,-10.119247436523438,-3.438486099243164,1.5337992906570435
1788679107667095300,65.75809521484375,-9.454042434692383,-2.8115665912628174,1.155733346939087
1788679107684375800,65.77537573242188,-9.238688468933105,-2.957528829574585,1.246660590171814
1788679107701656300,65.79265625,-9.525827407836914,-2.0721843242645264,1.3399807214736938
1788679107718936800,65.80993676757812,-8.81515884399414,-2.311466693878174,0.672383189201355
1788679107736217300,65.82721728515625,-9.824930191040039,-2.342573404312134,0.2105683982372284
1788679107753497900,65.84449780273438,-9.875179290771484,-2.407179594039917,1.0767701864242554
1788679107770778400,65.8617783203125,-10.303494453430176,-2.289931297302246,0.5718846321105957
1788679107788059000,65.87905883789062,-9.80100154876709,-1.8233308792114258,0.5455635786056519
1788679107805339400,65.89633935546875,-9.540184020996094,-1.5050854682922363,0.9284151792526245
1788679107822620000,65.91361987304687,-9.66221809387207,-1.2610175609588623,1.5337992906570435
1788679107839900400,65.930900390625,-10.738987922668457,-1.4572290182113647,1.2921242713928223
1788679107857181000,65.94818090820313,-10.88973617553711,-1.5361921787261963,0.8925228714942932
1788679107874461400,65.96546142578126,-9.590433120727539,-0.7489534616470337,0.47617170214653015
1788679107891742000,65.98274194335937,-9.590433120727539,-0.4546363055706024,0.8039883971214294
1788679107909022500,66.0000224609375,-10.29870891571045,0.12681959569454193,2.6081767082214355
1788679107926303000,66.01730297851563,-10.14317512512207,0.23210379481315613,3.460021495819092
1788679107943583500,66.03458349609375,-10.372885704040527,0.007178467698395252,2.6847469806671143
1788679107960864000,66.05186401367187,-10.238887786865234,0.2991028428077698,1.2873386144638062
1788679107978144500,66.06914453125,-9.152546882629395,0.3900300860404968,0.9834501147270203
1788679107995425000,66.08642504882812,-10.243673324584961,0.4833501875400543,1.4404792785644531
1788679108012705500,66.10370556640625,-10.746166229248047,0.4666004180908203,2.1415762901306152
1788679108029986000,66.12098608398438,-10.97587776184082,0.5431707501411438,2.6464617252349854
1788679108047266600,66.1382666015625,-10.96630573272705,0.5359922647476196,1.9836499691009521
1788679108064547000,66.15554711914062,-11.052447319030762,0.5359922647476196,1.6893328428268433
1788679108081827800,66.17282788085937,-10.98305606842041,0.5623133182525635,1.4165509939193726
1788679108099108400,66.1901083984375,-11.117053985595703,0.8901300430297852,1.5098711252212524
1788679108116388900,66.20738891601563,-11.169695854187012,0.9643075466156006,1.7539390325546265
1788679108133669400,66.22466943359375,-10.959127426147461,1.184447169303894,1.8664016723632812
1788679108150950000,66.24194995117188,-10.870593070983887,1.1389836072921753,1.4859428405761719
1788679108168230100,66.25923022460937,-11.033305168151855,1.1748759746551514,1.4835500717163086
1788679108185510700,66.2765107421875,-10.770094871520996,1.222732424736023,1.4021940231323242
1788679108202791200,66.29379125976563,-10.77966594696045,1.1198409795761108,1.222732424736023
1788679108220071700,66.31107177734376,-11.198410034179688,1.0241280794143677,1.3591232299804688
1788679108237352200,66.32835229492187,-10.784451484680176,1.0480563640594482,1.7156537771224976
1788679108254632700,66.3456328125,-10.913663864135742,0.9978070259094238,1.6965112686157227
1788679108271913500,66.36291357421875,-11.112268447875977,0.8949156403541565,1.6007983684539795
1788679108289194000,66.38019409179688,-10.947163581848145,0.8350951075553894,1.557727575302124
1788679108306474500,66.397474609375,-10.937592506408691,0.7728816866874695,1.4452649354934692
1788679108323755000,66.41475512695312,-10.626524925231934,0.7034898400306702,1.3854442834854126
1788679108341035500,66.43203540039063,-10.990234375,0.607776939868927,1.2394821643829346
1788679108358316000,66.44931591796875,-10.913663864135742,0.5527420043945312,1.2011969089508057
1788679108375596500,66.46659643554688,-10.73420238494873,0.2871387302875519,1.3519448041915894
1788679108392877000,66.483876953125,-10.628918647766113,0.28953152894973755,1.246660590171814
1788679108410157600,66.50115747070312,-10.85862922668457,0.009571290574967861,1.557727575302124
1788679108427438000,66.51843798828125,-10.904092788696289,-0.007178467698395252,1.550549030303955
1788679108444718600,66.53571850585938,-10.49970531463623,-0.275174617767334,1.3902299404144287
1788679108461999000,66.5529990234375,-10.636096954345703,-0.4713860750198364,1.1198409795761108
1788679108479279600,66.57027954101562,-10.3681001663208,-0.5096712112426758,0.4833501875400543
1788679108496560000,66.58756005859375,-10.214960098266602,-0.7034898400306702,0.5479564070701599
1788679108513840600,66.60484057617188,-10.506884574890137,-1.1676974296569824,0.6532405614852905
1788679108531121200,66.62212109375,-9.930213928222656,-1.5361921787261963,0.5934200286865234
1788679108548401700,66.63940161132813,-9.42054271697998,-1.797009825706482,0.2847459018230438
1788679108565682200,66.65668212890625,-9.76989459991455,-2.500499725341797,-0.038285162299871445
1788679108582962700,66.67396264648437,-9.822537422180176,-2.7397818565368652,0.03349951654672623
1788679108600243200,66.6912431640625,-9.336793899536133,-2.9838497638702393,0.24885354936122894
1788679108617523700,66.70852368164063,-9.401400566101074,-3.4193434715270996,0.41156548261642456
1788679108634804200,66.72580419921874,-9.123832702636719,-3.5294134616851807,0.12442677468061447
1788679108652084700,66.74308471679687,-8.793622970581055,-4.043870449066162,0.5335994362831116
1788679108669365200,66.760365234375,-8.975478172302246,-4.326223373413086,0.914058268070221
1788679108686645800,66.77764575195313,-9.667003631591797,-4.512863636016846,0.8733802437782288
1788679108703926300,66.79492626953125,-8.681160926818848,-4.4410786628723145,0.46899324655532837
1788679108721206800,66.81220678710937,-8.396414756774902,-4.689932346343994,0.672383189201355
1788679108738487300,66.8294873046875,-8.683553695678711,-4.9052863121032715,0.8614161610603333
1788679108755767800,66.84676782226562,-8.989834785461426,-4.893322467803955,0.8446664214134216
1788679108773048300,66.86404833984375,-8.523234367370605,-4.759324073791504,1.3280165195465088
1788679108790328800,66.88132885742188,-7.637889862060547,-4.687539577484131,1.0887342691421509
1788679108807609300,66.898609375,-7.23589563369751,-4.7712883949279785,0.698704183101654
1788679108824889900,66.91588989257812,-7.518248558044434,-5.087141036987305,0.1986042857170105
1788679108842170400,66.93317041015625,-6.7070817947387695,-5.2977094650268555,0.34695929288864136
1788679108859451000,66.95045092773438,-6.742974281311035,-5.699703693389893,0.01196411345154047
1788679108876731400,66.9677314453125,-6.905686378479004,-5.656632900238037,0.397208571434021
1788679108894012000,66.98501196289062,-6.9344000816345215,-5.912664890289307,1.2131611108779907
1788679108911292400,67.00229248046875,-6.3361945152282715,-6.530013084411621,1.4931213855743408
1788679108928573000,67.01957299804687,-5.718846321105957,-6.668796539306641,1.5936198234558105
1788679108945853400,67.036853515625,-5.769095420837402,-6.585047721862793,1.7060825824737549
1788679108963134000,67.05413403320313,-6.223731517791748,-6.8554368019104,0.9523434042930603
1788679108980414700,67.07141479492188,-5.656632900238037,-6.879364967346191,0.16749759018421173
1788679108997695200,67.0886953125,-4.811966419219971,-7.1162543296813965,0.05024927482008934
1788679109014975700,67.10597583007812,-4.015156269073486,-7.245467185974121,0.05503492057323456
1788679109032256300,67.12325634765625,-3.895515203475952,-7.479963779449463,-0.20578274130821228
1788679109049536800,67.14053686523438,-4.3310089111328125,-7.491927623748779,-0.32303106784820557
1788679109066817300,67.1578173828125,-4.5822553634643555,-7.214360237121582,-0.15074782073497772
1788679109084097800,67.17509790039063,-4.4721856117248535,-7.214360237121582,0.03349951654672623
1788679109101378300,67.19237841796875,-3.7950167655944824,-7.762316703796387,-0.08374879509210587
1788679109118658800,67.20965893554687,-3.3882367610931396,-7.939385414123535,-0.12442677468061447
1788679109135939300,67.22693920898438,-3.2709884643554688,-7.874779224395752,-0.5599204897880554
1788679109153219800,67.2442197265625,-3.8907296657562256,-8.207381248474121,-1.2394821643829346
1788679109170500400,67.26150024414062,-3.594019651412964,-8.34855842590332,-1.5936198234558105
1788679109187780900,67.27878076171875,-2.2372891902923584,-8.717052459716797,-1.8376877307891846
1788679109205061400,67.29606127929688,-1.730010747909546,-8.9850492477417,-2.2468605041503906
1788679109222342000,67.313341796875,-2.4502503871917725,-9.016156196594238,-2.313859462738037
1788679109239622400,67.33062231445312,-2.4526431560516357,-8.994620323181152,-1.8903298377990723
1788679109256903000,67.34790283203125,-1.8783657550811768,-9.231510162353516,-1.3926228284835815
1788679109274183400,67.36518334960938,-1.6390835046768188,-9.499505996704102,-0.9284151792526245
1788679109291464000,67.3824638671875,-1.215553879737854,-9.588040351867676,-0.7322037220001221
1788679109308744400,67.39974438476563,-1.1030912399291992,-9.729216575622559,-1.0097711086273193
1788679109326025000,67.41702490234375,-1.25144624710083,-9.705288887023926,-1.4763715267181396
1788679109343305500,67.43430541992187,-0.8709874153137207,-9.34875774383545,-1.8855443000793457
1788679109360586000,67.4515859375,-0.7992027401924133,-9.257830619812012,-1.911865234375
1788679109377866500,67.46886645507813,-0.7010970115661621,-9.494720458984375,-1.8233308792114258
1788679109395147000,67.48614697265624,-0.4905286431312561,-9.4660062789917,-1.9621145725250244
1788679109412427500,67.50342749023437,-0.4019941985607147,-9.781859397888184,-1.9980069398880005
1788679109429708000,67.5207080078125,-0.2919243574142456,-10.176674842834473,-2.266003131866455
1788679109446988500,67.53798852539063,-0.26081767678260803,-10.301101684570312,-2.7493531703948975
1788679109464269000,67.55526904296875,-0.1986042857170105,-10.427921295166016,-3.232703447341919
1788679109481549800,67.5725498046875,-0.20099709928035736,-10.351350784301758,-3.3690943717956543
1788679109498830300,67.58983032226563,-0.3326023519039154,-9.966106414794922,-3.1106693744659424
1788679109516110800,67.60711083984376,-0.349352091550827,-9.729216575622559,-2.6464617252349854
1788679109533391400,67.62439135742187,-0.10289137065410614,-9.592825889587402,-2.2995026111602783
1788679109550672000,67.641671875,0.30628129839897156,-9.595218658447266,-2.1846470832824707
1788679109567952400,67.65895239257813,0.7058826684951782,-9.442078590393066,-2.2229323387145996
1788679109585233000,67.67623291015624,0.7178468108177185,-9.255437850952148,-2.280359983444214
1788679109602513400,67.69351342773437,0.5575276613235474,-9.068798065185547,-2.117648124694824
1788679109619794000,67.7107939453125,0.1052841991186142,-9.355937004089355,-1.5720844268798828
1788679109637074400,67.72807446289063,0.11006984114646912,-9.638289451599121,-1.5864413976669312
1788679109654355000,67.74535498046875,-0.02392822690308094,-9.640682220458984,-2.0027925968170166
1788679109671635500,67.76263549804688,-0.0933200865983963,-9.68375301361084,-2.2612173557281494
1788679109688916000,67.779916015625,-0.009571290574967861,-9.779465675354004,-2.1511476039886475
1788679109706196500,67.79719653320312,-0.035892341285943985,-9.796216011047363,-1.9621145725250244
1788679109723477000,67.81447705078125,-0.16510476171970367,-9.860821723937988,-1.9357935190200806
1788679109740757500,67.83175756835938,-0.18903298676013947,-9.839286804199219,-1.9286150932312012
1788679109758038000,67.8490380859375,-0.05742774158716202,-9.805787086486816,-1.8544375896453857
1788679109775318500,67.86631860351562,-0.11485548317432404,-9.820143699645996,-1.8376877307891846
1788679109792599000,67.88359912109375,-0.17228323221206665,-9.846465110778809,-1.856830358505249
1788679109809879600,67.90087963867188,-0.11964113265275955,-9.731609344482422,-1.825723648071289
1788679109827160000,67.91816015625,-0.1052841991186142,-9.600004196166992,-1.7587246894836426
1788679109844440600,67.93544067382813,-0.1339980661869049,-9.635896682739258,-1.8041882514953613
1788679109861721000,67.95272119140625,-0.18424734473228455,-9.628718376159668,-1.8496519327163696
1788679109879001600,67.97000170898437,-0.24406790733337402,-9.66221809387207,-1.8089739084243774
1788679109896282000,67.9872822265625,-0.23688943684101105,-9.702896118164062,-1.820937991142273
1788679109913562600,68.00456274414063,-0.24406790733337402,-9.722038269042969,-1.8448662757873535
1788679109930843100,68.02184301757812,-0.2392822653055191,-9.729216575622559,-1.8041882514953613
1788679109948123600,68.03912353515625,-0.20099709928035736,-9.726823806762695,-1.765903115272522
1788679109965404200,68.05640405273438,-0.20099709928035736,-9.717252731323242,-1.8113667964935303
1788679109982685000,68.07368481445313,-0.2584248483181,-9.66221809387207,-1.7778671979904175
1788679109999965400,68.09096533203125,-0.30149564146995544,-9.652647018432617,-1.7778671979904175
1788679110017246000,68.10824584960938,-0.33738797903060913,-9.767501831054688,-1.8305093050003052
1788679110034526500,68.1255263671875,-0.3852444589138031,-9.844072341918945,-1.8544375896453857
1788679110051807000,68.14280688476562,-0.32303106784820557,-9.738788604736328,-1.794616937637329
1788679110069087500,68.16008740234375,-0.30149564146995544,-9.702896118164062,-1.7395820617675781
1788679110086368000,68.17736791992188,-0.3517449200153351,-9.710074424743652,-1.730010747909546
1788679110103648500,68.1946484375,-0.4163511395454407,-9.68375301361084,-1.7276179790496826
1788679110120929000,68.21192895507812,-0.38285163044929504,-9.705288887023926,-1.7682958841323853
1788679110138209500,68.22920947265625,-0.397208571434021,-9.681360244750977,-1.7730815410614014
1788679110155490000,68.24648999023438,-0.39481574296951294,-9.688538551330566,-1.7587246894836426
1788679110172770600,68.2637705078125,-0.3278166949748993,-9.736394882202148,-1.797009825706482
1788679110190051000,68.28105102539062,-0.2967100143432617,-9.695717811584473,-1.8137595653533936
1788679110207331600,68.29833154296875,-0.31345975399017334,-9.734002113342285,-1.8687944412231445
1788679110224612000,68.31561206054687,-0.30628129839897156,-9.68375301361084,-1.887937068939209
1788679110241892600,68.332892578125,-0.363709032535553,-9.695717811584473,-1.923829436302185
1788679110259173000,68.35017309570313,-0.31824541091918945,-9.705288887023926,-1.9645073413848877
1788679110276454000,68.36745385742188,-0.3158525824546814,-9.66221809387207,-1.8975083827972412
1788679110293734400,68.384734375,-0.31106695532798767,-9.712467193603516,-1.8352949619293213
1788679110311015000,68.40201489257812,-0.33738797903060913,-9.748359680175781,-1.8233308792114258
1788679110328295400,68.41929541015625,-0.34695929288864136,-9.789037704467773,-1.7611174583435059
1788679110345576000,68.43657592773438,-0.30149564146995544,-9.853643417358398,-1.7611174583435059
1788679110362856400,68.4538564453125,-0.32542386651039124,-9.734002113342285,-1.7611174583435059
1788679110380137000,68.47113696289063,-0.33020952343940735,-9.628718376159668,-1.7060825824737549
1788679110397417500,68.48841748046875,-0.349352091550827,-9.640682220458984,-1.648654818534851
1788679110414698000,68.50569799804687,-0.48574298620224,-9.705288887023926,-1.6151553392410278
1788679110431978500,68.522978515625,-0.5312066078186035,-9.77707290649414,-1.6031911373138428
1788679110449259000,68.54025903320313,-0.5718846321105957,-9.81535816192627,-1.5840486288070679
1788679110466539500,68.55753955078124,-0.5838487148284912,-9.789037704467773,-1.5960127115249634
1788679110483820000,68.57482006835937,-0.5958128571510315,-9.774680137634277,-1.581655740737915
1788679110501100500,68.5921005859375,-0.6149554252624512,-9.712467193603516,-1.5672988891601562
1788679110518381000,68.60938110351563,-0.5982056856155396,-9.762716293334961,-1.5720844268798828
1788679110535661600,68.62666162109375,-0.6101697683334351,-9.722038269042969,-1.552941918373108
1788679110552942000,68.64394213867187,-0.5934200286865234,-9.667003631591797,-1.6319050788879395
1788679110570222600,68.66122265625,-0.5335994362831116,-9.66939640045166,-1.6773686408996582
1788679110587503000,68.67850317382812,-0.6652047038078308,-9.779465675354004,-1.6630117893218994
1788679110604783900,68.69578393554687,-0.6652047038078308,-9.89432144165039,-1.648654818534851
1788679110622064400,68.713064453125,-0.4977070987224579,-9.927821159362793,-1.7922241687774658
1788679110639345000,68.73034497070313,-0.5742774605751038,-9.913464546203613,-1.8735800981521606
1788679110656625400,68.74762548828124,-0.33020952343940735,-9.963713645935059,-1.7491533756256104
1788679110673906000,68.76490600585937,-0.24646073579788208,-9.858428955078125,-1.612762451171875
1788679110691186400,68.7821865234375,-0.4378865361213684,-9.858428955078125,-1.8831514120101929
1788679110708467000,68.79946704101563,-0.5407779216766357,-9.89432144165039,-2.2707886695861816
1788679110725747500,68.81674755859375,-0.3900300860404968,-9.80100154876709,-2.3497519493103027
1788679110743028000,68.83402807617188,-0.2632105052471161,-9.607182502746582,-2.311466693878174
1788679110760308500,68.85130859375,-0.1459621787071228,-9.580862045288086,-2.2540390491485596
1788679110777589000,68.86858911132812,-0.3565305769443512,-9.549755096435547,-2.2468605041503906
1788679110794869500,68.88586938476563,-0.4498506486415863,-9.370293617248535,-2.045863389968872
1788679110812150000,68.90314990234376,-0.8039883971214294,-9.382257461547852,-1.825723648071289
1788679110829430500,68.92043041992187,-0.97148597240448,-9.489934921264648,-1.5792629718780518
1788679110846711000,68.9377109375,-0.9044869542121887,-9.645467758178711,-1.3926228284835815
1788679110863991600,68.95499145507813,-0.5407779216766357,-9.643074989318848,-1.3615161180496216
1788679110881272000,68.97227197265624,-0.8925228714942932,-9.45164966583252,-1.2969099283218384
1788679110898552600,68.98955249023437,-1.6103696823120117,-9.403793334960938,-1.2203395366668701
1788679110915833000,69.0068330078125,-1.770688772201538,-9.678967475891113,-1.0480563640594482
1788679110933113600,69.02411352539062,-1.8759729862213135,-9.602396965026855,-0.6771687865257263
1788679110950394000,69.04139404296875,-1.9621145725250244,-9.659825325012207,-0.5312066078186035
1788679110967675000,69.0586748046875,-2.517249345779419,-9.585647583007812,-0.6652047038078308
1788679110984955400,69.07595532226563,-2.691925525665283,-9.504291534423828,-1.0097711086273193
1788679111002236000,69.09323583984374,-1.5984054803848267,-9.317651748657227,-1.428515076637268
1788679111019516400,69.11051635742187,-2.4574289321899414,-9.032905578613281,-1.8975083827972412
1788679111036797000,69.127796875,-3.074777126312256,-8.542376518249512,-1.887937068939209
1788679111054077200,69.1450771484375,-2.967100143432617,-8.147561073303223,-1.765903115272522
1788679111071358000,69.16235791015625,-3.376272678375244,-7.657032489776611,-1.5290136337280273
1788679111088638500,69.17963842773437,-4.3549370765686035,-6.989434719085693,-0.7585247755050659
1788679111105919000,69.1969189453125,-4.54636287689209,-7.377072334289551,0.3038884699344635
1788679111123199500,69.21419946289062,-4.096512317657471,-8.441878318786621,1.521835207939148
1788679111140480000,69.23147998046875,-3.7974095344543457,-9.08554744720459,1.557727575302124
1788679111157760500,69.24876049804688,-4.658825874328613,-9.229117393493652,0.22013968229293823
1788679111175041000,69.266041015625,-5.625525951385498,-8.6907320022583,-0.19381862878799438
1788679111192321500,69.28332153320312,-5.6446685791015625,-7.223931789398193,0.16749759018421173
1788679111209602000,69.30060205078125,-5.328815937042236,-5.924628734588623,-0.23210379481315613
1788679111226882600,69.31788256835938,-6.116054534912109,-5.781059741973877,-1.526620864868164
1788679111244163000,69.3351630859375,-5.424529075622559,-6.281159400939941,-2.091326951980591
1788679111261443600,69.35244360351562,-4.137190341949463,-6.4701924324035645,-1.275374412536621
1788679111278724000,69.36972412109375,-4.627718925476074,-6.537191390991211,-0.9810572862625122
1788679111296004600,69.38700463867187,-6.3840508460998535,-6.190232276916504,-0.6149554252624512
1788679111313285000,69.40428515625,-7.085147857666016,-6.178267955780029,0.45942193269729614
1788679111330565600,69.42156567382813,-6.463014125823975,-7.652246952056885,1.3854442834854126
1788679111347846400,69.43884643554688,-6.594619274139404,-7.9728851318359375,1.8424733877182007
1788679111365126700,69.45612670898437,-6.415157318115234,-6.970292568206787,1.3399807214736938
1788679111382407400,69.47340747070312,-6.891329288482666,-5.1804609298706055,1.057627558708191
1788679111399688000,69.49068798828125,-7.482356548309326,-3.9122650623321533,0.37088751792907715
1788679111416968400,69.50796850585938,-7.884350776672363,-5.008177757263184,-0.7082754969596863
1788679111434249000,69.5252490234375,-7.441678524017334,-5.986842155456543,-0.9762716293334961
1788679111451529500,69.54252954101563,-7.475177764892578,-6.166304111480713,-0.8925228714942932
1788679111468810000,69.55981005859375,-8.427521705627441,-5.675775527954102,0.35413774847984314
1788679111486090500,69.57709057617187,-8.202595710754395,-5.168497085571289,1.2394821643829346
1788679111503371000,69.59437109375,-8.434700012207031,-4.677968502044678,1.0504491329193115
1788679111520651500,69.61165161132813,-9.008976936340332,-4.529613494873047,1.007378339767456
1788679111537932000,69.62893212890626,-8.740981101989746,-5.051248550415039,0.8015955686569214
1788679111555212500,69.64621264648437,-8.927620887756348,-4.450650215148926,1.4189438819885254
1788679111572493000,69.6634931640625,-9.4061861038208,-4.4721856117248535,2.493321180343628
1788679111589773600,69.68077368164063,-9.449256896972656,-4.4482574462890625,1.911865234375
1788679111607054000,69.69805419921875,-8.810373306274414,-3.4719855785369873,1.1676974296569824
1788679111624334600,69.71533447265625,-8.528019905090332,-3.4121651649475098,0.9092726111412048
1788679111641615000,69.73261499023438,-8.908478736877441,-3.627519130706787,1.9980069398880005
1788679111658895600,69.7498955078125,-9.667003631591797,-2.9383862018585205,1.34476637840271
1788679111676176400,69.76717626953125,-9.001798629760742,-3.345165967941284,1.155733346939087
1788679111693457000,69.78445678710938,-9.923035621643066,-2.9359934329986572,1.4093725681304932
1788679111710737400,69.8017373046875,-8.827122688293457,-2.7517459392547607,1.5936198234558105
1788679111728018000,69.81901782226562,-9.667003631591797,-2.2396819591522217,1.8687944412231445
1788679111745298400,69.83629833984375,-9.748359680175781,-2.258824586868286,1.9645073413848877
1788679111762579000,69.85357885742188,-9.28893756866455,-2.132004976272583,0.7369893789291382
1788679111779859500,69.870859375,-9.482755661010742,-2.550748825073242,-0.24406790733337402
1788679111797140000,69.88813989257812,-8.903693199157715,-2.0961127281188965,0.6867401003837585
1788679111814420500,69.90542041015625,-10.313065528869629,-1.7994025945663452,1.6342978477478027
1788679111831701000,69.92270092773437,-9.722038269042969,-1.4117653369903564,1.8544375896453857
1788679111848981500,69.9399814453125,-10.279565811157227,-0.8231309652328491,1.093519926071167
1788679111866262000,69.95726196289063,-9.81535816192627,-1.0456634759902954,0.6317051649093628
1788679111883542500,69.97454248046876,-9.604789733886719,-0.2584248483181,0.8183453679084778
1788679111900823000,69.99182299804687,-9.846465110778809,-0.5240281820297241,1.7132610082626343
1788679111918103600,70.009103515625,-10.246066093444824,-0.16271193325519562,1.8305093050003052
1788679111935384000,70.02638403320313,-9.355937004089355,0.03349951654672623,1.7563318014144897
1788679111952664600,70.04366455078124,-10.320243835449219,0.27756741642951965,0.7848458290100098
1788679111969945300,70.0609453125,-9.695717811584473,0.5575276613235474,1.459621787071228
1788679111987225900,70.07822583007813,-11.059626579284668,0.6005984544754028,1.9334007501602173
1788679112004506400,70.09550634765625,-11.291729927062988,1.074377417564392,2.517249345779419
1788679112021787000,70.11278686523437,-10.686346054077148,1.0121639966964722,1.7682958841323853
1788679112039067400,70.1300673828125,-10.74138069152832,1.2394821643829346,1.129412293434143
1788679112056348000,70.14734790039063,-10.296316146850586,1.4093725681304932,1.34476637840271
1788679112073628400,70.16462841796876,-10.899307250976562,1.3256237506866455,2.179861545562744
1788679112090909000,70.18190893554687,-10.791629791259766,1.4835500717163086,2.366501569747925
1788679112108189400,70.199189453125,-10.01156997680664,1.3878371715545654,1.3256237506866455
1788679112125470000,70.21646997070313,-10.607382774353027,1.1820544004440308,1.4333007335662842
1788679112142750500,70.23375048828125,-10.657631874084473,1.4979069232940674,2.108076810836792
1788679112160031000,70.25103100585937,-10.72702407836914,1.6941183805465698,2.203789710998535
1788679112177311500,70.2683115234375,-10.695917129516602,1.7156537771224976,2.225325107574463
1788679112194592000,70.28559204101562,-11.093125343322754,1.672582983970642,1.856830358505249
1788679112211872500,70.30287255859375,-10.829915046691895,1.6965112686157227,1.6845471858978271
1788679112229153000,70.32015307617188,-10.559526443481445,1.919043779373169,1.4500504732131958
1788679112246433500,70.33743359375,-10.650453567504883,1.9310078620910645,2.062613010406494
1788679112263714000,70.35471411132812,-10.8969144821167,1.7515461444854736,2.1535403728485107
1788679112280994600,70.37199462890625,-11.033305168151855,1.6079767942428589,1.703689694404602
1788679112298275000,70.38927514648438,-11.006983757019043,1.6558332443237305,1.710868239402771
1788679112315555600,70.4065556640625,-11.023734092712402,1.6845471858978271,1.643869161605835
1788679112332836000,70.42383618164062,-10.420742988586426,1.679761528968811,1.6247265338897705
1788679112350116600,70.44111669921875,-10.87298583984375,1.5194423198699951,1.6654045581817627
1788679112367397000,70.45839721679687,-10.949556350708008,1.4476577043533325,1.6893328428268433
1788679112384677600,70.475677734375,-10.97587776184082,1.3280165195465088,1.6845471858978271
1788679112401958100,70.49295825195313,-10.511670112609863,1.2993026971817017,1.7180466651916504
1788679112419238700,70.51023876953126,-10.590633392333984,1.1413763761520386,1.6773686408996582
1788679112436519200,70.52751928710937,-10.561919212341309,0.9954141974449158,1.5194423198699951
1788679112453799700,70.54479956054688,-10.679167747497559,0.8949156403541565,1.5337992906570435
1788679112471080400,70.56208056640625,-10.310672760009766,0.8111668825149536,1.5936198234558105
1788679112488361000,70.57936083984374,-10.607382774353027,0.6771687865257263,1.5553346872329712
1788679112505641500,70.59664135742187,-10.49970531463623,0.39960137009620667,1.5026925802230835
1788679112522922000,70.613921875,-10.444670677185059,0.33738797903060913,1.1198409795761108
1788679112540202500,70.63120239257813,-10.497312545776367,0.007178467698395252,0.9810572862625122
1788679112557483000,70.64848291015625,-10.657631874084473,-0.2679961323738098,0.8303094506263733
1788679112574763500,70.66576342773438,-10.317851066589355,-0.45224347710609436,0.9451649188995361
1788679112592044000,70.6830439453125,-10.13599681854248,-0.5742774605751038,0.8781659007072449
1788679112609324500,70.70032446289062,-9.90149974822998,-0.8685946464538574,0.5455635786056519
1788679112626605000,70.71760498046875,-10.365707397460938,-1.1868400573730469,0.4618147611618042
1788679112643885600,70.73488549804688,-9.743574142456055,-1.3878371715545654,0.2799602448940277
1788679112661166000,70.752166015625,-9.652647018432617,-1.7467604875564575,0.07657032459974289
1788679112678446600,70.76944653320312,-9.480362892150879,-1.8855443000793457,-0.0933200865983963
1788679112695727000,70.78672705078125,-9.827322959899902,-2.3712873458862305,-0.2632105052471161
1788679112713007600,70.80400756835938,-9.169296264648438,-2.667997360229492,0.004785645287483931
1788679112730288000,70.8212880859375,-9.65503978729248,-2.940778970718384,0.17706887423992157
1788679112747568600,70.83856860351563,-8.819944381713867,-3.2159535884857178,0.09810572862625122
1788679112764849200,70.85584912109375,-8.872586250305176,-3.5772697925567627,-0.19621145725250244
1788679112782129700,70.87312963867187,-8.922835350036621,-3.8596229553222656,-0.20817556977272034
1788679112799410200,70.89041015625,-8.738588333129883,-4.120440483093262,-0.27038896083831787
1788679112816691000,70.90769091796875,-8.975478172302246,-4.48414945602417,-0.1339980661869049
1788679112833971200,70.92497119140624,-8.4562349319458,-4.625326156616211,0.09571290761232376
1788679112851251700,70.94225170898437,-8.57348346710205,-4.5822553634643555,0.3086741268634796
1788679112868532500,70.95953247070312,-8.757730484008789,-4.991427898406982,0.5359922647476196
1788679112885813000,70.97681298828125,-8.429914474487305,-4.955535888671875,0.638883650302887
1788679112903093500,70.99409350585937,-8.171489715576172,-4.883750915527344,0.33499518036842346
1788679112920374000,71.0113740234375,-7.286144733428955,-5.091926574707031,-0.04785645380616188
1788679112937654500,71.02865454101563,-7.2813591957092285,-5.292923450469971,-0.3756731450557709
1788679112954935000,71.04593505859376,-7.16650390625,-5.333601474761963,-0.1986042857170105
1788679112972215600,71.06321557617187,-7.154539585113525,-5.300102233886719,-0.009571290574967861
1788679112989496000,71.08049609375,-7.221538543701172,-5.460421085357666,-0.007178467698395252
1788679113006776600,71.09777661132813,-6.6592254638671875,-5.974878311157227,-0.27038896083831787
1788679113024057000,71.11505712890624,-6.070590972900391,-6.412764549255371,-0.11485548317432404
1788679113041337600,71.13233764648437,-5.582455158233643,-6.7621169090271,0.5096712112426758
1788679113058618000,71.1496181640625,-5.625525951385498,-7.008577346801758,0.8374879360198975
1788679113075898600,71.16689868164063,-6.656832695007324,-6.9822564125061035,0.6317051649093628
1788679113093179100,71.18417919921875,-5.642275810241699,-7.082755088806152,-0.28953152894973755
1788679113110459600,71.20145971679688,-5.592026710510254,-7.10429048538208,-0.5144568681716919
1788679113127740200,71.218740234375,-4.869394302368164,-7.09711217880249,-0.4019941985607147
1788679113145020700,71.23602075195312,-4.867001056671143,-6.888936519622803,-0.5814558863639832
1788679113162301200,71.25330126953125,-5.19242525100708,-6.9344000816345215,-0.605384111404419
1788679113179581700,71.27058178710938,-4.835894584655762,-7.216753005981445,-0.4570291340351105
1788679113196862200,71.2878623046875,-4.910071849822998,-7.4847493171691895,-0.3684946894645691
1788679113214142700,71.30514282226562,-4.278367042541504,-7.8819580078125,-0.5359922647476196
1788679113231423200,71.32242333984375,-4.06540584564209,-8.389236450195312,-0.9451649188995361
1788679113248703700,71.33970385742188,-3.5581271648406982,-8.774480819702148,-1.0911271572113037
1788679113265984500,71.35698461914062,-3.177668571472168,-8.477770805358887,-1.2705888748168945
1788679113283265000,71.37426513671875,-3.6370904445648193,-8.228917121887207,-1.6247265338897705
1788679113300545500,71.39154565429688,-3.2063822746276855,-8.279166221618652,-1.674975872039795
1788679113317826000,71.40882592773437,-2.857030153274536,-8.965906143188477,-2.5459632873535156
1788679113335106600,71.4261064453125,-2.5292134284973145,-9.791430473327637,-3.4480574131011963
1788679113352387000,71.44338696289063,-1.7467604875564575,-9.123832702636719,-3.029313564300537
1788679113369667600,71.46066748046874,-1.7491533756256104,-8.57348346710205,-2.7828526496887207
1788679113386948000,71.47794799804687,-2.0889341831207275,-8.767302513122559,-2.550748825073242
1788679113404228600,71.495228515625,-2.0961127281188965,-8.870193481445312,-1.9860427379608154
1788679113421509000,71.51250903320313,-1.6175481081008911,-8.973084449768066,-1.6031911373138428
1788679113438789600,71.52978955078125,-1.5409778356552124,-9.253045082092285,-1.466800332069397
1788679113456070100,71.54707006835937,-1.4763715267181396,-9.332008361816406,-1.5385849475860596
1788679113473350700,71.5643505859375,-1.332802176475525,-9.442078590393066,-1.7228323221206665
1788679113490631200,71.58163110351562,-1.6103696823120117,-9.535398483276367,-1.9669002294540405
1788679113507911700,71.59891162109375,-1.7060825824737549,-9.7005033493042,-2.3617160320281982
1788679113525192200,71.61619213867188,-1.6055840253829956,-9.860821723937988,-2.196611166000366
1788679113542472700,71.63347265625,-1.4524433612823486,-9.578469276428223,-1.679761528968811
1788679113559753200,71.65075317382812,-1.0528420209884644,-9.45164966583252,-1.34476637840271
1788679113577033700,71.66803369140625,-0.6556333899497986,-9.343972206115723,-1.3567304611206055
1788679113594314200,71.68531420898438,-0.6269195079803467,-9.200403213500977,-1.7180466651916504
1788679113611594800,71.7025947265625,-0.7393822073936462,-9.276973724365234,-1.856830358505249
1788679113628875300,71.71987524414062,-0.5718846321105957,-9.580862045288086,-1.9573289155960083
1788679113646155800,71.73715576171875,-0.4905286431312561,-9.81535816192627,-2.132004976272583
1788679113663436300,71.75443627929687,-0.9068797826766968,-10.14317512512207,-2.3856441974639893
1788679113680716800,71.771716796875,-1.2969099283218384,-10.430314064025879,-2.641676187515259
1788679113697997300,71.78899731445313,-1.069591760635376,-10.585846900939941,-2.8139593601226807
1788679113715277800,71.80627783203126,-0.885344386100769,-10.40638542175293,-3.0388846397399902
1788679113732558300,71.82355834960937,-0.6628118753433228,-9.982855796813965,-3.046063184738159
1788679113749838800,71.8408388671875,-0.07657032459974289,-9.422935485839844,-2.562713146209717
1788679113767119600,71.85811962890625,0.16510476171970367,-9.32722282409668,-2.3473589420318604
1788679113784400100,71.87540014648438,-0.05503492057323456,-9.281759262084961,-2.4526431560516357
1788679113801680600,71.8926806640625,-0.1698904037475586,-9.399007797241211,-2.359323024749756
1788679113818961200,71.90996118164063,-0.22013968229293823,-9.602396965026855,-1.8735800981521606
1788679113836241700,71.92724169921875,-0.28235307335853577,-9.561718940734863,-1.7515461444854736
1788679113853522200,71.94452221679687,-0.28235307335853577,-9.54496955871582,-1.7539390325546265
1788679113870802700,71.961802734375,-0.20578274130821228,-9.621540069580078,-1.7060825824737549
1788679113888083200,71.97908325195313,-0.2632105052471161,-9.516255378723145,-1.820937991142273
1788679113905363700,71.99636376953126,-0.4139583110809326,-9.619147300720215,-2.139183521270752
1788679113922644200,72.01364428710937,-0.5479564070701599,-9.66939640045166,-2.1990039348602295
1788679113939924700,72.0309248046875,-0.4905286431312561,-9.554540634155273,-2.1296122074127197
1788679113957205200,72.04820532226563,-0.3852444589138031,-9.549755096435547,-2.3473589420318604
1788679113974485800,72.06548583984375,-0.26560330390930176,-9.714859962463379,-2.5986053943634033
1788679113991766300,72.08276635742187,-0.13878370821475983,-9.667003631591797,-2.610569477081299
1788679114009046800,72.100046875,-0.12442677468061447,-9.499505996704102,-2.280359983444214
1788679114026327300,72.11732739257812,-0.1579262912273407,-9.509077072143555,-1.954936146736145
1788679114043607800,72.13460791015625,-0.37088751792907715,-9.69093132019043,-1.9525432586669922
1788679114060888300,72.15188842773438,-0.4737788736820221,-9.77707290649414,-2.0865414142608643
1788679114078168800,72.1691689453125,-0.4666004180908203,-9.719645500183105,-2.045863389968872
1788679114095449300,72.18644946289062,-0.4091726839542389,-9.78664493560791,-2.0554347038269043
1788679114112729900,72.20372973632813,-0.33020952343940735,-9.719645500183105,-2.146361827850342
1788679114130010400,72.22101025390624,-0.16271193325519562,-9.597611427307129,-2.1439690589904785
1788679114147291000,72.23829077148437,-0.11006984114646912,-9.561718940734863,-2.0793628692626953
1788679114164571400,72.2555712890625,-0.16271193325519562,-9.56650447845459,-2.0099709033966064
1788679114181852000,72.27285180664063,-0.17228323221206665,-9.616754531860352,-2.038684844970703
1788679114199132400,72.29013232421875,-0.19381862878799438,-9.719645500183105,-2.043470621109009
1788679114216413000,72.30741284179688,-0.25363919138908386,-9.710074424743652,-2.0985054969787598
1788679114233693400,72.324693359375,-0.2991028428077698,-9.7005033493042,-2.1104695796966553
1788679114250974000,72.34197387695312,-0.27756741642951965,-9.693324089050293,-2.038684844970703
1788679114268254700,72.35925463867187,-0.23688943684101105,-9.631111145019531,-2.00518536567688
1788679114285535200,72.37653515625,-0.16031911969184875,-9.616754531860352,-1.9764715433120728
1788679114302815700,72.39381567382813,-0.21774685382843018,-9.628718376159668,-1.9980069398880005
1788679114320096300,72.41109619140624,-0.27756741642951965,-9.68375301361084,-2.0099709033966064
1788679114337376800,72.42837670898437,-0.30628129839897156,-9.623932838439941,-1.9621145725250244
1788679114354657300,72.4456572265625,-0.3086741268634796,-9.473184585571289,-1.919043779373169
1788679114371937800,72.46293774414063,-0.3206382393836975,-9.439684867858887,-1.919043779373169
1788679114389218300,72.48021826171875,-0.2847459018230438,-9.67657470703125,-1.892722725868225
1788679114406498800,72.49749877929688,-0.17228323221206665,-9.750752449035645,-1.8975083827972412
1788679114423779300,72.514779296875,-0.062213387340307236,-9.822537422180176,-1.9573289155960083
1788679114441059800,72.53205981445312,0.035892341285943985,-9.688538551330566,-2.053041934967041
1788679114458340400,72.54934033203125,-0.016749758273363113,-9.533005714416504,-2.091326951980591
1788679114475620900,72.56662084960938,-0.07178468257188797,-9.57607650756836,-2.1296122074127197
1788679114492901400,72.5839013671875,-0.11485548317432404,-9.836894035339355,-2.124826431274414
1788679114510182000,72.60118188476562,-0.0933200865983963,-9.90149974822998,-2.1990039348602295
1788679114527462400,72.61846240234375,-0.23688943684101105,-9.903892517089844,-2.4287149906158447
1788679114544743000,72.63574291992188,-0.31824541091918945,-9.930213928222656,-2.5938198566436768
1788679114562023400,72.6530234375,-0.1459621787071228,-10.13599681854248,-2.723032236099243
1788679114579304000,72.67030395507813,-0.0023928226437419653,-10.138389587402344,-2.847458839416504
1788679114596584400,72.68758447265625,0.040677983313798904,-10.104889869689941,-3.0867412090301514
1788679114613865000,72.70486499023437,-0.10049854964017868,-9.798608779907227,-3.1728827953338623
1788679114631145500,72.7221455078125,-0.38763725757598877,-9.58325481414795,-3.0269205570220947
1788679114648426000,72.73942602539063,-0.33499518036842346,-9.533005714416504,-2.864208698272705
1788679114665706500,72.75670654296874,-0.31345975399017334,-9.4660062789917,-2.63449764251709
1788679114682987000,72.77398706054687,-0.26081767678260803,-9.499505996704102,-2.3784656524658203
1788679114700267500,72.791267578125,-0.30149564146995544,-9.542576789855957,-2.242074728012085
1788679114717548000,72.80854809570313,-0.35892340540885925,-9.343972206115723,-2.146361827850342
1788679114734828500,72.82582861328125,-0.40677985548973083,-9.279366493225098,-2.0243279933929443
1788679114752109000,72.84310913085938,-0.6556333899497986,-9.265008926391602,-1.9262222051620483
1788679114769389800,72.86038989257813,-0.9762716293334961,-9.221938133239746,-1.7587246894836426
1788679114786670300,72.87767041015626,-1.6151553392410278,-9.322437286376953,-1.4141582250595093
1788679114803950800,72.89495092773437,-1.3351950645446777,-9.791430473327637,-1.1198409795761108
1788679114821231400,72.9122314453125,-1.6223337650299072,-9.712467193603516,-0.698704183101654
1788679114838511900,72.92951196289063,-1.5864413976669312,-9.379864692687988,-1.0217353105545044
1788679114855792400,72.94679248046874,-2.203789710998535,-9.54496955871582,-2.282752752304077
1788679114873073000,72.96407299804687,-2.0961127281188965,-9.087940216064453,-2.847458839416504
1788679114890353400,72.981353515625,-2.416750907897949,-8.556734085083008,-2.871387243270874
1788679114907634000,72.99863403320313,-2.6321048736572266,-8.059026718139648,-2.227717876434326
1788679114924914400,73.01591455078125,-2.4717857837677,-7.489534854888916,-1.160519003868103
1788679114942195000,73.03319482421875,-3.6323046684265137,-7.372286796569824,-0.9930213689804077
1788679114959475500,73.05047534179687,-4.9124650955200195,-7.846065521240234,-1.4835500717163086
1788679114976756000,73.067755859375,-4.321437835693359,-8.257631301879883,-0.8135597109794617
1788679114994036500,73.08503637695313,-3.6299118995666504,-8.542376518249512,0.5551348328590393
1788679115011317000,73.10231689453126,-4.230510234832764,-7.884350776672363,0.6197410821914673
1788679115028597500,73.11959741210937,-5.06082010269165,-7.460821151733398,-0.7968099117279053
1788679115045878000,73.1368779296875,-4.589433670043945,-7.278966426849365,0.02871387079358101
1788679115063158500,73.15415844726563,-4.170690059661865,-7.728816986083984,-0.2967100143432617
1788679115080439000,73.17143896484374,-3.7782669067382812,-7.544569969177246,0.02392822690308094
1788679115097719600,73.18871948242187,-3.924229145050049,-7.051648139953613,0.727418065071106
1788679115115000000,73.206,-5.1876397132873535,-7.054041385650635,-0.06699903309345245
1788679115132280600,73.22328051757812,-5.649454116821289,-7.121040344238281,-0.11964113265275955
1788679115149561000,73.24056103515625,-5.764309883117676,-7.140182971954346,-0.30149564146995544
1788679115166841600,73.25784155273438,-6.853044033050537,-6.747759819030762,-0.7489534616470337
1788679115184122000,73.2751220703125,-6.180660724639893,-6.52044153213501,0.062213387340307236
1788679115201402600,73.29240258789062,-6.896114826202393,-6.960721015930176,0.8997012972831726
1788679115218683100,73.30968310546875,-7.482356548309326,-7.020541667938232,0.6675975322723389
1788679115235963600,73.32696362304688,-7.216753005981445,-6.269195556640625,0.33020952343940735
1788679115253244200,73.344244140625,-7.424928665161133,-4.814359188079834,-0.39960137009620667
1788679115270525000,73.36152490234375,-8.142775535583496,-3.294916868209839,-0.6939185857772827
1788679115287805400,73.37880541992187,-7.886743545532227,-5.082355499267578,-0.605384111404419
1788679115305086000,73.3960859375,-8.327022552490234,-6.561119556427002,0.7130611538887024
1788679115322366500,73.41336645507812,-8.384450912475586,-5.84566593170166,0.7082754969596863
1788679115339647000,73.43064697265625,-8.841479301452637,-3.8524444103240967,0.760917603969574
1788679115356927500,73.44792749023438,-9.042476654052734,-3.7663028240203857,0.8279166221618652
1788679115374208000,73.4652080078125,-8.762516975402832,-4.807180881500244,0.2967100143432617
1788679115391488500,73.48248852539062,-9.154939651489258,-5.096712112426758,0.3278166949748993
1788679115408769000,73.49976904296875,-8.489734649658203,-4.737788677215576,0.6484549641609192
1788679115426049500,73.51704956054688,-7.800601959228516,-3.8811583518981934,0.9308080077171326
1788679115443330000,73.534330078125,-8.731410026550293,-4.153940200805664,1.1126625537872314
1788679115460610600,73.55161059570312,-9.896714210510254,-3.8739798069000244,0.9260223507881165
1788679115477891000,73.56889111328125,-9.710074424743652,-4.342973232269287,1.4428720474243164
1788679115495171600,73.58617163085937,-8.987442016601562,-3.845266103744507,1.3710874319076538
1788679115512452000,73.6034521484375,-9.111868858337402,-3.6299118995666504,1.0648061037063599
1788679115529732600,73.62073266601563,-8.805587768554688,-3.6131622791290283,1.0600204467773438
1788679115547013000,73.63801318359376,-9.956535339355469,-2.8211379051208496,1.1365907192230225
1788679115564293600,73.65529370117187,-9.688538551330566,-2.967100143432617,1.4835500717163086
1788679115581574100,73.67257421875,-9.42772102355957,-2.730210542678833,1.2059825658798218
1788679115598854700,73.68985473632813,-8.882157325744629,-2.586641311645508,0.5216353535652161
1788679115616135200,73.70713525390624,-9.42054271697998,-2.63449764251709,0.17228323221206665
1788679115633415700,73.72441577148437,-8.82951545715332,-2.5196423530578613,-0.2584248483181
1788679115650696200,73.7416962890625,-9.372686386108398,-1.7467604875564575,1.222732424736023
1788679115667976700,73.75897680664062,-10.308279991149902,-1.825723648071289,1.7587246894836426
1788679115685257200,73.77625732421875,-10.679167747497559,-1.856830358505249,1.5481562614440918
1788679115702537700,73.79353784179688,-10.06421184539795,-1.3184453248977661,1.2610175609588623
1788679115719818200,73.810818359375,-9.76989459991455,-0.8422735929489136,2.3162522315979004
1788679115737098800,73.8280986328125,-10.12881851196289,-0.5958128571510315,2.7038896083831787
1788679115754379300,73.84537915039063,-9.765109062194824,-0.519242525100708,2.4406790733337402
1788679115771659800,73.86265966796876,-9.702896118164062,-0.1746760457754135,1.3710874319076538
1788679115788940300,73.87994018554687,-8.96829891204834,0.004785645287483931,0.38285163044929504
1788679115806220800,73.897220703125,-10.114460945129395,0.20817556977272034,0.33738797903060913
1788679115823501300,73.91450122070313,-10.092926025390625,0.27756741642951965,1.8807586431503296
1788679115840781800,73.93178173828124,-10.344172477722168,0.5479564070701599,2.830709218978882
1788679115858062300,73.94906225585937,-10.334601402282715,0.8111668825149536,2.2707886695861816
1788679115875342800,73.9663427734375,-9.671789169311523,0.8805587291717529,1.557727575302124
1788679115892623400,73.98362329101562,-9.772287368774414,0.6436693072319031,1.0863415002822876
1788679115909904000,74.00090380859375,-10.248459815979004,0.8566305041313171,1.4931213855743408
1788679115927184400,74.01818432617188,-9.949356079101562,1.093519926071167,2.2683959007263184
1788679115944465000,74.03546484375,-10.176674842834473,1.1318050622940063,2.500499725341797
1788679115961745400,74.05274536132812,-10.73420238494873,1.038485050201416,2.0410776138305664
1788679115979026200,74.07002612304687,-9.899106979370117,1.459621787071228,1.9214365482330322
1788679115996306400,74.08730639648438,-10.193424224853516,1.5601203441619873,2.462214469909668
1788679116013587200,74.10458715820313,-10.456634521484375,1.6103696823120117,2.809173822402954
1788679116030867500,74.12186743164062,-9.903892517089844,1.7539390325546265,2.366501569747925
1788679116048148200,74.13914819335938,-9.896714210510254,1.9286150932312012,2.170290231704712
1788679116065428500,74.15642846679688,-9.884750366210938,1.9692929983139038,2.0506489276885986
1788679116082709000,74.173708984375,-10.021141052246094,2.2205393314361572,2.225325107574463
1788679116099989500,74.19098950195313,-10.01156997680664,2.392822742462158,2.837887763977051
1788679116117270000,74.20827001953126,-10.085747718811035,2.510071039199829,3.0652058124542236
1788679116134550500,74.22555053710937,-9.90149974822998,2.2851455211639404,2.6703901290893555
1788679116151831000,74.2428310546875,-9.987641334533691,2.163111686706543,2.4885356426239014
1788679116169111600,74.26011157226563,-9.822537422180176,2.0889341831207275,2.555534601211548
1788679116186392300,74.27739233398438,-9.645467758178711,2.2133610248565674,2.5770699977874756
1788679116203672800,74.2946728515625,-9.67657470703125,2.1296122074127197,2.438286304473877
1788679116220953300,74.31195336914062,-9.77707290649414,2.029113531112671,2.6464617252349854
1788679116238233900,74.32923388671875,-9.604789733886719,1.94297194480896,2.557927370071411
1788679116255514400,74.34651440429687,-9.439684867858887,1.954936146736145,2.4813570976257324
1788679116272795000,74.363794921875,-9.449256896972656,1.8400806188583374,2.4430718421936035
1788679116290075400,74.38107543945313,-9.556933403015137,1.8376877307891846,2.2325034141540527
1788679116307355600,74.39835571289062,-9.370293617248535,1.8496519327163696,2.376072883605957
1788679116324636400,74.41563647460937,-9.358329772949219,1.9334007501602173,2.699103832244873
1788679116341916700,74.43291674804688,-9.659825325012207,1.7850457429885864,2.6273193359375
1788679116359197400,74.45019750976563,-9.42054271697998,1.7252250909805298,2.4430718421936035
1788679116376477700,74.46747778320312,-9.315258979797363,1.7419748306274414,2.376072883605957
1788679116393758500,74.48475854492187,-9.396614074707031,1.7778671979904175,2.4263222217559814
1788679116411039000,74.5020390625,-9.619147300720215,1.7587246894836426,2.344966173171997
1788679116428319500,74.51931958007812,-9.571290969848633,1.8496519327163696,2.493321180343628
1788679116445600000,74.53660009765625,-9.765109062194824,1.9094724655151367,2.5196423530578613
1788679116462880500,74.55388061523438,-10.14317512512207,1.9764715433120728,2.9072794914245605
1788679116480161000,74.5711611328125,-9.667003631591797,2.194218397140503,2.7086751461029053
1788679116497441500,74.58844165039062,-9.564111709594727,2.1343977451324463,2.562713146209717
1788679116514722000,74.60572216796875,-9.722038269042969,2.2133610248565674,2.830709218978882
1788679116532002600,74.62300244140626,-10.427921295166016,2.0961127281188965,2.768495798110962
1788679116549283000,74.64028295898437,-10.277173042297363,2.062613010406494,3.077169895172119
1788679116566563600,74.6575634765625,-9.937392234802246,2.0315065383911133,2.557927370071411
1788679116583844000,74.67484399414063,-9.765109062194824,2.012363910675049,2.3712873458862305
1788679116601124600,74.69212451171875,-10.243673324584961,1.8472590446472168,2.5387847423553467
1788679116618405000,74.70940502929687,-10.518848419189453,1.8065811395645142,2.9359934329986572
1788679116635685600,74.726685546875,-10.444670677185059,1.5912270545959473,2.6321048736572266
1788679116652966100,74.74396606445312,-10.102497100830078,1.550549030303955,2.280359983444214
1788679116670246700,74.76124658203125,-10.13599681854248,1.428515076637268,2.1032910346984863
1788679116687527200,74.77852709960938,-10.195816993713379,1.3208380937576294,2.321038007736206
1788679116704807700,74.7958076171875,-10.53799057006836,1.0145567655563354,2.407179594039917
1788679116722088200,74.81308813476562,-10.698309898376465,0.8470591902732849,2.5986053943634033
1788679116739368700,74.83036865234375,-10.657631874084473,0.760917603969574,2.4502503871917725
1788679116756649200,74.84764916992188,-10.382457733154297,0.6652047038078308,2.4813570976257324
1788679116773929700,74.8649296875,-10.114460945129395,0.5264210104942322,2.1272194385528564
1788679116791210200,74.88221020507812,-10.688738822937012,-0.01196411345154047,1.6007983684539795
1788679116808490800,74.89949072265625,-10.305887222290039,-0.06699903309345245,1.6079767942428589
1788679116825771300,74.91677124023437,-10.643275260925293,-0.349352091550827,1.9621145725250244
1788679116843051800,74.9340517578125,-10.439885139465332,-0.47617170214653015,1.5337992906570435
1788679116860332300,74.95133227539063,-9.913464546203613,-0.8733802437782288,0.9427721500396729
1788679116877612800,74.96861279296876,-9.631111145019531,-0.8805587291717529,0.550349235534668
1788679116894893300,74.98589331054687,-10.470992088317871,-1.2442678213119507,0.97148597240448
1788679116912173800,75.003173828125,-10.073782920837402,-1.5002998113632202,0.6843472719192505
1788679116929454300,75.02045434570313,-9.521040916442871,-1.7467604875564575,0.47617170214653015
1788679116946734800,75.03773486328124,-9.58325481414795,-1.9597218036651611,0.2392822653055191
1788679116964015400,75.05501538085937,-9.846465110778809,-2.3018953800201416,0.4977070987224579
1788679116981295900,75.0722958984375,-9.087940216064453,-2.500499725341797,0.2799602448940277
1788679116998576400,75.08957641601563,-9.221938133239746,-2.861815929412842,-0.07896314561367035
1788679117015857000,75.10685693359375,-9.578469276428223,-3.4097721576690674,-0.29431718587875366
1788679117033137400,75.12413745117188,-9.159725189208984,-3.3882367610931396,-0.1052841991186142
1788679117050418000,75.14141796875,-8.518448829650879,-3.397808074951172,0.5982056856155396
1788679117067698400,75.15869848632812,-8.740981101989746,-3.7184464931488037,0.8925228714942932
1788679117084979000,75.17597900390625,-9.446864128112793,-4.208974838256836,0.1698904037475586
1788679117102259500,75.19325952148438,-9.33440113067627,-4.357329845428467,0.08135596662759781
1788679117119540000,75.2105400390625,-7.877171993255615,-4.524827480316162,0.3684946894645691
1788679117136820500,75.22782055664062,-8.702695846557617,-4.6540398597717285,0.26081767678260803
1788679117154101000,75.24510107421875,-8.453842163085938,-4.917250633239746,0.22492532432079315
1788679117171381500,75.26238159179688,-8.173882484436035,-4.8502516746521,0.39960137009620667
1788679117188662000,75.279662109375,-7.274180889129639,-4.776073932647705,0.41156548261642456
1788679117205942500,75.29694262695313,-8.559126853942871,-4.945964336395264,0.15553347766399384
1788679117223223000,75.31422314453125,-7.082755088806152,-5.328815937042236,0.349352091550827
1788679117240503600,75.33150366210937,-7.314858913421631,-5.752345561981201,-0.1339980661869049
1788679117257784000,75.3487841796875,-7.616354465484619,-5.953342914581299,-0.2105683982372284
1788679117275064600,75.36606469726563,-7.221538543701172,-6.247660160064697,0.08853443711996078
1788679117292345300,75.38334545898438,-6.853044033050537,-6.290730953216553,0.5383850932121277
1788679117309625600,75.40062548828125,-6.235695838928223,-6.393621921539307,0.6675975322723389
1788679117326906000,75.41790600585938,-6.302694797515869,-6.515655994415283,0.1986042857170105
1788679117344186600,75.4351865234375,-6.324230194091797,-6.537191390991211,-0.4737788736820221
1788679117361467100,75.45246704101562,-5.3694939613342285,-6.620940208435059,-0.39481574296951294
1788679117378747600,75.46974755859375,-5.0464630126953125,-6.9822564125061035,-0.05742774158716202
1788679117396028200,75.48702807617188,-5.568098068237305,-6.975078105926514,0.20578274130821228
1788679117413308700,75.50430859375,-5.5034918785095215,-6.719046115875244,0.4019941985607147
1788679117430589200,75.52158911132813,-5.19960355758667,-6.580262184143066,0.16749759018421173
1788679117447869700,75.53886962890626,-4.8574299812316895,-7.010970115661621,0.04785645380616188
1788679117465150200,75.55615014648437,-5.335994720458984,-7.2574310302734375,-0.016749758273363113
1788679117482430700,75.5734306640625,-4.627718925476074,-7.704888820648193,-0.2727817893028259
1788679117499711500,75.59071142578125,-4.240081787109375,-7.716853141784668,-0.6963114142417908
1788679117516992000,75.60799194335938,-3.845266103744507,-7.750352382659912,-0.8709874153137207
1788679117534272500,75.6252724609375,-3.562912940979004,-7.939385414123535,-1.2921242713928223
1788679117551553000,75.64255297851562,-3.2709884643554688,-8.195417404174805,-0.8901300430297852
1788679117568833500,75.65983349609375,-3.2757742404937744,-8.958727836608887,-1.7084753513336182
1788679117586114000,75.67711401367187,-3.25663161277771,-9.745966911315918,-2.7397818565368652
1788679117603394600,75.69439453125,-3.081955671310425,-9.355937004089355,-2.6464617252349854
1788679117620675000,75.71167504882813,-2.093719720840454,-8.748159408569336,-2.6368906497955322
1788679117637955600,75.72895556640626,-1.7491533756256104,-8.50169849395752,-3.046063184738159
1788679117655236000,75.74623608398437,-2.060220241546631,-8.226524353027344,-2.7182464599609375
1788679117672516600,75.7635166015625,-1.4428720474243164,-8.276773452758789,-1.923829436302185
1788679117689797000,75.78079711914063,-1.153340458869934,-8.654839515686035,-1.4691931009292603
1788679117707077600,75.79807763671874,-1.2586246728897095,-8.97787094116211,-1.3926228284835815
1788679117724358100,75.81535815429687,-1.4069796800613403,-9.279366493225098,-1.4141582250595093
1788679117741638700,75.832638671875,-1.1102696657180786,-9.521040916442871,-1.5481562614440918
1788679117758919200,75.84991918945312,-1.306481122970581,-9.573683738708496,-1.6271194219589233
1788679117776199700,75.86719970703125,-1.801795482635498,-9.829715728759766,-1.7324036359786987
1788679117793480200,75.88448022460938,-1.5481562614440918,-9.681360244750977,-1.8616160154342651
1788679117810760700,75.9017607421875,-0.7896314859390259,-9.449256896972656,-2.132004976272583
1788679117828041200,75.91904125976562,-0.4905286431312561,-9.695717811584473,-2.4406790733337402
1788679117845321700,75.93632177734375,-0.47617170214653015,-9.68375301361084,-2.6368906497955322
1788679117862602200,75.95360229492188,-0.45942193269729614,-9.346364974975586,-2.5531418323516846
1788679117879882800,75.9708828125,-0.4211367964744568,-9.528220176696777,-2.4885356426239014
1788679117897163300,75.98816333007812,-0.3732803463935852,-10.001998901367188,-2.651247501373291
1788679117914443800,76.00544384765625,-0.380458801984787,-10.243673324584961,-2.7421748638153076
1788679117931724300,76.02272436523438,-0.6795616149902344,-10.289137840270996,-3.053241729736328
1788679117949004800,76.0400048828125,-0.5168496966362,-9.674181938171387,-3.3332018852233887
1788679117966285300,76.05728540039063,-0.3852444589138031,-9.518648147583008,-3.0891339778900146
1788679117983565800,76.07456591796876,-0.035892341285943985,-9.504291534423828,-2.644068956375122
1788679118000846300,76.09184643554687,0.038285162299871445,-9.509077072143555,-2.5674986839294434
1788679118018126800,76.109126953125,0.07417750358581543,-9.549755096435547,-2.6225335597991943
1788679118035407400,76.12640747070313,-0.02871387079358101,-9.561718940734863,-2.644068956375122
1788679118052688000,76.14368798828124,-0.1339980661869049,-9.480362892150879,-2.586641311645508
1788679118069968400,76.16096850585937,-0.08135596662759781,-9.281759262084961,-2.478964328765869
1788679118087249000,76.17824877929688,-0.04546362906694412,-9.363115310668945,-2.2683959007263184
1788679118104529400,76.195529296875,0.10767702013254166,-9.482755661010742,-2.1415762901306152
1788679118121810000,76.21280981445312,-0.016749758273363113,-9.597611427307129,-2.282752752304077
1788679118139090400,76.23009033203125,-0.2512463629245758,-9.621540069580078,-2.5076780319213867
1788679118156371000,76.24737084960938,-0.34217363595962524,-9.56889820098877,-2.5842485427856445
1788679118173651500,76.2646513671875,-0.2847459018230438,-9.571290969848633,-2.589034080505371
1788679118190932000,76.28193188476563,-0.27756741642951965,-9.614361763000488,-2.5698914527893066
1788679118208212700,76.29921264648438,-0.3206382393836975,-9.66939640045166,-2.699103832244873
1788679118225493200,76.3164931640625,-0.2679961323738098,-9.609575271606445,-2.65842604637146
1788679118242773800,76.33377368164062,-0.17706887423992157,-9.468399047851562,-2.414358139038086
1788679118260054300,76.35105419921875,-0.08614161610603333,-9.456435203552246,-2.256431818008423
1788679118277334800,76.36833471679688,-0.1818545162677765,-9.664610862731934,-2.258824586868286
1788679118294615000,76.38561499023437,-0.22492532432079315,-9.755537986755371,-2.3712873458862305
1788679118311895600,76.4028955078125,-0.25363919138908386,-9.633503913879395,-2.4335005283355713
1788679118329176000,76.42017602539063,-0.27756741642951965,-9.499505996704102,-2.421536445617676
1788679118346456800,76.43745678710937,-0.31345975399017334,-9.499505996704102,-2.3784656524658203
1788679118363737300,76.4547373046875,-0.33738797903060913,-9.578469276428223,-2.359323024749756
1788679118381017600,76.472017578125,-0.29431718587875366,-9.609575271606445,-2.3330020904541016
1788679118398298400,76.48929833984376,-0.30149564146995544,-9.712467193603516,-2.335394859313965
1788679118415579000,76.50657885742187,-0.2727817893028259,-9.745966911315918,-2.4358935356140137
1788679118432859400,76.523859375,-0.2871387302875519,-9.588040351867676,-2.510071039199829
1788679118450140000,76.54113989257813,-0.2799602448940277,-9.547362327575684,-2.5986053943634033
1788679118467420400,76.55842041015624,-0.22971096634864807,-9.513862609863281,-2.644068956375122
1788679118484701000,76.57570092773437,-0.20099709928035736,-9.528220176696777,-2.6368906497955322
1788679118501981400,76.5929814453125,-0.23210379481315613,-9.561718940734863,-2.6632115840911865
1788679118519262000,76.61026196289062,-0.19621145725250244,-9.56650447845459,-2.6368906497955322
1788679118536542500,76.62754248046875,-0.16510476171970367,-9.54496955871582,-2.572284460067749
1788679118553823000,76.64482299804688,-0.1459621787071228,-9.56889820098877,-2.581855535507202
1788679118571103500,76.662103515625,-0.07896314561367035,-9.611968994140625,-2.6057839393615723
1788679118588384000,76.67938403320312,-0.0933200865983963,-9.580862045288086,-2.6249263286590576
1788679118605664500,76.69666455078125,-0.11724831163883209,-9.600004196166992,-2.612962245941162
1788679118622945000,76.71394506835938,-0.12681959569454193,-9.595218658447266,-2.462214469909668
1788679118640225500,76.7312255859375,-0.11246266216039658,-9.607182502746582,-2.3808584213256836
1788679118657506000,76.74850610351562,-0.13160525262355804,-9.652647018432617,-2.3234307765960693
1788679118674786600,76.76578662109375,-0.23688943684101105,-9.664610862731934,-2.3497519493103027
1788679118692067000,76.78306713867188,-0.17946170270442963,-9.619147300720215,-2.287538528442383
1788679118709347600,76.80034765625,-0.1746760457754135,-9.638289451599121,-2.2372891902923584
1788679118726628000,76.81762817382813,-0.2727817893028259,-9.640682220458984,-2.2851455211639404
1788679118743908600,76.83490869140626,-0.35892340540885925,-9.667003631591797,-2.3234307765960693
1788679118761189000,76.85218920898437,-0.44027936458587646,-9.707681655883789,-2.3617160320281982
1788679118778469600,76.8694697265625,-0.4378865361213684,-9.719645500183105,-2.3784656524658203
1788679118795750100,76.88675024414063,-0.37088751792907715,-9.621540069580078,-2.3234307765960693
1788679118813030700,76.90403076171874,-0.2991028428077698,-9.540184020996094,-2.256431818008423
1788679118830311200,76.92131127929687,-0.30149564146995544,-9.497113227844238,-2.1990039348602295
1788679118847591700,76.938591796875,-0.3517449200153351,-9.650253295898438,-2.2157537937164307
1788679118864872200,76.9558720703125,-0.3613162338733673,-9.822537422180176,-2.423929452896118
1788679118882152700,76.97315258789062,-0.3924229145050049,-9.588040351867676,-2.3952155113220215
1788679118899433500,76.99043359375,-0.38285163044929504,-9.626325607299805,-2.3641088008880615
1788679118916714000,77.0077138671875,-0.37088751792907715,-9.67657470703125,-2.5363919734954834
1788679118933994500,77.02499438476562,-0.29431718587875366,-9.760323524475098,-2.6560330390930176
1788679118951275000,77.04227490234375,-0.22013968229293823,-9.760323524475098,-2.610569477081299
1788679118968555300,77.05955517578126,-0.13878370821475983,-9.67657470703125,-2.5938198566436768
1788679118985836000,77.0768359375,-0.33738797903060913,-9.631111145019531,-2.7421748638153076
1788679119003116300,77.0941162109375,-0.5742774605751038,-9.650253295898438,-3.0077781677246094
1788679119020397000,77.11139697265625,-0.6101697683334351,-9.748359680175781,-3.1680972576141357
1788679119037677600,77.12867749023438,-0.48095735907554626,-9.760323524475098,-3.1968109607696533
1788679119054957800,77.14595776367187,-0.3732803463935852,-9.66221809387207,-3.146561861038208
1788679119072238300,77.16323828125,-0.3445664644241333,-9.55214786529541,-3.0340991020202637
1788679119089518800,77.18051879882813,-0.5168496966362,-9.506684303283691,-2.9934210777282715
1788679119106799600,77.19779956054687,-0.7680960893630981,-9.516255378723145,-2.806781053543091
1788679119124080000,77.215080078125,-1.0169496536254883,-9.652647018432617,-2.641676187515259
1788679119141360600,77.23236059570313,-1.3351950645446777,-9.54496955871582,-2.4047868251800537
1788679119158641200,77.24964111328126,-1.6701902151107788,-9.19561767578125,-2.0267207622528076
1788679119175921700,77.26692163085937,-1.6079767942428589,-8.870193481445312,-1.2179467678070068
1788679119193202200,77.2842021484375,-1.8400806188583374,-8.650053977966309,-0.4737788736820221
1788679119210482700,77.30148266601563,-1.8185452222824097,-9.147761344909668,-0.672383189201355
1788679119227763200,77.31876318359375,-2.7661030292510986,-8.874979019165039,-1.1102696657180786
1788679119245043700,77.33604370117187,-3.4719855785369873,-7.874779224395752,-1.1868400573730469
1788679119262324200,77.35332421875,-3.4241292476654053,-6.616154670715332,-0.6939185857772827
1788679119279604700,77.37060473632812,-4.242474555969238,-6.6113691329956055,-0.9619147181510925
1788679119296885200,77.38788525390625,-3.665804386138916,-8.190631866455078,-0.916451096534729
1788679119314165800,77.40516577148438,-2.227717876434326,-9.367900848388672,-0.37088751792907715
1788679119331446300,77.4224462890625,-3.077169895172119,-9.372686386108398,-1.4165509939193726
1788679119348726800,77.43972680664062,-4.137190341949463,-8.300702095031738,-0.7657032608985901
1788679119366007300,77.45700732421875,-4.402793884277344,-7.518248558044434,0.4019941985607147
1788679119383287800,77.47428784179688,-4.108476638793945,-7.427321434020996,-0.16749759018421173
1788679119400568300,77.491568359375,-4.252045631408691,-6.776473522186279,-1.648654818534851
1788679119417848800,77.50884887695312,-3.4121651649475098,-6.283552169799805,-1.9334007501602173
1788679119435129300,77.52612939453125,-3.2350962162017822,-6.455835342407227,-1.1772687435150146
1788679119452409900,77.54340991210937,-4.570291042327881,-6.412764549255371,-0.031106693670153618
1788679119469690400,77.5606904296875,-6.553941249847412,-6.589833736419678,0.32542386651039124
1788679119486971000,77.57797094726563,-6.996613502502441,-6.742974281311035,0.11964113265275955
1788679119504251400,77.59525146484376,-5.577669620513916,-7.085147857666016,-0.26081767678260803
1788679119521532000,77.61253198242187,-6.137589931488037,-7.496713161468506,-0.5910272002220154
1788679119538812400,77.6298125,-7.152146816253662,-7.75753116607666,-0.8183453679084778
1788679119556093000,77.64709301757813,-6.941578388214111,-7.276573657989502,-0.4905286431312561
1788679119573373400,77.66437353515624,-7.913064479827881,-5.563312530517578,-0.49292147159576416
1788679119590654000,77.68165405273437,-7.561319351196289,-5.252245903015137,-0.07417750358581543
1788679119607934700,77.69893481445312,-6.908079147338867,-5.400600910186768,0.4331009089946747
1788679119625215200,77.71621533203125,-7.719245910644531,-5.685346603393555,0.7561319470405579
1788679119642495700,77.73349584960937,-7.568498134613037,-5.752345561981201,0
1788679119659776000,77.75077587890625,-7.451249599456787,-4.828716278076172,-0.28235307335853577
1788679119677056500,77.76805639648437,-8.537590980529785,-4.680361270904541,-0.31824541091918945
1788679119694337300,77.78533715820312,-8.621339797973633,-5.381458282470703,0.08853443711996078
1788679119711617500,77.80261743164063,-7.755138397216797,-5.163711071014404,0.5479564070701599
1788679119728898300,77.81989819335938,-8.63330364227295,-3.9290146827697754,0.29431718587875366
1788679119746178600,77.83717846679687,-9.001798629760742,-3.658625841140747,0.41874396800994873
1788679119763459000,77.854458984375,-9.068798065185547,-3.9840497970581055,1.7324036359786987
1788679119780739600,77.87173950195313,-9.743574142456055,-3.720839262008667,2.1607189178466797
1788679119798020000,77.88902001953124,-9.4061861038208,-2.6249263286590576,1.423729419708252
1788679119815300900,77.90630078125,-9.284152030944824,-3.4169507026672363,1.7467604875564575
1788679119832581400,77.92358129882813,-9.408578872680664,-2.555534601211548,1.2083754539489746
1788679119849862000,77.94086181640625,-9.482755661010742,-2.7517459392547607,1.6773686408996582
1788679119867142400,77.95814233398437,-8.999405860900879,-2.115255117416382,1.3758729696273804
1788679119884423000,77.9754228515625,-9.604789733886719,-2.313859462738037,1.7012969255447388
1788679119901703400,77.99270336914063,-11.282158851623535,-2.5196423530578613,1.2179467678070068
1788679119918984000,78.00998388671874,-9.29611587524414,-1.9357935190200806,1.6319050788879395
1788679119936264400,78.02726440429687,-10.047462463378906,-1.710868239402771,1.430907964706421
1788679119953545000,78.044544921875,-10.179067611694336,-1.9310078620910645,1.0193424224853516
1788679119970825500,78.06182543945313,-9.45164966583252,-1.074377417564392,1.038485050201416
1788679119988106000,78.07910595703125,-10.272387504577637,-1.4189438819885254,1.0815558433532715
1788679120005386500,78.09638647460937,-10.114460945129395,-0.794417142868042,0.9044869542121887
1788679120022667000,78.1136669921875,-9.8871431350708,-0.5862415432929993,0.8997012972831726
1788679120039947500,78.13094750976562,-9.78664493560791,-0.04546362906694412,1.31365966796875
1788679120057228000,78.14822802734375,-10.305887222290039,-0.1986042857170105,2.187039852142334
1788679120074508500,78.16550854492188,-10.619346618652344,-0.09810572862625122,2.4287149906158447
1788679120091789000,78.1827890625,-10.313065528869629,0.21774685382843018,1.9046868085861206
1788679120109069600,78.20006958007812,-9.707681655883789,0.9092726111412048,1.3758729696273804
1788679120126350000,78.21735009765625,-9.152546882629395,0.8398807644844055,1.3280165195465088
1788679120143630600,78.23463061523438,-10.009177207946777,0.9954141974449158,1.6941183805465698
1788679120160911000,78.2519111328125,-10.231709480285645,1.3232308626174927,2.328216314315796
1788679120178191600,78.26919165039062,-10.090533256530762,1.6821542978286743,3.218346357345581
1788679120195472100,78.28647216796875,-10.217352867126465,2.062613010406494,2.837887763977051
1788679120212752600,78.30375268554687,-9.53061294555664,2.3712873458862305,2.60339093208313
1788679120230033200,78.321033203125,-9.817750930786133,2.550748825073242,2.5603201389312744
1788679120247313700,78.33831372070313,-9.829715728759766,2.998206853866577,3.208775281906128
1788679120264594200,78.35559423828126,-9.695717811584473,3.187239646911621,3.2614171504974365
1788679120281874700,78.37287475585937,-9.80817985534668,3.290131092071533,2.9455647468566895
1788679120299155200,78.3901552734375,-9.461220741271973,3.3379876613616943,2.7326035499572754
1788679120316435700,78.40743579101563,-9.463613510131836,3.4265220165252686,2.991028308868408
1788679120333716200,78.42471630859374,-9.403793334960938,3.4025938510894775,3.4408788681030273
1788679120350996700,78.44199682617187,-9.446864128112793,3.2446675300598145,3.1178479194641113
1788679120368277200,78.45927734375,-9.65503978729248,3.2374889850616455,2.581855535507202
1788679120385557800,78.47655786132813,-9.461220741271973,3.3858439922332764,2.447857618331909
1788679120402838300,78.49383837890625,-9.343972206115723,3.617947816848755,3.091526746749878
1788679120420118800,78.51111889648438,-9.492327690124512,3.6155550479888916,3.2063822746276855
1788679120437399300,78.5283994140625,-9.482755661010742,3.5533416271209717,2.9790642261505127
1788679120454679800,78.5456796875,-9.272188186645508,3.555734395980835,2.6392834186553955
1788679120471960300,78.56296020507813,-9.198010444641113,3.538984775543213,2.586641311645508
1788679120489240800,78.58024072265626,-9.140582084655762,3.555734395980835,2.651247501373291
1788679120506521300,78.59752124023437,-9.300901412963867,3.493520975112915,2.6967110633850098
1788679120523801900,78.6148017578125,-9.018548965454102,3.452843189239502,2.7661030292510986
1788679120541082400,78.63208227539063,-8.989834785461426,3.3690943717956543,2.4885356426239014
1788679120558363000,78.64936279296874,-9.013762474060059,3.3020951747894287,2.4741785526275635
1788679120575643400,78.66664331054687,-8.910871505737305,3.304488182067871,2.651247501373291
1788679120592924000,78.683923828125,-8.863015174865723,3.359523057937622,2.699103832244873
1788679120610204400,78.70120434570312,-8.941978454589844,3.3690943717956543,2.7182464599609375
1788679120627485000,78.71848486328125,-8.980263710021973,3.342773199081421,2.7326035499572754
1788679120644765400,78.73576538085938,-8.855836868286133,3.359523057937622,2.68953275680542
1788679120662046000,78.7530458984375,-8.889336585998535,3.5126636028289795,2.706282377243042
1788679120679326500,78.77032641601562,-8.863015174865723,3.507878065109253,2.7876384258270264
1788679120696607000,78.78760693359375,-8.982656478881836,3.517449378967285,2.885744094848633
1788679120713887500,78.80488745117188,-9.056833267211914,3.5772697925567627,2.847458839416504
1788679120731168000,78.82216796875,-9.104690551757812,3.601198196411133,3.022135019302368
1788679120748448500,78.83944848632812,-9.300901412963867,3.751945972442627,2.8450660705566406
1788679120765729000,78.85672900390625,-9.454042434692383,3.617947816848755,2.9934210777282715
1788679120783009500,78.87400952148438,-9.812965393066406,3.6945180892944336,2.888136863708496
1788679120800290000,78.8912900390625,-9.93978500366211,3.6873397827148438,3.16331148147583
1788679120817570600,78.90857055664063,-10.212567329406738,3.7184464931488037,3.0963125228881836
1788679120834851000,78.92585107421876,-10.073782920837402,3.7016966342926025,3.0029923915863037
1788679120852131600,78.94313159179687,-10.827522277832031,3.5605201721191406,2.950350284576416
1788679120869412000,78.960412109375,-10.583454132080078,3.476771354675293,2.6703901290893555
1788679120886692600,78.97769262695313,-10.660024642944336,3.352344512939453,2.715853691101074
1788679120903973000,78.99497314453124,-10.13599681854248,3.2446675300598145,2.6799614429473877
1788679120921254000,79.01225390625,-11.306086540222168,2.9958138465881348,2.6799614429473877
1788679120938534400,79.02953442382812,-10.53799057006836,3.0867412090301514,2.7828526496887207
1788679120955815000,79.04681494140625,-10.435099601745605,3.0029923915863037,3.2374889850616455
1788679120973095200,79.06409521484375,-10.238887786865234,2.6775684356689453,2.9072794914245605
1788679120990375700,79.08137573242188,-10.490134239196777,2.4358935356140137,2.6943182945251465
1788679121007656200,79.09865625,-9.803394317626953,2.297109842300415,2.4981069564819336
1788679121024936700,79.11593676757812,-10.202995300292969,1.9812572002410889,2.524427890777588
1788679121042217200,79.13321728515625,-10.073782920837402,1.5864413976669312,2.3808584213256836
1788679121059497700,79.15049780273438,-9.784252166748047,1.5290136337280273,2.2396819591522217
1788679121076778200,79.1677783203125,-9.561718940734863,1.098305583000183,2.2396819591522217
1788679121094058800,79.18505883789062,-9.430113792419434,0.8973084688186646,1.9884356260299683
1788679121111339300,79.20233935546875,-9.76989459991455,0.5455635786056519,1.679761528968811
1788679121128620000,79.2196201171875,-9.872786521911621,0.1459621787071228,1.7156537771224976
1788679121145900500,79.23690063476562,-9.387042999267578,0.03349951654672623,1.9836499691009521
1788679121163181000,79.25418115234375,-9.588040351867676,-0.3924229145050049,2.00518536567688
1788679121180461600,79.27146166992188,-9.934999465942383,-0.5264210104942322,1.2945170402526855
1788679121197742000,79.2887421875,-9.7005033493042,-1.038485050201416,0.9571290612220764
1788679121215022600,79.30602270507812,-9.30329418182373,-1.1461620330810547,0.7369893789291382
1788679121232303000,79.32330322265625,-9.159725189208984,-1.4835500717163086,0.30628129839897156
1788679121249583400,79.34058325195312,-9.80100154876709,-1.6414763927459717,0.24406790733337402
1788679121266863900,79.35786376953125,-10.695917129516602,-2.2325034141540527,0.3278166949748993
1788679121284144400,79.37514428710938,-9.253045082092285,-2.2157537937164307,0.4450650215148926
1788679121301425000,79.3924248046875,-9.422935485839844,-2.4119651317596436,0.729810893535614
1788679121318705400,79.40970532226562,-9.688538551330566,-2.8929226398468018,0.5359922647476196
1788679121335986200,79.42698608398437,-9.600004196166992,-3.2614171504974365,-1.0241280794143677
1788679121353266700,79.4442666015625,-8.410771369934082,-3.500699520111084,-0.9571290612220764
1788679121370547200,79.46154711914062,-8.944371223449707,-3.775874137878418,-0.19381862878799438
1788679121387827700,79.47882763671875,-8.740981101989746,-3.9672999382019043,0.4666004180908203
1788679121405108200,79.49610815429688,-9.56650447845459,-3.8356947898864746,0.6604190468788147
1788679121422388700,79.513388671875,-8.872586250305176,-3.658625841140747,0.9188438653945923
1788679121439669000,79.5306689453125,-8.987442016601562,-3.9074792861938477,0.760917603969574
1788679121456949800,79.54794970703125,-8.805587768554688,-4.323830604553223,0.41874396800994873
1788679121474230000,79.56522998046874,-7.963313579559326,-4.579862594604492,0.20578274130821228
1788679121491510800,79.5825107421875,-8.279166221618652,-4.871787071228027,0.064606212079525
1788679121508791000,79.599791015625,-7.676175117492676,-5.087141036987305,0.062213387340307236
1788679121526071600,79.61707153320313,-8.14516830444336,-5.120640277862549,-0.09092725813388824
1788679121543352300,79.63435229492187,-7.489534854888916,-5.513063430786133,0.06699903309345245
1788679121560632800,79.6516328125,-7.3914289474487305,-5.876772403717041,0.21774685382843018
1788679121577913300,79.66891333007813,-6.975078105926514,-6.068198204040527,0.641276478767395
1788679121595193900,79.68619384765626,-7.276573657989502,-6.209374904632568,0.46899324655532837
1788679121612474400,79.70347436523437,-7.410571575164795,-6.262016773223877,0.2679961323738098
1788679121629755000,79.7207548828125,-5.998806476593018,-6.293123722076416,0.39960137009620667
1788679121647035100,79.73803515625,-6.0466628074646,-6.180660724639893,0.3517449200153351
1788679121664316000,79.75531591796874,-6.278766632080078,-6.003592014312744,0.11964113265275955
1788679121681596400,79.77259643554687,-5.020142078399658,-6.295516490936279,0.26560330390930176
1788679121698876700,79.78987670898438,-5.099104881286621,-6.183053493499756,0.10289137065410614
1788679121716157200,79.8071572265625,-5.682953834533691,-6.262016773223877,0.06699903309345245
1788679121733438000,79.82443798828125,-5.489135265350342,-6.5491557121276855,-0.46899324655532837
1788679121750718500,79.84171850585938,-4.1491546630859375,-7.113861560821533,-1.306481122970581
1788679121767999000,79.8589990234375,-3.6466617584228516,-7.2574310302734375,-1.277767300605774
1788679121785279500,79.87627954101562,-3.713660717010498,-7.475177764892578,-1.179661512374878
1788679121802560000,79.89356005859375,-3.7399818897247314,-7.8556365966796875,-1.4811571836471558
1788679121819840500,79.91084057617188,-3.85483717918396,-8.051848411560059,-1.5170495510101318
1788679121837121000,79.92812109375,-3.019742250442505,-8.193024635314941,-2.524427890777588
1788679121854401500,79.94540161132812,-2.2444677352905273,-8.449056625366211,-2.7038896083831787
1788679121871682000,79.96268212890625,-3.5581271648406982,-8.537590980529785,-2.6297121047973633
1788679121888962600,79.97996264648438,-3.077169895172119,-8.544769287109375,-2.4287149906158447
1788679121906242800,79.99724291992187,-1.6941183805465698,-8.9850492477417,-2.943171739578247
1788679121923523300,80.0145234375,-0.9643075466156006,-8.791230201721191,-2.50289249420166
1788679121940804000,80.03180419921875,-1.191625714302063,-8.784051895141602,-1.9166508913040161
1788679121958084600,80.04908471679687,-1.2993026971817017,-8.831908226013184,-1.2418749332427979
1788679121975365000,80.066365234375,-1.8113667964935303,-9.18843936920166,-0.9116654396057129
1788679121992645600,80.08364575195313,-2.526820659637451,-9.276973724365234,-0.8111668825149536
1788679122009926100,80.10092602539062,-2.1607189178466797,-9.45164966583252,-1.0600204467773438
1788679122027206700,80.11820654296875,-1.6031911373138428,-9.28893756866455,-1.5290136337280273
1788679122044487200,80.13548706054688,-1.5936198234558105,-9.298508644104004,-2.0578274726867676
1788679122061767700,80.152767578125,-1.4165509939193726,-9.399007797241211,-2.266003131866455
1788679122079048000,80.1700478515625,-0.9451649188995361,-9.200403213500977,-2.1583259105682373
1788679122096328400,80.18732836914063,-0.41156548261642456,-9.116654396057129,-2.179861545562744
1788679122113609000,80.20460888671874,-0.4211367964744568,-9.559326171875,-2.3784656524658203
1788679122130889500,80.22188940429687,-0.8973084688186646,-10.389636039733887,-2.8809585571289062
1788679122148170200,80.23917016601563,-1.1341979503631592,-11.081161499023438,-3.6155550479888916
1788679122165450800,80.25645068359376,-1.332802176475525,-11.193624496459961,-4.522434711456299
1788679122182731300,80.27373120117187,-1.6199408769607544,-10.047462463378906,-4.60139799118042
1788679122200011800,80.29101171875,-1.1365907192230225,-9.174081802368164,-3.4576287269592285
1788679122217292300,80.30829223632813,-0.24646073579788208,-8.755337715148926,-2.6799614429473877
1788679122234572500,80.32557250976562,0.6436693072319031,-8.745766639709473,-2.5292134284973145
1788679122251853000,80.34285302734375,0.8015955686569214,-9.090332984924316,-2.885744094848633
1788679122269133600,80.36013354492188,0.7800601720809937,-9.394221305847168,-3.0723843574523926
1788679122286414000,80.3774140625,0.2632105052471161,-9.298508644104004,-2.9623143672943115
1788679122303694600,80.39469458007812,-0.26081767678260803,-9.147761344909668,-2.706282377243042
1788679122320975000,80.41197509765625,-0.48574298620224,-9.312865257263184,-2.2468605041503906
1788679122338255600,80.42925561523438,-0.2679961323738098,-9.674181938171387,-2.0410776138305664
1788679122355536400,80.44653637695312,-0.16031911969184875,-9.76989459991455,-2.431107759475708
1788679122372817000,80.46381689453125,-0.12203395366668701,-9.659825325012207,-3.043670415878296
1788679122390097400,80.48109741210938,-0.10049854964017868,-9.635896682739258,-3.38105845451355
1788679122407378000,80.4983779296875,-0.1866401731967926,-9.664610862731934,-3.3643085956573486
1788679122424658200,80.515658203125,-0.2871387302875519,-9.650253295898438,-3.34995174407959
1788679122441938700,80.53293872070313,-0.35413774847984314,-9.54496955871582,-3.335594654083252
1788679122459219200,80.55021923828124,-0.4666004180908203,-9.4660062789917,-3.060420274734497
1788679122476499700,80.56749975585937,-0.4139583110809326,-9.45882797241211,-2.7014968395233154
1788679122493780200,80.5847802734375,-0.2512463629245758,-9.468399047851562,-2.3712873458862305
1788679122511060700,80.60206079101563,-0.13160525262355804,-9.590433120727539,-2.1415762901306152
1788679122528341200,80.61934130859375,-0.20099709928035736,-9.585647583007812,-2.0506489276885986
1788679122545621800,80.63662182617188,-0.2153540402650833,-9.482755661010742,-2.1678972244262695
1788679122562902300,80.65390234375,-0.2991028428077698,-9.408578872680664,-2.4837498664855957
1788679122580182800,80.67118286132812,-0.20578274130821228,-9.403793334960938,-2.6608188152313232
1788679122597463300,80.68846337890625,-0.031106693670153618,-9.485149383544922,-2.799602508544922
1788679122614743800,80.70574389648438,0.0526420995593071,-9.468399047851562,-2.864208698272705
1788679122632024300,80.7230244140625,0.0526420995593071,-9.475577354431152,-2.9072794914245605
1788679122649304800,80.74030493164062,-0.02632104977965355,-9.590433120727539,-3.053241729736328
1788679122666585300,80.75758544921875,-0.064606212079525,-9.506684303283691,-2.9359934329986572
1788679122683865900,80.77486596679688,-0.07657032459974289,-9.504291534423828,-2.713460922241211
1788679122701146400,80.792146484375,-0.16749759018421173,-9.53061294555664,-2.68953275680542
1788679122718427000,80.80942700195313,-0.30628129839897156,-9.585647583007812,-2.6608188152313232
1788679122735707400,80.82670727539063,-0.4019941985607147,-9.633503913879395,-2.6273193359375
1788679122752988000,80.84398779296875,-0.4163511395454407,-9.626325607299805,-2.5770699977874756
1788679122770268400,80.86126831054688,-0.3852444589138031,-9.53061294555664,-2.4430718421936035
1788679122787549000,80.878548828125,-0.4043870270252228,-9.4660062789917,-2.3736801147460938
1788679122804829400,80.89582934570312,-0.4570291340351105,-9.482755661010742,-2.416750907897949
1788679122822110000,80.91310986328125,-0.5335994362831116,-9.561718940734863,-2.5052852630615234
1788679122839390500,80.93039038085938,-0.550349235534668,-9.590433120727539,-2.6153552532196045
1788679122856671000,80.9476708984375,-0.5407779216766357,-9.590433120727539,-2.6943182945251465
1788679122873951500,80.96495141601562,-0.4953143000602722,-9.609575271606445,-2.7326035499572754
1788679122891232000,80.98223193359375,-0.4211367964744568,-9.561718940734863,-2.754138946533203
1788679122908512500,80.99951245117188,-0.33738797903060913,-9.513862609863281,-2.768495798110962
1788679122925793000,81.01679296875,-0.20578274130821228,-9.533005714416504,-2.6943182945251465
1788679122943073500,81.03407348632813,-0.1746760457754135,-9.554540634155273,-2.715853691101074
1788679122960354000,81.05135400390625,-0.14835500717163086,-9.487542152404785,-2.723032236099243
1788679122977634600,81.06863452148437,-0.19621145725250244,-9.518648147583008,-2.6847469806671143
1788679122994915000,81.0859150390625,-0.20338992774486542,-9.616754531860352,-2.5938198566436768
1788679123012195600,81.10319555664063,-0.2679961323738098,-9.628718376159668,-2.531606435775757
1788679123029476000,81.12047607421874,-0.24885354936122894,-9.588040351867676,-2.5292134284973145
1788679123046756600,81.13775659179687,-0.18424734473228455,-9.542576789855957,-2.4335005283355713
1788679123064037000,81.155037109375,-0.2799602448940277,-9.4660062789917,-2.3976082801818848
1788679123081317600,81.17231762695313,-0.4091726839542389,-9.53779125213623,-2.383251428604126
1788679123098598100,81.18959814453125,-0.3852444589138031,-9.753145217895508,-2.3617160320281982
1788679123115878700,81.20687866210938,-0.33020952343940735,-9.652647018432617,-2.524427890777588
1788679123133159200,81.2241591796875,-0.37806597352027893,-9.432506561279297,-2.5531418323516846
1788679123150439700,81.24143969726562,-0.40677985548973083,-9.470791816711426,-2.400001049041748
1788679123167720200,81.25872021484375,-0.5479564070701599,-9.592825889587402,-2.3473589420318604
1788679123185000700,81.27600073242188,-0.6843472719192505,-9.614361763000488,-2.289931297302246
1788679123202281000,81.29328100585937,-0.6149554252624512,-9.736394882202148,-2.2229323387145996
1788679123219561500,81.3105615234375,-0.5575276613235474,-9.671789169311523,-2.163111686706543
1788679123236842000,81.32784204101563,-0.46420758962631226,-9.547362327575684,-2.201396942138672
1788679123254122500,81.34512255859374,-0.5479564070701599,-9.506684303283691,-2.2205393314361572
1788679123271403300,81.3624033203125,-0.6221339106559753,-9.66939640045166,-2.3018953800201416
1788679123288683800,81.37968383789062,-0.5647061467170715,-9.78664493560791,-2.352144718170166
1788679123305964000,81.39696411132813,-0.45942193269729614,-9.738788604736328,-2.4023938179016113
1788679123323244500,81.41424462890625,-0.6125625967979431,-9.614361763000488,-2.4909284114837646
1788679123340525000,81.43152514648438,-0.5910272002220154,-9.67657470703125,-2.5363919734954834
1788679123357805600,81.4488056640625,-0.2727817893028259,-9.839286804199219,-2.775674343109131
1788679123375086000,81.46608618164062,-0.2799602448940277,-9.626325607299805,-3.1178479194641113
1788679123392366600,81.48336669921875,-0.4378865361213684,-9.33440113067627,-3.359523057937622
1788679123409647000,81.50064721679688,-0.5886343717575073,-9.317651748657227,-3.4983067512512207
1788679123426927600,81.517927734375,-0.8949156403541565,-9.449256896972656,-3.5916268825531006
1788679123444208000,81.5352080078125,-1.2442678213119507,-9.518648147583008,-3.524627685546875
1788679123461488600,81.55248852539063,-1.3710874319076538,-9.480362892150879,-3.1585259437561035
1788679123478769200,81.56976904296874,-1.6390835046768188,-9.43489933013916,-2.691925525665283
1788679123496049700,81.58704956054687,-1.7276179790496826,-9.353543281555176,-2.045863389968872
1788679123513330200,81.604330078125,-1.4883357286453247,-9.473184585571289,-1.4691931009292603
1788679123530610700,81.62161059570313,-1.2538390159606934,-9.391828536987305,-0.9595218896865845
1788679123547891200,81.63889111328125,-1.1150553226470947,-9.238688468933105,-0.672383189201355
1788679123565171700,81.65617163085938,-1.648654818534851,-9.415757179260254,-1.3399807214736938
1788679123582452200,81.6734521484375,-1.698904037475586,-9.513862609863281,-1.8759729862213135
1788679123599732700,81.69073266601562,-2.8666014671325684,-8.709874153137207,-1.6199408769607544
1788679123617013200,81.70801318359375,-3.335594654083252,-8.449056625366211,-1.770688772201538
1788679123634293800,81.72529370117188,-4.0558342933654785,-9.056833267211914,-2.8689942359924316
1788679123651574300,81.74257421875,-3.5844483375549316,-9.040083885192871,-2.5770699977874756
1788679123668854800,81.75985473632812,-1.7156537771224976,-8.346165657043457,-1.9956140518188477
1788679123686135300,81.77713525390625,-1.1940184831619263,-7.683353424072266,-1.459621787071228
1788679123703415800,81.79441577148438,-2.1200408935546875,-7.326822757720947,-1.1748759746551514
1788679123720696300,81.8116962890625,-3.1034910678863525,-7.386643409729004,-0.35413774847984314
1788679123737976600,81.8289765625,-4.328616142272949,-7.451249599456787,0.3397808074951172
1788679123755257000,81.84625708007812,-4.706682205200195,-7.8388872146606445,0.009571290574967861
1788679123772537600,81.86353759765625,-4.900500774383545,-7.04925537109375,-0.7968099117279053
1788679123789818400,81.880818359375,-4.512863636016846,-6.4701924324035645,-1.7228323221206665
1788679123807099000,81.89809887695313,-4.086941242218018,-6.843472957611084,-2.2851455211639404
1788679123824379400,81.91537939453124,-4.706682205200195,-7.592426300048828,-2.885744094848633
1788679123841659600,81.93265966796875,-5.812166213989258,-7.350750923156738,-1.423729419708252
1788679123858940200,81.94994018554688,-4.59421968460083,-7.046862602233887,-0.3206382393836975
1788679123876220700,81.967220703125,-4.7712883949279785,-6.8865437507629395,-1.100698471069336
1788679123893501200,81.98450122070312,-5.821737289428711,-6.410371780395508,-0.5048855543136597
1788679123910781700,82.00178173828125,-6.951149940490723,-6.3122663497924805,0.3326023519039154
1788679123928062200,82.01906225585938,-6.908079147338867,-7.128218650817871,-0.4737788736820221
1788679123945342700,82.0363427734375,-6.687939167022705,-7.121040344238281,-0.5670989751815796
1788679123962623200,82.05362329101563,-6.281159400939941,-6.9583282470703125,-0.3397808074951172
1788679123979903700,82.07090380859376,-7.073183536529541,-6.369693756103516,-0.4091726839542389
1788679123997184300,82.08818432617187,-8.228917121887207,-5.850451469421387,-0.1866401731967926
1788679124014464800,82.10546484375,-9.267401695251465,-5.13739013671875,-0.6317051649093628
1788679124031745300,82.12274536132813,-7.791030406951904,-4.639683246612549,-1.4141582250595093
1788679124049025800,82.14002587890624,-7.269395351409912,-4.529613494873047,-0.13878370821475983
1788679124066306300,82.15730639648437,-8.657232284545898,-5.764309883117676,-0.12921242415905
1788679124083586800,82.1745869140625,-8.346165657043457,-5.61116886138916,-0.20578274130821228
1788679124100867000,82.1918671875,-8.805587768554688,-4.673182487487793,0.06699903309345245
1788679124118147800,82.20914794921875,-8.839086532592773,-4.443471431732178,0.5551348328590393
1788679124135428400,82.22642846679688,-8.394021987915039,-4.0319061279296875,0.8374879360198975
1788679124152708900,82.243708984375,-9.461220741271973,-3.5294134616851807,1.6390835046768188
1788679124169989400,82.2609892578125,-9.382257461547852,-4.185046672821045,1.4213366508483887
1788679124187269600,82.27826953125,-9.231510162353516,-3.809373617172241,0.8087740540504456
1788679124204550100,82.29555004882812,-9.339186668395996,-3.704089403152466,0.363709032535553
1788679124221830700,82.31283056640625,-8.520841598510742,-3.280559778213501,-0.7441678643226624
1788679124239111200,82.33011108398438,-9.367900848388672,-3.2997024059295654,0.16510476171970367
1788679124256391700,82.3473916015625,-10.301101684570312,-3.414557933807373,0.3158525824546814
1788679124273672200,82.36467211914062,-9.403793334960938,-3.2470602989196777,0.9475577473640442
1788679124290952700,82.38195263671875,-10.126425743103027,-2.833101987838745,0.7657032608985901
1788679124308233200,82.39923315429688,-9.781859397888184,-2.823530673980713,0.6652047038078308
1788679124325513700,82.416513671875,-9.872786521911621,-2.878565549850464,0.7106683254241943
1788679124342794200,82.43379418945312,-9.052047729492188,-2.337787628173828,0.9092726111412048
1788679124360074800,82.45107470703125,-9.65503978729248,-1.3806586265563965,0.4211367964744568
1788679124377355300,82.46835522460937,-9.92542839050293,-1.5864413976669312,0.6364908218383789
1788679124394635800,82.4856357421875,-9.978070259094238,-1.3232308626174927,1.947757601737976
1788679124411916300,82.50291625976563,-10.289137840270996,-1.3543375730514526,2.423929452896118
1788679124429196800,82.52019677734376,-9.238688468933105,-1.124626636505127,1.3710874319076538
1788679124446477300,82.53747729492187,-9.384650230407715,-0.10289137065410614,0.11006984114646912
1788679124463757800,82.5547578125,-9.016156196594238,-0.40677985548973083,-0.349352091550827
1788679124481038300,82.57203833007813,-9.499505996704102,0.12921242415905,0.6340979933738708
1788679124498318600,82.58931860351562,-9.611968994140625,0.4570291340351105,1.5840486288070679
1788679124515599400,82.60659936523437,-10.39202880859375,0.6317051649093628,1.25144624710083
1788679124532879600,82.62387963867188,-9.449256896972656,0.8398807644844055,1.0408778190612793
1788679124550160100,82.64116015625,-9.549755096435547,1.3471591472625732,1.710868239402771
1788679124567440600,82.65844067382812,-10.564311981201172,1.2586246728897095,2.3808584213256836
1788679124584721200,82.67572119140625,-10.277173042297363,1.2131611108779907,1.9956140518188477
1788679124602001700,82.69300170898437,-10.066604614257812,1.2634103298187256,0.3900300860404968
1788679124619282200,82.7102822265625,-10.76530933380127,1.5242279767990112,1.5960127115249634
1788679124636562700,82.72756274414063,-9.540184020996094,1.8448662757873535,1.950150489807129
1788679124653843200,82.74484326171876,-9.822537422180176,1.9836499691009521,2.8426733016967773
1788679124671123700,82.76212377929687,-10.636096954345703,1.6079767942428589,1.9669002294540405
1788679124688404200,82.779404296875,-10.911271095275879,1.832902193069458,1.9597218036651611
1788679124705684700,82.79668481445313,-10.418350219726562,2.4598217010498047,1.9956140518188477
1788679124722965000,82.81396508789062,-10.030712127685547,2.7349963188171387,2.730210542678833
1788679124740245800,82.83124584960937,-10.054640769958496,2.8905298709869385,2.967100143432617
1788679124757526300,82.8485263671875,-10.047462463378906,2.847458839416504,2.306680917739868
1788679124774806800,82.86580688476562,-9.745966911315918,2.967100143432617,2.0243279933929443
1788679124792087000,82.88308715820312,-9.681360244750977,3.022135019302368,1.8664016723632812
1788679124809367600,82.90036743164063,-9.8871431350708,3.122633457183838,2.2325034141540527
1788679124826648000,82.91764794921875,-10.076175689697266,3.1561331748962402,2.414358139038086
1788679124843928600,82.93492846679688,-9.580862045288086,3.2997024059295654,2.778067111968994
1788679124861209000,82.952208984375,-9.408578872680664,3.3020951747894287,2.328216314315796
1788679124878489600,82.96948950195312,-9.736394882202148,3.25663161277771,2.2301106452941895
1788679124895770000,82.98677001953125,-9.678967475891113,3.19441819190979,2.0745773315429688
1788679124913050600,83.00405053710938,-9.375079154968262,3.211168050765991,2.4430718421936035
1788679124930331100,83.0213310546875,-9.305686950683594,3.1752755641937256,2.5052852630615234
1788679124947611600,83.03861157226562,-9.501898765563965,3.122633457183838,2.289931297302246
1788679124964892200,83.05589208984375,-9.382257461547852,3.053241729736328,2.201396942138672
1788679124982172700,83.07317260742188,-9.415757179260254,3.036491870880127,2.306680917739868
1788679124999453000,83.09045288085937,-9.107083320617676,3.115455150604248,2.6368906497955322
1788679125016733400,83.1077333984375,-9.549755096435547,3.005385160446167,2.108076810836792
1788679125034014000,83.12501391601562,-9.257830619812012,3.06999135017395,2.256431818008423
1788679125051294700,83.14229467773437,-9.33440113067627,3.122633457183838,2.3880369663238525
1788679125068575000,83.15957495117188,-9.425328254699707,3.1513473987579346,2.5914268493652344
1788679125085855500,83.17685546875,-9.511469841003418,3.0556344985961914,2.5842485427856445
1788679125103136000,83.19413598632812,-9.284152030944824,2.9599215984344482,2.1655044555664062
1788679125120416500,83.21141650390625,-9.135796546936035,2.957528829574585,2.3497519493103027
1788679125137697000,83.22869702148438,-9.554540634155273,2.895315408706665,1.9716858863830566
1788679125154977500,83.2459775390625,-9.482755661010742,2.9072794914245605,2.3784656524658203
1788679125172258000,83.26325805664062,-9.832108497619629,2.871387243270874,2.3186452388763428
1788679125189538600,83.28053857421875,-10.435099601745605,2.8283164501190186,2.6153552532196045
1788679125206819000,83.29781909179688,-9.944570541381836,2.912065267562866,2.021935224533081
1788679125224099600,83.315099609375,-10.183853149414062,2.8187451362609863,2.3258235454559326
1788679125241380000,83.33238012695313,-10.325029373168945,2.7828526496887207,2.289931297302246
1788679125258660600,83.34966064453126,-10.403992652893066,2.8283164501190186,2.076970100402832
1788679125275941000,83.36694116210937,-10.724631309509277,2.5603201389312744,2.179861545562744
1788679125293221400,83.38422143554688,-10.339386940002441,2.4598217010498047,1.703689694404602
1788679125310502000,83.401501953125,-10.3681001663208,2.469393014907837,2.0003998279571533
1788679125327782400,83.41878247070312,-10.37767219543457,2.3617160320281982,2.3018953800201416
1788679125345063000,83.43606298828125,-10.650453567504883,2.1296122074127197,1.8664016723632812
1788679125362343400,83.45334350585938,-10.863414764404297,1.8472590446472168,1.6821542978286743
1788679125379624000,83.4706240234375,-10.504491806030273,2.0003998279571533,1.6295121908187866
1788679125396904400,83.48790454101562,-10.356136322021484,1.9645073413848877,1.6893328428268433
1788679125414185000,83.50518505859375,-10.382457733154297,1.7491533756256104,1.9094724655151367
1788679125431465500,83.52246557617187,-10.853843688964844,1.466800332069397,1.5840486288070679
1788679125448746000,83.53974609375,-10.762916564941406,1.2442678213119507,1.3304094076156616
1788679125466026500,83.55702661132813,-10.64088249206543,1.0408778190612793,1.0097711086273193
1788679125483307000,83.57430712890626,-10.612168312072754,0.7657032608985901,1.2658032178878784
1788679125500587500,83.59158740234375,-10.202995300292969,0.6005984544754028,1.196411371231079
1788679125517868000,83.60886791992188,-10.394421577453613,0.2871387302875519,1.0671988725662231
1788679125535148300,83.62614819335937,-10.03549861907959,-0.06699903309345245,0.4953143000602722
1788679125552428800,83.6434287109375,-10.571490287780762,-0.26081767678260803,0.7106683254241943
1788679125569709300,83.66070922851563,-10.066604614257812,-0.24406790733337402,0.7968099117279053
1788679125586989800,83.67798974609374,-9.858428955078125,-0.3924229145050049,0.8470591902732849
1788679125604270300,83.69527026367187,-9.53061294555664,-0.8781659007072449,0.064606212079525
1788679125621550800,83.71255078125,-9.425328254699707,-1.093519926071167,-0.02632104977965355
1788679125638831400,83.72983129882813,-9.248259544372559,-1.31365966796875,-0.24167509377002716
1788679125656111900,83.74711181640625,-9.30329418182373,-1.3710874319076538,-0.064606212079525
1788679125673392400,83.76439233398438,-9.53779125213623,-1.8065811395645142,-0.02392822690308094
1788679125690673000,83.7816728515625,-9.602396965026855,-2.510071039199829,0.1052841991186142
1788679125707953400,83.79895336914062,-8.906085968017578,-2.7589244842529297,0.4259224236011505
1788679125725234000,83.81623388671875,-9.207581520080566,-3.129812002182007,-0.04307080805301666
1788679125742514400,83.83351440429688,-9.559326171875,-3.431307554244995,-0.2871387302875519
1788679125759794700,83.85079467773437,-8.863015174865723,-3.6227335929870605,-0.20099709928035736
1788679125777075200,83.8680751953125,-8.855836868286133,-4.024727821350098,0.038285162299871445
1788679125794356000,83.88535595703125,-9.702896118164062,-4.208974838256836,-0.26081767678260803
1788679125811636500,83.90263647460938,-9.286544799804688,-4.280759811401367,-0.07657032459974289
1788679125828916700,83.91991674804687,-8.212167739868164,-4.395615100860596,0.3086741268634796
1788679125846197200,83.937197265625,-7.829315662384033,-4.802394866943359,0.6580262184143066
1788679125863477800,83.95447778320313,-7.915457248687744,-5.182853698730469,0.16031911969184875
1788679125880758300,83.97175830078125,-8.554341316223145,-5.106283664703369,-0.13878370821475983
1788679125898038800,83.98903881835938,-7.6977105140686035,-4.967499732971191,-0.2871387302875519
1788679125915319300,84.0063193359375,-7.216753005981445,-5.252245903015137,-0.27038896083831787
1788679125932599800,84.02359985351562,-6.489335060119629,-5.615954875946045,0.19381862878799438
1788679125949880300,84.04088037109375,-6.379265308380127,-5.828916072845459,0.3445664644241333
1788679125967160800,84.05816088867188,-6.618547439575195,-6.180660724639893,0.26081767678260803
1788679125984441300,84.07544140625,-6.3361945152282715,-6.092126369476318,-0.10049854964017868
1788679126001721900,84.09272192382812,-6.288337707519531,-6.008377552032471,0.040677983313798904
1788679126019002400,84.11000244140625,-6.087340831756592,-6.374479293823242,0.24406790733337402
1788679126036282600,84.12728271484374,-6.285944938659668,-6.771687984466553,-0.1579262912273407
1788679126053563100,84.14456323242187,-5.642275810241699,-6.826723098754883,-0.363709032535553
1788679126070843600,84.16184375,-5.271388053894043,-6.7070817947387695,-0.5647061467170715
1788679126088124200,84.17912426757813,-5.197210788726807,-6.604190349578857,-0.519242525100708
1788679126105404700,84.19640478515625,-4.5391845703125,-6.745367050170898,-0.7369893789291382
1788679126122685200,84.21368530273438,-4.48414945602417,-6.819544315338135,-0.7968099117279053
1788679126139965700,84.23096557617187,-4.321437835693359,-7.202396392822266,-0.7465606927871704
1788679126157246200,84.24824609375,-4.06540584564209,-7.601997375488281,-0.4498506486415863
1788679126174526700,84.26552661132813,-3.3930225372314453,-7.865208148956299,-0.9690931439399719
1788679126191807200,84.28280712890626,-3.950550079345703,-7.587640762329102,-1.074377417564392
1788679126209087700,84.30008764648437,-3.6059837341308594,-8.00638484954834,-1.581655740737915
1788679126226368300,84.3173681640625,-3.0939197540283203,-8.566305160522461,-2.069791555404663
1788679126243648800,84.33464868164063,-3.1106693744659424,-9.212367057800293,-2.675175666809082
1788679126260929300,84.35192919921874,-3.3308091163635254,-9.059226989746094,-2.7038896083831787
1788679126278209800,84.36920971679687,-1.5984054803848267,-9.049654960632324,-2.8498518466949463
1788679126295490000,84.38648999023438,-1.1365907192230225,-9.008976936340332,-3.0245277881622314
1788679126312770600,84.4037705078125,-1.7730815410614014,-9.004191398620605,-2.8929226398468018
1788679126330051000,84.42105102539062,-1.7563318014144897,-8.764909744262695,-2.069791555404663
1788679126347331600,84.43833154296875,-1.4189438819885254,-8.989834785461426,-1.5864413976669312
1788679126364612000,84.45561206054687,-1.521835207939148,-9.509077072143555,-1.5098711252212524
1788679126381892600,84.472892578125,-1.5170495510101318,-9.66221809387207,-1.8185452222824097
1788679126399173000,84.49017309570313,-1.306481122970581,-9.57607650756836,-1.9980069398880005
1788679126416453600,84.50745361328126,-0.8470591902732849,-9.549755096435547,-2.1918256282806396
1788679126433734100,84.52473413085937,-0.916451096534729,-9.305686950683594,-2.5459632873535156
1788679126451014700,84.5420146484375,-1.1724830865859985,-9.1716890335083,-2.7828526496887207
1788679126468295200,84.55929516601563,-0.7226324677467346,-9.013762474060059,-2.744567632675171
1788679126485575700,84.57657568359375,-0.7992027401924133,-9.54496955871582,-2.4287149906158447
1788679126502856000,84.59385595703125,-0.7824530005455017,-9.556933403015137,-2.2612173557281494
1788679126520136400,84.61113647460938,-0.6532405614852905,-9.513862609863281,-2.4646072387695312
1788679126537417200,84.62841723632812,-0.22013968229293823,-9.42772102355957,-2.933600664138794
1788679126554697700,84.64569775390625,-0.33020952343940735,-9.698110580444336,-3.122633457183838
1788679126571978200,84.66297827148438,-0.19142581522464752,-9.693324089050293,-2.885744094848633
1788679126589258500,84.68025854492187,-0.41874396800994873,-9.741181373596191,-2.9694929122924805
1788679126606539000,84.6975390625,-0.6245267391204834,-9.707681655883789,-3.359523057937622
1788679126623819500,84.71481958007813,-0.3517449200153351,-9.616754531860352,-3.3092737197875977
1788679126641100000,84.73210009765624,-0.1339980661869049,-9.631111145019531,-3.1585259437561035
1788679126658380500,84.74938061523437,-0.23449662327766418,-9.56889820098877,-3.1800613403320312
1788679126675661000,84.7666611328125,-0.4546363055706024,-9.396614074707031,-2.7493531703948975
1788679126692941600,84.78394165039063,-0.4307080805301666,-9.298508644104004,-2.3784656524658203
1788679126710222000,84.80122216796875,-0.5934200286865234,-9.45882797241211,-2.146361827850342
1788679126727502600,84.81850268554687,-0.5312066078186035,-9.518648147583008,-2.1032910346984863
1788679126744783000,84.835783203125,-0.6556333899497986,-9.643074989318848,-2.273181438446045
1788679126762063400,84.8530634765625,-0.7585247755050659,-9.748359680175781,-2.548356056213379
1788679126779344000,84.87034375,-0.8757730722427368,-9.695717811584473,-2.421536445617676
1788679126796624400,84.88762426757812,-0.5623133182525635,-9.56889820098877,-2.2372891902923584
1788679126813905000,84.90490478515625,-0.4019941985607147,-9.556933403015137,-2.383251428604126
1788679126831185400,84.92218530273438,-0.15553347766399384,-9.647860527038574,-2.7828526496887207
1788679126848466000,84.9394658203125,-0.08135596662759781,-9.556933403015137,-2.974278450012207
1788679126865746400,84.95674633789062,-0.2679961323738098,-9.375079154968262,-2.737389087677002
1788679126883027000,84.97402685546875,-0.4953143000602722,-9.34875774383545,-2.6273193359375
1788679126900307500,84.99130737304688,-0.33738797903060913,-9.482755661010742,-2.7349963188171387
1788679126917588000,85.008587890625,-0.5551348328590393,-9.399007797241211,-2.770888566970825
1788679126934868500,85.02586840820312,-0.7585247755050659,-9.43489933013916,-2.392822742462158
1788679126952149000,85.04314892578125,-0.7992027401924133,-9.556933403015137,-2.1056840419769287
1788679126969429500,85.06042944335937,-0.9044869542121887,-9.78664493560791,-2.337787628173828
1788679126986710000,85.0777099609375,-0.7896314859390259,-9.848857879638672,-2.589034080505371
1788679127003990500,85.09499047851563,-0.6293123364448547,-9.678967475891113,-2.63449764251709
1788679127021271000,85.11227099609376,-0.5575276613235474,-9.588040351867676,-2.6727828979492188
1788679127038551300,85.12955126953125,-0.5335994362831116,-9.501898765563965,-2.6632115840911865
1788679127055831800,85.14683178710938,-0.3852444589138031,-9.42772102355957,-2.6273193359375
1788679127073112300,85.1641123046875,-0.32542386651039124,-9.375079154968262,-2.699103832244873
1788679127090392800,85.18139282226562,-0.3517449200153351,-9.45882797241211,-2.754138946533203
1788679127107673300,85.19867333984375,-0.30628129839897156,-9.549755096435547,-2.761317253112793
1788679127124953900,85.21595385742188,-0.33020952343940735,-9.55214786529541,-2.713460922241211
1788679127142234400,85.233234375,-0.4259224236011505,-9.45164966583252,-2.531606435775757
1788679127159515000,85.25051489257812,-0.5048855543136597,-9.487542152404785,-2.3736801147460938
1788679127176795400,85.26779541015625,-0.6364908218383789,-9.561718940734863,-2.3473589420318604
1788679127194076000,85.28507592773437,-0.6556333899497986,-9.590433120727539,-2.390429735183716
1788679127211356400,85.3023564453125,-0.672383189201355,-9.525827407836914,-2.376072883605957
1788679127228637000,85.31963696289063,-0.6939185857772827,-9.489934921264648,-2.3234307765960693
1788679127245917200,85.33691723632812,-0.5431707501411438,-9.588040351867676,-2.4287149906158447
1788679127263197700,85.35419775390625,-0.6556333899497986,-9.765109062194824,-2.495713949203491
1788679127280478500,85.371478515625,-0.6843472719192505,-9.688538551330566,-2.586641311645508
1788679127297759000,85.38875903320313,-0.6005984544754028,-9.614361763000488,-2.589034080505371
1788679127315039200,85.40603930664062,-0.5455635786056519,-9.628718376159668,-2.644068956375122
1788679127332319700,85.42331982421875,-0.5599204897880554,-9.463613510131836,-2.63449764251709
1788679127349600300,85.44060034179688,-0.5216353535652161,-9.401400566101074,-2.5770699977874756
1788679127366880800,85.457880859375,-0.47617170214653015,-9.501898765563965,-2.6057839393615723
1788679127384161300,85.47516137695312,-0.5623133182525635,-9.470791816711426,-2.6249263286590576
1788679127401441800,85.49244189453125,-0.5814558863639832,-9.489934921264648,-2.6009981632232666
1788679127418722300,85.50972241210937,-0.5718846321105957,-9.592825889587402,-2.6249263286590576
1788679127436002800,85.5270029296875,-0.5934200286865234,-9.561718940734863,-2.557927370071411
1788679127453283300,85.54428344726563,-0.6245267391204834,-9.54496955871582,-2.524427890777588
1788679127470563800,85.56156372070312,-0.5934200286865234,-9.573683738708496,-2.5363919734954834
1788679127487844400,85.57884423828125,-0.6101697683334351,-9.53779125213623,-2.423929452896118
1788679127505124600,85.59612451171876,-0.6364908218383789,-9.53061294555664,-2.3617160320281982
1788679127522405000,85.61340502929687,-0.6771687865257263,-9.56889820098877,-2.4119651317596436
1788679127539685600,85.630685546875,-0.6508477330207825,-9.564111709594727,-2.5459632873535156
1788679127556966100,85.64796606445313,-0.638883650302887,-9.56650447845459,-2.59621262550354
1788679127574246700,85.66524658203124,-0.6269195079803467,-9.523433685302734,-2.50289249420166
1788679127591527200,85.68252709960937,-0.6675975322723389,-9.497113227844238,-2.4406790733337402
1788679127608807700,85.6998076171875,-0.6556333899497986,-9.554540634155273,-2.4526431560516357
1788679127626088200,85.71708813476563,-0.6173482537269592,-9.588040351867676,-2.4837498664855957
1788679127643368700,85.73436865234375,-0.5862415432929993,-9.528220176696777,-2.4837498664855957
1788679127660649200,85.75164916992188,-0.5670989751815796,-9.489934921264648,-2.416750907897949
1788679127677929700,85.7689296875,-0.550349235534668,-9.509077072143555,-2.4191436767578125
1788679127695210200,85.78621020507812,-0.5790630578994751,-9.540184020996094,-2.495713949203491
1788679127712490800,85.80349072265625,-0.5982056856155396,-9.55214786529541,-2.510071039199829
1788679127729771300,85.82077124023438,-0.6029912829399109,-9.55214786529541,-2.4885356426239014
1788679127747051500,85.83805151367187,-0.6005984544754028,-9.55214786529541,-2.469393014907837
1788679127764332000,85.85533203125,-0.6149554252624512,-9.588040351867676,-2.4670002460479736
1788679127781612500,85.87261254882813,-0.638883650302887,-9.547362327575684,-2.478964328765869
1788679127798893000,85.88989306640624,-0.605384111404419,-9.556933403015137,-2.4813570976257324
1788679127816173600,85.90717358398437,-0.5527420043945312,-9.595218658447266,-2.5076780319213867
1788679127833454000,85.9244541015625,-0.5120640397071838,-9.549755096435547,-2.5435705184936523
1788679127850734600,85.94173461914062,-0.4713860750198364,-9.480362892150879,-2.56510591506958
1788679127868015000,85.95901513671875,-0.47617170214653015,-9.506684303283691,-2.589034080505371
1788679127885295600,85.97629565429688,-0.5000999569892883,-9.535398483276367,-2.5938198566436768
1788679127902576000,85.993576171875,-0.5240281820297241,-9.549755096435547,-2.581855535507202
1788679127919856600,86.01085668945312,-0.48813581466674805,-9.590433120727539,-2.6153552532196045
1788679127937137000,86.02813696289063,-0.45942193269729614,-9.549755096435547,-2.6368906497955322
1788679127954417400,86.04541748046876,-0.40677985548973083,-9.53061294555664,-2.6225335597991943
1788679127971698000,86.06269799804687,-0.4019941985607147,-9.497113227844238,-2.6153552532196045
1788679127988978400,86.079978515625,-0.41874396800994873,-9.494720458984375,-2.5603201389312744
1788679128006259000,86.09725903320313,-0.4378865361213684,-9.499505996704102,-2.5842485427856445
1788679128023539500,86.11453955078125,-0.4785645306110382,-9.542576789855957,-2.6392834186553955
1788679128040820000,86.13182006835937,-0.5024927258491516,-9.578469276428223,-2.691925525665283
1788679128058100500,86.1491005859375,-0.48574298620224,-9.513862609863281,-2.6967110633850098
1788679128075381000,86.16638110351562,-0.48813581466674805,-9.470791816711426,-2.6009981632232666
1788679128092661500,86.18366162109375,-0.4450650215148926,-9.497113227844238,-2.555534601211548
1788679128109941800,86.20094165039062,-0.4570291340351105,-9.554540634155273,-2.5746772289276123
1788679128127222500,86.21822241210937,-0.5024927258491516,-9.556933403015137,-2.589034080505371
1788679128144503000,86.2355029296875,-0.4977070987224579,-9.56650447845459,-2.562713146209717
1788679128161783600,86.25278344726563,-0.4977070987224579,-9.580862045288086,-2.562713146209717
1788679128179063800,86.27006372070312,-0.5407779216766357,-9.588040351867676,-2.5770699977874756
1788679128196344300,86.28734423828125,-0.47617170214653015,-9.56889820098877,-2.548356056213379
1788679128213624800,86.30462475585938,-0.4546363055706024,-9.497113227844238,-2.5076780319213867
1788679128230905300,86.3219052734375,-0.46420758962631226,-9.492327690124512,-2.5124638080596924
1788679128248185900,86.33918579101562,-0.4570291340351105,-9.528220176696777,-2.5148565769195557
1788679128265466400,86.35646630859375,-0.46420758962631226,-9.592825889587402,-2.50289249420166
1788679128282747000,86.37374682617188,-0.4450650215148926,-9.55214786529541,-2.579462766647339
1788679128300027400,86.39102734375,-0.42352959513664246,-9.494720458984375,-2.586641311645508
1788679128317308000,86.40830786132813,-0.4211367964744568,-9.521040916442871,-2.6392834186553955
1788679128334588400,86.42558837890626,-0.4139583110809326,-9.528220176696777,-2.730210542678833
1788679128351868700,86.44286865234375,-0.4378865361213684,-9.475577354431152,-2.7397818565368652
1788679128369149200,86.46014916992188,-0.4043870270252228,-9.485149383544922,-2.713460922241211
1788679128386429700,86.4774296875,-0.44027936458587646,-9.53779125213623,-2.730210542678833
1788679128403710200,86.49471020507812,-0.4307080805301666,-9.511469841003418,-2.6775684356689453
1788679128420990700,86.51199072265625,-0.42352959513664246,-9.499505996704102,-2.6368906497955322
1788679128438271200,86.52927124023438,-0.4307080805301666,-9.511469841003418,-2.6632115840911865
1788679128455551700,86.5465517578125,-0.4905286431312561,-9.492327690124512,-2.6560330390930176
1788679128472832300,86.56383227539062,-0.4737788736820221,-9.525827407836914,-2.6177480220794678
1788679128490112800,86.58111279296875,-0.519242525100708,-9.571290969848633,-2.644068956375122
1788679128507393000,86.59839306640625,-0.5527420043945312,-9.57607650756836,-2.6057839393615723
1788679128524673500,86.61567358398437,-0.550349235534668,-9.564111709594727,-2.5052852630615234
1788679128541954300,86.63295434570313,-0.5240281820297241,-9.516255378723145,-2.4646072387695312
1788679128559234600,86.65023461914062,-0.519242525100708,-9.528220176696777,-2.486142635345459
1788679128576515000,86.66751513671875,-0.5312066078186035,-9.57607650756836,-2.50289249420166
1788679128593795600,86.68479565429688,-0.5455635786056519,-9.616754531860352,-2.5435705184936523
1788679128611076000,86.702076171875,-0.519242525100708,-9.533005714416504,-2.486142635345459
1788679128628356600,86.71935668945312,-0.46420758962631226,-9.528220176696777,-2.4263222217559814
1788679128645637000,86.73663720703125,-0.4307080805301666,-9.556933403015137,-2.500499725341797
1788679128662917600,86.75391772460938,-0.4163511395454407,-9.53779125213623,-2.5220351219177246
1788679128680198100,86.7711982421875,-0.4211367964744568,-9.499505996704102,-2.59621262550354
1788679128697478700,86.78847875976562,-0.3924229145050049,-9.56889820098877,-2.6847469806671143
1788679128714759000,86.80575903320313,-0.35892340540885925,-9.580862045288086,-2.7565317153930664
1788679128732039400,86.82303930664062,-0.3732803463935852,-9.494720458984375,-2.775674343109131
1788679128749320000,86.84031982421875,-0.3732803463935852,-9.430113792419434,-2.746960401535034
1788679128766600400,86.85760034179688,-0.40677985548973083,-9.509077072143555,-2.770888566970825
1788679128783881000,86.874880859375,-0.43549370765686035,-9.533005714416504,-2.7278177738189697
1788679128801161500,86.89216137695313,-0.48095735907554626,-9.56889820098877,-2.6703901290893555
1788679128818442000,86.90944189453126,-0.48095735907554626,-9.578469276428223,-2.6009981632232666
1788679128835722500,86.92672241210937,-0.4426721930503845,-9.571290969848633,-2.4981069564819336
1788679128853003000,86.9440029296875,-0.4378865361213684,-9.564111709594727,-2.4741785526275635
1788679128870283500,86.96128344726563,-0.4426721930503845,-9.549755096435547,-2.4981069564819336
1788679128887563800,86.97856372070312,-0.45224347710609436,-9.55214786529541,-2.5076780319213867
1788679128904844300,86.99584423828125,-0.5168496966362,-9.592825889587402,-2.555534601211548
1788679128922124800,87.01312475585938,-0.5216353535652161,-9.621540069580078,-2.579462766647339
1788679128939405300,87.0304052734375,-0.46420758962631226,-9.588040351867676,-2.50289249420166
1788679128956685800,87.04768579101562,-0.3924229145050049,-9.533005714416504,-2.524427890777588
1788679128973966300,87.06496630859375,-0.42831525206565857,-9.53061294555664,-2.6488547325134277
1788679128991246800,87.08224682617187,-0.4905286431312561,-9.528220176696777,-2.746960401535034
1788679129008527400,87.09952734375,-0.5886343717575073,-9.592825889587402,-2.7517459392547607
1788679129025808000,87.11680786132813,-0.6460621356964111,-9.80100154876709,-2.8187451362609863
1788679129043088100,87.13408813476562,-0.5479564070701599,-9.970891952514648,-3.0412776470184326
1788679129060368600,87.15136865234375,-0.4139583110809326,-9.712467193603516,-2.9838497638702393
1788679129077649400,87.1686494140625,-0.28953152894973755,-9.236295700073242,-2.5387847423553467
1788679129094929700,87.1859296875,-0.1698904037475586,-9.164510726928711,-2.383251428604126
1788679129112210200,87.20321020507812,-0.3756731450557709,-9.370293617248535,-2.6392834186553955
1788679129129490700,87.22049072265625,-0.7226324677467346,-9.573683738708496,-2.926422119140625
1788679129146771200,87.23777124023438,-0.9260223507881165,-9.671789169311523,-2.8905298709869385
1788679129164051700,87.2550517578125,-0.8662018179893494,-9.710074424743652,-2.837887763977051
1788679129181332200,87.27233227539062,-1.0241280794143677,-9.707681655883789,-2.8450660705566406
1788679129198612700,87.28961279296875,-1.074377417564392,-9.681360244750977,-2.854637384414673
1788679129215893200,87.30689331054687,-1.0169496536254883,-9.470791816711426,-2.7421748638153076
1788679129233173500,87.32417358398438,-0.9810572862625122,-9.267401695251465,-2.68953275680542
1788679129250454000,87.3414541015625,-1.222732424736023,-9.20997428894043,-2.7038896083831787
1788679129267734500,87.35873461914062,-1.643869161605835,-9.281759262084961,-2.6943182945251465
1788679129285015000,87.37601513671875,-1.6534404754638672,-9.482755661010742,-2.5052852630615234
1788679129302295600,87.39329565429688,-1.6103696823120117,-9.597611427307129,-2.021935224533081
1788679129319576000,87.410576171875,-1.7635103464126587,-9.200403213500977,-1.397408366203308
1788679129336856600,87.42785668945312,-1.6630117893218994,-8.767302513122559,-1.1461620330810547
1788679129354137000,87.44513720703125,-2.2468605041503906,-8.556734085083008,-1.557727575302124
1788679129371417600,87.46241748046874,-2.9718856811523438,-8.327022552490234,-2.007578134536743
1788679129388697900,87.47969775390625,-3.6849467754364014,-8.147561073303223,-1.5122638940811157
1788679129405978400,87.49697827148438,-3.8117663860321045,-8.025527000427246,-1.1150553226470947
1788679129423259000,87.5142587890625,-3.8356947898864746,-8.484949111938477,-1.2490534782409668
1788679129440539400,87.53153930664062,-3.9768712520599365,-8.855836868286133,-1.1318050622940063
1788679129457820000,87.54881982421875,-3.6059837341308594,-8.819944381713867,-1.2323036193847656
1788679129475100400,87.56610034179687,-3.4408788681030273,-8.22413158416748,-1.8999011516571045
1788679129492381000,87.583380859375,-3.170490026473999,-7.4225358963012695,-2.6703901290893555
1788679129509661400,87.60066137695313,-2.1535403728485107,-6.419943332672119,-2.510071039199829
1788679129526941700,87.61794165039062,-2.3712873458862305,-5.515456199645996,-2.0889341831207275
1788679129544222200,87.63522216796875,-4.993820667266846,-5.402993679046631,-1.5098711252212524
1788679129561502700,87.65250268554688,-6.178267955780029,-6.719046115875244,-0.3684946894645691
1788679129578783200,87.669783203125,-6.714260101318359,-8.863015174865723,-1.2586246728897095
1788679129596063700,87.68706372070312,-5.053641319274902,-8.958727836608887,-2.6799614429473877
1788679129613344300,87.70434423828125,-3.4432718753814697,-7.846065521240234,-1.9525432586669922
1788679129630624800,87.72162475585938,-5.000999450683594,-6.7621169090271,0.3038884699344635
1788679129647905300,87.7389052734375,-6.620940208435059,-6.467799663543701,1.0001999139785767
1788679129665185800,87.75618579101562,-5.850451469421387,-6.271588325500488,0.8255237936973572
1788679129682466000,87.77346606445313,-4.989035129547119,-5.766702651977539,-0.30628129839897156
1788679129699746600,87.79074658203125,-6.166304111480713,-5.283352375030518,-1.495514154434204
1788679129717027000,87.80802709960938,-7.037291526794434,-5.469992637634277,-1.6654045581817627
1788679129734307600,87.8253076171875,-7.362715244293213,-6.56829833984375,-1.5361921787261963
1788679129751588000,87.84258813476562,-8.346165657043457,-7.307680130004883,-1.2705888748168945
1788679129768868600,87.85986865234375,-8.47298526763916,-6.118447303771973,-0.009571290574967861
1788679129786149000,87.87714916992188,-8.425128936767578,-4.826323509216309,0.5096712112426758
1788679129803429600,87.8944296875,-7.539783954620361,-4.54636287689209,0.5910272002220154
1788679129820710000,87.9117099609375,-7.64028263092041,-4.383651256561279,0.576670229434967
1788679129837990700,87.92899072265625,-8.389236450195312,-4.639683246612549,0.8781659007072449
1788679129855271200,87.94627124023438,-7.908278942108154,-4.467400074005127,0.8087740540504456
1788679129872551400,87.96355151367187,-9.485149383544922,-3.531806230545044,0.3326023519039154
1788679129889832000,87.98083203125,-9.547362327575684,-4.108476638793945,1.191625714302063
1788679129907112400,87.99811254882812,-8.628518104553223,-4.333401679992676,1.6055840253829956
1788679129924393000,88.01539306640625,-8.652446746826172,-3.541377544403076,0.9332008361816406
1788679129941673500,88.03267358398438,-9.724431037902832,-3.122633457183838,0.6245267391204834
1788679129958954000,88.0499541015625,-9.556933403015137,-3.053241729736328,0.25363919138908386
1788679129976234500,88.067234375,-9.80100154876709,-3.1202406883239746,0.6317051649093628
1788679129993515000,88.08451489257813,-8.997013092041016,-3.5270206928253174,0.8997012972831726
1788679130010795300,88.10179516601562,-10.00439167022705,-2.6009981632232666,-0.1339980661869049
1788679130028075800,88.11907568359375,-9.889535903930664,-2.3018953800201416,0.605384111404419
1788679130045356300,88.13635620117188,-9.45164966583252,-2.062613010406494,1.0671988725662231
1788679130062636800,88.15363671875,-10.511670112609863,-2.321038007736206,1.3926228284835815
1788679130079917300,88.17091723632812,-10.1216402053833,-2.6799614429473877,1.6869399547576904
1788679130097197800,88.18819775390625,-9.856036186218262,-1.7635103464126587,0.7178468108177185
1788679130114478300,88.20547827148438,-9.042476654052734,-1.3256237506866455,0.7872386574745178
1788679130131758800,88.2227587890625,-9.66221809387207,-0.851844847202301,1.0169496536254883
1788679130149039000,88.2400390625,-10.01156997680664,-0.5742774605751038,0.12921242415905
1788679130166319600,88.25731958007813,-10.217352867126465,-0.5790630578994751,0.30628129839897156
1788679130183600000,88.27460009765625,-10.451848983764648,0.2679961323738098,1.6223337650299072
1788679130200880600,88.29188061523438,-10.009177207946777,0.5096712112426758,1.6223337650299072
1788679130218161200,88.3091611328125,-10.119247436523438,0.4259224236011505,1.2921242713928223
1788679130235441700,88.32644165039062,-10.473384857177734,0.44027936458587646,0.9260223507881165
1788679130252722200,88.34372216796875,-10.401599884033203,0.9355936646461487,1.0097711086273193
1788679130270002400,88.36100244140626,-10.243673324584961,1.196411371231079,1.4141582250595093
1788679130287283000,88.37828295898437,-10.269994735717773,1.5098711252212524,2.201396942138672
1788679130304563500,88.3955634765625,-10.13599681854248,1.7252250909805298,2.344966173171997
1788679130321844000,88.41284399414063,-9.923035621643066,2.062613010406494,2.148754835128784
1788679130339124500,88.43012451171874,-9.92542839050293,2.00518536567688,2.7014968395233154
1788679130356405000,88.44740502929687,-10.820343971252441,2.0793628692626953,2.7421748638153076
1788679130373685500,88.464685546875,-10.588240623474121,2.014756679534912,2.366501569747925
1788679130390965800,88.4819658203125,-10.212567329406738,2.344966173171997,1.6366907358169556
1788679130408246300,88.49924633789063,-9.595218658447266,2.7565317153930664,2.280359983444214
1788679130425526800,88.51652685546875,-9.635896682739258,2.964707374572754,2.7110681533813477
1788679130442807300,88.53380737304687,-9.949356079101562,3.014956474304199,2.6081767082214355
1788679130460087800,88.551087890625,-9.829715728759766,3.1130621433258057,1.9669002294540405
1788679130477368300,88.56836840820313,-9.729216575622559,3.1585259437561035,1.612762451171875
1788679130494648800,88.58564892578126,-9.595218658447266,3.2446675300598145,1.552941918373108
1788679130511929300,88.60292944335937,-9.712467193603516,3.335594654083252,1.8783657550811768
1788679130529209600,88.62020971679688,-9.77707290649414,3.431307554244995,2.526820659637451
1788679130546490000,88.63748999023437,-9.650253295898438,3.438486099243164,2.586641311645508
1788679130563770600,88.6547705078125,-9.674181938171387,3.326023578643799,2.0817556381225586
1788679130581051100,88.67205102539063,-9.547362327575684,3.28773832321167,2.108076810836792
1788679130598331600,88.68933154296874,-9.45882797241211,3.2614171504974365,2.2779672145843506
1788679130615612200,88.70661206054687,-9.396614074707031,3.273381471633911,2.297109842300415
1788679130632892700,88.723892578125,-9.363115310668945,3.326023578643799,2.1415762901306152
1788679130650173000,88.7411728515625,-9.403793334960938,3.3619158267974854,2.306680917739868
1788679130667453400,88.75845336914062,-9.245866775512695,3.445664644241333,2.0650060176849365
1788679130684734000,88.77573388671875,-9.367900848388672,3.4241292476654053,2.1367905139923096
1788679130702014500,88.79301440429687,-9.418149948120117,3.4241292476654053,2.155933141708374
1788679130719295000,88.810294921875,-9.56889820098877,3.407379388809204,1.9669002294540405
1788679130736575500,88.82757543945313,-9.518648147583008,3.414557933807373,2.0721843242645264
1788679130753856000,88.84485595703126,-9.57607650756836,3.431307554244995,2.225325107574463
1788679130771136500,88.86213647460937,-9.710074424743652,3.4121651649475098,2.242074728012085
1788679130788416800,88.87941674804688,-9.834501266479492,3.390629768371582,2.03629207611084
1788679130805697300,88.896697265625,-9.578469276428223,3.373879909515381,2.0099709033966064
1788679130822977800,88.91397778320312,-10.114460945129395,3.28773832321167,1.978864312171936
1788679130840258300,88.93125830078125,-10.29870891571045,3.280559778213501,2.069791555404663
1788679130857538800,88.94853881835938,-10.26042366027832,3.1728827953338623,2.053041934967041
1788679130874819300,88.9658193359375,-10.738987922668457,2.9694929122924805,1.8089739084243774
1788679130892099800,88.98309985351563,-10.269994735717773,3.046063184738159,1.7491533756256104
1788679130909380000,89.00038012695312,-10.339386940002441,2.9838497638702393,1.667797327041626
1788679130926660900,89.01766088867187,-10.396814346313477,2.885744094848633,1.852044701576233
1788679130943941400,89.03494140625,-10.868200302124023,2.8426733016967773,2.029113531112671
1788679130961221600,89.0522216796875,-10.241280555725098,2.8809585571289062,2.1128623485565186
1788679130978502100,89.06950219726562,-10.006784439086914,2.7397818565368652,1.4931213855743408
1788679130995782700,89.08678271484375,-10.722238540649414,2.3712873458862305,1.3854442834854126
1788679131013063200,89.10406323242188,-10.84427261352539,2.2683959007263184,1.179661512374878
1788679131030343700,89.12134375,-10.408778190612793,2.344966173171997,1.7156537771224976
1788679131047624200,89.13862426757812,-9.987641334533691,2.3497519493103027,2.0985054969787598
1788679131064904700,89.15590478515625,-9.91107177734375,2.076970100402832,1.789831280708313
1788679131082185000,89.17318505859375,-10.425528526306152,1.7611174583435059,1.2035897970199585
1788679131099465500,89.19046557617187,-10.370492935180664,1.7084753513336182,1.222732424736023
1788679131116746000,89.20774609375,-9.970891952514648,1.6510475873947144,1.3351950645446777
1788679131134026500,89.22502661132812,-9.791430473327637,1.428515076637268,1.1509476900100708
1788679131151307000,89.24230712890625,-10.159924507141113,1.2083754539489746,0.8685946464538574
1788679131168587500,89.25958740234375,-9.789037704467773,0.9475577473640442,0.8039883971214294
1788679131185867800,89.27686767578125,-10.293923377990723,0.7561319470405579,0.7513462901115417
1788679131203148300,89.29414819335938,-9.987641334533691,0.4666004180908203,0.6532405614852905
1788679131220428800,89.3114287109375,-9.66221809387207,0.20099709928035736,-0.11006984114646912
1788679131237709300,89.32870922851562,-9.193224906921387,0.07657032459974289,-0.7848458290100098
1788679131254989800,89.34598974609375,-9.499505996704102,-0.3900300860404968,-0.5958128571510315
1788679131272270300,89.36327026367188,-9.798608779907227,-0.7513462901115417,-0.4019941985607147
1788679131289550800,89.38055078125,-10.059426307678223,-1.098305583000183,-0.4546363055706024
1788679131306831400,89.39783129882812,-9.504291534423828,-0.9978070259094238,-0.36610186100006104
1788679131324111600,89.41511157226563,-10.169496536254883,-1.4476577043533325,-0.5479564070701599
1788679131341392100,89.43239208984374,-8.920442581176758,-1.7156537771224976,-0.5647061467170715
1788679131358672600,89.44967260742187,-9.332008361816406,-2.390429735183716,-0.2799602448940277
1788679131375953200,89.466953125,-9.805787086486816,-2.723032236099243,-0.5886343717575073
1788679131393233700,89.48423364257812,-9.109476089477539,-2.4406790733337402,-0.15314064919948578
1788679131410514200,89.50151416015625,-9.317651748657227,-2.5148565769195557,0.08614161610603333
1788679131427794700,89.51879467773438,-9.315258979797363,-2.7732813358306885,-0.08135596662759781
1788679131445075000,89.53607495117187,-9.308079719543457,-2.770888566970825,-0.2991028428077698
1788679131462355500,89.55335546875,-9.241081237792969,-2.957528829574585,0.3613162338733673
1788679131479636000,89.57063598632813,-9.824930191040039,-3.06999135017395,1.2131611108779907
1788679131496916500,89.58791650390626,-9.942177772521973,-3.6681971549987793,0.7704889178276062
1788679131514197000,89.60519702148437,-8.740981101989746,-3.895515203475952,0.19621145725250244
1788679131531477500,89.6224775390625,-8.819944381713867,-3.902693748474121,-0.32303106784820557
1788679131548758000,89.63975805664063,-8.446663856506348,-4.182653903961182,0.040677983313798904
1788679131566038300,89.65703833007812,-8.305487632751465,-4.620540618896484,0.04785645380616188
1788679131583318800,89.67431884765625,-7.700103282928467,-4.986642360687256,-0.07896314561367035
1788679131600599300,89.69159936523438,-7.491927623748779,-5.19242525100708,-0.019142581149935722
1788679131617879800,89.7088798828125,-7.8819580078125,-5.5106706619262695,0.3517449200153351
1788679131635160300,89.72616040039063,-7.810173034667969,-6.072983741760254,0.09810572862625122
1788679131652440800,89.74344091796875,-7.372286796569824,-6.372086524963379,0.10049854964017868
1788679131669721300,89.76072143554687,-6.415157318115234,-6.690331935882568,-0.21774685382843018
1788679131687001600,89.77800170898438,-5.941378593444824,-6.915257453918457,-0.24885354936122894
1788679131704282000,89.7952822265625,-6.190232276916504,-6.996613502502441,-0.4163511395454407
1788679131721562600,89.81256274414062,-6.850651264190674,-6.7070817947387695,-0.7058826684951782
1788679131738843100,89.82984301757813,-6.439085960388184,-6.412764549255371,-0.5383850932121277
1788679131756123600,89.84712353515626,-5.431707382202148,-6.5419769287109375,-0.6125625967979431
1788679131773404200,89.86440405273437,-4.979464054107666,-6.869793891906738,-0.5383850932121277
1788679131790684400,89.88168432617188,-5.01296329498291,-7.448856830596924,-0.8901300430297852
1788679131807965000,89.89896484375,-5.391029357910156,-7.45364236831665,-0.9882357716560364
1788679131825245400,89.91624536132812,-4.898108005523682,-7.152146816253662,-0.4785645306110382
1788679131842526000,89.93352587890625,-4.211368083953857,-6.9344000816345215,-0.5958128571510315
1788679131859806500,89.95080639648438,-4.460221290588379,-6.946363925933838,-1.3567304611206055
1788679131877087000,89.9680869140625,-4.187439441680908,-7.03489875793457,-1.7563318014144897
1788679131894367500,89.98536743164063,-4.060619831085205,-7.22871732711792,-1.6654045581817627
1788679131911648000,90.00264794921875,-3.924229145050049,-7.5326056480407715,-1.038485050201416
1788679131928928300,90.01992822265625,-4.34536600112915,-7.960920810699463,-0.9690931439399719
1788679131946208800,90.03720874023438,-3.0580272674560547,-8.784051895141602,-1.4572290182113647
1788679131963489300,90.0544892578125,-2.5052852630615234,-9.365508079528809,-2.100898265838623
1788679131980769800,90.07176977539062,-1.978864312171936,-9.470791816711426,-2.2683959007263184
1788679131998050300,90.08905029296875,-1.8855443000793457,-9.463613510131836,-2.675175666809082
1788679132015330800,90.10633081054688,-2.4981069564819336,-9.121439933776855,-2.620140790939331
1788679132032611000,90.12361108398437,-2.438286304473877,-8.764909744262695,-2.2085752487182617
1788679132049891600,90.1408916015625,-2.289931297302246,-8.226524353027344,-1.7922241687774658
1788679132067172000,90.15817211914063,-2.641676187515259,-8.003992080688477,-1.306481122970581
1788679132084452600,90.17545263671875,-2.289931297302246,-8.554341316223145,-1.368694543838501
1788679132101733000,90.19273315429687,-2.03629207611084,-8.93240737915039,-1.8185452222824097
1788679132119013600,90.210013671875,-2.416750907897949,-9.181260108947754,-2.321038007736206
1788679132136294100,90.22729418945312,-2.289931297302246,-9.312865257263184,-2.495713949203491
1788679132153574700,90.24457470703125,-1.9884356260299683,-9.820143699645996,-2.4741785526275635
1788679132170855000,90.26185498046875,-1.7826528549194336,-9.93260669708252,-2.5387847423553467
1788679132188135400,90.27913549804687,-0.6556333899497986,-9.93978500366211,-3.1752755641937256
1788679132205416000,90.296416015625,-0.7824530005455017,-9.762716293334961,-2.8139593601226807
1788679132222696400,90.31369653320313,-1.277767300605774,-9.55214786529541,-2.187039852142334
1788679132239977000,90.33097705078124,-0.8805587291717529,-9.511469841003418,-1.8472590446472168
1788679132257257500,90.34825756835937,-0.8207381963729858,-9.592825889587402,-2.1200408935546875
1788679132274537700,90.36553784179688,-1.0791629552841187,-9.580862045288086,-2.6009981632232666
1788679132291818200,90.382818359375,-0.9882357716560364,-9.30329418182373,-2.768495798110962
1788679132309098800,90.4000986328125,-0.8303094506263733,-9.336793899536133,-2.8737800121307373
1788679132326379300,90.41737915039063,-0.6508477330207825,-9.384650230407715,-2.9001009464263916
1788679132343659800,90.43465966796875,-0.5072783827781677,-9.492327690124512,-2.9072794914245605
1788679132360940300,90.45194018554687,-0.27038896083831787,-9.523433685302734,-2.861815929412842
1788679132378220800,90.469220703125,-0.2225325107574463,-9.44447135925293,-3.1178479194641113
1788679132395501000,90.4865009765625,-0.6173482537269592,-9.308079719543457,-3.2829527854919434
1788679132412781600,90.50378149414063,-0.8997012972831726,-9.300901412963867,-3.1178479194641113
1788679132430062000,90.52106201171875,-1.0719845294952393,-9.42054271697998,-2.5148565769195557
1788679132447342600,90.53834252929687,-1.0552347898483276,-9.54496955871582,-2.1415762901306152
1788679132464623000,90.555623046875,-1.210768222808838,-9.56889820098877,-1.9908283948898315
1788679132481903600,90.57290356445313,-1.0432707071304321,-9.56889820098877,-2.0578274726867676
1788679132499184000,90.59018408203124,-0.9619147181510925,-9.719645500183105,-2.2947168350219727
1788679132516464400,90.60746435546875,-0.9355936646461487,-9.724431037902832,-2.524427890777588
1788679132533745000,90.62474487304688,-0.8207381963729858,-9.592825889587402,-2.541177749633789
1788679132551025400,90.642025390625,-0.7082754969596863,-9.578469276428223,-2.5196423530578613
1788679132568306000,90.65930590820312,-0.6484549641609192,-9.511469841003418,-2.6943182945251465
1788679132585586400,90.67658642578125,-0.7154539823532104,-9.549755096435547,-2.8283164501190186
1788679132602867000,90.69386694335938,-0.6269195079803467,-9.571290969848633,-2.794816732406616
1788679132620147500,90.7111474609375,-0.6460621356964111,-9.619147300720215,-2.6273193359375
1788679132637427700,90.728427734375,-0.6867401003837585,-9.54496955871582,-2.555534601211548
1788679132654708200,90.74570825195312,-0.7680960893630981,-9.487542152404785,-2.6967110633850098
1788679132671988700,90.76298876953125,-0.8159525394439697,-9.456435203552246,-2.7828526496887207
1788679132689269200,90.78026928710938,-0.6963114142417908,-9.485149383544922,-2.706282377243042
1788679132706549800,90.7975498046875,-0.6197410821914673,-9.556933403015137,-2.6608188152313232
1788679132723830300,90.81483032226562,-0.6604190468788147,-9.54496955871582,-2.6321048736572266
1788679132741110500,90.83211059570313,-0.6364908218383789,-9.480362892150879,-2.589034080505371
1788679132758391000,90.84939111328126,-0.5934200286865234,-9.499505996704102,-2.4837498664855957
1788679132775671600,90.86667163085937,-0.5359922647476196,-9.501898765563965,-2.462214469909668
1788679132792952000,90.8839521484375,-0.5838487148284912,-9.504291534423828,-2.5363919734954834
1788679132810232600,90.90123266601563,-0.6245267391204834,-9.499505996704102,-2.610569477081299
1788679132827513000,90.91851318359375,-0.6149554252624512,-9.549755096435547,-2.691925525665283
1788679132844793300,90.93579345703125,-0.6101697683334351,-9.619147300720215,-2.7349963188171387
1788679132862073900,90.95307397460938,-0.6317051649093628,-9.556933403015137,-2.691925525665283
1788679132879354400,90.97035424804687,-0.5383850932121277,-9.499505996704102,-2.5674986839294434
1788679132896635000,90.987634765625,-0.5623133182525635,-9.554540634155273,-2.5938198566436768
1788679132913915400,91.00491528320312,-0.605384111404419,-9.55214786529541,-2.620140790939331
1788679132931196000,91.02219580078125,-0.5623133182525635,-9.564111709594727,-2.5363919734954834
1788679132948476400,91.03947631835938,-0.5455635786056519,-9.53061294555664,-2.4574289321899414
1788679132965756700,91.05675659179687,-0.5527420043945312,-9.556933403015137,-2.4335005283355713
1788679132983037200,91.074037109375,-0.5455635786056519,-9.559326171875,-2.4717857837677
1788679133000317700,91.09131762695313,-0.5623133182525635,-9.542576789855957,-2.493321180343628
1788679133017598200,91.10859814453126,-0.5958128571510315,-9.547362327575684,-2.5770699977874756
1788679133034878700,91.12587866210937,-0.605384111404419,-9.518648147583008,-2.66560435295105
1788679133052159200,91.1431591796875,-0.6005984544754028,-9.509077072143555,-2.65842604637146
1788679133069439500,91.160439453125,-0.5814558863639832,-9.492327690124512,-2.59621262550354
1788679133086720000,91.17771997070312,-0.5599204897880554,-9.509077072143555,-2.524427890777588
1788679133104000500,91.19500048828125,-0.5575276613235474,-9.516255378723145,-2.524427890777588
1788679133121281000,91.21228100585938,-0.5934200286865234,-9.561718940734863,-2.5531418323516846
1788679133138561500,91.2295615234375,-0.6101697683334351,-9.573683738708496,-2.5746772289276123
1788679133155842000,91.24684204101563,-0.5958128571510315,-9.623932838439941,-2.59621262550354
1788679133173122600,91.26412255859375,-0.576670229434967,-9.554540634155273,-2.500499725341797
1788679133190402800,91.28140283203125,-0.5670989751815796,-9.518648147583008,-2.4358935356140137
1788679133207683300,91.29868334960938,-0.6197410821914673,-9.561718940734863,-2.447857618331909
1788679133224964000,91.31596411132813,-0.605384111404419,-9.559326171875,-2.4526431560516357
1788679133242244400,91.33324438476562,-0.576670229434967,-9.58325481414795,-2.4119651317596436
1788679133259524900,91.35052490234375,-0.4666004180908203,-9.461220741271973,-2.4885356426239014
1788679133276805400,91.36780541992188,-0.5240281820297241,-9.573683738708496,-2.5459632873535156
1788679133294085600,91.38508569335937,-0.5216353535652161,-9.66939640045166,-2.7278177738189697
1788679133311366100,91.4023662109375,-0.5599204897880554,-9.611968994140625,-2.895315408706665
1788679133328647200,91.41964721679688,-0.5982056856155396,-9.511469841003418,-2.715853691101074
1788679133345927200,91.43692724609375,-0.5383850932121277,-9.401400566101074,-2.4430718421936035
1788679133363207700,91.45420776367187,-0.5335994362831116,-9.454042434692383,-2.3784656524658203
1788679133380488200,91.47148828125,-0.5527420043945312,-9.53061294555664,-2.4119651317596436
1788679133397768700,91.48876879882812,-0.5694918036460876,-9.564111709594727,-2.4358935356140137
1788679133415049000,91.50604907226563,-0.5455635786056519,-9.607182502746582,-2.423929452896118
1788679133432329500,91.52332958984375,-0.5575276613235474,-9.542576789855957,-2.400001049041748
1788679133449610000,91.54060986328125,-0.5647061467170715,-9.573683738708496,-2.3736801147460938
1788679133466890500,91.55789038085938,-0.550349235534668,-9.578469276428223,-2.359323024749756
1788679133484171000,91.5751708984375,-0.5934200286865234,-9.588040351867676,-2.366501569747925
1788679133501451500,91.59245141601562,-0.6197410821914673,-9.540184020996094,-2.3976082801818848
1788679133518731800,91.60973168945313,-0.6173482537269592,-9.561718940734863,-2.469393014907837
1788679133536012300,91.62701220703126,-0.6675975322723389,-9.559326171875,-2.524427890777588
1788679133553292800,91.64429272460937,-0.638883650302887,-9.556933403015137,-2.531606435775757
1788679133570573300,91.6615732421875,-0.5814558863639832,-9.592825889587402,-2.495713949203491
1788679133587853800,91.67885375976563,-0.5694918036460876,-9.585647583007812,-2.5674986839294434
1788679133605134300,91.69613427734375,-0.5910272002220154,-9.497113227844238,-2.612962245941162
1788679133622414600,91.71341455078125,-0.5527420043945312,-9.564111709594727,-2.5387847423553467
1788679133639695000,91.73069506835938,-0.5144568681716919,-9.556933403015137,-2.4358935356140137
1788679133656975600,91.7479755859375,-0.5647061467170715,-9.540184020996094,-2.4430718421936035
1788679133674256100,91.76525610351563,-0.6580262184143066,-9.554540634155273,-2.5052852630615234
1788679133691536600,91.78253662109375,-0.6843472719192505,-9.56889820098877,-2.5220351219177246
1788679133708817200,91.79981713867187,-0.6364908218383789,-9.559326171875,-2.462214469909668
1788679133726097700,91.81709765625,-0.607776939868927,-9.559326171875,-2.4191436767578125
1788679133743378000,91.8343779296875,-0.6293123364448547,-9.56650447845459,-2.4263222217559814
1788679133760658400,91.85165844726562,-0.6963114142417908,-9.56889820098877,-2.4813570976257324
1788679133777939000,91.86893896484375,-0.6891329288482666,-9.561718940734863,-2.4670002460479736
1788679133795219500,91.88621948242188,-0.6891329288482666,-9.559326171875,-2.438286304473877
1788679133812500000,91.9035,-0.6939185857772827,-9.540184020996094,-2.3976082801818848
1788679133829780200,91.9207802734375,-0.729810893535614,-9.54496955871582,-2.438286304473877
1788679133847060700,91.93806079101563,-0.7178468108177185,-9.571290969848633,-2.4813570976257324
1788679133864341200,91.95534130859374,-0.6915257573127747,-9.53061294555664,-2.455035924911499
1788679133881621800,91.97262182617187,-0.6508477330207825,-9.485149383544922,-2.4406790733337402
1788679133898902300,91.98990234375,-0.6436693072319031,-9.513862609863281,-2.455035924911499
1788679133916182800,92.00718286132812,-0.6340979933738708,-9.57607650756836,-2.510071039199829
1788679133933463000,92.02446313476563,-0.672383189201355,-9.571290969848633,-2.5674986839294434
1788679133950743600,92.04174365234375,-0.6628118753433228,-9.523433685302734,-2.620140790939331
1788679133968024000,92.05902416992187,-0.7010970115661621,-9.516255378723145,-2.620140790939331
1788679133985304600,92.0763046875,-0.6843472719192505,-9.44447135925293,-2.5124638080596924
1788679134002585000,92.09358520507813,-0.37088751792907715,-9.511469841003418,-2.495713949203491
1788679134019865600,92.11086547851562,-0.3445664644241333,-9.511469841003418,-2.60339093208313
1788679134037146000,92.12814599609375,-0.4977070987224579,-9.523433685302734,-2.730210542678833
1788679134054426400,92.14542626953126,-0.698704183101654,-9.659825325012207,-2.830709218978882
1788679134071707000,92.16270678710937,-0.8135597109794617,-9.791430473327637,-2.837887763977051
1788679134088987400,92.1799873046875,-0.8590233325958252,-9.812965393066406,-2.7349963188171387
1788679134106268000,92.19726782226563,-0.8422735929489136,-9.695717811584473,-2.5531418323516846
1788679134123548400,92.21454833984374,-0.7824530005455017,-9.604789733886719,-2.3569302558898926
1788679134140829000,92.23182885742187,-0.8973084688186646,-9.53779125213623,-2.2923240661621094
1788679134158109200,92.24910913085938,-0.8183453679084778,-9.588040351867676,-2.3880369663238525
1788679134175389700,92.2663896484375,-0.6460621356964111,-9.638289451599121,-2.4885356426239014
1788679134192670200,92.28367016601563,-0.6604190468788147,-9.571290969848633,-2.589034080505371
1788679134209950700,92.30095068359375,-0.7322037220001221,-9.67657470703125,-2.6727828979492188
1788679134227231200,92.31823120117187,-1.3423734903335571,-9.875179290771484,-2.8761727809906006
1788679134244511700,92.33551171875,-1.8233308792114258,-9.91107177734375,-3.043670415878296
1788679134261792000,92.3527919921875,-2.0506489276885986,-9.616754531860352,-2.823530673980713
1788679134279072500,92.37007250976562,-2.392822742462158,-8.949156761169434,-2.376072883605957
1788679134296353000,92.38735302734375,-2.00518536567688,-8.628518104553223,-2.043470621109009
1788679134313633500,92.40463354492188,-1.7802600860595703,-8.599804878234863,-2.014756679534912
1788679134330914000,92.4219140625,-1.7012969255447388,-8.166703224182129,-1.9214365482330322
1788679134348194600,92.43919458007812,-2.3186452388763428,-7.680960655212402,-2.0267207622528076
1788679134365474800,92.45647485351563,-3.0412776470184326,-7.207181930541992,-2.196611166000366
1788679134382755300,92.47375537109374,-3.5198421478271484,-7.336394309997559,-1.7850457429885864
1788679134400035800,92.49103588867187,-3.838087558746338,-8.14516830444336,-1.1054840087890625
1788679134417316400,92.50831640625,-3.9122650623321533,-9.475577354431152,-0.8949156403541565
1788679134434596900,92.52559692382812,-3.500699520111084,-9.920642852783203,-0.8925228714942932
1788679134451877400,92.54287744140625,-4.859822750091553,-9.006584167480469,-1.1341979503631592
1788679134469157600,92.56015771484375,-5.848058700561523,-7.791030406951904,-1.6630117893218994
1788679134486438100,92.57743823242187,-4.479363918304443,-6.9104719161987305,-2.0243279933929443
1788679134503718700,92.59471875,-2.4646072387695312,-6.69990348815918,-2.557927370071411
1788679134520999200,92.61199926757813,-3.326023578643799,-6.570691108703613,-1.8975083827972412
1788679134538279700,92.62927978515626,-4.254438877105713,-6.714260101318359,-0.8925228714942932
1788679134555560200,92.64656030273437,-5.2977094650268555,-7.475177764892578,0.04546362906694412
1788679134572840400,92.66384033203126,-6.692724704742432,-8.104490280151367,-0.1746760457754135
1788679134590121000,92.68112084960937,-5.115854740142822,-8.10688304901123,-0.6675975322723389
1788679134607401500,92.6984013671875,-4.785645484924316,-7.405786037445068,-0.23688943684101105
1788679134624682000,92.71568188476563,-5.747560024261475,-6.429514408111572,0.11246266216039658
1788679134641962500,92.73296240234374,-6.51326322555542,-5.460421085357666,0.02871387079358101
1788679134659243000,92.75024291992187,-7.197610378265381,-5.132604598999023,-0.38763725757598877
1788679134676523300,92.76752319335938,-6.563512325286865,-5.216353416442871,-0.4378865361213684
1788679134693803800,92.7848037109375,-6.0610198974609375,-5.924628734588623,-0.7848458290100098
1788679134711084300,92.80208422851562,-7.460821151733398,-6.137589931488037,-0.6580262184143066
1788679134728364800,92.81936474609375,-7.874779224395752,-5.254638671875,0.4091726839542389
1788679134745645300,92.83664526367187,-7.867600917816162,-5.056034088134766,0.035892341285943985
1788679134762925800,92.85392578125,-7.003791809082031,-4.922036170959473,-0.1052841991186142
1788679134780206000,92.8712060546875,-7.417750358581543,-5.178068161010742,0.1052841991186142
1788679134797486600,92.88848657226562,-8.267202377319336,-5.314459323883057,0.4019941985607147
1788679134814767000,92.90576708984375,-8.506484031677246,-5.436492919921875,-0.004785645287483931
1788679134832047600,92.92304760742188,-8.477770805358887,-4.776073932647705,-0.8470591902732849
1788679134849328000,92.940328125,-8.02791976928711,-4.596612453460693,-0.05742774158716202
1788679134866608400,92.9576083984375,-8.894122123718262,-4.709074974060059,0.5670989751815796
1788679134883889000,92.97488891601563,-8.810373306274414,-4.522434711456299,0.7657032608985901
1788679134901169400,92.99216943359374,-9.233902931213379,-3.9122650623321533,-0.02871387079358101
1788679134918450000,93.00944995117187,-9.949356079101562,-4.063013076782227,-0.519242525100708
1788679134935730400,93.02673046875,-9.485149383544922,-3.902693748474121,0.019142581149935722
1788679134953011000,93.04401098632812,-8.992227554321289,-3.34995174407959,0.8015955686569214
1788679134970291200,93.06129125976562,-9.45882797241211,-3.1728827953338623,0.5359922647476196
1788679134987571700,93.07857177734375,-10.301101684570312,-3.3571300506591797,0.11006984114646912
1788679135004852200,93.09585229492187,-10.059426307678223,-3.0580272674560547,0.19381862878799438
1788679135022132700,93.1131328125,-10.437492370605469,-2.864208698272705,1.1892328262329102
1788679135039413200,93.13041333007813,-10.861021995544434,-2.8450660705566406,2.287538528442383
1788679135056693500,93.14769360351562,-10.279565811157227,-2.1200408935546875,2.273181438446045
1788679135073974000,93.16497412109375,-9.78664493560791,-1.6701902151107788,1.6055840253829956
1788679135091254500,93.18225463867188,-10.016355514526367,-1.2969099283218384,0.2153540402650833
1788679135108535000,93.19953515625,-9.446864128112793,-1.1126625537872314,0.6843472719192505
1788679135125815600,93.21681567382812,-9.78664493560791,-1.031306505203247,0.9954141974449158
1788679135143096000,93.23409594726563,-9.824930191040039,-0.9068797826766968,1.4691931009292603
1788679135160376300,93.25137622070312,-9.21715259552002,-0.3445664644241333,1.7539390325546265
1788679135177656800,93.26865673828125,-9.109476089477539,-0.2153540402650833,1.031306505203247
1788679135194937300,93.28593725585938,-9.729216575622559,-0.11006984114646912,0.37806597352027893
1788679135212217900,93.3032177734375,-10.045069694519043,-0.06939185410737991,0.6364908218383789
1788679135229498400,93.32049829101562,-10.454241752624512,-0.16271193325519562,1.521835207939148
1788679135246778600,93.33777856445313,-10.676774978637695,0.14835500717163086,2.148754835128784
1788679135264059100,93.35505908203125,-10.305887222290039,0.5144568681716919,1.8185452222824097
1788679135281339600,93.37233959960938,-9.729216575622559,0.38285163044929504,1.129412293434143
1788679135298620200,93.3896201171875,-9.781859397888184,0.46420758962631226,1.6869399547576904
1788679135315900400,93.406900390625,-10.420742988586426,0.3326023519039154,1.4476577043533325
1788679135333181000,93.42418090820313,-10.408778190612793,0.8901300430297852,1.9956140518188477
1788679135350461400,93.44146142578126,-10.48534870147705,0.5694918036460876,2.3473589420318604
1788679135367742000,93.45874194335937,-11.248659133911133,0.8374879360198975,2.2061824798583984
1788679135385022500,93.4760224609375,-10.353743553161621,1.0600204467773438,1.8400806188583374
1788679135402302700,93.493302734375,-9.89432144165039,1.6462619304656982,1.337587833404541
1788679135419583200,93.51058325195312,-9.44447135925293,2.0745773315429688,1.8759729862213135
1788679135436863700,93.52786376953125,-9.324830055236816,2.4598217010498047,2.5986053943634033
1788679135454144300,93.54514428710938,-10.336994171142578,2.321038007736206,2.203789710998535
1788679135471424800,93.5624248046875,-10.183853149414062,2.6368906497955322,2.084148406982422
1788679135488705300,93.57970532226562,-10.04267692565918,2.912065267562866,2.2205393314361572
1788679135505985500,93.59698559570313,-10.095318794250488,2.988635540008545,2.715853691101074
1788679135523266000,93.61426611328125,-9.954142570495605,3.1752755641937256,2.7493531703948975
1788679135540546600,93.63154663085938,-9.693324089050293,3.342773199081421,2.6225335597991943
1788679135557827000,93.6488271484375,-9.93978500366211,3.376272678375244,2.5076780319213867
1788679135575107600,93.66610766601562,-10.078569412231445,3.5509488582611084,2.9288148880004883
1788679135592387800,93.68338793945313,-9.908679008483887,3.4887354373931885,2.895315408706665
1788679135609668400,93.70066845703126,-9.868000984191895,3.4408788681030273,2.6967110633850098
1788679135626948900,93.71794897460937,-9.841679573059082,3.2997024059295654,2.548356056213379
1788679135644229400,93.7352294921875,-9.860821723937988,3.2207393646240234,2.4263222217559814
1788679135661510000,93.75251000976563,-9.767501831054688,3.2135608196258545,2.445464849472046
1788679135678790100,93.7697900390625,-9.53779125213623,3.0580272674560547,2.407179594039917
1788679135696070700,93.78707055664063,-9.66939640045166,2.9934210777282715,2.469393014907837
1788679135713351200,93.80435107421874,-10.028319358825684,3.0317063331604004,2.400001049041748
1788679135730631700,93.82163159179687,-9.91825008392334,3.1800613403320312,2.187039852142334
1788679135747912200,93.838912109375,-10.191031455993652,3.280559778213501,2.3808584213256836
1788679135765192700,93.85619262695313,-10.234102249145508,3.2470602989196777,2.5914268493652344
1788679135782473000,93.87347290039062,-10.317851066589355,3.077169895172119,1.9022940397262573
1788679135799753500,93.89075341796875,-10.176674842834473,2.9958138465881348,1.9884356260299683
1788679135817034000,93.90803393554687,-10.29153060913086,2.6847469806671143,2.1918256282806396
1788679135834314500,93.925314453125,-10.389636039733887,2.462214469909668,1.8472590446472168
1788679135851595000,93.94259497070313,-10.743773460388184,2.2540390491485596,1.8831514120101929
1788679135868875300,93.95987524414062,-9.975677490234375,2.1918256282806396,1.5050854682922363
1788679135886155800,93.97715576171875,-10.241280555725098,2.0315065383911133,1.550549030303955
1788679135903436300,93.99443627929688,-10.023533821105957,1.8664016723632812,1.5194423198699951
1788679135920716800,94.011716796875,-10.071390151977539,1.6582261323928833,1.373480200767517
1788679135937997300,94.02899731445312,-10.052248001098633,1.5050854682922363,1.5960127115249634
1788679135955277600,94.04627758789063,-10.001998901367188,1.4021940231323242,1.2538390159606934
1788679135972558000,94.06355810546874,-10.112068176269531,1.1174482107162476,0.7345965504646301
1788679135989838600,94.08083862304687,-10.114460945129395,0.8279166221618652,0.8279166221618652
1788679136007118800,94.09811889648438,-10.272387504577637,0.6795616149902344,0.8207381963729858
1788679136024399600,94.11539965820313,-10.092926025390625,0.4570291340351105,1.1581261157989502
1788679136041680000,94.13267993164062,-10.425528526306152,0.40677985548973083,0.9020941257476807
1788679136058960400,94.14996044921875,-10.095318794250488,0.24167509377002716,0.8159525394439697
1788679136076241000,94.16724096679687,-10.04267692565918,0.05503492057323456,0.27038896083831787
1788679136093521400,94.184521484375,-10.124032974243164,-0.20099709928035736,0.19621145725250244
1788679136110801700,94.2018017578125,-9.803394317626953,-0.24646073579788208,0.4139583110809326
1788679136128082200,94.21908227539062,-10.731809616088867,-0.6149554252624512,0.5216353535652161
1788679136145362700,94.23636279296875,-10.341779708862305,-0.5647061467170715,0.08614161610603333
1788679136162643200,94.25364331054688,-10.03310489654541,-0.8111668825149536,0.363709032535553
1788679136179923700,94.270923828125,-9.293723106384277,-0.885344386100769,-0.23688943684101105
1788679136197204000,94.28820385742188,-9.659825325012207,-1.5050854682922363,-0.8231309652328491
1788679136214484500,94.305484375,-9.219545364379883,-1.4213366508483887,-1.6342978477478027
1788679136231765000,94.32276489257812,-9.753145217895508,-1.770688772201538,-1.2394821643829346
1788679136249045500,94.34004541015625,-9.415757179260254,-1.8711873292922974,-0.7465606927871704
1788679136266325800,94.35732568359376,-9.023334503173828,-1.9022940397262573,-0.12442677468061447
1788679136283606300,94.37460620117187,-9.382257461547852,-2.3497519493103027,-0.8470591902732849
1788679136300886800,94.39188671875,-9.439684867858887,-2.7349963188171387,-1.1461620330810547
1788679136318167300,94.40916723632813,-9.631111145019531,-2.7326035499572754,-1.1341979503631592
1788679136335447800,94.42644775390625,-9.265008926391602,-2.8905298709869385,-0.760917603969574
1788679136352728300,94.44372827148437,-9.176474571228027,-3.6466617584228516,-0.9451649188995361
1788679136370008600,94.46100854492188,-9.461220741271973,-4.199403762817383,-1.5481562614440918
1788679136387289000,94.4782890625,-9.573683738708496,-4.091726779937744,-1.8783657550811768
1788679136404569600,94.49556958007813,-9.78664493560791,-4.206582069396973,-1.9956140518188477
1788679136421850000,94.51285009765625,-9.418149948120117,-4.744967460632324,-1.679761528968811
1788679136439130600,94.53013061523437,-7.444071292877197,-5.355136871337891,-0.9619147181510925
1788679136456411000,94.54741088867188,-8.018348693847656,-5.266602516174316,-0.8207381963729858
1788679136473691400,94.56469140625,-8.6907320022583,-4.981856822967529,-0.5862415432929993
1788679136490972000,94.58197192382812,-8.01356315612793,-4.960321426391602,-0.7752745151519775
1788679136508252400,94.59925244140625,-7.3292155265808105,-5.26181697845459,-0.5216353535652161
1788679136525533000,94.61653295898438,-7.585247993469238,-5.5106706619262695,-0.32542386651039124
1788679136542813200,94.63381323242187,-7.573283672332764,-5.4795637130737305,0.4905286431312561
1788679136560093700,94.65109375,-7.252645492553711,-5.362315654754639,0.7441678643226624
1788679136577374200,94.66837426757813,-7.64028263092041,-5.233103275299072,0.5886343717575073
1788679136594654700,94.68565478515625,-6.86261510848999,-5.508277893066406,0.23449662327766418
1788679136611935200,94.70293530273437,-6.477370738983154,-5.654240131378174,-0.28235307335853577
1788679136629215500,94.72021557617188,-6.465406894683838,-5.848058700561523,-0.7250252366065979
1788679136646496000,94.73749609375,-6.501298904418945,-6.38165807723999,-0.8159525394439697
1788679136663776500,94.75477661132813,-5.9916276931762695,-6.649653911590576,-0.4546363055706024
1788679136681057000,94.77205712890625,-6.099305152893066,-6.781259536743164,-0.6364908218383789
1788679136698337300,94.78933715820312,-6.429514408111572,-6.836294174194336,-0.7728816866874695
1788679136715618000,94.8066181640625,-5.453242778778076,-6.903293132781982,-1.0671988725662231
1788679136732898300,94.82389819335937,-4.759324073791504,-7.1162543296813965,-1.6342978477478027
1788679136750178800,94.8411787109375,-5.72123908996582,-7.262216567993164,-1.7084753513336182
1788679136767459300,94.85845922851563,-5.5106706619262695,-7.5086774826049805,-1.7324036359786987
1788679136784739600,94.87573950195312,-5.37906551361084,-7.680960655212402,-1.7539390325546265
1788679136802020000,94.89302001953125,-4.821537494659424,-7.494320392608643,-1.6701902151107788
1788679136819300600,94.91030053710938,-4.266402721405029,-7.020541667938232,-1.5361921787261963
1788679136836581000,94.9275810546875,-4.261617183685303,-6.963113784790039,-1.8424733877182007
1788679136853861600,94.94486157226562,-4.445864677429199,-7.489534854888916,-2.1583259105682373
1788679136871142000,94.96214184570313,-4.063013076782227,-8.104490280151367,-1.8472590446472168
1788679136888422400,94.97942236328124,-3.6681971549987793,-8.664410591125488,-2.1056840419769287
1788679136905703000,94.99670288085937,-3.3475589752197266,-8.592626571655273,-2.359323024749756
1788679136922983400,95.0139833984375,-2.830709218978882,-8.492127418518066,-2.3090739250183105
1788679136940264000,95.03126391601562,-2.258824586868286,-8.37009334564209,-2.531606435775757
1788679136957544200,95.04854418945312,-2.9359934329986572,-8.252845764160156,-3.1561331748962402
1788679136974824700,95.06582470703125,-3.4432718753814697,-8.539983749389648,-3.4815568923950195
1788679136992105200,95.08310522460937,-2.785245656967163,-8.819944381713867,-3.0412776470184326
1788679137009385700,95.1003857421875,-2.007578134536743,-8.949156761169434,-2.902493953704834
1788679137026666200,95.11766625976563,-2.062613010406494,-8.994620323181152,-3.06999135017395
1788679137043946500,95.13494653320312,-2.0267207622528076,-9.116654396057129,-2.9240293502807617
1788679137061227000,95.15222705078125,-1.6271194219589233,-9.389435768127441,-2.3976082801818848
1788679137078507500,95.16950756835938,-1.0456634759902954,-9.501898765563965,-1.8376877307891846
1788679137095788000,95.1867880859375,-0.882951557636261,-9.485149383544922,-1.6654045581817627
1788679137113068500,95.20406860351562,-0.882951557636261,-9.322437286376953,-1.9645073413848877
1788679137130348800,95.22134887695313,-1.2681959867477417,-8.989834785461426,-2.3090739250183105
1788679137147629300,95.23862939453124,-1.2658032178878784,-8.745766639709473,-2.6368906497955322
1788679137164909800,95.25590991210937,-1.2418749332427979,-8.817551612854004,-2.799602508544922
1788679137182190300,95.2731904296875,-1.5242279767990112,-9.219545364379883,-2.9718856811523438
1788679137199470800,95.29047094726562,-1.1461620330810547,-9.513862609863281,-2.9455647468566895
1788679137216751000,95.30775122070312,-0.8231309652328491,-9.884750366210938,-2.7637102603912354
1788679137234031600,95.32503149414063,-0.6963114142417908,-10.080962181091309,-2.8043880462646484
1788679137251312000,95.34231201171875,-0.5335994362831116,-10.301101684570312,-2.9766714572906494
1788679137268592600,95.35959252929688,-0.27756741642951965,-10.224531173706055,-3.160918712615967
1788679137285873000,95.37687280273437,-0.14835500717163086,-9.753145217895508,-3.3068809509277344
1788679137303153400,95.3941533203125,0.02632104977965355,-9.456435203552246,-3.469592809677124
1788679137320434000,95.41143383789063,0.2392822653055191,-9.243474006652832,-3.4672000408172607
1788679137337714400,95.42871435546876,0.44027936458587646,-9.119047164916992,-3.081955671310425
1788679137354994700,95.44599462890625,0.7680960893630981,-9.114261627197266,-2.854637384414673
1788679137372275200,95.46327514648438,0.6556333899497986,-9.34875774383545,-3.022135019302368
1788679137389555700,95.4805556640625,0.35892340540885925,-9.521040916442871,-3.352344512939453
1788679137406836200,95.49783618164062,0.035892341285943985,-9.329615592956543,-3.5820555686950684
1788679137424116700,95.51511669921875,-0.44027936458587646,-9.274580955505371,-3.3954153060913086
1788679137441397000,95.53239697265624,-0.576670229434967,-9.293723106384277,-2.909672260284424
1788679137458677500,95.54967749023437,-0.5982056856155396,-9.482755661010742,-2.548356056213379
1788679137475958000,95.5669580078125,-0.794417142868042,-9.635896682739258,-2.4119651317596436
1788679137493238500,95.58423852539063,-0.8470591902732849,-9.743574142456055,-2.3808584213256836
1788679137510519000,95.60151904296875,-0.7130611538887024,-9.652647018432617,-2.548356056213379
1788679137527799300,95.61879931640625,-0.6005984544754028,-9.671789169311523,-2.7565317153930664
1788679137545079800,95.63607983398437,-0.46899324655532837,-9.619147300720215,-2.9455647468566895
1788679137562360300,95.6533603515625,-0.4091726839542389,-9.41336441040039,-2.8594231605529785
1788679137579640800,95.67064086914063,-0.3900300860404968,-9.245866775512695,-2.5531418323516846
1788679137596921000,95.68792114257812,-0.3397808074951172,-9.363115310668945,-2.4430718421936035
1788679137614201600,95.70520166015625,-0.3613162338733673,-9.499505996704102,-2.682354211807251
1788679137631482000,95.72248217773438,-0.5048855543136597,-9.521040916442871,-2.9312076568603516
1788679137648762600,95.7397626953125,-0.5431707501411438,-9.511469841003418,-3.122633457183838
1788679137666043100,95.75704321289062,-0.5216353535652161,-9.521040916442871,-3.1992039680480957
1788679137683323400,95.77432348632813,-0.46420758962631226,-9.492327690124512,-3.098705291748047
1788679137700604000,95.79160400390624,-0.4331009089946747,-9.379864692687988,-2.9359934329986572
1788679137717884400,95.80888452148437,-0.3732803463935852,-9.367900848388672,-2.8426733016967773
1788679137735165000,95.8261650390625,-0.3517449200153351,-9.442078590393066,-2.8809585571289062
1788679137752445400,95.84344555664063,-0.3158525824546814,-9.430113792419434,-2.8450660705566406
1788679137769725700,95.8607255859375,-0.3852444589138031,-9.408578872680664,-2.816352367401123
1788679137787006200,95.87800610351563,-0.5216353535652161,-9.501898765563965,-2.7804598808288574
1788679137804286700,95.89528662109375,-0.6652047038078308,-9.511469841003418,-2.754138946533203
1788679137821567000,95.91256689453125,-0.7992027401924133,-9.518648147583008,-2.691925525665283
1788679137838847500,95.92984741210938,-0.8374879360198975,-9.511469841003418,-2.550748825073242
1788679137856128000,95.9471279296875,-0.8183453679084778,-9.547362327575684,-2.5052852630615234
1788679137873408500,95.96440844726563,-0.7226324677467346,-9.588040351867676,-2.5914268493652344
1788679137890689000,95.98168896484376,-0.576670229434967,-9.542576789855957,-2.6799614429473877
1788679137907969300,95.99896923828125,-0.5240281820297241,-9.497113227844238,-2.7828526496887207
1788679137925249800,96.01624975585938,-0.5551348328590393,-9.509077072143555,-2.9216363430023193
1788679137942530300,96.0335302734375,-0.5862415432929993,-9.468399047851562,-3.0173492431640625
1788679137959810800,96.05081079101562,-0.5575276613235474,-9.401400566101074,-2.9623143672943115
1788679137977091300,96.06809130859375,-0.5048855543136597,-9.394221305847168,-2.8211379051208496
1788679137994371600,96.08537158203124,-0.49292147159576416,-9.446864128112793,-2.792423963546753
1788679138011652000,96.10265209960937,-0.4977070987224579,-9.521040916442871,-2.864208698272705
1788679138028932600,96.1199326171875,-0.5240281820297241,-9.501898765563965,-2.9383862018585205
1788679138046213000,96.13721313476563,-0.5216353535652161,-9.468399047851562,-2.8761727809906006
1788679138063493400,96.15449340820312,-0.5383850932121277,-9.461220741271973,-2.8187451362609863
1788679138080774000,96.17177392578125,-0.5718846321105957,-9.463613510131836,-2.737389087677002
1788679138098054400,96.18905444335938,-0.5886343717575073,-9.473184585571289,-2.715853691101074
1788679138115335000,96.2063349609375,-0.6364908218383789,-9.468399047851562,-2.7038896083831787
1788679138132615400,96.22361547851563,-0.641276478767395,-9.456435203552246,-2.7014968395233154
1788679138149895700,96.24089575195312,-0.6460621356964111,-9.454042434692383,-2.644068956375122
1788679138167176200,96.25817626953125,-0.6675975322723389,-9.463613510131836,-2.610569477081299
1788679138184456700,96.27545678710938,-0.6963114142417908,-9.540184020996094,-2.5914268493652344
1788679138201737200,96.2927373046875,-0.605384111404419,-9.578469276428223,-2.6153552532196045
1788679138219017500,96.310017578125,-0.4905286431312561,-9.561718940734863,-2.6871397495269775
1788679138236298000,96.32729809570313,-0.42352959513664246,-9.499505996704102,-2.7900311946868896
1788679138253578500,96.34457861328124,-0.4426721930503845,-9.415757179260254,-2.775674343109131
1788679138270859000,96.36185888671875,-0.4618147611618042,-9.389435768127441,-2.6297121047973633
1788679138288139300,96.37913916015626,-0.5838487148284912,-9.43489933013916,-2.6225335597991943
1788679138305419800,96.39641967773437,-0.7058826684951782,-9.509077072143555,-2.65842604637146
1788679138322700300,96.4137001953125,-0.698704183101654,-9.592825889587402,-2.6775684356689453
1788679138339980800,96.43098071289063,-0.6939185857772827,-9.616754531860352,-2.7182464599609375
1788679138357261000,96.44826098632812,-0.6460621356964111,-9.533005714416504,-2.778067111968994
1788679138374541600,96.46554150390625,-0.605384111404419,-9.494720458984375,-2.6871397495269775
1788679138391822000,96.48282202148438,-0.5407779216766357,-9.4660062789917,-2.6967110633850098
1788679138409102600,96.5001025390625,-0.5599204897880554,-9.473184585571289,-2.6847469806671143
1788679138426383000,96.51738305664063,-0.5599204897880554,-9.456435203552246,-2.6847469806671143
1788679138443663400,96.53466333007813,-0.5623133182525635,-9.461220741271973,-2.6488547325134277
1788679138460944000,96.55194384765625,-0.6149554252624512,-9.473184585571289,-2.6536402702331543
1788679138478224400,96.56922436523438,-0.7034898400306702,-9.516255378723145,-2.651247501373291
1788679138495505000,96.5865048828125,-0.7776673436164856,-9.513862609863281,-2.6081767082214355
1788679138512785400,96.60378540039062,-0.7848458290100098,-9.56889820098877,-2.6081767082214355
1788679138530065700,96.62106567382813,-0.763310432434082,-9.56889820098877,-2.6799614429473877
1788679138547346200,96.63834619140626,-0.7034898400306702,-9.511469841003418,-2.6703901290893555
1788679138564626700,96.65562670898437,-0.5910272002220154,-9.463613510131836,-2.667997360229492
1788679138581907200,96.6729072265625,-0.4833501875400543,-9.45882797241211,-2.68953275680542
1788679138599187500,96.6901875,-0.4450650215148926,-9.470791816711426,-2.746960401535034
1788679138616468000,96.70746801757812,-0.41874396800994873,-9.432506561279297,-2.854637384414673
1788679138633748500,96.72474853515625,-0.4331009089946747,-9.410971641540527,-2.8594231605529785
1788679138651029000,96.74202905273438,-0.48095735907554626,-9.42772102355957,-2.8115665912628174
1788679138668309200,96.75930932617187,-0.5862415432929993,-9.461220741271973,-2.833101987838745
1788679138685589800,96.77658984375,-0.6891329288482666,-9.463613510131836,-2.8522446155548096
1788679138702870300,96.79387036132813,-0.729810893535614,-9.511469841003418,-2.8522446155548096
1788679138720150500,96.81115063476562,-0.7322037220001221,-9.559326171875,-2.7972097396850586
1788679138737431000,96.82843115234375,-0.6771687865257263,-9.571290969848633,-2.7661030292510986
1788679138754711600,96.84571166992187,-0.6508477330207825,-9.482755661010742,-2.6871397495269775
1788679138771992000,96.86299194335938,-0.605384111404419,-9.45164966583252,-2.6273193359375
1788679138789272600,96.8802724609375,-0.5982056856155396,-9.456435203552246,-2.6081767082214355
1788679138806552800,96.897552734375,-0.6436693072319031,-9.516255378723145,-2.7349963188171387
1788679138823833300,96.91483325195313,-0.5958128571510315,-9.504291534423828,-2.715853691101074
1788679138841113900,96.93211376953126,-0.6245267391204834,-9.509077072143555,-2.7326035499572754
1788679138858394400,96.94939428710937,-0.6580262184143066,-9.53779125213623,-2.770888566970825
1788679138875674600,96.96667456054688,-0.6269195079803467,-9.494720458984375,-2.754138946533203
1788679138892955100,96.983955078125,-0.6029912829399109,-9.547362327575684,-2.7589244842529297
1788679138910235600,97.00123559570312,-0.5982056856155396,-9.499505996704102,-2.7661030292510986
1788679138927516200,97.01851611328125,-0.4833501875400543,-9.45882797241211,-2.7900311946868896
1788679138944796700,97.03579663085938,-0.4450650215148926,-9.456435203552246,-2.746960401535034
1788679138962077000,97.05307690429687,-0.41874396800994873,-9.456435203552246,-2.754138946533203
1788679138979357400,97.070357421875,-0.41874396800994873,-9.439684867858887,-2.7421748638153076
1788679138996638000,97.08763793945313,-0.4426721930503845,-9.442078590393066,-2.7517459392547607
1788679139013918500,97.10491845703125,-0.48813581466674805,-9.485149383544922,-2.840280532836914
1788679139031198700,97.12219873046875,-0.5359922647476196,-9.473184585571289,-2.8929226398468018
1788679139048479200,97.13947924804687,-0.5168496966362,-9.475577354431152,-2.8929226398468018
1788679139065759700,97.156759765625,-0.5312066078186035,-9.516255378723145,-2.9072794914245605
1788679139083040000,97.1740400390625,-0.5144568681716919,-9.580862045288086,-2.9958138465881348
1788679139100320500,97.19132055664062,-0.5168496966362,-9.645467758178711,-3.067598581314087
1788679139117601000,97.20860107421875,-0.4378865361213684,-9.497113227844238,-2.885744094848633
1788679139134881500,97.22588159179688,-0.3900300860404968,-9.422935485839844,-2.7732813358306885
1788679139152161800,97.24316186523437,-0.4259224236011505,-9.45882797241211,-2.7517459392547607
1788679139169442300,97.2604423828125,-0.4091726839542389,-9.501898765563965,-2.6273193359375
1788679139186722800,97.27772290039063,-0.38285163044929504,-9.540184020996094,-2.548356056213379
1788679139204003300,97.29500341796874,-0.40677985548973083,-9.525827407836914,-2.5531418323516846
1788679139221283800,97.31228393554687,-0.5144568681716919,-9.494720458984375,-2.63449764251709
1788679139238564000,97.32956420898438,-0.6101697683334351,-9.470791816711426,-2.6847469806671143
1788679139255844600,97.3468447265625,-0.6580262184143066,-9.499505996704102,-2.6488547325134277
1788679139273125000,97.364125,-0.6843472719192505,-9.58325481414795,-2.667997360229492
1788679139290405600,97.38140551757813,-0.7130611538887024,-9.585647583007812,-2.667997360229492
1788679139307686000,97.39868579101562,-0.7417750358581543,-9.54496955871582,-2.6488547325134277
1788679139324966400,97.41596630859375,-0.763310432434082,-9.580862045288086,-2.6632115840911865
1788679139342247000,97.43324682617188,-0.6580262184143066,-9.712467193603516,-2.778067111968994
1788679139359527400,97.45052734375,-0.6101697683334351,-9.556933403015137,-2.7589244842529297
1788679139376807700,97.4678076171875,-0.4785645306110382,-9.487542152404785,-2.720639228820801
1788679139394088200,97.48508813476562,-0.6436693072319031,-9.525827407836914,-2.737389087677002
1788679139411368700,97.50236865234375,-0.6580262184143066,-9.564111709594727,-2.586641311645508
1788679139428649200,97.51964916992188,-0.6604190468788147,-9.57607650756836,-2.6057839393615723
1788679139445929500,97.53692944335937,-0.7968099117279053,-9.688538551330566,-2.691925525665283
1788679139463210000,97.5542099609375,-1.0456634759902954,-9.698110580444336,-2.9718856811523438
1788679139480490500,97.57149047851563,-1.1078768968582153,-9.724431037902832,-3.0939197540283203
1788679139497770800,97.58877075195312,-0.7585247755050659,-9.525827407836914,-2.8977081775665283
1788679139515051300,97.60605126953125,-0.5431707501411438,-9.485149383544922,-2.644068956375122
1788679139532331800,97.62333178710938,-0.5551348328590393,-9.595218658447266,-2.691925525665283
1788679139549612300,97.6406123046875,-0.6269195079803467,-9.494720458984375,-2.775674343109131
1788679139566892800,97.65789282226562,-0.9092726111412048,-9.353543281555176,-2.644068956375122
1788679139584173000,97.67517309570313,-1.0767701864242554,-9.253045082092285,-2.493321180343628
1788679139601453600,97.69245361328124,-1.153340458869934,-9.066405296325684,-2.469393014907837
1788679139618734000,97.70973413085937,-1.3519448041915894,-9.116654396057129,-2.414358139038086
1788679139636014600,97.7270146484375,-1.4476577043533325,-9.245866775512695,-2.493321180343628
1788679139653294800,97.744294921875,-1.1868400573730469,-8.841479301452637,-2.5531418323516846
1788679139670575400,97.76157543945313,-1.5314065217971802,-8.24566650390625,-2.6488547325134277
1788679139687855900,97.77885595703125,-2.210968017578125,-8.051848411560059,-2.737389087677002
1788679139705136400,97.79613647460937,-2.9623143672943115,-8.358129501342773,-2.5220351219177246
1788679139722417000,97.8134169921875,-2.3162522315979004,-9.269794464111328,-2.2683959007263184
1788679139739697200,97.830697265625,-2.730210542678833,-9.870393753051758,-2.2061824798583984
1788679139756977700,97.84797778320312,-2.943171739578247,-9.08554744720459,-1.5864413976669312
1788679139774258200,97.86525805664063,-2.5124638080596924,-8.367700576782227,-1.4835500717163086
1788679139791538400,97.88253833007812,-2.7182464599609375,-7.8556365966796875,-1.8376877307891846
1788679139808819000,97.89981884765625,-4.199403762817383,-7.424928665161133,-2.5603201389312744
1788679139826099500,97.91709936523438,-5.223531723022461,-7.384250640869141,-1.97407865524292
1788679139843380000,97.9343798828125,-3.9529430866241455,-7.546962738037109,0.19621145725250244
1788679139860660200,97.95166015625,-4.1419758796691895,-7.1162543296813965,0.5814558863639832
1788679139877940700,97.96894067382813,-5.788238048553467,-6.838686943054199,-0.8111668825149536
1788679139895221200,97.98622119140624,-5.5106706619262695,-6.5419769287109375,-1.710868239402771
1788679139912501800,98.00350170898437,-5.300102233886719,-6.522834300994873,-2.7086751461029053
1788679139929782000,98.02078198242188,-6.142375946044922,-6.943971157073975,-2.021935224533081
1788679139947062500,98.0380625,-5.654240131378174,-7.267002582550049,-0.02871387079358101
1788679139964343000,98.05534301757812,-6.135197162628174,-7.518248558044434,-0.1052841991186142
1788679139981623600,98.07262353515625,-4.828716278076172,-6.738188743591309,0.5838487148284912
1788679139998903800,98.08990380859375,-4.73300313949585,-6.477370738983154,0.9786644577980042
1788679140016184300,98.10718432617188,-6.434299945831299,-6.838686943054199,-0.5216353535652161
1788679140033464800,98.12446484375,-7.269395351409912,-6.802794933319092,-1.7252250909805298
1788679140050745300,98.14174536132812,-6.939185619354248,-6.9104719161987305,-2.148754835128784
1788679140068025600,98.15902563476563,-6.7621169090271,-6.522834300994873,-1.8687944412231445
1788679140085306000,98.17630615234376,-7.6737823486328125,-5.726024627685547,-0.7968099117279053
1788679140102586600,98.19358666992187,-7.568498134613037,-5.793023586273193,-0.19621145725250244
1788679140119867000,98.21086694335938,-7.314858913421631,-6.137589931488037,0.01196411345154047
1788679140137147400,98.2281474609375,-7.606783390045166,-5.66620397567749,0.1698904037475586
1788679140154428000,98.24542797851562,-7.791030406951904,-4.182653903961182,-0.36610186100006104
1788679140171708400,98.26270849609375,-8.800801277160645,-3.304488182067871,-0.37806597352027893
1788679140188989000,98.27998901367188,-8.322237014770508,-3.428914785385132,0.8877372145652771
1788679140206269200,98.29726928710937,-8.647661209106445,-4.833501815795898,0.8949156403541565
1788679140223549700,98.3145498046875,-9.104690551757812,-4.761716842651367,0.5934200286865234
1788679140240830200,98.33183032226563,-8.772088050842285,-4.393222332000732,0.6915257573127747
1788679140258110700,98.34911083984375,-8.343772888183594,-3.728017568588257,0.5910272002220154
1788679140275391000,98.36639086914063,-8.903693199157715,-3.4002010822296143,0.07896314561367035
1788679140292671500,98.38367138671875,-8.951549530029297,-3.9696927070617676,-0.11006984114646912
1788679140309952000,98.40095190429687,-9.044869422912598,-3.871587038040161,0.22492532432079315
1788679140327232500,98.418232421875,-9.123832702636719,-2.9359934329986572,0.6005984544754028
1788679140344512800,98.4355126953125,-8.901300430297852,-2.7517459392547607,1.404586911201477
1788679140361793300,98.45279321289063,-9.473184585571289,-3.139383316040039,1.6007983684539795
1788679140379073800,98.47007373046876,-10.305887222290039,-2.9790642261505127,1.7252250909805298
1788679140396354300,98.48735424804687,-10.116853713989258,-2.9072794914245605,1.1389836072921753
1788679140413634600,98.50463452148438,-9.322437286376953,-2.754138946533203,1.2203395366668701
1788679140430915000,98.5219150390625,-10.39920711517334,-2.902493953704834,1.1700903177261353
1788679140448195600,98.53919555664062,-9.595218658447266,-2.5220351219177246,0.48813581466674805
1788679140465475800,98.55647583007813,-10.028319358825684,-2.2061824798583984,0.6652047038078308
1788679140482756400,98.57375634765626,-9.76989459991455,-2.108076810836792,0.8207381963729858
1788679140500036900,98.59103686523437,-9.712467193603516,-1.5696916580200195,0.48095735907554626
1788679140517317400,98.6083173828125,-10.186245918273926,-1.4165509939193726,0.5144568681716919
1788679140534597600,98.62559765625,-10.401599884033203,-1.0911271572113037,0.35413774847984314
1788679140551878100,98.64287817382812,-10.846665382385254,-0.6580262184143066,1.1748759746551514
1788679140569158700,98.66015869140625,-11.358729362487793,-0.5431707501411438,1.275374412536621
1788679140586439000,98.67743896484374,-10.037891387939453,0.2105683982372284,1.2394821643829346
1788679140603719400,98.69471948242187,-9.681360244750977,0.41156548261642456,0.729810893535614
1788679140621000000,98.712,-9.729216575622559,0.7537391185760498,0.4211367964744568
1788679140638280400,98.72928051757812,-9.817750930786133,1.160519003868103,1.0504491329193115
1788679140655560700,98.74656079101563,-10.3681001663208,1.0648061037063599,1.8975083827972412
1788679140672841200,98.76384130859375,-10.439885139465332,1.459621787071228,2.720639228820801
1788679140690121700,98.78112182617187,-10.358529090881348,1.7635103464126587,2.201396942138672
1788679140707402000,98.79840209960938,-9.798608779907227,1.801795482635498,1.179661512374878
1788679140724682500,98.8156826171875,-9.719645500183105,2.014756679534912,1.1868400573730469
1788679140741963000,98.832962890625,-10.061819076538086,2.0865414142608643,1.8664016723632812
1788679140759243500,98.85024340820313,-10.119247436523438,2.014756679534912,2.806781053543091
1788679140776523800,98.86752368164062,-10.258030891418457,1.734796404838562,2.4119651317596436
1788679140793804300,98.88480419921875,-9.748359680175781,2.012363910675049,1.581655740737915
1788679140811084800,98.90208471679688,-9.34157943725586,2.3401806354522705,1.1676974296569824
1788679140828365300,98.919365234375,-9.432506561279297,2.478964328765869,1.7324036359786987
1788679140845645600,98.9366455078125,-10.090533256530762,2.60339093208313,2.6297121047973633
1788679140862926000,98.95392602539063,-10.310672760009766,2.7254250049591064,2.8187451362609863
1788679140880206600,98.97120654296874,-9.681360244750977,3.019742250442505,2.438286304473877
1788679140897487000,98.98848706054687,-9.755537986755371,3.0939197540283203,1.9286150932312012
1788679140914767400,99.00576733398438,-10.229316711425781,3.019742250442505,2.321038007736206
1788679140932048000,99.0230478515625,-10.016355514526367,3.1657042503356934,3.005385160446167
1788679140949328400,99.04032836914062,-10.15035343170166,3.297309637069702,3.014956474304199
1788679140966608600,99.05760864257813,-9.370293617248535,3.3882367610931396,2.68953275680542
1788679140983889200,99.07488916015625,-9.561718940734863,3.390629768371582,2.203789710998535
1788679141001169700,99.09216967773438,-9.358329772949219,3.431307554244995,2.218146562576294
1788679141018450000,99.10944995117187,-9.389435768127441,3.5198421478271484,2.6464617252349854
1788679141035730400,99.12673046875,-9.645467758178711,3.4719855785369873,2.806781053543091
1788679141053011000,99.14401098632813,-9.497113227844238,3.500699520111084,2.3784656524658203
1788679141070291500,99.16129150390626,-9.317651748657227,3.3954153060913086,2.280359983444214
1788679141087572000,99.17857202148437,-9.255437850952148,3.414557933807373,2.1678972244262695
1788679141104852200,99.19585229492188,-9.131011009216309,3.3954153060913086,2.5435705184936523
1788679141122132700,99.2131328125,-9.061619758605957,3.3547372817993164,2.8115665912628174
1788679141139413200,99.23041333007812,-9.032905578613281,3.3236305713653564,2.6847469806671143
1788679141156693500,99.24769360351563,-8.941978454589844,3.3332018852233887,2.651247501373291
1788679141173974000,99.26497412109374,-8.913264274597168,3.314059257507324,2.699103832244873
1788679141191254500,99.28225463867187,-8.81515884399414,3.2685956954956055,2.4502503871917725
1788679141208534800,99.29953466796874,-9.042476654052734,3.2470602989196777,2.493321180343628
1788679141225815300,99.31681518554687,-8.896514892578125,3.3236305713653564,2.6967110633850098
1788679141243095800,99.334095703125,-9.09990406036377,3.352344512939453,2.794816732406616
1788679141260376300,99.35137622070313,-9.454042434692383,3.314059257507324,2.720639228820801
1788679141277656600,99.36865649414062,-9.631111145019531,3.218346357345581,2.4885356426239014
1788679141294937000,99.38593701171875,-9.9469633102417,3.2135608196258545,2.359323024749756
1788679141312217600,99.40321752929688,-9.987641334533691,3.3236305713653564,2.641676187515259
1788679141329498000,99.420498046875,-10.104889869689941,3.404986619949341,2.9623143672943115
1788679141346778400,99.4377783203125,-10.38485050201416,3.373879909515381,2.816352367401123
1788679141364059000,99.45505883789062,-9.951749801635742,3.3475589752197266,2.5196423530578613
1788679141381339400,99.47233935546875,-10.140782356262207,3.3619158267974854,1.8664016723632812
1788679141398620000,99.48961987304688,-10.258030891418457,3.2470602989196777,2.6632115840911865
1788679141415900200,99.50690014648437,-10.380064964294434,3.046063184738159,2.6225335597991943
1788679141433180700,99.5241806640625,-10.717453002929688,2.706282377243042,2.342573404312134
1788679141450461000,99.5414609375,-10.626524925231934,2.4717857837677,2.280359983444214
1788679141467741700,99.55874169921876,-9.951749801635742,2.390429735183716,2.0961127281188965
1788679141485022000,99.57602197265625,-10.241280555725098,2.0506489276885986,1.8807586431503296
1788679141502302500,99.59330249023438,-10.071390151977539,1.9022940397262573,0.97148597240448
1788679141519582700,99.61058276367187,-10.205389022827148,1.7874385118484497,1.3663017749786377
1788679141536863200,99.62786328125,-9.66221809387207,1.9334007501602173,1.4213366508483887
1788679141554143700,99.64514379882813,-9.980463027954102,1.6414763927459717,1.557727575302124
1788679141571424300,99.66242431640624,-10.540383338928223,1.6175481081008911,1.887937068939209
1788679141588704500,99.67970458984375,-10.566704750061035,1.5385849475860596,1.4165509939193726
1788679141605985000,99.69698510742188,-9.882357597351074,1.4644074440002441,1.0791629552841187
1788679141623265500,99.714265625,-10.080962181091309,1.2993026971817017,0.7561319470405579
1788679141640546000,99.73154614257813,-9.93978500366211,1.0217353105545044,1.1126625537872314
1788679141657826300,99.74882641601563,-10.159924507141113,0.7513462901115417,0.5814558863639832
1788679141675106800,99.76610693359375,-9.954142570495605,0.5910272002220154,0.26081767678260803
1788679141692387300,99.78338720703125,-10.131211280822754,0.31106695532798767,0.3732803463935852
1788679141709667800,99.80066772460937,-9.942177772521973,0.031106693670153618,0.42352959513664246
1788679141726948000,99.81794799804688,-9.516255378723145,0.17228323221206665,0.6508477330207825
1788679141744228600,99.835228515625,-10.061819076538086,-0.42831525206565857,0.14356936514377594
1788679141761508900,99.8525087890625,-10.114460945129395,-0.6604190468788147,-0.4737788736820221
1788679141778789400,99.86978930664063,-9.712467193603516,-0.8207381963729858,-0.7465606927871704
1788679141796070000,99.88706982421876,-9.430113792419434,-1.191625714302063,-0.5982056856155396
1788679141813350400,99.90435034179687,-10.05703353881836,-1.4021940231323242,-0.16510476171970367
1788679141830630700,99.92163061523438,-9.415757179260254,-1.6247265338897705,0.2799602448940277
1788679141847911200,99.9389111328125,-10.236495018005371,-2.2540390491485596,0.014356935396790504
1788679141865191700,99.95619165039062,-9.851250648498535,-2.313859462738037,-0.3756731450557709
1788679141882472200,99.97347216796875,-9.853643417358398,-2.4047868251800537,-0.6652047038078308
1788679141899752400,99.99075244140624,-8.74337387084961,-2.581855535507202,-0.7872386574745178
1788679141917033000,100.00803295898437,-9.166903495788574,-2.919243574142456,-0.4307080805301666
1788679141934313500,100.0253134765625,-8.934800148010254,-3.3643085956573486,0.27756741642951965
1788679141951594000,100.04259399414063,-9.645467758178711,-3.8739798069000244,-0.3900300860404968
1788679141968874200,100.05987426757812,-8.248059272766113,-4.299902439117432,-0.1818545162677765
1788679141986154800,100.07715478515625,-8.834300994873047,-4.886143684387207,-0.3924229145050049
1788679142003435000,100.09443505859375,-8.652446746826172,-5.3312087059021,-0.6795616149902344
1788679142020715500,100.11171557617187,-8.47298526763916,-5.2977094650268555,-1.332802176475525
1788679142037996000,100.12899609375,-8.324629783630371,-4.855037212371826,-1.3232308626174927
1788679142055276500,100.14627661132812,-7.623532772064209,-4.749752998352051,-0.3086741268634796
1788679142072556800,100.16355688476563,-8.085348129272461,-4.914857864379883,-0.06939185410737991
1788679142089837300,100.18083740234376,-7.618747234344482,-5.309673309326172,-0.0933200865983963
1788679142107117800,100.19811791992187,-7.781459331512451,-5.525027275085449,-0.1052841991186142
1788679142124398300,100.2153984375,-7.4225358963012695,-6.0849480628967285,-0.15074782073497772
1788679142141678600,100.2326787109375,-6.50608491897583,-5.9198431968688965,-0.5575276613235474
1788679142158959000,100.249958984375,-6.692724704742432,-5.627918720245361,-1.0480563640594482
1788679142176239600,100.26723950195313,-6.302694797515869,-5.577669620513916,-0.8685946464538574
1788679142193520000,100.28452001953124,-5.589633464813232,-5.888736724853516,-0.550349235534668
1788679142210800400,100.30180029296875,-5.498706340789795,-6.427121639251709,-1.0839486122131348
1788679142228081000,100.31908081054688,-5.675775527954102,-6.463014125823975,-0.8542376756668091
1788679142245361200,100.33636108398437,-5.711667537689209,-6.453442573547363,-0.6915257573127747
1788679142262641700,100.3536416015625,-5.252245903015137,-6.616154670715332,-0.9667003750801086
1788679142279922200,100.37092211914063,-4.979464054107666,-6.867401123046875,-1.4428720474243164
1788679142297202700,100.38820263671874,-5.07517671585083,-6.977470874786377,-1.5936198234558105
1788679142314483000,100.40548291015625,-5.0943193435668945,-7.432106971740723,-2.0099709033966064
1788679142331763500,100.42276342773438,-5.017749309539795,-7.544569969177246,-2.2301106452941895
1788679142349044000,100.4400439453125,-4.922036170959473,-7.623532772064209,-2.4885356426239014
1788679142366324200,100.45732421875,-4.309473514556885,-7.592426300048828,-2.699103832244873
1788679142383604700,100.47460473632813,-4.218546390533447,-7.479963779449463,-3.0173492431640625
1788679142400885200,100.49188525390625,-5.000999450683594,-7.0923261642456055,-2.7517459392547607
1788679142418165800,100.50916577148438,-5.158925533294678,-7.192824840545654,-2.1296122074127197
1788679142435446300,100.5264462890625,-4.292723655700684,-8.26241683959961,-1.8424733877182007
1788679142452726500,100.5437265625,-2.7182464599609375,-9.166903495788574,-1.4931213855743408
1788679142470007000,100.56100708007813,-1.0432707071304321,-9.133403778076172,-1.1629117727279663
1788679142487287300,100.57828735351562,-0.9355936646461487,-8.551948547363281,-0.9667003750801086
1788679142504567800,100.59556787109375,-1.7132610082626343,-7.901100158691406,-1.672582983970642
1788679142521848300,100.61284838867188,-1.3208380937576294,-8.178668022155762,-1.7228323221206665
1788679142539128800,100.63012890625,-1.3782658576965332,-9.22433090209961,-2.0673987865448
1788679142556409000,100.6474091796875,-2.043470621109009,-9.803394317626953,-2.256431818008423
1788679142573689600,100.66468969726563,-2.280359983444214,-10.013962745666504,-2.3976082801818848
1788679142590970000,100.68197021484374,-2.218146562576294,-9.841679573059082,-2.6560330390930176
1788679142608250400,100.69925048828125,-1.6582261323928833,-9.229117393493652,-3.0269205570220947
1788679142625531000,100.71653076171874,-1.3902299404144287,-8.50169849395752,-3.3092737197875977
1788679142642811400,100.73381127929687,-1.074377417564392,-8.614161491394043,-3.610769271850586
1788679142660092000,100.751091796875,-0.4953143000602722,-9.128618240356445,-3.5222349166870117
1788679142677372200,100.7683720703125,-0.2273181527853012,-9.779465675354004,-3.2039895057678223
1788679142694652700,100.78565258789062,0.2679961323738098,-10.030712127685547,-3.146561861038208
1788679142711933200,100.80293310546875,0.5383850932121277,-10.112068176269531,-3.7160534858703613
1788679142729213400,100.82021337890625,0.3397808074951172,-10.04985523223877,-4.34536600112915
1788679142746494000,100.83749389648438,-0.380458801984787,-9.774680137634277,-4.457828521728516
1788679142763774500,100.8547744140625,-0.6604190468788147,-9.267401695251465,-3.9433717727661133
1788679142781054700,100.8720546875,-0.6340979933738708,-9.17886734008789,-3.359523057937622
1788679142798335200,100.88933520507813,-0.32542386651039124,-9.154939651489258,-3.493520975112915
1788679142815615700,100.90661572265626,0.16749759018421173,-8.944371223449707,-3.7950167655944824
1788679142832896300,100.92389624023437,0.23210379481315613,-8.846264839172363,-3.893122434616089
1788679142850176500,100.94117651367188,0.3038884699344635,-8.982656478881836,-3.7088751792907715
1788679142867457000,100.95845703125,0.11006984114646912,-9.42054271697998,-3.4719855785369873
1788679142884737500,100.97573754882812,0.02871387079358101,-9.499505996704102,-3.0867412090301514
1788679142902018000,100.99301806640625,0.11724831163883209,-9.305686950683594,-2.847458839416504
1788679142919298300,101.01029833984374,0.01196411345154047,-9.20279598236084,-3.005385160446167
1788679142936578800,101.02757885742187,-0.18424734473228455,-9.162117958068848,-3.146561861038208
1788679142953859000,101.04485913085938,-0.4139583110809326,-9.382257461547852,-3.1250264644622803
1788679142971139600,101.0621396484375,-0.48095735907554626,-9.559326171875,-3.081955671310425
1788679142988420000,101.07942016601562,-0.5838487148284912,-9.626325607299805,-3.122633457183838
1788679143005700600,101.09670068359375,-0.6843472719192505,-9.650253295898438,-3.2685956954956055
1788679143022980900,101.11398095703125,-0.6460621356964111,-9.590433120727539,-3.1034910678863525
1788679143040261400,101.13126147460937,-0.46420758962631226,-9.487542152404785,-2.7900311946868896
1788679143057542000,101.1485419921875,-0.28235307335853577,-9.34157943725586,-2.6297121047973633
1788679143074822400,101.16582250976562,-0.17228323221206665,-9.286544799804688,-2.6799614429473877
1788679143092102700,101.1831025390625,-0.007178467698395252,-9.262616157531738,-2.794816732406616
1788679143109383200,101.20038305664062,0.035892341285943985,-9.200403213500977,-2.9072794914245605
1788679143126663700,101.21766357421875,0.019142581149935722,-9.274580955505371,-3.129812002182007
1788679143143944000,101.23494384765625,-0.059820566326379776,-9.30329418182373,-3.280559778213501
1788679143161224400,101.25222436523437,-0.08135596662759781,-9.355937004089355,-3.431307554244995
1788679143178505000,101.2695048828125,-0.08614161610603333,-9.286544799804688,-3.596412420272827
1788679143195785200,101.28678515625,-0.2153540402650833,-9.245866775512695,-3.6945180892944336
1788679143213065700,101.30406567382812,-0.29431718587875366,-9.32722282409668,-3.735196113586426
1788679143230346200,101.32134619140625,-0.32542386651039124,-9.430113792419434,-3.6466617584228516
1788679143247626800,101.33862670898438,-0.32303106784820557,-9.456435203552246,-3.493520975112915
1788679143264907000,101.35590698242187,-0.34695929288864136,-9.394221305847168,-3.3308091163635254
1788679143282187500,101.3731875,-0.3732803463935852,-9.351150512695312,-3.273381471633911
1788679143299468000,101.39046801757813,-0.38285163044929504,-9.29611587524414,-3.28773832321167
1788679143316748300,101.40774829101562,-0.3852444589138031,-9.226723670959473,-3.2829527854919434
1788679143334028800,101.42502880859375,-0.4211367964744568,-9.176474571228027,-3.1896326541900635
1788679143351309300,101.44230932617188,-0.4785645306110382,-9.243474006652832,-3.067598581314087
1788679143368589800,101.45958984375,-0.5024927258491516,-9.384650230407715,-2.991028308868408
1788679143385870000,101.4768701171875,-0.5024927258491516,-9.525827407836914,-2.943171739578247
1788679143403150600,101.49415063476563,-0.4618147611618042,-9.611968994140625,-3.029313564300537
1788679143420430800,101.51143090820312,-0.5455635786056519,-9.614361763000488,-3.0580272674560547
1788679143437711400,101.52871142578125,-0.48095735907554626,-9.499505996704102,-2.9551360607147217
1788679143454992000,101.54599194335937,-0.30628129839897156,-9.509077072143555,-2.9958138465881348
1788679143472272400,101.5632724609375,-0.20099709928035736,-9.540184020996094,-3.208775281906128
1788679143489552600,101.580552734375,-0.2967100143432617,-9.422935485839844,-3.1896326541900635
1788679143506833200,101.59783325195312,-0.26560330390930176,-9.387042999267578,-3.0867412090301514
1788679143524113700,101.61511376953125,-0.12921242415905,-9.391828536987305,-3.1178479194641113
1788679143541394000,101.63239379882812,-0.17228323221206665,-9.382257461547852,-3.2470602989196777
1788679143558674400,101.64967431640625,-0.02632104977965355,-9.422935485839844,-3.2781670093536377
1788679143575955000,101.66695483398438,-0.062213387340307236,-9.387042999267578,-3.3164522647857666
1788679143593235200,101.68423510742187,-0.009571290574967861,-9.379864692687988,-3.2614171504974365
1788679143610515700,101.701515625,-0.004785645287483931,-9.485149383544922,-3.249453067779541
1788679143627796200,101.71879614257813,0.01196411345154047,-9.375079154968262,-3.2063822746276855
1788679143645076500,101.73607641601562,-0.02632104977965355,-9.284152030944824,-3.16331148147583
1788679143662357000,101.75335693359375,-0.059820566326379776,-9.332008361816406,-3.232703447341919
1788679143679637500,101.77063745117188,-0.05024927482008934,-9.293723106384277,-3.2781670093536377
1788679143696918000,101.78791796875,-0.10049854964017868,-9.336793899536133,-3.1968109607696533
1788679143714198300,101.8051982421875,-0.13160525262355804,-9.343972206115723,-3.1513473987579346
1788679143731478800,101.82247875976563,-0.1986042857170105,-9.360722541809082,-3.170490026473999
1788679143748759300,101.83975927734375,-0.31345975399017334,-9.389435768127441,-3.19441819190979
1788679143766039600,101.85703955078125,-0.38763725757598877,-9.315258979797363,-3.146561861038208
1788679143783320000,101.87432006835938,-0.5144568681716919,-9.229117393493652,-3.0005996227264404
1788679143800600600,101.8916005859375,-0.5814558863639832,-9.322437286376953,-2.8809585571289062
1788679143817881000,101.90888110351563,-0.7010970115661621,-9.501898765563965,-2.895315408706665
1788679143835161300,101.92616137695312,-0.7226324677467346,-9.671789169311523,-2.9551360607147217
1788679143852441900,101.94344189453125,-0.6963114142417908,-9.719645500183105,-2.926422119140625
1788679143869722400,101.96072241210938,-0.605384111404419,-9.509077072143555,-2.847458839416504
1788679143887003000,101.9780029296875,-0.6005984544754028,-9.372686386108398,-2.825923442840576
1788679143904283100,101.995283203125,-0.5599204897880554,-9.375079154968262,-2.895315408706665
1788679143921563600,102.01256372070313,-0.5742774605751038,-9.353543281555176,-2.9455647468566895
1788679143938844200,102.02984423828126,-0.6125625967979431,-9.415757179260254,-2.981456995010376
1788679143956124400,102.04712451171875,-0.6221339106559753,-9.446864128112793,-2.9694929122924805
1788679143973405000,102.06440502929688,-0.6436693072319031,-9.468399047851562,-2.9958138465881348
1788679143990685400,102.081685546875,-0.641276478767395,-9.42054271697998,-2.981456995010376
1788679144007965700,102.09896557617188,-0.6317051649093628,-9.41336441040039,-2.864208698272705
1788679144025246200,102.11624609375,-0.5790630578994751,-9.454042434692383,-2.833101987838745
1788679144042526700,102.13352661132812,-0.5479564070701599,-9.42054271697998,-2.799602508544922
1788679144059807000,102.15080688476563,-0.5694918036460876,-9.375079154968262,-2.7876384258270264
1788679144077087500,102.16808740234374,-0.576670229434967,-9.4061861038208,-2.7804598808288574
1788679144094368000,102.18536791992187,-0.5838487148284912,-9.41336441040039,-2.68953275680542
1788679144111648500,102.2026484375,-0.6197410821914673,-9.442078590393066,-2.641676187515259
1788679144128928800,102.2199287109375,-0.6628118753433228,-9.470791816711426,-2.7086751461029053
1788679144146209300,102.23720922851562,-0.672383189201355,-9.53061294555664,-2.68953275680542
1788679144163489800,102.25448974609375,-0.6699903607368469,-9.513862609863281,-2.7086751461029053
1788679144180770000,102.27177001953125,-0.641276478767395,-9.473184585571289,-2.6775684356689453
1788679144198050600,102.28905053710938,-0.6029912829399109,-9.430113792419434,-2.6368906497955322
1788679144215331000,102.3063310546875,-0.605384111404419,-9.439684867858887,-2.7110681533813477
1788679144232611300,102.323611328125,-0.6436693072319031,-9.482755661010742,-2.7661030292510986
1788679144249891800,102.34089184570313,-0.6508477330207825,-9.487542152404785,-2.754138946533203
1788679144267172400,102.35817236328126,-0.6436693072319031,-9.499505996704102,-2.799602508544922
1788679144284452600,102.37545263671875,-0.6317051649093628,-9.43489933013916,-2.8666014671325684
1788679144301733000,102.39273315429688,-0.6652047038078308,-9.276973724365234,-2.8929226398468018
1788679144319013600,102.410013671875,-0.672383189201355,-9.30329418182373,-2.871387243270874
1788679144336294100,102.42729418945312,-0.6269195079803467,-9.408578872680664,-2.7972097396850586
1788679144353574400,102.44457446289063,-0.5144568681716919,-9.4660062789917,-2.8283164501190186
1788679144370855000,102.46185498046874,-0.4331009089946747,-9.480362892150879,-2.9766714572906494
1788679144388135400,102.47913549804687,-0.40677985548973083,-9.456435203552246,-3.1561331748962402
1788679144405415700,102.49641577148438,-0.4259224236011505,-9.422935485839844,-3.239881753921509
1788679144422696200,102.5136962890625,-0.4546363055706024,-9.382257461547852,-3.146561861038208
1788679144439976700,102.53097680664062,-0.5288137793540955,-9.382257461547852,-3.050848960876465
1788679144457257000,102.54825708007813,-0.5910272002220154,-9.370293617248535,-3.0628130435943604
1788679144474537500,102.56553735351562,-0.6149554252624512,-9.365508079528809,-3.046063184738159
1788679144491818000,102.58281787109375,-0.6005984544754028,-9.418149948120117,-3.0628130435943604
1788679144509098200,102.60009814453124,-0.6101697683334351,-9.468399047851562,-3.091526746749878
1788679144526378800,102.61737866210937,-0.5862415432929993,-9.473184585571289,-3.067598581314087
1788679144543659300,102.6346591796875,-0.5479564070701599,-9.415757179260254,-3.0269205570220947
1788679144560939800,102.65193969726562,-0.5216353535652161,-9.387042999267578,-3.0412776470184326
1788679144578220000,102.66921997070312,-0.5000999569892883,-9.360722541809082,-3.043670415878296
1788679144595500500,102.68650048828125,-0.5168496966362,-9.389435768127441,-3.043670415878296
1788679144612780800,102.70378076171875,-0.5527420043945312,-9.42772102355957,-3.077169895172119
1788679144630061300,102.72106127929688,-0.5742774605751038,-9.432506561279297,-3.10109806060791
1788679144647341800,102.738341796875,-0.6101697683334351,-9.384650230407715,-3.0269205570220947
1788679144664622000,102.7556220703125,-0.5742774605751038,-9.391828536987305,-2.9479575157165527
1788679144681902600,102.77290258789063,-0.5527420043945312,-9.382257461547852,-2.8977081775665283
1788679144699183000,102.79018310546876,-0.5072783827781677,-9.382257461547852,-2.967100143432617
1788679144716463600,102.80746362304687,-0.519242525100708,-9.391828536987305,-2.943171739578247
1788679144733743900,102.82474389648438,-0.5479564070701599,-9.42054271697998,-3.014956474304199
1788679144751024400,102.8420244140625,-0.5527420043945312,-9.425328254699707,-3.0484559535980225
1788679144768305000,102.85930493164062,-0.550349235534668,-9.403793334960938,-3.022135019302368
1788679144785585200,102.87658520507813,-0.5335994362831116,-9.410971641540527,-3.0484559535980225
1788679144802865700,102.89386572265624,-0.5120640397071838,-9.375079154968262,-3.1202406883239746
1788679144820146200,102.91114624023437,-0.5072783827781677,-9.367900848388672,-3.1250264644622803
1788679144837426400,102.92842651367188,-0.519242525100708,-9.415757179260254,-3.098705291748047
1788679144854707000,102.94570703125,-0.519242525100708,-9.415757179260254,-3.0484559535980225
1788679144871987500,102.96298754882812,-0.48813581466674805,-9.442078590393066,-3.043670415878296
1788679144889267700,102.98026782226563,-0.4666004180908203,-9.473184585571289,-3.105883836746216
1788679144906548200,102.99754833984375,-0.4450650215148926,-9.391828536987305,-3.0556344985961914
1788679144923828700,103.01482885742188,-0.4211367964744568,-9.351150512695312,-2.981456995010376
1788679144941109200,103.03210913085937,-0.40677985548973083,-9.387042999267578,-2.998206853866577
1788679144958389500,103.04938940429687,-0.43549370765686035,-9.403793334960938,-2.9958138465881348
1788679144975670000,103.066669921875,-0.45224347710609436,-9.45164966583252,-3.0173492431640625
1788679144992950500,103.08395043945312,-0.4139583110809326,-9.485149383544922,-3.0795626640319824
1788679145010230800,103.10123071289063,-0.42352959513664246,-9.401400566101074,-3.053241729736328
1788679145027511300,103.11851123046876,-0.41156548261642456,-9.389435768127441,-2.9599215984344482
1788679145044791600,103.13579150390625,-0.363709032535553,-9.418149948120117,-2.9144580364227295
1788679145062072000,103.15307202148438,-0.3684946894645691,-9.430113792419434,-2.9623143672943115
1788679145079352600,103.1703525390625,-0.38285163044929504,-9.377471923828125,-2.9934210777282715
1788679145096633000,103.18763305664062,-0.35892340540885925,-9.308079719543457,-3.0173492431640625
1788679145113913300,103.20491333007813,-0.34695929288864136,-9.370293617248535,-3.0867412090301514
1788679145131193900,103.22219384765626,-0.39481574296951294,-9.42772102355957,-3.105883836746216
1788679145148474400,103.23947436523437,-0.3900300860404968,-9.44447135925293,-3.201596736907959
1788679145165754600,103.25675463867188,-0.40677985548973083,-9.377471923828125,-3.2231321334838867
1788679145183035100,103.27403515625,-0.3397808074951172,-9.360722541809082,-3.2039895057678223
1788679145200315600,103.29131567382812,-0.25363919138908386,-9.43489933013916,-3.22552490234375
1788679145217596000,103.30859594726563,-0.28953152894973755,-9.396614074707031,-3.2757742404937744
1788679145234876400,103.32587646484374,-0.28235307335853577,-9.396614074707031,-3.2446675300598145
1788679145252157000,103.34315698242187,-0.20578274130821228,-9.391828536987305,-3.1345977783203125
1788679145269437200,103.36043725585938,-0.13878370821475983,-9.363115310668945,-3.115455150604248
1788679145286717700,103.3777177734375,-0.13878370821475983,-9.34157943725586,-3.13220477104187
1788679145303998200,103.39499829101563,-0.07896314561367035,-9.365508079528809,-3.242274761199951
1788679145321278500,103.41227856445313,-0.05024927482008934,-9.332008361816406,-3.345165967941284
1788679145338559000,103.42955908203125,-0.12203395366668701,-9.286544799804688,-3.328416347503662
1788679145355839500,103.44683959960938,-0.20817556977272034,-9.305686950683594,-3.2590243816375732
1788679145373120000,103.4641201171875,-0.31824541091918945,-9.365508079528809,-3.170490026473999
1788679145390400300,103.48140014648438,-0.4331009089946747,-9.358329772949219,-2.9862427711486816
1788679145407680800,103.4986806640625,-0.4977070987224579,-9.42054271697998,-2.8043880462646484
1788679145424961000,103.5159609375,-0.5359922647476196,-9.482755661010742,-2.6967110633850098
1788679145442241500,103.53324145507813,-0.5886343717575073,-9.528220176696777,-2.6943182945251465
1788679145459522000,103.55052197265626,-0.6675975322723389,-9.540184020996094,-2.68953275680542
1788679145476802600,103.56780249023437,-0.7345965504646301,-9.475577354431152,-2.5986053943634033
1788679145494082800,103.58508276367188,-0.7417750358581543,-9.516255378723145,-2.510071039199829
1788679145511363300,103.60236328125,-0.6460621356964111,-9.540184020996094,-2.5770699977874756
1788679145528643800,103.61964379882812,-0.5383850932121277,-9.501898765563965,-2.7326035499572754
1788679145545924000,103.63692407226563,-0.42831525206565857,-9.468399047851562,-2.9168508052825928
1788679145563204600,103.65420458984374,-0.3206382393836975,-9.41336441040039,-3.053241729736328
1788679145580484900,103.67148486328125,-0.275174617767334,-9.410971641540527,-3.13220477104187
1788679145597765400,103.68876538085938,-0.23449662327766418,-9.379864692687988,-3.16331148147583
1788679145615046000,103.7060458984375,-0.22492532432079315,-9.389435768127441,-3.1728827953338623
1788679145632326100,103.723326171875,-0.19621145725250244,-9.4061861038208,-3.218346357345581
1788679145649606700,103.74060668945313,-0.13160525262355804,-9.41336441040039,-3.273381471633911
1788679145666887200,103.75788720703125,-0.12921242415905,-9.363115310668945,-3.3020951747894287
1788679145684167700,103.77516772460937,-0.11964113265275955,-9.367900848388672,-3.3020951747894287
1788679145701448000,103.79244799804688,-0.14117653667926788,-9.432506561279297,-3.2518460750579834
1788679145718728400,103.809728515625,-0.13639089465141296,-9.439684867858887,-3.249453067779541
1788679145736009000,103.82700903320313,-0.15553347766399384,-9.360722541809082,-3.1441688537597656
1788679145753289200,103.84428930664062,-0.08135596662759781,-9.358329772949219,-3.1585259437561035
1788679145770569700,103.86156982421875,-0.10289137065410614,-9.363115310668945,-3.184846878051758
1788679145787850200,103.87885034179688,-0.12921242415905,-9.355937004089355,-3.2039895057678223
1788679145805130500,103.89613061523437,-0.19381862878799438,-9.401400566101074,-3.1728827953338623
1788679145822411000,103.91341088867188,-0.20578274130821228,-9.367900848388672,-3.067598581314087
1788679145839691500,103.93069140625,-0.22971096634864807,-9.346364974975586,-2.9527430534362793
1788679145856971800,103.9479716796875,-0.25363919138908386,-9.42772102355957,-2.9479575157165527
1788679145874252300,103.96525219726563,-0.29431718587875366,-9.489934921264648,-2.9718856811523438
1788679145891532800,103.98253271484376,-0.3565305769443512,-9.487542152404785,-2.950350284576416
1788679145908813000,103.99981298828125,-0.35413774847984314,-9.470791816711426,-2.9623143672943115
1788679145926093600,104.01709350585938,-0.3756731450557709,-9.422935485839844,-2.9383862018585205
1788679145943374000,104.0343740234375,-0.4043870270252228,-9.387042999267578,-2.9383862018585205
1788679145960654600,104.05165454101562,-0.4307080805301666,-9.389435768127441,-2.9288148880004883
1788679145977934800,104.06893481445313,-0.41874396800994873,-9.418149948120117,-2.950350284576416
1788679145995215400,104.08621533203124,-0.39960137009620667,-9.42772102355957,-2.9862427711486816
1788679146012495600,104.10349560546875,-0.3684946894645691,-9.42054271697998,-3.005385160446167
1788679146029776100,104.12077612304688,-0.32303106784820557,-9.410971641540527,-3.019742250442505
1788679146047056600,104.138056640625,-0.30149564146995544,-9.41336441040039,-3.0723843574523926
1788679146064337000,104.1553369140625,-0.26081767678260803,-9.442078590393066,-3.139383316040039
1788679146081617400,104.17261743164063,-0.29431718587875366,-9.437292098999023,-3.201596736907959
1788679146098898000,104.18989794921875,-0.26560330390930176,-9.42054271697998,-3.1896326541900635
1788679146116178400,104.20717846679688,-0.2679961323738098,-9.399007797241211,-3.108276605606079
1788679146133458700,104.22445874023437,-0.2871387302875519,-9.377471923828125,-3.0580272674560547
1788679146150739200,104.2417392578125,-0.32542386651039124,-9.403793334960938,-2.981456995010376
1788679146168019500,104.25901953125,-0.33020952343940735,-9.408578872680664,-2.957528829574585
1788679146185300000,104.27630004882812,-0.3613162338733673,-9.415757179260254,-2.9479575157165527
1788679146202580500,104.29358056640625,-0.34695929288864136,-9.415757179260254,-2.943171739578247
1788679146219860700,104.31086083984376,-0.3852444589138031,-9.396614074707031,-2.919243574142456
1788679146237141200,104.32814135742187,-0.3900300860404968,-9.425328254699707,-2.9048867225646973
1788679146254421800,104.345421875,-0.4785645306110382,-9.363115310668945,-2.9479575157165527
1788679146271702000,104.36270190429687,-0.4570291340351105,-9.439684867858887,-3.0005996227264404
1788679146288982500,104.379982421875,-0.4666004180908203,-9.44447135925293,-3.0029923915863037
1788679146306263000,104.39726293945313,-0.4570291340351105,-9.442078590393066,-2.9599215984344482
1788679146323543600,104.41454345703124,-0.4570291340351105,-9.4660062789917,-2.9048867225646973
1788679146340823800,104.43182373046875,-0.4618147611618042,-9.45164966583252,-2.9048867225646973
1788679146358104300,104.44910424804688,-0.47617170214653015,-9.43489933013916,-2.919243574142456
1788679146375384600,104.46638452148437,-0.45942193269729614,-9.449256896972656,-2.9048867225646973
1788679146392665000,104.4836650390625,-0.4426721930503845,-9.489934921264648,-2.9216363430023193
1788679146409945600,104.50094555664063,-0.44745782017707825,-9.468399047851562,-2.9168508052825928
1788679146427225900,104.51822583007812,-0.4426721930503845,-9.437292098999023,-2.857030153274536
1788679146444506400,104.53550634765625,-0.4091726839542389,-9.432506561279297,-2.806781053543091
1788679146461787000,104.55278686523438,-0.39481574296951294,-9.437292098999023,-2.799602508544922
1788679146479067100,104.57006713867187,-0.41874396800994873,-9.43489933013916,-2.830709218978882
1788679146496347600,104.58734765625,-0.4450650215148926,-9.42054271697998,-2.8426733016967773
1788679146513628200,104.60462817382812,-0.49292147159576416,-9.399007797241211,-2.775674343109131
1788679146530908400,104.62190844726562,-0.519242525100708,-9.410971641540527,-2.699103832244873
1788679146548189000,104.63918896484375,-0.550349235534668,-9.449256896972656,-2.6847469806671143
1788679146565469400,104.65646948242187,-0.6005984544754028,-9.482755661010742,-2.713460922241211
1788679146582749700,104.67374975585938,-0.5718846321105957,-9.528220176696777,-2.7732813358306885
1788679146600030200,104.6910302734375,-0.5431707501411438,-9.461220741271973,-2.792423963546753
1788679146617310700,104.70831079101562,-0.5383850932121277,-9.446864128112793,-2.775674343109131
1788679146634591000,104.72559106445313,-0.5838487148284912,-9.501898765563965,-2.792423963546753
1788679146651871500,104.74287158203126,-0.6029912829399109,-9.561718940734863,-2.837887763977051
1788679146669152000,104.76015209960937,-0.5886343717575073,-9.494720458984375,-2.7876384258270264
1788679146686432300,104.77743237304688,-0.5551348328590393,-9.437292098999023,-2.6943182945251465
1788679146703712800,104.79471264648437,-0.5647061467170715,-9.430113792419434,-2.68953275680542
1788679146720993300,104.8119931640625,-0.4713860750198364,-9.54496955871582,-2.7326035499572754
1788679146738273500,104.8292734375,-0.47617170214653015,-9.513862609863281,-2.823530673980713
1788679146755554000,104.84655395507812,-0.41874396800994873,-9.422935485839844,-2.8689942359924316
1788679146772834600,104.86383447265625,-0.4211367964744568,-9.353543281555176,-2.9048867225646973
1788679146790114800,104.88111474609374,-0.349352091550827,-9.415757179260254,-2.9623143672943115
1788679146807395300,104.89839526367187,-0.2967100143432617,-9.403793334960938,-3.0939197540283203
1788679146824675800,104.91567578125,-0.2679961323738098,-9.34875774383545,-3.098705291748047
1788679146841956400,104.93295629882813,-0.2632105052471161,-9.34157943725586,-3.046063184738159
1788679146859236600,104.95023657226562,-0.2727817893028259,-9.353543281555176,-3.0340991020202637
1788679146876517000,104.96751708984375,-0.3086741268634796,-9.389435768127441,-3.029313564300537
1788679146893797400,104.98479736328125,-0.36610186100006104,-9.437292098999023,-3.014956474304199
1788679146911078000,105.00207788085937,-0.43549370765686035,-9.482755661010742,-3.0388846397399902
1788679146928358400,105.0193583984375,-0.4737788736820221,-9.487542152404785,-3.0269205570220947
1788679146945638700,105.036638671875,-0.48813581466674805,-9.470791816711426,-2.933600664138794
1788679146962919200,105.05391918945313,-0.47617170214653015,-9.492327690124512,-2.857030153274536
1788679146980199700,105.07119970703125,-0.45224347710609436,-9.475577354431152,-2.8666014671325684
1788679146997480000,105.08847998046875,-0.4498506486415863,-9.410971641540527,-2.8833513259887695
1788679147014760400,105.10576049804688,-0.41874396800994873,-9.396614074707031,-2.840280532836914
1788679147032041000,105.123041015625,-0.3756731450557709,-9.463613510131836,-2.8594231605529785
1788679147049321200,105.1403212890625,-0.34217363595962524,-9.454042434692383,-2.8498518466949463
1788679147066601700,105.15760180664063,-0.3732803463935852,-9.473184585571289,-2.957528829574585
1788679147083882200,105.17488232421876,-0.363709032535553,-9.461220741271973,-3.0005996227264404
1788679147101162500,105.19216259765625,-0.3565305769443512,-9.463613510131836,-3.0005996227264404
1788679147118443000,105.20944311523438,-0.34695929288864136,-9.449256896972656,-3.0388846397399902
1788679147135723500,105.2267236328125,-0.349352091550827,-9.44447135925293,-3.108276605606079
1788679147153003800,105.24400366210938,-0.3158525824546814,-9.442078590393066,-3.084348440170288
1788679147170284300,105.2612841796875,-0.2847459018230438,-9.42772102355957,-3.0340991020202637
1788679147187564800,105.27856469726562,-0.2560320198535919,-9.439684867858887,-3.050848960876465
1788679147204845300,105.29584521484375,-0.22971096634864807,-9.382257461547852,-3.014956474304199
1788679147222125600,105.31312548828124,-0.2273181527853012,-9.410971641540527,-3.0388846397399902
1788679147239406000,105.33040600585937,-0.22492532432079315,-9.456435203552246,-3.0628130435943604
1788679147256686300,105.34768627929688,-0.24167509377002716,-9.415757179260254,-3.012563705444336
1788679147273966800,105.364966796875,-0.3326023519039154,-9.401400566101074,-3.022135019302368
1788679147291247400,105.38224731445312,-0.2919243574142456,-9.446864128112793,-2.9862427711486816
1788679147308527600,105.39952758789063,-0.33020952343940735,-9.422935485839844,-2.974278450012207
1788679147325808000,105.41680810546875,-0.3445664644241333,-9.446864128112793,-2.8929226398468018
1788679147343088600,105.43408862304688,-0.3565305769443512,-9.454042434692383,-2.823530673980713
1788679147360369000,105.45136889648437,-0.36610186100006104,-9.446864128112793,-2.806781053543091
1788679147377649400,105.4686494140625,-0.3684946894645691,-9.473184585571289,-2.8139593601226807
1788679147394930000,105.48592993164063,-0.3684946894645691,-9.499505996704102,-2.833101987838745
1788679147412210200,105.50321020507812,-0.3852444589138031,-9.489934921264648,-2.8426733016967773
1788679147429490700,105.52049072265625,-0.3900300860404968,-9.477970123291016,-2.8689942359924316
1788679147446771200,105.53777124023438,-0.363709032535553,-9.442078590393066,-2.8809585571289062
1788679147464051500,105.55505151367187,-0.35413774847984314,-9.42772102355957,-2.919243574142456
1788679147481332000,105.57233203125,-0.33499518036842346,-9.408578872680664,-2.9216363430023193
1788679147498612500,105.58961254882813,-0.3445664644241333,-9.41336441040039,-2.8809585571289062
1788679147515892700,105.60689282226562,-0.3756731450557709,-9.422935485839844,-2.8737800121307373
1788679147533173200,105.62417333984375,-0.39960137009620667,-9.432506561279297,-2.8426733016967773
1788679147550453800,105.64145385742188,-0.42352959513664246,-9.437292098999023,-2.799602508544922
1788679147567734000,105.65873413085937,-0.43549370765686035,-9.45164966583252,-2.785245656967163
1788679147585014500,105.6760146484375,-0.4737788736820221,-9.468399047851562,-2.778067111968994
1788679147602295000,105.693294921875,-0.49292147159576416,-9.494720458984375,-2.761317253112793
1788679147619575300,105.7105751953125,-0.48813581466674805,-9.513862609863281,-2.737389087677002
1788679147636855800,105.72785571289063,-0.5144568681716919,-9.54496955871582,-2.7589244842529297
1788679147654136300,105.74513623046874,-0.4713860750198364,-9.525827407836914,-2.785245656967163
1788679147671416600,105.76241650390625,-0.4498506486415863,-9.475577354431152,-2.792423963546753
1788679147688697000,105.77969702148438,-0.42831525206565857,-9.430113792419434,-2.825923442840576
1788679147705977600,105.7969775390625,-0.4043870270252228,-9.45164966583252,-2.885744094848633
1788679147723257900,105.8142578125,-0.3613162338733673,-9.44447135925293,-2.9694929122924805
1788679147740538400,105.83153833007813,-0.349352091550827,-9.439684867858887,-2.998206853866577
1788679147757818600,105.84881860351562,-0.2967100143432617,-9.42054271697998,-3.0269205570220947
1788679147775099100,105.86609912109375,-0.29431718587875366,-9.375079154968262,-3.053241729736328
1788679147792379600,105.88337963867187,-0.31106695532798767,-9.363115310668945,-3.0628130435943604
1788679147809660200,105.90066015625,-0.28953152894973755,-9.403793334960938,-3.081955671310425
1788679147826940400,105.9179404296875,-0.3086741268634796,-9.396614074707031,-3.0245277881622314
1788679147844221000,105.93522094726562,-0.35892340540885925,-9.401400566101074,-2.967100143432617
1788679147861501400,105.95250146484375,-0.4163511395454407,-9.430113792419434,-2.940778970718384
1788679147878781700,105.96978173828126,-0.4450650215148926,-9.497113227844238,-2.9144580364227295
1788679147896062200,105.98706225585937,-0.4833501875400543,-9.45164966583252,-2.840280532836914
1788679147913342700,106.0043427734375,-0.5216353535652161,-9.456435203552246,-2.799602508544922
1788679147930623000,106.021623046875,-0.5647061467170715,-9.492327690124512,-2.775674343109131
1788679147947903500,106.03890356445312,-0.550349235534668,-9.482755661010742,-2.7278177738189697
1788679147965183700,106.05618383789063,-0.5335994362831116,-9.499505996704102,-2.7349963188171387
1788679147982464300,106.07346435546874,-0.5383850932121277,-9.492327690124512,-2.7182464599609375
1788679147999744800,106.09074487304687,-0.5000999569892883,-9.473184585571289,-2.761317253112793
1788679148017025300,106.108025390625,-0.48095735907554626,-9.449256896972656,-2.770888566970825
1788679148034305500,106.12530541992187,-0.4378865361213684,-9.430113792419434,-2.7828526496887207
1788679148051586000,106.1425859375,-0.4307080805301666,-9.418149948120117,-2.825923442840576
1788679148068866600,106.15986645507813,-0.4570291340351105,-9.422935485839844,-2.8426733016967773
1788679148086146800,106.17714672851562,-0.4666004180908203,-9.456435203552246,-2.8761727809906006
1788679148103427300,106.19442724609375,-0.45224347710609436,-9.492327690124512,-2.926422119140625
1788679148120707600,106.21170751953125,-0.397208571434021,-9.473184585571289,-2.967100143432617
1788679148137988000,106.22898803710937,-0.3732803463935852,-9.456435203552246,-2.9551360607147217
1788679148155268600,106.2462685546875,-0.34217363595962524,-9.442078590393066,-2.9240293502807617
1788679148172548900,106.263548828125,-0.3565305769443512,-9.422935485839844,-2.9359934329986572
1788679148189829400,106.28082934570313,-0.38285163044929504,-9.430113792419434,-2.940778970718384
1788679148207110000,106.29810986328125,-0.36610186100006104,-9.439684867858887,-2.9479575157165527
1788679148224390100,106.31539013671875,-0.38285163044929504,-9.463613510131836,-2.9551360607147217
1788679148241670700,106.33267065429688,-0.3397808074951172,-9.477970123291016,-2.919243574142456
1788679148258951200,106.349951171875,-0.380458801984787,-9.418149948120117,-2.940778970718384
1788679148276231400,106.3672314453125,-0.3517449200153351,-9.43489933013916,-2.943171739578247
1788679148293512000,106.38451196289063,-0.3397808074951172,-9.463613510131836,-2.964707374572754
1788679148310792400,106.40179248046876,-0.3732803463935852,-9.437292098999023,-2.9216363430023193
1788679148328072700,106.41907275390625,-0.4043870270252228,-9.422935485839844,-2.8905298709869385
1788679148345353200,106.43635327148438,-0.4307080805301666,-9.44447135925293,-2.895315408706665
1788679148362633700,106.4536337890625,-0.45224347710609436,-9.489934921264648,-2.8522446155548096
1788679148379914000,106.4709140625,-0.43549370765686035,-9.487542152404785,-2.8115665912628174
1788679148397194500,106.48819458007813,-0.4043870270252228,-9.480362892150879,-2.823530673980713
1788679148414475000,106.50547509765624,-0.3445664644241333,-9.4660062789917,-2.8450660705566406
1788679148431755300,106.52275537109375,-0.33020952343940735,-9.480362892150879,-2.888136863708496
1788679148449035800,106.54003588867188,-0.33020952343940735,-9.430113792419434,-2.9144580364227295
1788679148466316000,106.55731591796875,-0.32542386651039124,-9.408578872680664,-2.9359934329986572
1788679148483596500,106.57459643554688,-0.34695929288864136,-9.442078590393066,-2.9623143672943115
1788679148500877000,106.591876953125,-0.32542386651039124,-9.437292098999023,-2.9551360607147217
1788679148518157600,106.60915747070312,-0.31106695532798767,-9.446864128112793,-2.909672260284424
1788679148535437800,106.62643774414063,-0.2967100143432617,-9.437292098999023,-2.871387243270874
1788679148552718300,106.64371826171875,-0.33020952343940735,-9.44447135925293,-2.857030153274536
1788679148569998800,106.66099877929688,-0.3517449200153351,-9.449256896972656,-2.8594231605529785
1788679148587279000,106.67827905273438,-0.3613162338733673,-9.45164966583252,-2.8666014671325684
1788679148604559600,106.6955595703125,-0.363709032535553,-9.45882797241211,-2.861815929412842
1788679148621840000,106.71283984375,-0.38285163044929504,-9.470791816711426,-2.854637384414673
1788679148639120400,106.73012036132812,-0.3684946894645691,-9.468399047851562,-2.8594231605529785
1788679148656401000,106.74740087890625,-0.38285163044929504,-9.45882797241211,-2.847458839416504
1788679148673681200,106.76468115234375,-0.3924229145050049,-9.45882797241211,-2.847458839416504
1788679148690961700,106.78196166992187,-0.42352959513664246,-9.470791816711426,-2.8522446155548096
1788679148708242200,106.7992421875,-0.3924229145050049,-9.477970123291016,-2.8761727809906006
1788679148725522700,106.81652270507813,-0.3517449200153351,-9.45164966583252,-2.847458839416504
1788679148742803000,106.83380297851562,-0.3397808074951172,-9.401400566101074,-2.9001009464263916
1788679148760083500,106.85108349609375,-0.37088751792907715,-9.422935485839844,-2.9288148880004883
1788679148777364000,106.86836401367188,-0.3732803463935852,-9.45164966583252,-2.964707374572754
1788679148794644200,106.88564428710937,-0.37806597352027893,-9.4660062789917,-2.912065267562866
1788679148811924700,106.9029248046875,-0.37088751792907715,-9.45164966583252,-2.885744094848633
1788679148829205000,106.920205078125,-0.37088751792907715,-9.425328254699707,-2.888136863708496
1788679148846485500,106.93748559570312,-0.36610186100006104,-9.44447135925293,-2.9072794914245605
1788679148863766000,106.95476611328125,-0.38285163044929504,-9.494720458984375,-2.9144580364227295
1788679148881046300,106.97204638671874,-0.37806597352027893,-9.4660062789917,-2.895315408706665
1788679148898326800,106.98932690429687,-0.37806597352027893,-9.45882797241211,-2.9072794914245605
1788679148915607300,107.00660717773438,-0.37806597352027893,-9.45164966583252,-2.940778970718384
1788679148932887600,107.02388745117187,-0.3924229145050049,-9.442078590393066,-2.9216363430023193
1788679148950168000,107.04116796875,-0.3852444589138031,-9.449256896972656,-2.8426733016967773
1788679148967448300,107.0584482421875,-0.36610186100006104,-9.42772102355957,-2.778067111968994
1788679148984728800,107.07572875976562,-0.3732803463935852,-9.42772102355957,-2.8139593601226807
1788679149002009300,107.09300927734375,-0.37088751792907715,-9.456435203552246,-2.857030153274536
1788679149019289900,107.11028979492187,-0.38763725757598877,-9.456435203552246,-2.823530673980713
1788679149036570000,107.12757006835938,-0.4043870270252228,-9.487542152404785,-2.816352367401123
1788679149053850600,107.1448505859375,-0.4259224236011505,-9.487542152404785,-2.8211379051208496
1788679149071131100,107.16213110351562,-0.46420758962631226,-9.449256896972656,-2.801995277404785
1788679149088411400,107.17941137695313,-0.45942193269729614,-9.437292098999023,-2.806781053543091
1788679149105692000,107.19669189453126,-0.42352959513664246,-9.456435203552246,-2.823530673980713
1788679149122972200,107.21397216796875,-0.38285163044929504,-9.480362892150879,-2.857030153274536
1788679149140252700,107.23125268554688,-0.36610186100006104,-9.454042434692383,-2.912065267562866
1788679149157533200,107.248533203125,-0.40677985548973083,-9.454042434692383,-2.926422119140625
1788679149174813400,107.2658134765625,-0.4043870270252228,-9.396614074707031,-2.902493953704834
1788679149192094000,107.28309399414063,-0.4091726839542389,-9.382257461547852,-2.8689942359924316
1788679149209374500,107.30037451171874,-0.48574298620224,-9.463613510131836,-2.8905298709869385
1788679149226654700,107.31765478515625,-0.49292147159576416,-9.56650447845459,-2.912065267562866
1788679149243935200,107.33493530273438,-0.5264210104942322,-9.621540069580078,-2.9527430534362793
1788679149261215500,107.35221557617187,-0.44027936458587646,-9.559326171875,-2.991028308868408
1788679149278496000,107.36949609375,-0.39960137009620667,-9.501898765563965,-2.8905298709869385
1788679149295776500,107.38677661132813,-0.3732803463935852,-9.422935485839844,-2.830709218978882
1788679149313057000,107.40405712890625,-0.3158525824546814,-9.382257461547852,-2.9144580364227295
1788679149330337300,107.42133715820313,-0.2632105052471161,-9.394221305847168,-3.0101709365844727
1788679149347617800,107.43861767578124,-0.22013968229293823,-9.387042999267578,-3.06999135017395
1788679149364898300,107.45589819335937,-0.1986042857170105,-9.389435768127441,-3.0412776470184326
1788679149382178600,107.47317846679688,-0.17706887423992157,-9.399007797241211,-3.0245277881622314
1788679149399459000,107.490458984375,-0.1818545162677765,-9.403793334960938,-2.9838497638702393
1788679149416739600,107.50773950195313,-0.17228323221206665,-9.363115310668945,-2.9599215984344482
1788679149434019800,107.52501977539063,-0.1818545162677765,-9.384650230407715,-2.998206853866577
1788679149451300400,107.54230029296875,-0.21296121180057526,-9.418149948120117,-2.981456995010376
1788679149468580600,107.55958056640625,-0.2560320198535919,-9.477970123291016,-2.9455647468566895
1788679149485861000,107.57686108398437,-0.2967100143432617,-9.437292098999023,-2.9001009464263916
1788679149503141600,107.5941416015625,-0.3756731450557709,-9.408578872680664,-2.840280532836914
1788679149520422000,107.611421875,-0.38763725757598877,-9.461220741271973,-2.806781053543091
1788679149537702400,107.62870239257812,-0.42831525206565857,-9.501898765563965,-2.7637102603912354
1788679149554983000,107.64598291015625,-0.45942193269729614,-9.533005714416504,-2.7900311946868896
1788679149572263200,107.66326318359376,-0.4378865361213684,-9.528220176696777,-2.8283164501190186
1788679149589543700,107.68054370117187,-0.38285163044929504,-9.506684303283691,-2.8187451362609863
1788679149606824000,107.69782397460938,-0.34695929288864136,-9.489934921264648,-2.833101987838745
1788679149624104400,107.7151044921875,-0.31824541091918945,-9.446864128112793,-2.8498518466949463
1788679149641385000,107.73238500976562,-0.2967100143432617,-9.415757179260254,-2.885744094848633
1788679149658665200,107.74966528320313,-0.27756741642951965,-9.394221305847168,-2.919243574142456
1788679149675945700,107.76694580078124,-0.26081767678260803,-9.42772102355957,-2.888136863708496
1788679149693226200,107.78422631835937,-0.3086741268634796,-9.41336441040039,-2.9144580364227295
1788679149710506800,107.8015068359375,-0.29431718587875366,-9.449256896972656,-2.9790642261505127
1788679149727787000,107.818787109375,-0.27038896083831787,-9.482755661010742,-3.0077781677246094
1788679149745067500,107.83606762695312,-0.275174617767334,-9.480362892150879,-2.964707374572754
1788679149762348000,107.85334814453125,-0.24885354936122894,-9.439684867858887,-2.895315408706665
1788679149779628300,107.87062817382812,-0.2799602448940277,-9.41336441040039,-2.885744094848633
1788679149796908800,107.88790869140625,-0.3086741268634796,-9.41336441040039,-2.871387243270874
1788679149814189000,107.90518896484375,-0.349352091550827,-9.45882797241211,-2.816352367401123
1788679149831469600,107.92246948242187,-0.3732803463935852,-9.487542152404785,-2.7876384258270264
1788679149848750000,107.93975,-0.39481574296951294,-9.480362892150879,-2.7828526496887207
1788679149866030300,107.9570302734375,-0.39481574296951294,-9.449256896972656,-2.7565317153930664
1788679149883310800,107.97431079101563,-0.40677985548973083,-9.489934921264648,-2.8187451362609863
1788679149900591400,107.99159130859375,-0.37088751792907715,-9.55214786529541,-2.9455647468566895
1788679149917871600,108.00887158203125,-0.3038884699344635,-9.547362327575684,-3.0269205570220947
1788679149935152000,108.02615209960938,-0.2560320198535919,-9.516255378723145,-3.0795626640319824
1788679149952432600,108.0434326171875,-0.2273181527853012,-9.42054271697998,-3.005385160446167
1788679149969713000,108.060712890625,-0.22492532432079315,-9.360722541809082,-2.885744094848633
1788679149986993400,108.07799340820313,-0.2991028428077698,-9.353543281555176,-2.8043880462646484
1788679150004274000,108.09527392578126,-0.3445664644241333,-9.437292098999023,-2.7182464599609375
1788679150021554200,108.11255419921875,-0.3565305769443512,-9.456435203552246,-2.6632115840911865
1788679150038834700,108.12983471679688,-0.397208571434021,-9.408578872680664,-2.675175666809082
1788679150056115200,108.147115234375,-0.4666004180908203,-9.4061861038208,-2.691925525665283
1788679150073395500,108.1643955078125,-0.519242525100708,-9.4660062789917,-2.706282377243042
1788679150090676000,108.18167602539063,-0.5718846321105957,-9.523433685302734,-2.7517459392547607
1788679150107956200,108.19895629882812,-0.5599204897880554,-9.542576789855957,-2.8115665912628174
1788679150125236700,108.21623681640625,-0.5312066078186035,-9.494720458984375,-2.878565549850464
1788679150142517200,108.23351733398438,-0.5144568681716919,-9.489934921264648,-2.926422119140625
1788679150159797500,108.25079760742187,-0.49292147159576416,-9.446864128112793,-2.8905298709869385
1788679150177078000,108.268078125,-0.49292147159576416,-9.45882797241211,-2.8809585571289062
1788679150194358500,108.28535864257813,-0.4737788736820221,-9.4660062789917,-2.8929226398468018
1788679150211638800,108.302638671875,-0.41874396800994873,-9.446864128112793,-2.9216363430023193
1788679150228919300,108.31991918945313,-0.4091726839542389,-9.408578872680664,-2.902493953704834
1788679150246199600,108.33719946289062,-0.4163511395454407,-9.461220741271973,-2.833101987838745
1788679150263480000,108.35447998046875,-0.37088751792907715,-9.511469841003418,-2.8354947566986084
1788679150280760600,108.37176049804688,-0.39481574296951294,-9.487542152404785,-2.888136863708496
1788679150298040800,108.38904077148437,-0.3684946894645691,-9.454042434692383,-2.919243574142456
1788679150315321300,108.4063212890625,-0.3732803463935852,-9.425328254699707,-2.885744094848633
1788679150332601900,108.42360180664062,-0.37088751792907715,-9.432506561279297,-2.840280532836914
1788679150349882400,108.44088232421875,-0.3565305769443512,-9.456435203552246,-2.8426733016967773
1788679150367162600,108.45816259765625,-0.349352091550827,-9.477970123291016,-2.885744094848633
1788679150384443100,108.47544311523437,-0.35413774847984314,-9.485149383544922,-2.8761727809906006
1788679150401723600,108.4927236328125,-0.363709032535553,-9.439684867858887,-2.8115665912628174
1788679150419004000,108.51000390625,-0.3613162338733673,-9.442078590393066,-2.7732813358306885
1788679150436284400,108.52728442382812,-0.34695929288864136,-9.523433685302734,-2.778067111968994
1788679150453564700,108.54456469726563,-0.3206382393836975,-9.549755096435547,-2.8426733016967773
1788679150470845200,108.56184521484376,-0.2967100143432617,-9.497113227844238,-2.857030153274536
1788679150488125700,108.57912573242187,-0.30149564146995544,-9.454042434692383,-2.837887763977051
1788679150505406000,108.59640600585938,-0.33499518036842346,-9.42054271697998,-2.8354947566986084
1788679150522686500,108.6136865234375,-0.3278166949748993,-9.377471923828125,-2.7900311946868896
1788679150539967000,108.63096704101562,-0.30628129839897156,-9.403793334960938,-2.7589244842529297
1788679150557247200,108.64824731445313,-0.2871387302875519,-9.454042434692383,-2.816352367401123
1788679150574527700,108.66552783203124,-0.31345975399017334,-9.497113227844238,-2.871387243270874
1788679150591808000,108.68280810546875,-0.32542386651039124,-9.516255378723145,-2.878565549850464
1788679150609088500,108.70008862304688,-0.37806597352027893,-9.53061294555664,-2.888136863708496
1788679150626369000,108.717369140625,-0.4139583110809326,-9.511469841003418,-2.895315408706665
1788679150643649300,108.73464916992188,-0.41156548261642456,-9.499505996704102,-2.964707374572754
1788679150660929800,108.7519296875,-0.33499518036842346,-9.468399047851562,-2.9766714572906494
1788679150678210300,108.76921020507812,-0.3038884699344635,-9.45882797241211,-3.005385160446167
1788679150695490600,108.78649047851563,-0.2847459018230438,-9.44447135925293,-2.9551360607147217
1788679150712771000,108.80377099609375,-0.30149564146995544,-9.42054271697998,-2.8522446155548096
1788679150730051300,108.82105126953125,-0.2847459018230438,-9.439684867858887,-2.840280532836914
1788679150747331800,108.83833178710937,-0.33499518036842346,-9.408578872680664,-2.8498518466949463
1788679150764612400,108.8556123046875,-0.36610186100006104,-9.45164966583252,-2.8283164501190186
1788679150781892900,108.87289282226563,-0.3613162338733673,-9.449256896972656,-2.7972097396850586
1788679150799173000,108.89017309570312,-0.39481574296951294,-9.468399047851562,-2.7972097396850586
1788679150816453600,108.90745361328125,-0.4091726839542389,-9.497113227844238,-2.8809585571289062
1788679150833734100,108.92473413085938,-0.4259224236011505,-9.482755661010742,-2.8833513259887695
1788679150851014400,108.94201440429687,-0.4019941985607147,-9.501898765563965,-2.8761727809906006
1788679150868295000,108.959294921875,-0.3732803463935852,-9.477970123291016,-2.9001009464263916
1788679150885575400,108.97657543945313,-0.33738797903060913,-9.45164966583252,-2.9288148880004883
1788679150902855700,108.99385571289062,-0.2967100143432617,-9.449256896972656,-2.9718856811523438
1788679150920136200,109.01113623046875,-0.2919243574142456,-9.442078590393066,-2.9718856811523438
1788679150937416400,109.02841650390624,-0.30149564146995544,-9.410971641540527,-2.909672260284424
1788679150954697000,109.04569702148437,-0.32303106784820557,-9.410971641540527,-2.8689942359924316
1788679150971977500,109.0629775390625,-0.36610186100006104,-9.44447135925293,-2.840280532836914
1788679150989257700,109.0802578125,-0.40677985548973083,-9.45164966583252,-2.7876384258270264
1788679151006538200,109.09753833007812,-0.4498506486415863,-9.470791816711426,-2.715853691101074
1788679151023818800,109.11481884765625,-0.4833501875400543,-9.492327690124512,-2.6273193359375
1788679151041099000,109.13209912109374,-0.5383850932121277,-9.501898765563965,-2.572284460067749
1788679151058379500,109.14937963867187,-0.5431707501411438,-9.561718940734863,-2.541177749633789
1788679151075659800,109.16665966796874,-0.5431707501411438,-9.556933403015137,-2.581855535507202
1788679151092940300,109.18394018554687,-0.5335994362831116,-9.513862609863281,-2.620140790939331
1788679151110220800,109.201220703125,-0.4833501875400543,-9.475577354431152,-2.713460922241211
1788679151127501000,109.2185009765625,-0.46420758962631226,-9.461220741271973,-2.816352367401123
1788679151144781600,109.23578149414062,-0.42831525206565857,-9.439684867858887,-2.912065267562866
1788679151162062000,109.25306201171875,-0.4043870270252228,-9.430113792419434,-2.895315408706665
1788679151179342300,109.27034228515625,-0.37088751792907715,-9.418149948120117,-2.9240293502807617
1788679151196622800,109.28762280273438,-0.363709032535553,-9.437292098999023,-2.967100143432617
1788679151213903000,109.30490307617187,-0.37088751792907715,-9.468399047851562,-2.967100143432617
1788679151231183600,109.32218359375,-0.4019941985607147,-9.480362892150879,-2.9479575157165527
1788679151248464100,109.33946411132813,-0.42831525206565857,-9.470791816711426,-2.926422119140625
1788679151265744600,109.35674462890626,-0.47617170214653015,-9.454042434692383,-2.8594231605529785
1788679151283025000,109.37402490234375,-0.4785645306110382,-9.489934921264648,-2.830709218978882
1788679151300305400,109.39130541992188,-0.4570291340351105,-9.513862609863281,-2.833101987838745
1788679151317586000,109.4085859375,-0.42352959513664246,-9.442078590393066,-2.7804598808288574
1788679151334866200,109.4258662109375,-0.4139583110809326,-9.430113792419434,-2.7828526496887207
1788679151352146700,109.44314672851563,-0.4331009089946747,-9.439684867858887,-2.7661030292510986
1788679151369427000,109.46042700195312,-0.4666004180908203,-9.482755661010742,-2.8043880462646484
1788679151386707500,109.47770751953125,-0.4378865361213684,-9.463613510131836,-2.8043880462646484
1788679151403988000,109.49498803710938,-0.38763725757598877,-9.432506561279297,-2.768495798110962
1788679151421268200,109.51226831054687,-0.3852444589138031,-9.45882797241211,-2.809173822402954
1788679151438548700,109.529548828125,-0.4211367964744568,-9.477970123291016,-2.8977081775665283
1788679151455829200,109.54682934570313,-0.4307080805301666,-9.499505996704102,-2.9240293502807617
1788679151473109500,109.56410961914062,-0.4091726839542389,-9.45882797241211,-2.909672260284424
1788679151490390000,109.58139013671875,-0.39960137009620667,-9.430113792419434,-2.912065267562866
1788679151507670500,109.59867041015625,-0.397208571434021,-9.437292098999023,-2.9216363430023193
1788679151524950800,109.61595068359375,-0.39481574296951294,-9.473184585571289,-2.9240293502807617
1788679151542231300,109.63323120117188,-0.3924229145050049,-9.446864128112793,-2.8833513259887695
1788679151559511600,109.65051147460937,-0.397208571434021,-9.43489933013916,-2.785245656967163
1788679151576792000,109.6677919921875,-0.4019941985607147,-9.439684867858887,-2.744567632675171
1788679151594072600,109.68507250976562,-0.4307080805301666,-9.425328254699707,-2.7349963188171387
1788679151611352800,109.70235278320312,-0.4666004180908203,-9.4660062789917,-2.6967110633850098
1788679151628633300,109.71963330078125,-0.49292147159576416,-9.492327690124512,-2.6488547325134277
1788679151645913900,109.73691381835937,-0.5072783827781677,-9.494720458984375,-2.6560330390930176
1788679151663194000,109.75419409179688,-0.46420758962631226,-9.511469841003418,-2.7110681533813477
1788679151680474600,109.771474609375,-0.4426721930503845,-9.516255378723145,-2.8043880462646484
1788679151697755000,109.7887548828125,-0.3852444589138031,-9.53779125213623,-2.885744094848633
1788679151715035400,109.80603540039063,-0.34695929288864136,-9.489934921264648,-2.9240293502807617
1788679151732316000,109.82331591796876,-0.3278166949748993,-9.45882797241211,-2.9168508052825928
1788679151749596200,109.84059619140625,-0.349352091550827,-9.449256896972656,-2.8761727809906006
1788679151766876700,109.85787670898438,-0.3397808074951172,-9.456435203552246,-2.8833513259887695
1788679151784157200,109.8751572265625,-0.32542386651039124,-9.391828536987305,-2.825923442840576
1788679151801437400,109.8924375,-0.31106695532798767,-9.389435768127441,-2.768495798110962
1788679151818718000,109.90971801757813,-0.3445664644241333,-9.410971641540527,-2.7637102603912354
1788679151835998200,109.92699829101562,-0.4163511395454407,-9.477970123291016,-2.7589244842529297
1788679151853278700,109.94427880859375,-0.4546363055706024,-9.513862609863281,-2.7732813358306885
1788679151870559200,109.96155932617188,-0.45942193269729614,-9.489934921264648,-2.8043880462646484
1788679151887839700,109.97883984375,-0.49292147159576416,-9.497113227844238,-2.825923442840576
1788679151905120000,109.9961201171875,-0.48095735907554626,-9.494720458984375,-2.830709218978882
1788679151922400500,110.013400390625,-0.44745782017707825,-9.506684303283691,-2.8139593601226807
1788679151939680800,110.0306806640625,-0.3852444589138031,-9.504291534423828,-2.8450660705566406
1788679151956961300,110.04796118164063,-0.35413774847984314,-9.468399047851562,-2.825923442840576
1788679151974241800,110.06524169921875,-0.35892340540885925,-9.425328254699707,-2.7900311946868896
1788679151991522300,110.08252221679687,-0.3684946894645691,-9.437292098999023,-2.7900311946868896
1788679152008802600,110.09980249023438,-0.3397808074951172,-9.489934921264648,-2.799602508544922
1788679152026083000,110.1170830078125,-0.3158525824546814,-9.477970123291016,-2.854637384414673
1788679152043363300,110.13436328125,-0.2919243574142456,-9.454042434692383,-2.9934210777282715
1788679152060643800,110.15164379882812,-0.32303106784820557,-9.370293617248535,-3.005385160446167
1788679152077924400,110.16892431640625,-0.2991028428077698,-9.42054271697998,-2.998206853866577
1788679152095204600,110.18620458984375,-0.25363919138908386,-9.468399047851562,-3.0077781677246094
1788679152112485000,110.20348510742187,-0.2584248483181,-9.446864128112793,-3.067598581314087
1788679152129765600,110.220765625,-0.2632105052471161,-9.454042434692383,-3.0795626640319824
1788679152147046000,110.2380458984375,-0.24885354936122894,-9.497113227844238,-3.0077781677246094
1788679152164326400,110.25532641601562,-0.24167509377002716,-9.468399047851562,-2.9623143672943115
1788679152181606700,110.27260668945313,-0.2584248483181,-9.442078590393066,-2.909672260284424
1788679152198887200,110.28988720703126,-0.2919243574142456,-9.449256896972656,-2.8809585571289062
1788679152216167700,110.30716772460937,-0.28953152894973755,-9.487542152404785,-2.8450660705566406
1788679152233448000,110.32444799804688,-0.2632105052471161,-9.482755661010742,-2.8283164501190186
1788679152250728400,110.341728515625,-0.2679961323738098,-9.463613510131836,-2.8594231605529785
1788679152268009000,110.35900903320312,-0.2991028428077698,-9.446864128112793,-2.847458839416504
1788679152285289200,110.37628930664063,-0.31824541091918945,-9.439684867858887,-2.792423963546753
1788679152302569700,110.39356982421874,-0.3038884699344635,-9.463613510131836,-2.785245656967163
1788679152319850000,110.41085009765625,-0.30149564146995544,-9.480362892150879,-2.885744094848633
1788679152337130500,110.42813061523438,-0.2584248483181,-9.425328254699707,-2.847458839416504
1788679152354411000,110.44541088867187,-0.29431718587875366,-9.44447135925293,-2.809173822402954
1788679152371691300,110.46269116210938,-0.3517449200153351,-9.4660062789917,-2.8043880462646484
1788679152388971800,110.4799716796875,-0.3852444589138031,-9.485149383544922,-2.8283164501190186
1788679152406252300,110.49725219726562,-0.41156548261642456,-9.477970123291016,-2.854637384414673
1788679152423532500,110.51453247070313,-0.37806597352027893,-9.482755661010742,-2.8809585571289062
1788679152440813000,110.53181298828125,-0.35892340540885925,-9.475577354431152,-2.919243574142456
1788679152458093300,110.54909326171875,-0.37806597352027893,-9.430113792419434,-2.9359934329986572
1788679152475373800,110.56637377929688,-0.38763725757598877,-9.41336441040039,-2.950350284576416
1788679152492654300,110.583654296875,-0.3565305769443512,-9.439684867858887,-3.0029923915863037
1788679152509934600,110.6009345703125,-0.3565305769443512,-9.487542152404785,-2.9766714572906494
1788679152527215000,110.61821508789062,-0.363709032535553,-9.470791816711426,-2.926422119140625
1788679152544495600,110.63549560546875,-0.36610186100006104,-9.430113792419434,-2.919243574142456
1788679152561775900,110.65277587890625,-0.3684946894645691,-9.446864128112793,-2.9599215984344482
1788679152579056400,110.67005639648437,-0.3613162338733673,-9.45882797241211,-2.974278450012207
1788679152596336600,110.68733666992188,-0.3756731450557709,-9.430113792419434,-2.8737800121307373
1788679152613617200,110.7046171875,-0.3732803463935852,-9.422935485839844,-2.8187451362609863
1788679152630897700,110.72189770507812,-0.4163511395454407,-9.446864128112793,-2.799602508544922
1788679152648178200,110.73917822265625,-0.4546363055706024,-9.468399047851562,-2.754138946533203
1788679152665458400,110.75645849609376,-0.4713860750198364,-9.492327690124512,-2.6488547325134277
1788679152682739000,110.77373901367187,-0.4331009089946747,-9.56650447845459,-2.6464617252349854
1788679152700019200,110.79101928710938,-0.4378865361213684,-9.564111709594727,-2.8498518466949463
1788679152717299700,110.8082998046875,-0.4498506486415863,-9.497113227844238,-2.9599215984344482
1788679152734580200,110.82558032226562,-0.42352959513664246,-9.463613510131836,-2.9527430534362793
1788679152751860700,110.84286083984375,-0.3684946894645691,-9.45164966583252,-2.988635540008545
1788679152769141000,110.86014111328124,-0.3206382393836975,-9.42054271697998,-2.988635540008545
1788679152786421500,110.87742138671875,-0.2847459018230438,-9.355937004089355,-2.9144580364227295
1788679152803701800,110.89470166015624,-0.3397808074951172,-9.365508079528809,-2.768495798110962
1788679152820982300,110.91198217773437,-0.3732803463935852,-9.497113227844238,-2.7038896083831787
1788679152838262800,110.9292626953125,-0.3613162338733673,-9.516255378723145,-2.581855535507202
1788679152855543000,110.94654296875,-0.35892340540885925,-9.470791816711426,-2.5052852630615234
1788679152872823600,110.96382348632812,-0.33738797903060913,-9.480362892150879,-2.526820659637451
1788679152890104000,110.98110400390625,-0.363709032535553,-9.494720458984375,-2.589034080505371
1788679152907384300,110.99838427734375,-0.3732803463935852,-9.533005714416504,-2.60339093208313
1788679152924664800,111.01566479492188,-0.3732803463935852,-9.53779125213623,-2.586641311645508
1788679152941945000,111.03294506835938,-0.37806597352027893,-9.556933403015137,-2.682354211807251
1788679152959225600,111.0502255859375,-0.41874396800994873,-9.540184020996094,-2.8115665912628174
1788679152976506000,111.06750610351563,-0.4546363055706024,-9.523433685302734,-2.8833513259887695
1788679152993786400,111.08478637695312,-0.4307080805301666,-9.475577354431152,-2.792423963546753
1788679153011067000,111.10206689453125,-0.4450650215148926,-9.415757179260254,-2.730210542678833
1788679153028347400,111.11934741210938,-0.46899324655532837,-9.375079154968262,-2.7637102603912354
1788679153045627600,111.13662768554687,-0.5264210104942322,-9.33440113067627,-2.7828526496887207
1788679153062908200,111.153908203125,-0.6029912829399109,-9.377471923828125,-2.770888566970825
1788679153080188400,111.1711884765625,-0.576670229434967,-9.422935485839844,-2.8689942359924316
1788679153097469000,111.18846899414062,-0.576670229434967,-9.473184585571289,-3.053241729736328
1788679153114749400,111.20574951171875,-0.550349235534668,-9.535398483276367,-3.2614171504974365
1788679153132029700,111.22302978515626,-0.4570291340351105,-9.518648147583008,-3.280559778213501
1788679153149310200,111.24031030273437,-0.3445664644241333,-9.53779125213623,-3.352344512939453
1788679153166590700,111.2575908203125,-0.19381862878799438,-9.533005714416504,-3.4265220165252686
1788679153183871000,111.27487109375,-0.08853443711996078,-9.489934921264648,-3.390629768371582
1788679153201151500,111.2921513671875,-0.07657032459974289,-9.365508079528809,-3.2303106784820557
1788679153218431700,111.309431640625,-0.11246266216039658,-9.34875774383545,-3.0484559535980225
1788679153235712300,111.32671215820312,-0.12921242415905,-9.343972206115723,-2.854637384414673
1788679153252992800,111.34399267578125,-0.1866401731967926,-9.317651748657227,-2.6799614429473877
1788679153270273000,111.36127294921874,-0.27756741642951965,-9.379864692687988,-2.6081767082214355
1788679153287553500,111.37855346679687,-0.3732803463935852,-9.437292098999023,-2.5746772289276123
1788679153304834000,111.395833984375,-0.4833501875400543,-9.521040916442871,-2.5914268493652344
1788679153322114300,111.4131142578125,-0.5527420043945312,-9.53779125213623,-2.6273193359375
1788679153339394800,111.43039477539062,-0.5934200286865234,-9.535398483276367,-2.586641311645508
1788679153356675000,111.44767504882813,-0.6269195079803467,-9.516255378723145,-2.5435705184936523
1788679153373955600,111.46495556640625,-0.6556333899497986,-9.54496955871582,-2.589034080505371
1788679153391236000,111.48223608398438,-0.6269195079803467,-9.57607650756836,-2.6249263286590576
1788679153408516400,111.49951635742187,-0.550349235534668,-9.523433685302734,-2.6488547325134277
1788679153425796900,111.516796875,-0.5072783827781677,-9.475577354431152,-2.667997360229492
1788679153443077400,111.53407739257813,-0.4833501875400543,-9.475577354431152,-2.7349963188171387
1788679153460357600,111.55135766601562,-0.4307080805301666,-9.422935485839844,-2.801995277404785
1788679153477638100,111.56863818359375,-0.3732803463935852,-9.41336441040039,-2.8737800121307373
1788679153494918700,111.58591870117188,-0.33499518036842346,-9.396614074707031,-2.9240293502807617
1788679153512199000,111.60319897460937,-0.31106695532798767,-9.461220741271973,-2.9694929122924805
1788679153529479400,111.6204794921875,-0.3158525824546814,-9.461220741271973,-3.0029923915863037
1788679153546760000,111.63776000976563,-0.31345975399017334,-9.442078590393066,-3.0005996227264404
1788679153564040200,111.65504028320312,-0.30628129839897156,-9.439684867858887,-2.9934210777282715
1788679153581320700,111.67232080078125,-0.2919243574142456,-9.473184585571289,-2.943171739578247
1788679153598601000,111.68960107421876,-0.3613162338733673,-9.463613510131836,-2.888136863708496
1788679153615881500,111.70688159179687,-0.35413774847984314,-9.473184585571289,-2.837887763977051
1788679153633162000,111.72416186523438,-0.3684946894645691,-9.477970123291016,-2.801995277404785
1788679153650442500,111.7414423828125,-0.33020952343940735,-9.480362892150879,-2.754138946533203
1788679153667722800,111.75872265625,-0.33499518036842346,-9.489934921264648,-2.682354211807251
1788679153685003000,111.7760029296875,-0.3517449200153351,-9.494720458984375,-2.7038896083831787
1788679153702283500,111.79328344726562,-0.363709032535553,-9.45164966583252,-2.6703901290893555
1788679153719564000,111.81056396484375,-0.3924229145050049,-9.489934921264648,-2.682354211807251
1788679153736844500,111.82784448242188,-0.39481574296951294,-9.494720458984375,-2.675175666809082
1788679153754124800,111.84512475585937,-0.41156548261642456,-9.492327690124512,-2.675175666809082
1788679153771405300,111.8624052734375,-0.42352959513664246,-9.509077072143555,-2.7038896083831787
1788679153788685800,111.87968579101563,-0.42831525206565857,-9.516255378723145,-2.761317253112793
1788679153805966000,111.89696606445312,-0.3900300860404968,-9.477970123291016,-2.7828526496887207
1788679153823246600,111.91424658203125,-0.38285163044929504,-9.485149383544922,-2.8354947566986084
1788679153840526800,111.93152685546875,-0.38285163044929504,-9.449256896972656,-2.888136863708496
1788679153857807400,111.94880737304688,-0.380458801984787,-9.449256896972656,-2.8737800121307373
1788679153875088000,111.966087890625,-0.3517449200153351,-9.454042434692383,-2.8833513259887695
1788679153892368100,111.9833681640625,-0.3684946894645691,-9.449256896972656,-2.902493953704834
1788679153909648600,112.00064868164063,-0.33499518036842346,-9.463613510131836,-2.8761727809906006
1788679153926929200,112.01792919921876,-0.3732803463935852,-9.463613510131836,-2.825923442840576
1788679153944209400,112.03520947265625,-0.363709032535553,-9.497113227844238,-2.8187451362609863
1788679153961490000,112.05248999023438,-0.35413774847984314,-9.511469841003418,-2.8426733016967773
1788679153978770200,112.06977026367187,-0.33020952343940735,-9.497113227844238,-2.8522446155548096
1788679153996050700,112.08705078125,-0.30628129839897156,-9.477970123291016,-2.854637384414673
1788679154013331200,112.10433129882813,-0.3206382393836975,-9.439684867858887,-2.8426733016967773
1788679154030611500,112.12161157226562,-0.3038884699344635,-9.437292098999023,-2.857030153274536
1788679154047892000,112.13889208984375,-0.31824541091918945,-9.456435203552246,-2.878565549850464
1788679154065172500,112.15617236328124,-0.3445664644241333,-9.480362892150879,-2.8809585571289062
1788679154082452700,112.17345263671875,-0.33738797903060913,-9.461220741271973,-2.8594231605529785
1788679154099733200,112.19073315429688,-0.33738797903060913,-9.485149383544922,-2.8139593601226807
1788679154117013800,112.208013671875,-0.3900300860404968,-9.463613510131836,-2.785245656967163
1788679154134294000,112.2252939453125,-0.4043870270252228,-9.485149383544922,-2.7637102603912354
1788679154151574500,112.24257446289063,-0.38285163044929504,-9.504291534423828,-2.7732813358306885
1788679154168854800,112.25985473632812,-0.41156548261642456,-9.501898765563965,-2.7589244842529297
1788679154186135300,112.27713525390625,-0.4378865361213684,-9.475577354431152,-2.7493531703948975
1788679154203415800,112.29441577148438,-0.42831525206565857,-9.487542152404785,-2.744567632675171
1788679154220696300,112.3116962890625,-0.4450650215148926,-9.513862609863281,-2.761317253112793
1788679154237976600,112.3289765625,-0.4211367964744568,-9.485149383544922,-2.8043880462646484
1788679154255257000,112.34625708007812,-0.38763725757598877,-9.473184585571289,-2.799602508544922
1788679154272537600,112.36353759765625,-0.37806597352027893,-9.501898765563965,-2.840280532836914
1788679154289817900,112.38081787109375,-0.380458801984787,-9.470791816711426,-2.830709218978882
1788679154307098400,112.39809838867187,-0.3732803463935852,-9.475577354431152,-2.8283164501190186
1788679154324378600,112.41537866210938,-0.3517449200153351,-9.485149383544922,-2.857030153274536
1788679154341659100,112.4326591796875,-0.34217363595962524,-9.4660062789917,-2.8666014671325684
1788679154358939600,112.44993969726562,-0.3517449200153351,-9.482755661010742,-2.861815929412842
1788679154376220000,112.46721997070313,-0.3397808074951172,-9.45164966583252,-2.7876384258270264
1788679154393500400,112.48450048828126,-0.36610186100006104,-9.45882797241211,-2.7589244842529297
1788679154410781000,112.50178100585937,-0.38763725757598877,-9.473184585571289,-2.7589244842529297
1788679154428061200,112.51906127929688,-0.4043870270252228,-9.477970123291016,-2.744567632675171
1788679154445341700,112.536341796875,-0.4163511395454407,-9.487542152404785,-2.754138946533203
1788679154462622000,112.5536220703125,-0.4163511395454407,-9.489934921264648,-2.761317253112793
1788679154479902500,112.57090234375,-0.39960137009620667,-9.485149383544922,-2.785245656967163
1788679154497183000,112.58818286132812,-0.39960137009620667,-9.499505996704102,-2.816352367401123
1788679154514463200,112.60546313476563,-0.40677985548973083,-9.480362892150879,-2.806781053543091
1788679154531743700,112.62274365234374,-0.38285163044929504,-9.480362892150879,-2.7876384258270264
1788679154549024300,112.64002416992187,-0.38285163044929504,-9.461220741271973,-2.794816732406616
1788679154566304500,112.65730444335938,-0.4426721930503845,-9.454042434692383,-2.7828526496887207
1788679154583585000,112.6745849609375,-0.4426721930503845,-9.4660062789917,-2.7637102603912354
1788679154600865300,112.691865234375,-0.4331009089946747,-9.492327690124512,-2.737389087677002
1788679154618145800,112.70914575195313,-0.45942193269729614,-9.473184585571289,-2.7900311946868896
1788679154635426300,112.72642626953125,-0.4546363055706024,-9.480362892150879,-2.8283164501190186
1788679154652706600,112.74370654296875,-0.4307080805301666,-9.473184585571289,-2.809173822402954
1788679154669987000,112.76098706054688,-0.44745782017707825,-9.487542152404785,-2.770888566970825
1788679154687267600,112.778267578125,-0.4977070987224579,-9.492327690124512,-2.7732813358306885
1788679154704547800,112.7955478515625,-0.47617170214653015,-9.489934921264648,-2.770888566970825
1788679154721828400,112.81282836914062,-0.48095735907554626,-9.477970123291016,-2.7589244842529297
1788679154739108900,112.83010888671875,-0.5048855543136597,-9.494720458984375,-2.761317253112793
1788679154756389000,112.84738916015625,-0.48574298620224,-9.506684303283691,-2.7517459392547607
1788679154773669600,112.86466967773437,-0.4498506486415863,-9.489934921264648,-2.7493531703948975
1788679154790950000,112.88194995117188,-0.4331009089946747,-9.456435203552246,-2.706282377243042
1788679154808230400,112.89923046875,-0.4331009089946747,-9.468399047851562,-2.744567632675171
1788679154825511000,112.91651098632812,-0.45224347710609436,-9.477970123291016,-2.7326035499572754
1788679154842791200,112.93379125976563,-0.42831525206565857,-9.487542152404785,-2.7254250049591064
1788679154860071700,112.95107177734376,-0.4163511395454407,-9.494720458984375,-2.754138946533203
1788679154877352200,112.96835229492187,-0.41156548261642456,-9.501898765563965,-2.785245656967163
1788679154894632700,112.9856328125,-0.42352959513664246,-9.492327690124512,-2.7972097396850586
1788679154911913000,113.00291284179687,-0.4163511395454407,-9.477970123291016,-2.7589244842529297
1788679154929193500,113.020193359375,-0.40677985548973083,-9.456435203552246,-2.7589244842529297
1788679154946473700,113.0374736328125,-0.3924229145050049,-9.45882797241211,-2.770888566970825
1788679154963754200,113.05475415039062,-0.4043870270252228,-9.477970123291016,-2.801995277404785
1788679154981034800,113.07203466796875,-0.380458801984787,-9.454042434692383,-2.7900311946868896
1788679154998315000,113.08931494140624,-0.4163511395454407,-9.45882797241211,-2.794816732406616
1788679155015595500,113.10659545898437,-0.43549370765686035,-9.482755661010742,-2.8283164501190186
1788679155032876000,113.1238759765625,-0.4666004180908203,-9.494720458984375,-2.801995277404785
1788679155050156300,113.14115625,-0.45224347710609436,-9.497113227844238,-2.7900311946868896
1788679155067436800,113.15843676757812,-0.4737788736820221,-9.4660062789917,-2.746960401535034
1788679155084717000,113.17571704101563,-0.45942193269729614,-9.492327690124512,-2.737389087677002
1788679155101997600,113.19299755859375,-0.48095735907554626,-9.504291534423828,-2.68953275680542
1788679155119278000,113.21027807617187,-0.4546363055706024,-9.468399047851562,-2.6799614429473877
1788679155136558300,113.22755834960938,-0.4737788736820221,-9.477970123291016,-2.7421748638153076
1788679155153838800,113.2448388671875,-0.4737788736820221,-9.475577354431152,-2.7876384258270264
1788679155171119400,113.26211938476563,-0.46899324655532837,-9.509077072143555,-2.7637102603912354
1788679155188399600,113.27939965820312,-0.4713860750198364,-9.442078590393066,-2.7038896083831787
1788679155205680000,113.29668017578125,-0.5000999569892883,-9.485149383544922,-2.7110681533813477
1788679155222960400,113.31396044921875,-0.5048855543136597,-9.501898765563965,-2.720639228820801
1788679155240241000,113.33124096679687,-0.519242525100708,-9.513862609863281,-2.7254250049591064
1788679155257521400,113.348521484375,-0.4953143000602722,-9.525827407836914,-2.723032236099243
1788679155274801700,113.3658017578125,-0.46420758962631226,-9.513862609863281,-2.7397818565368652
1788679155292082200,113.38308227539062,-0.4546363055706024,-9.494720458984375,-2.785245656967163
1788679155309362700,113.40036279296875,-0.4259224236011505,-9.480362892150879,-2.7900311946868896
1788679155326643000,113.41764282226562,-0.4043870270252228,-9.461220741271973,-2.785245656967163
1788679155343923500,113.43492333984375,-0.3852444589138031,-9.461220741271973,-2.7900311946868896
1788679155361204000,113.45220385742188,-0.3613162338733673,-9.456435203552246,-2.785245656967163
1788679155378484200,113.46948413085937,-0.37088751792907715,-9.442078590393066,-2.7349963188171387
1788679155395764700,113.4867646484375,-0.39960137009620667,-9.45164966583252,-2.7421748638153076
1788679155413045000,113.504044921875,-0.40677985548973083,-9.509077072143555,-2.7278177738189697
1788679155430325500,113.52132543945312,-0.42831525206565857,-9.578469276428223,-2.7086751461029053
1788679155447606000,113.53860595703125,-0.3852444589138031,-9.501898765563965,-2.7804598808288574
1788679155464886300,113.55588623046874,-0.3565305769443512,-9.449256896972656,-2.715853691101074
1788679155482166800,113.57316674804687,-0.33020952343940735,-9.463613510131836,-2.6775684356689453
1788679155499447300,113.590447265625,-0.3397808074951172,-9.45882797241211,-2.6943182945251465
1788679155516727800,113.60772778320313,-0.397208571434021,-9.468399047851562,-2.723032236099243
1788679155534008000,113.62500805664062,-0.42352959513664246,-9.523433685302734,-2.7421748638153076
1788679155551288600,113.64228857421875,-0.4618147611618042,-9.513862609863281,-2.775674343109131
1788679155568568800,113.65956884765625,-0.4785645306110382,-9.475577354431152,-2.7804598808288574
1788679155585849300,113.67684936523438,-0.4713860750198364,-9.477970123291016,-2.8187451362609863
1788679155603129900,113.6941298828125,-0.45942193269729614,-9.506684303283691,-2.7972097396850586
1788679155620410000,113.71141015625,-0.46420758962631226,-9.473184585571289,-2.7900311946868896
1788679155637690600,113.72869067382813,-0.4307080805301666,-9.461220741271973,-2.833101987838745
1788679155654971100,113.74597119140626,-0.4163511395454407,-9.4660062789917,-2.8522446155548096
1788679155672251400,113.76325146484375,-0.4307080805301666,-9.477970123291016,-2.833101987838745
1788679155689532000,113.78053198242188,-0.41874396800994873,-9.4660062789917,-2.8283164501190186
1788679155706812200,113.79781225585937,-0.43549370765686035,-9.45164966583252,-2.825923442840576
1788679155724092700,113.8150927734375,-0.44745782017707825,-9.492327690124512,-2.830709218978882
1788679155741373200,113.83237329101563,-0.44745782017707825,-9.494720458984375,-2.854637384414673
1788679155758653400,113.8496533203125,-0.4546363055706024,-9.509077072143555,-2.8283164501190186
1788679155775934000,113.86693383789063,-0.4139583110809326,-9.497113227844238,-2.8283164501190186
1788679155793214500,113.88421435546876,-0.37088751792907715,-9.463613510131836,-2.8139593601226807
1788679155810494700,113.90149462890625,-0.34695929288864136,-9.45882797241211,-2.8426733016967773
1788679155827775200,113.91877514648438,-0.3565305769443512,-9.463613510131836,-2.8522446155548096
1788679155845055500,113.93605541992187,-0.3517449200153351,-9.454042434692383,-2.799602508544922
1788679155862336000,113.9533359375,-0.3517449200153351,-9.480362892150879,-2.799602508544922
1788679155879616500,113.97061645507813,-0.3756731450557709,-9.473184585571289,-2.837887763977051
1788679155896896800,113.98789672851562,-0.380458801984787,-9.477970123291016,-2.847458839416504
1788679155914177300,114.00517724609375,-0.3756731450557709,-9.477970123291016,-2.8283164501190186
1788679155931457800,114.02245776367188,-0.36610186100006104,-9.470791816711426,-2.830709218978882
1788679155948738000,114.03973803710937,-0.35413774847984314,-9.470791816711426,-2.830709218978882
1788679155966018600,114.0570185546875,-0.3565305769443512,-9.494720458984375,-2.864208698272705
1788679155983299000,114.07429907226563,-0.35892340540885925,-9.468399047851562,-2.8666014671325684
1788679156000579300,114.09157934570312,-0.3565305769443512,-9.456435203552246,-2.8426733016967773
1788679156017859800,114.10885986328125,-0.3445664644241333,-9.449256896972656,-2.8426733016967773
1788679156035140000,114.12614013671875,-0.363709032535553,-9.463613510131836,-2.8354947566986084
1788679156052420600,114.14342065429688,-0.3565305769443512,-9.487542152404785,-2.8139593601226807
1788679156069701000,114.160701171875,-0.35892340540885925,-9.475577354431152,-2.8139593601226807
1788679156086981600,114.17798168945312,-0.37088751792907715,-9.4660062789917,-2.816352367401123
1788679156104262000,114.19526196289063,-0.3684946894645691,-9.489934921264648,-2.837887763977051
1788679156121542400,114.21254248046876,-0.363709032535553,-9.516255378723145,-2.770888566970825
1788679156138823000,114.22982299804687,-0.3397808074951172,-9.454042434692383,-2.799602508544922
1788679156156103200,114.24710327148438,-0.3613162338733673,-9.456435203552246,-2.8211379051208496
1788679156173383700,114.2643837890625,-0.3397808074951172,-9.45882797241211,-2.8115665912628174
1788679156190664000,114.28166381835938,-0.34695929288864136,-9.480362892150879,-2.778067111968994
1788679156207944400,114.2989443359375,-0.3565305769443512,-9.45882797241211,-2.7493531703948975
1788679156225225000,114.31622485351562,-0.3397808074951172,-9.463613510131836,-2.770888566970825
1788679156242505200,114.33350512695313,-0.363709032535553,-9.485149383544922,-2.801995277404785
1788679156259785700,114.35078564453126,-0.39481574296951294,-9.494720458984375,-2.794816732406616
1788679156277066200,114.36806616210937,-0.38285163044929504,-9.516255378723145,-2.775674343109131
1788679156294346500,114.38534643554688,-0.37088751792907715,-9.501898765563965,-2.7876384258270264
1788679156311627000,114.402626953125,-0.3613162338733673,-9.475577354431152,-2.792423963546753
1788679156328907300,114.4199072265625,-0.3445664644241333,-9.456435203552246,-2.823530673980713
1788679156346187800,114.43718774414063,-0.34217363595962524,-9.461220741271973,-2.809173822402954
1788679156363468300,114.45446826171874,-0.35413774847984314,-9.482755661010742,-2.8115665912628174
1788679156380748500,114.47174853515625,-0.34695929288864136,-9.516255378723145,-2.8594231605529785
1788679156398029000,114.48902905273438,-0.33020952343940735,-9.43489933013916,-2.816352367401123
1788679156415309600,114.5063095703125,-0.3158525824546814,-9.437292098999023,-2.7876384258270264
1788679156432589800,114.52358984375,-0.3445664644241333,-9.470791816711426,-2.8211379051208496
1788679156449870300,114.54087036132813,-0.35413774847984314,-9.489934921264648,-2.806781053543091
1788679156467150600,114.55815063476562,-0.349352091550827,-9.489934921264648,-2.801995277404785
1788679156484431000,114.57543115234375,-0.3684946894645691,-9.518648147583008,-2.833101987838745
1788679156501711600,114.59271166992187,-0.33499518036842346,-9.477970123291016,-2.823530673980713
1788679156518992100,114.6099921875,-0.34217363595962524,-9.468399047851562,-2.809173822402954
1788679156536272400,114.6272724609375,-0.3326023519039154,-9.470791816711426,-2.8450660705566406
1788679156553553000,114.64455297851562,-0.3326023519039154,-9.454042434692383,-2.8498518466949463
1788679156570833400,114.66183349609375,-0.30628129839897156,-9.480362892150879,-2.833101987838745
1788679156588113700,114.67911376953126,-0.2967100143432617,-9.494720458984375,-2.8522446155548096
1788679156605394200,114.69639428710937,-0.3206382393836975,-9.45164966583252,-2.8498518466949463
1788679156622674700,114.7136748046875,-0.32303106784820557,-9.461220741271973,-2.830709218978882
1788679156639955000,114.73095483398437,-0.31106695532798767,-9.482755661010742,-2.8666014671325684
1788679156657235500,114.7482353515625,-0.28953152894973755,-9.470791816711426,-2.830709218978882
1788679156674515700,114.765515625,-0.3278166949748993,-9.432506561279297,-2.847458839416504
1788679156691796200,114.78279614257812,-0.3732803463935852,-9.477970123291016,-2.8354947566986084
1788679156709076700,114.80007666015625,-0.3613162338733673,-9.487542152404785,-2.8354947566986084
1788679156726357000,114.81735693359374,-0.3852444589138031,-9.487542152404785,-2.785245656967163
1788679156743637500,114.83463745117187,-0.3900300860404968,-9.470791816711426,-2.761317253112793
1788679156760918000,114.85191796875,-0.39481574296951294,-9.485149383544922,-2.7900311946868896
1788679156778198300,114.8691982421875,-0.41874396800994873,-9.485149383544922,-2.799602508544922
1788679156795478800,114.88647875976562,-0.40677985548973083,-9.487542152404785,-2.775674343109131
1788679156812759000,114.90375903320313,-0.3900300860404968,-9.494720458984375,-2.7876384258270264
1788679156830039600,114.92103955078124,-0.3732803463935852,-9.473184585571289,-2.806781053543091
1788679156847320000,114.93832006835937,-0.363709032535553,-9.477970123291016,-2.8187451362609863
1788679156864600300,114.95560034179688,-0.363709032535553,-9.468399047851562,-2.8283164501190186
1788679156881880800,114.972880859375,-0.36610186100006104,-9.456435203552246,-2.837887763977051
1788679156899161300,114.99016137695313,-0.3613162338733673,-9.482755661010742,-2.847458839416504
1788679156916441600,115.00744165039063,-0.3445664644241333,-9.470791816711426,-2.8354947566986084
1788679156933722000,115.02472216796875,-0.3613162338733673,-9.470791816711426,-2.8115665912628174
1788679156951002400,115.04200244140625,-0.37806597352027893,-9.468399047851562,-2.816352367401123
1788679156968283000,115.05928295898437,-0.39960137009620667,-9.497113227844238,-2.823530673980713
1788679156985563400,115.0765634765625,-0.4019941985607147,-9.501898765563965,-2.8666014671325684
1788679157002843600,115.09384375,-0.39960137009620667,-9.485149383544922,-2.857030153274536
1788679157020124200,115.11112426757812,-0.37806597352027893,-9.480362892150879,-2.823530673980713
1788679157037404700,115.12840478515625,-0.37088751792907715,-9.485149383544922,-2.806781053543091
1788679157054685000,115.14568481445312,-0.38285163044929504,-9.497113227844238,-2.7637102603912354
1788679157071965400,115.16296533203125,-0.3900300860404968,-9.463613510131836,-2.715853691101074
1788679157089245700,115.18024560546876,-0.363709032535553,-9.432506561279297,-2.6775684356689453
1788679157106526200,115.19752612304687,-0.3684946894645691,-9.45164966583252,-2.6632115840911865
1788679157123806700,115.214806640625,-0.39481574296951294,-9.518648147583008,-2.68953275680542
1788679157141087200,115.23208715820313,-0.4091726839542389,-9.494720458984375,-2.6608188152313232
1788679157158367500,115.24936743164062,-0.4450650215148926,-9.497113227844238,-2.66560435295105
1788679157175648000,115.26664794921875,-0.4331009089946747,-9.475577354431152,-2.699103832244873
1788679157192928300,115.28392822265624,-0.42352959513664246,-9.511469841003418,-2.7254250049591064
1788679157210208800,115.30120874023437,-0.4713860750198364,-9.4660062789917,-2.7900311946868896
1788679157227489300,115.3184892578125,-0.4713860750198364,-9.487542152404785,-2.816352367401123
1788679157244769800,115.33576977539063,-0.44745782017707825,-9.489934921264648,-2.847458839416504
1788679157262050000,115.35305004882812,-0.4546363055706024,-9.504291534423828,-2.854637384414673
1788679157279330600,115.37033056640625,-0.4378865361213684,-9.45164966583252,-2.7900311946868896
1788679157296610800,115.38761083984375,-0.42831525206565857,-9.473184585571289,-2.770888566970825
1788679157313891300,115.40489135742187,-0.44745782017707825,-9.492327690124512,-2.7900311946868896
1788679157331171800,115.422171875,-0.45224347710609436,-9.475577354431152,-2.7517459392547607
1788679157348452000,115.4394521484375,-0.45942193269729614,-9.480362892150879,-2.7326035499572754
1788679157365732600,115.45673266601563,-0.47617170214653015,-9.489934921264648,-2.7254250049591064
1788679157383013000,115.47401318359375,-0.5048855543136597,-9.506684303283691,-2.715853691101074
1788679157400293400,115.49129345703125,-0.48813581466674805,-9.506684303283691,-2.7254250049591064
1788679157417574000,115.50857397460938,-0.4570291340351105,-9.489934921264648,-2.746960401535034
1788679157434854100,115.52585424804687,-0.44027936458587646,-9.475577354431152,-2.7900311946868896
1788679157452134700,115.543134765625,-0.42352959513664246,-9.475577354431152,-2.806781053543091
1788679157469415200,115.56041528320313,-0.42352959513664246,-9.461220741271973,-2.806781053543091
1788679157486695400,115.5776953125,-0.4019941985607147,-9.45164966583252,-2.806781053543091
1788679157503976000,115.59497583007813,-0.41156548261642456,-9.470791816711426,-2.837887763977051
1788679157521256400,115.61225634765626,-0.42352959513664246,-9.492327690124512,-2.857030153274536
1788679157538536700,115.62953662109375,-0.45942193269729614,-9.513862609863281,-2.806781053543091
1788679157555817200,115.64681713867188,-0.4378865361213684,-9.487542152404785,-2.761317253112793
1788679157573097500,115.66409741210937,-0.4259224236011505,-9.485149383544922,-2.7349963188171387
1788679157590378000,115.6813779296875,-0.4426721930503845,-9.501898765563965,-2.723032236099243
1788679157607658500,115.69865844726563,-0.4618147611618042,-9.494720458984375,-2.66560435295105
1788679157624938800,115.71593872070312,-0.4618147611618042,-9.468399047851562,-2.6608188152313232
1788679157642219300,115.73321923828125,-0.4833501875400543,-9.489934921264648,-2.6560330390930176
1788679157659499800,115.75049975585938,-0.4785645306110382,-9.499505996704102,-2.68953275680542
1788679157676780000,115.76778002929687,-0.4666004180908203,-9.521040916442871,-2.7182464599609375
1788679157694060500,115.785060546875,-0.46899324655532837,-9.499505996704102,-2.7278177738189697
1788679157711340800,115.8023408203125,-0.44745782017707825,-9.482755661010742,-2.7349963188171387
1788679157728621300,115.81962133789062,-0.4259224236011505,-9.509077072143555,-2.7397818565368652
1788679157745901800,115.83690185546875,-0.4785645306110382,-9.461220741271973,-2.7565317153930664
1788679157763182000,115.85418212890625,-0.46420758962631226,-9.4660062789917,-2.7565317153930664
1788679157780462600,115.87146264648437,-0.42352959513664246,-9.4660062789917,-2.778067111968994
1788679157797743000,115.8887431640625,-0.4570291340351105,-9.468399047851562,-2.7637102603912354
1788679157815023400,115.9060234375,-0.4833501875400543,-9.475577354431152,-2.7326035499572754
1788679157832303900,115.92330395507813,-0.5000999569892883,-9.482755661010742,-2.723032236099243
1788679157849584400,115.94058447265625,-0.5240281820297241,-9.504291534423828,-2.7110681533813477
1788679157866865000,115.95786499023437,-0.4977070987224579,-9.516255378723145,-2.7421748638153076
1788679157884145200,115.97514526367188,-0.48095735907554626,-9.528220176696777,-2.7421748638153076
1788679157901425700,115.99242578125,-0.49292147159576416,-9.53061294555664,-2.7086751461029053
1788679157918706000,116.00970581054688,-0.4666004180908203,-9.482755661010742,-2.6943182945251465
1788679157935986400,116.026986328125,-0.4426721930503845,-9.473184585571289,-2.7278177738189697
1788679157953267000,116.04426684570312,-0.42352959513664246,-9.446864128112793,-2.7278177738189697
1788679157970547200,116.06154711914063,-0.40677985548973083,-9.45882797241211,-2.730210542678833
1788679157987827700,116.07882763671876,-0.41156548261642456,-9.499505996704102,-2.7589244842529297
1788679158005108200,116.09610815429687,-0.41156548261642456,-9.516255378723145,-2.785245656967163
1788679158022388500,116.11338842773438,-0.4307080805301666,-9.511469841003418,-2.754138946533203
1788679158039669000,116.1306689453125,-0.4331009089946747,-9.523433685302734,-2.744567632675171
1788679158056949200,116.14794921875,-0.44745782017707825,-9.518648147583008,-2.7565317153930664
1788679158074229800,116.16522973632813,-0.48813581466674805,-9.494720458984375,-2.7828526496887207
1788679158091510300,116.18251025390624,-0.4498506486415863,-9.504291534423828,-2.7876384258270264
1788679158108790500,116.19979052734375,-0.44027936458587646,-9.480362892150879,-2.7397818565368652
1788679158126071000,116.21707104492188,-0.4713860750198364,-9.494720458984375,-2.6943182945251465
1788679158143351600,116.2343515625,-0.4785645306110382,-9.506684303283691,-2.6009981632232666
1788679158160631800,116.2516318359375,-0.4498506486415863,-9.494720458984375,-2.5196423530578613
1788679158177912300,116.26891235351563,-0.4378865361213684,-9.489934921264648,-2.5292134284973145
1788679158195192600,116.28619262695312,-0.4307080805301666,-9.482755661010742,-2.5698914527893066
1788679158212473000,116.30347314453125,-0.47617170214653015,-9.473184585571289,-2.6392834186553955
1788679158229753600,116.32075366210937,-0.49292147159576416,-9.43489933013916,-2.744567632675171
1788679158247033900,116.33803393554687,-0.5096712112426758,-9.401400566101074,-2.8139593601226807
1788679158264314400,116.355314453125,-0.46899324655532837,-9.403793334960938,-2.9072794914245605
1788679158281595000,116.37259497070312,-0.4139583110809326,-9.387042999267578,-3.0556344985961914
1788679158298875100,116.38987524414063,-0.3517449200153351,-9.437292098999023,-3.1728827953338623
1788679158316155600,116.40715576171876,-0.32303106784820557,-9.432506561279297,-3.177668571472168
1788679158333436000,116.42443579101563,-0.3613162338733673,-9.44447135925293,-3.0340991020202637
1788679158350716400,116.44171630859375,-0.4259224236011505,-9.473184585571289,-2.8761727809906006
1788679158367997000,116.45899682617187,-0.4977070987224579,-9.523433685302734,-2.778067111968994
1788679158385277200,116.47627709960938,-0.5599204897880554,-9.509077072143555,-2.6177480220794678
1788679158402557700,116.4935576171875,-0.5599204897880554,-9.55214786529541,-2.4574289321899414
1788679158419838200,116.51083813476562,-0.5575276613235474,-9.616754531860352,-2.407179594039917
1788679158437118500,116.52811840820313,-0.5000999569892883,-9.58325481414795,-2.4406790733337402
1788679158454399000,116.54539892578126,-0.45224347710609436,-9.56889820098877,-2.495713949203491
1788679158471679500,116.56267944335937,-0.3900300860404968,-9.542576789855957,-2.5746772289276123
1788679158488959700,116.57995971679688,-0.3565305769443512,-9.53061294555664,-2.6488547325134277
1788679158506240300,116.597240234375,-0.2871387302875519,-9.461220741271973,-2.761317253112793
1788679158523520500,116.6145205078125,-0.2727817893028259,-9.425328254699707,-2.809173822402954
1788679158540801000,116.63180102539063,-0.24167509377002716,-9.442078590393066,-2.8666014671325684
1788679158558081500,116.64908154296874,-0.23210379481315613,-9.446864128112793,-2.8977081775665283
1788679158575361800,116.66636181640625,-0.24646073579788208,-9.456435203552246,-2.912065267562866
1788679158592642300,116.68364233398438,-0.2919243574142456,-9.477970123291016,-2.9048867225646973
1788679158609922800,116.7009228515625,-0.29431718587875366,-9.480362892150879,-2.888136863708496
1788679158627203000,116.718203125,-0.32303106784820557,-9.521040916442871,-2.919243574142456
1788679158644483600,116.73548364257813,-0.31345975399017334,-9.442078590393066,-2.8809585571289062
1788679158661763800,116.75276391601562,-0.35413774847984314,-9.439684867858887,-2.8354947566986084
1788679158679044400,116.77004443359375,-0.3924229145050049,-9.432506561279297,-2.7804598808288574
1788679158696324900,116.78732495117187,-0.43549370765686035,-9.480362892150879,-2.715853691101074
1788679158713605000,116.80460522460938,-0.44745782017707825,-9.542576789855957,-2.723032236099243
1788679158730885600,116.8218857421875,-0.4211367964744568,-9.528220176696777,-2.775674343109131
1788679158748166100,116.83916625976562,-0.41156548261642456,-9.525827407836914,-2.778067111968994
1788679158765446400,116.8564462890625,-0.3732803463935852,-9.511469841003418,-2.792423963546753
1788679158782727000,116.87372680664062,-0.34217363595962524,-9.516255378723145,-2.7661030292510986
1788679158800007200,116.89100708007813,-0.3613162338733673,-9.45882797241211,-2.7828526496887207
1788679158817287700,116.90828759765625,-0.31824541091918945,-9.45882797241211,-2.8139593601226807
1788679158834568200,116.92556811523437,-0.26560330390930176,-9.449256896972656,-2.895315408706665
1788679158851848400,116.94284838867188,-0.2871387302875519,-9.430113792419434,-2.8905298709869385
1788679158869129000,116.96012890625,-0.30149564146995544,-9.468399047851562,-2.825923442840576
1788679158886409500,116.97740942382812,-0.3038884699344635,-9.518648147583008,-2.833101987838745
1788679158903689700,116.99468969726563,-0.30628129839897156,-9.523433685302734,-2.8905298709869385
1788679158920970200,117.01197021484376,-0.3158525824546814,-9.482755661010742,-2.909672260284424
1788679158938250500,117.02925048828125,-0.27756741642951965,-9.4660062789917,-2.8761727809906006
1788679158955531000,117.04653100585938,-0.2967100143432617,-9.425328254699707,-2.799602508544922
1788679158972811500,117.0638115234375,-0.31345975399017334,-9.446864128112793,-2.7661030292510986
1788679158990091800,117.081091796875,-0.2991028428077698,-9.449256896972656,-2.713460922241211
1788679159007372300,117.09837231445313,-0.38285163044929504,-9.475577354431152,-2.744567632675171
1788679159024652800,117.11565283203124,-0.38285163044929504,-9.475577354431152,-2.7493531703948975
1788679159041933000,117.13293310546875,-0.36610186100006104,-9.487542152404785,-2.7397818565368652
1788679159059213600,117.15021362304688,-0.3924229145050049,-9.487542152404785,-2.8139593601226807
1788679159076493800,117.16749389648437,-0.4043870270252228,-9.494720458984375,-2.8689942359924316
1788679159093774300,117.1847744140625,-0.4331009089946747,-9.492327690124512,-2.8737800121307373
1788679159111054800,117.20205493164063,-0.42352959513664246,-9.473184585571289,-2.8426733016967773
1788679159128335000,117.21933520507812,-0.4043870270252228,-9.468399047851562,-2.816352367401123
1788679159145615600,117.23661572265625,-0.4307080805301666,-9.432506561279297,-2.8498518466949463
1788679159162896100,117.25389624023437,-0.3900300860404968,-9.487542152404785,-2.7589244842529297
1788679159180176400,117.27117626953125,-0.41156548261642456,-9.485149383544922,-2.7326035499572754
1788679159197457000,117.28845678710937,-0.4426721930503845,-9.499505996704102,-2.801995277404785
1788679159214737400,117.3057373046875,-0.4331009089946747,-9.497113227844238,-2.8498518466949463
1788679159232017700,117.323017578125,-0.4378865361213684,-9.504291534423828,-2.8809585571289062
1788679159249298200,117.34029809570312,-0.42352959513664246,-9.45882797241211,-2.854637384414673
1788679159266578400,117.35757836914063,-0.4498506486415863,-9.454042434692383,-2.7637102603912354
1788679159283859000,117.37485888671876,-0.41874396800994873,-9.509077072143555,-2.7493531703948975
1788679159301139500,117.39213940429687,-0.40677985548973083,-9.482755661010742,-2.768495798110962
1788679159318419700,117.40941967773438,-0.4043870270252228,-9.492327690124512,-2.746960401535034
1788679159335700200,117.4267001953125,-0.3900300860404968,-9.463613510131836,-2.7876384258270264
1788679159352980700,117.44398071289062,-0.39960137009620667,-9.456435203552246,-2.799602508544922
1788679159370261000,117.46126098632813,-0.36610186100006104,-9.504291534423828,-2.8187451362609863
1788679159387541500,117.47854150390626,-0.3924229145050049,-9.473184585571289,-2.775674343109131
1788679159404821800,117.49582177734375,-0.37088751792907715,-9.432506561279297,-2.7278177738189697
1788679159422102300,117.51310229492188,-0.3852444589138031,-9.432506561279297,-2.730210542678833
1788679159439382800,117.5303828125,-0.4259224236011505,-9.482755661010742,-2.7397818565368652
1788679159456663000,117.5476630859375,-0.46899324655532837,-9.487542152404785,-2.7014968395233154
1788679159473943600,117.56494360351563,-0.47617170214653015,-9.533005714416504,-2.7038896083831787
1788679159491224000,117.58222412109374,-0.4713860750198364,-9.521040916442871,-2.7517459392547607
1788679159508504300,117.59950439453125,-0.47617170214653015,-9.511469841003418,-2.7876384258270264
1788679159525784800,117.61678491210938,-0.4905286431312561,-9.516255378723145,-2.854637384414673
1788679159543065000,117.63406518554687,-0.48095735907554626,-9.497113227844238,-2.854637384414673
1788679159560345600,117.651345703125,-0.4785645306110382,-9.480362892150879,-2.8187451362609863
1788679159577626000,117.66862622070313,-0.43549370765686035,-9.468399047851562,-2.7828526496887207
1788679159594906400,117.68590625,-0.44745782017707825,-9.401400566101074,-2.7565317153930664
1788679159612187000,117.70318676757813,-0.46899324655532837,-9.387042999267578,-2.65842604637146
1788679159629467400,117.72046728515625,-0.4737788736820221,-9.475577354431152,-2.579462766647339
1788679159646747600,117.73774755859375,-0.4737788736820221,-9.518648147583008,-2.6297121047973633
1788679159664028200,117.75502807617187,-0.45224347710609436,-9.549755096435547,-2.7278177738189697
1788679159681308400,117.77230834960938,-0.4378865361213684,-9.55214786529541,-2.8211379051208496
1788679159698589000,117.7895888671875,-0.3852444589138031,-9.511469841003418,-2.854637384414673
1788679159715869400,117.80686938476562,-0.37088751792907715,-9.485149383544922,-2.902493953704834
1788679159733149700,117.82414965820313,-0.35413774847984314,-9.4660062789917,-2.9144580364227295
1788679159750430200,117.84143017578126,-0.35892340540885925,-9.439684867858887,-2.909672260284424
1788679159767710700,117.85871069335937,-0.32303106784820557,-9.456435203552246,-2.8929226398468018
1788679159784991000,117.87599096679688,-0.28235307335853577,-9.461220741271973,-2.8354947566986084
1788679159802271500,117.893271484375,-0.2632105052471161,-9.492327690124512,-2.792423963546753
1788679159819551700,117.9105517578125,-0.2584248483181,-9.473184585571289,-2.7732813358306885
1788679159836832300,117.92783227539063,-0.275174617767334,-9.511469841003418,-2.801995277404785
1788679159854112800,117.94511279296874,-0.3517449200153351,-9.477970123291016,-2.785245656967163
1788679159871393000,117.96239306640625,-0.31824541091918945,-9.456435203552246,-2.8139593601226807
1788679159888673500,117.97967358398438,-0.380458801984787,-9.454042434692383,-2.8283164501190186
1788679159905954000,117.9969541015625,-0.38763725757598877,-9.461220741271973,-2.806781053543091
1788679159923234300,118.014234375,-0.4163511395454407,-9.480362892150879,-2.7565317153930664
1788679159940514800,118.03151489257813,-0.4091726839542389,-9.473184585571289,-2.8115665912628174
1788679159957795000,118.04879516601562,-0.4331009089946747,-9.489934921264648,-2.816352367401123
1788679159975075600,118.06607568359375,-0.4163511395454407,-9.501898765563965,-2.847458839416504
1788679159992356000,118.08335620117188,-0.4211367964744568,-9.499505996704102,-2.909672260284424
1788679160009636400,118.10063623046875,-0.37806597352027893,-9.446864128112793,-2.9001009464263916
1788679160026916900,118.11791674804688,-0.3397808074951172,-9.41336441040039,-2.9144580364227295
1788679160044197400,118.135197265625,-0.32542386651039124,-9.399007797241211,-2.9048867225646973
1788679160061477600,118.1524775390625,-0.36610186100006104,-9.425328254699707,-2.9288148880004883
1788679160078758100,118.16975805664063,-0.3684946894645691,-9.403793334960938,-2.926422119140625
1788679160096038700,118.18703857421875,-0.37088751792907715,-9.387042999267578,-2.8498518466949463
1788679160113319000,118.20431884765625,-0.41156548261642456,-9.446864128112793,-2.830709218978882
1788679160130599200,118.22159912109375,-0.4450650215148926,-9.497113227844238,-2.825923442840576
1788679160147879700,118.23887963867188,-0.5024927258491516,-9.518648147583008,-2.806781053543091
1788679160165160200,118.25616015625,-0.5048855543136597,-9.499505996704102,-2.801995277404785
1788679160182440400,118.2734404296875,-0.5168496966362,-9.506684303283691,-2.8115665912628174
1788679160199721000,118.29072094726563,-0.5168496966362,-9.504291534423828,-2.8498518466949463
1788679160217001500,118.30800146484376,-0.5048855543136597,-9.477970123291016,-2.8594231605529785
1788679160234281700,118.32528173828125,-0.45224347710609436,-9.480362892150879,-2.8594231605529785
1788679160251562200,118.34256225585938,-0.4163511395454407,-9.42772102355957,-2.864208698272705
1788679160268842500,118.35984252929687,-0.4259224236011505,-9.396614074707031,-2.8426733016967773
1788679160286123000,118.377123046875,-0.5048855543136597,-9.454042434692383,-2.8809585571289062
1788679160303403500,118.39440356445313,-0.6508477330207825,-9.547362327575684,-2.744567632675171
1788679160320683800,118.41168383789062,-0.34217363595962524,-9.499505996704102,-2.4646072387695312
1788679160337964300,118.42896435546875,-0.24167509377002716,-9.44447135925293,-2.562713146209717
1788679160355244800,118.44624487304688,-0.4139583110809326,-9.41336441040039,-2.7254250049591064
1788679160372525000,118.46352514648437,-0.42831525206565857,-9.509077072143555,-2.6321048736572266
1788679160389805600,118.4808056640625,-0.39960137009620667,-9.542576789855957,-2.65842604637146
1788679160407085800,118.4980859375,-0.3397808074951172,-9.547362327575684,-2.8139593601226807
1788679160424366300,118.51536645507812,-0.3326023519039154,-9.53061294555664,-2.9216363430023193
1788679160441646800,118.53264672851563,-0.3397808074951172,-9.482755661010742,-2.9048867225646973
1788679160458927000,118.54992700195312,-0.2871387302875519,-9.418149948120117,-2.7732813358306885
1788679160476207600,118.56720751953125,-0.20338992774486542,-9.422935485839844,-2.7517459392547607
1788679160493488000,118.58448803710938,-0.19621145725250244,-9.45882797241211,-2.7876384258270264
1788679160510768400,118.60176831054687,-0.23688943684101105,-9.456435203552246,-2.799602508544922
1788679160528049000,118.619048828125,-0.24167509377002716,-9.482755661010742,-2.8283164501190186
1788679160545329200,118.6363291015625,-0.2225325107574463,-9.480362892150879,-2.861815929412842
1788679160562609700,118.65360961914062,-0.2225325107574463,-9.497113227844238,-2.9288148880004883
1788679160579890200,118.67089013671875,-0.2584248483181,-9.44447135925293,-2.878565549850464
1788679160597170400,118.68817041015625,-0.33020952343940735,-9.454042434692383,-2.816352367401123
1788679160614451000,118.70545092773438,-0.363709032535553,-9.4660062789917,-2.7565317153930664
1788679160631731500,118.7227314453125,-0.38763725757598877,-9.506684303283691,-2.7397818565368652
1788679160649011700,118.74001171875,-0.3278166949748993,-9.497113227844238,-2.761317253112793
1788679160666292200,118.75729223632813,-0.3278166949748993,-9.501898765563965,-2.8115665912628174
1788679160683572500,118.77457250976562,-0.2847459018230438,-9.492327690124512,-2.8666014671325684
1788679160700853000,118.79185302734375,-0.27756741642951965,-9.449256896972656,-2.912065267562866
1788679160718133500,118.80913354492188,-0.2512463629245758,-9.41336441040039,-2.964707374572754
1788679160735413800,118.82641381835937,-0.24406790733337402,-9.4061861038208,-2.9838497638702393
1788679160752694300,118.8436943359375,-0.2871387302875519,-9.430113792419434,-3.0173492431640625
1788679160769974800,118.86097485351563,-0.36610186100006104,-9.43489933013916,-3.012563705444336
1788679160787255000,118.87825512695312,-0.397208571434021,-9.461220741271973,-2.957528829574585
1788679160804535600,118.89553564453125,-0.4211367964744568,-9.4660062789917,-2.9144580364227295
1788679160821815800,118.91281591796874,-0.397208571434021,-9.489934921264648,-2.8689942359924316
1788679160839096300,118.93009643554687,-0.38763725757598877,-9.504291534423828,-2.857030153274536
1788679160856376800,118.947376953125,-0.3613162338733673,-9.487542152404785,-2.8450660705566406
1788679160873657000,118.96465698242187,-0.31345975399017334,-9.442078590393066,-2.8522446155548096
1788679160890937600,118.9819375,-0.3206382393836975,-9.461220741271973,-2.861815929412842
1788679160908218000,118.99921801757813,-0.33499518036842346,-9.430113792419434,-2.823530673980713
1788679160925498400,119.01649829101562,-0.31106695532798767,-9.456435203552246,-2.885744094848633
1788679160942778600,119.03377856445313,-0.3397808074951172,-9.461220741271973,-2.878565549850464
1788679160960059100,119.05105908203124,-0.3565305769443512,-9.482755661010742,-2.840280532836914
1788679160977339600,119.06833959960937,-0.3732803463935852,-9.482755661010742,-2.8498518466949463
1788679160994620200,119.0856201171875,-0.3565305769443512,-9.456435203552246,-2.816352367401123
1788679161011900400,119.102900390625,-0.3038884699344635,-9.487542152404785,-2.8666014671325684
1788679161029181000,119.12018090820312,-0.26560330390930176,-9.470791816711426,-2.8737800121307373
1788679161046461200,119.13746118164063,-0.25363919138908386,-9.449256896972656,-2.8522446155548096
1788679161063741700,119.15474169921875,-0.2799602448940277,-9.44447135925293,-2.8498518466949463
1788679161081022200,119.17202221679688,-0.3206382393836975,-9.45164966583252,-2.8594231605529785
1788679161098302500,119.18930249023437,-0.3397808074951172,-9.461220741271973,-2.8689942359924316
1788679161115583000,119.2065830078125,-0.33499518036842346,-9.437292098999023,-2.8283164501190186
1788679161132863200,119.22386328125,-0.33738797903060913,-9.463613510131836,-2.7972097396850586
1788679161150143700,119.24114379882812,-0.31824541091918945,-9.475577354431152,-2.8211379051208496
1788679161167424300,119.25842431640625,-0.33020952343940735,-9.473184585571289,-2.8187451362609863
1788679161184704500,119.27570458984376,-0.33738797903060913,-9.482755661010742,-2.809173822402954
1788679161201985000,119.29298510742187,-0.38285163044929504,-9.473184585571289,-2.8115665912628174
1788679161219265300,119.31026538085938,-0.4043870270252228,-9.487542152404785,-2.754138946533203
1788679161236545800,119.3275458984375,-0.39481574296951294,-9.501898765563965,-2.785245656967163
1788679161253826300,119.34482641601562,-0.3756731450557709,-9.489934921264648,-2.809173822402954
1788679161271106600,119.3621064453125,-0.3326023519039154,-9.44447135925293,-2.816352367401123
1788679161288387000,119.37938696289062,-0.3326023519039154,-9.461220741271973,-2.8426733016967773
1788679161305667600,119.39666748046875,-0.33738797903060913,-9.45882797241211,-2.833101987838745
1788679161322947800,119.41394775390626,-0.31824541091918945,-9.456435203552246,-2.8666014671325684
1788679161340228400,119.43122827148437,-0.28953152894973755,-9.45882797241211,-2.8689942359924316
1788679161357508900,119.4485087890625,-0.30149564146995544,-9.468399047851562,-2.912065267562866
1788679161374789000,119.4657890625,-0.33020952343940735,-9.463613510131836,-2.912065267562866
1788679161392069600,119.48306958007812,-0.31824541091918945,-9.454042434692383,-2.943171739578247
1788679161409350000,119.50034985351563,-0.2847459018230438,-9.463613510131836,-2.9168508052825928
1788679161426630400,119.51763037109374,-0.3206382393836975,-9.408578872680664,-2.9216363430023193
1788679161443911000,119.53491088867187,-0.33020952343940735,-9.418149948120117,-2.9072794914245605
1788679161461191200,119.55219116210938,-0.33499518036842346,-9.461220741271973,-2.9144580364227295
1788679161478471700,119.5694716796875,-0.3684946894645691,-9.480362892150879,-2.8426733016967773
1788679161495752200,119.58675219726562,-0.37806597352027893,-9.461220741271973,-2.799602508544922
1788679161513032400,119.60403247070313,-0.3852444589138031,-9.475577354431152,-2.806781053543091
1788679161530313000,119.62131298828125,-0.4163511395454407,-9.482755661010742,-2.8139593601226807
1788679161547593200,119.63859326171875,-0.4307080805301666,-9.499505996704102,-2.770888566970825
1788679161564873700,119.65587377929687,-0.4426721930503845,-9.492327690124512,-2.770888566970825
1788679161582154200,119.673154296875,-0.4211367964744568,-9.528220176696777,-2.801995277404785
1788679161599434500,119.6904345703125,-0.37806597352027893,-9.468399047851562,-2.768495798110962
1788679161616715000,119.70771508789062,-0.349352091550827,-9.470791816711426,-2.809173822402954
1788679161633995300,119.72499536132813,-0.3326023519039154,-9.454042434692383,-2.8498518466949463
1788679161651275800,119.74227587890626,-0.33499518036842346,-9.45882797241211,-2.8833513259887695
1788679161668556000,119.75955615234375,-0.3158525824546814,-9.45164966583252,-2.878565549850464
1788679161685836500,119.77683642578126,-0.32303106784820557,-9.425328254699707,-2.854637384414673
1788679161703117000,119.79411694335937,-0.3445664644241333,-9.446864128112793,-2.8594231605529785
1788679161720397300,119.81139721679688,-0.3326023519039154,-9.454042434692383,-2.871387243270874
1788679161737677800,119.828677734375,-0.3613162338733673,-9.473184585571289,-2.8761727809906006
1788679161754958300,119.84595825195312,-0.37088751792907715,-9.492327690124512,-2.864208698272705
1788679161772238600,119.86323852539063,-0.363709032535553,-9.482755661010742,-2.8833513259887695
1788679161789519000,119.88051904296876,-0.3565305769443512,-9.454042434692383,-2.8666014671325684
1788679161806799400,119.89779931640625,-0.34695929288864136,-9.432506561279297,-2.837887763977051
1788679161824080000,119.91507983398438,-0.3565305769443512,-9.446864128112793,-2.8450660705566406
1788679161841360400,119.9323603515625,-0.3517449200153351,-9.494720458984375,-2.840280532836914
1788679161858640600,119.949640625,-0.363709032535553,-9.468399047851562,-2.794816732406616
1788679161875921200,119.96692114257813,-0.4043870270252228,-9.470791816711426,-2.7637102603912354
1788679161893201700,119.98420166015624,-0.4331009089946747,-9.470791816711426,-2.7565317153930664
1788679161910482000,120.00148193359375,-0.4546363055706024,-9.523433685302734,-2.7278177738189697
1788679161927762400,120.01876245117188,-0.49292147159576416,-9.494720458984375,-2.7086751461029053
1788679161945042700,120.03604272460937,-0.44745782017707825,-9.482755661010742,-2.737389087677002
1788679161962323200,120.0533232421875,-0.4211367964744568,-9.499505996704102,-2.785245656967163
1788679161979603700,120.07060375976563,-0.397208571434021,-9.492327690124512,-2.775674343109131
1788679161996884000,120.08788403320312,-0.4019941985607147,-9.45164966583252,-2.713460922241211
1788679162014164500,120.10516455078125,-0.4019941985607147,-9.482755661010742,-2.7421748638153076
1788679162031445000,120.12244506835937,-0.4019941985607147,-9.468399047851562,-2.7972097396850586
1788679162048725200,120.13972534179688,-0.4043870270252228,-9.449256896972656,-2.785245656967163
1788679162066005800,120.157005859375,-0.38285163044929504,-9.4660062789917,-2.785245656967163
1788679162083286000,120.1742861328125,-0.380458801984787,-9.473184585571289,-2.7804598808288574
1788679162100566500,120.19156640625,-0.3852444589138031,-9.497113227844238,-2.8115665912628174
1788679162117847000,120.20884692382812,-0.3924229145050049,-9.506684303283691,-2.854637384414673
1788679162135127300,120.22612719726563,-0.3732803463935852,-9.470791816711426,-2.8761727809906006
1788679162152407800,120.24340771484376,-0.36610186100006104,-9.454042434692383,-2.8737800121307373
1788679162169688000,120.26068798828125,-0.349352091550827,-9.461220741271973,-2.8689942359924316
1788679162186968600,120.27796850585938,-0.3278166949748993,-9.470791816711426,-2.864208698272705
1788679162204248800,120.29524877929687,-0.2991028428077698,-9.4660062789917,-2.9001009464263916
1788679162221529300,120.312529296875,-0.2991028428077698,-9.4660062789917,-2.9599215984344482
1788679162238809900,120.32980981445313,-0.3086741268634796,-9.45882797241211,-2.9623143672943115
1788679162256090000,120.34709008789062,-0.33020952343940735,-9.463613510131836,-2.912065267562866
1788679162273370600,120.36437060546875,-0.36610186100006104,-9.473184585571289,-2.830709218978882
1788679162290651100,120.38165112304688,-0.4043870270252228,-9.44447135925293,-2.6943182945251465
1788679162307931400,120.39893139648437,-0.4019941985607147,-9.475577354431152,-2.572284460067749
1788679162325212000,120.4162119140625,-0.37806597352027893,-9.516255378723145,-2.5531418323516846
1788679162342492200,120.4334921875,-0.363709032535553,-9.53061294555664,-2.59621262550354
1788679162359772700,120.45077270507812,-0.3732803463935852,-9.521040916442871,-2.557927370071411
1788679162377053200,120.46805322265625,-0.4091726839542389,-9.525827407836914,-2.53399920463562
1788679162394333400,120.48533349609374,-0.41874396800994873,-9.518648147583008,-2.5531418323516846
1788679162411614000,120.50261401367187,-0.38763725757598877,-9.53779125213623,-2.644068956375122
1788679162428894500,120.51989453125,-0.3756731450557709,-9.513862609863281,-2.746960401535034
1788679162446174700,120.5371748046875,-0.34695929288864136,-9.446864128112793,-2.806781053543091
1788679162463455200,120.55445532226562,-0.3158525824546814,-9.456435203552246,-2.8594231605529785
1788679162480735500,120.57173559570313,-0.30628129839897156,-9.4660062789917,-2.9072794914245605
1788679162498016000,120.58901611328125,-0.28235307335853577,-9.442078590393066,-2.926422119140625
1788679162515296300,120.60629614257813,-0.2679961323738098,-9.430113792419434,-2.9216363430023193
1788679162532576800,120.62357666015625,-0.2679961323738098,-9.454042434692383,-2.964707374572754
1788679162549857300,120.64085717773438,-0.27038896083831787,-9.477970123291016,-2.974278450012207
1788679162567137800,120.6581376953125,-0.2967100143432617,-9.477970123291016,-2.933600664138794
1788679162584418000,120.67541796875,-0.34217363595962524,-9.430113792419434,-2.940778970718384
1788679162601698300,120.6926982421875,-0.33020952343940735,-9.446864128112793,-2.840280532836914
1788679162618978800,120.70997875976562,-0.37806597352027893,-9.485149383544922,-2.8139593601226807
1788679162636259300,120.72725927734375,-0.4307080805301666,-9.492327690124512,-2.8211379051208496
1788679162653539600,120.74453955078125,-0.4378865361213684,-9.511469841003418,-2.806781053543091
1788679162670820000,120.76182006835937,-0.44027936458587646,-9.497113227844238,-2.833101987838745
1788679162688100600,120.7791005859375,-0.4331009089946747,-9.468399047851562,-2.823530673980713
1788679162705380900,120.796380859375,-0.4139583110809326,-9.468399047851562,-2.801995277404785
1788679162722661400,120.81366137695312,-0.3852444589138031,-9.45882797241211,-2.7804598808288574
1788679162739941600,120.83094165039063,-0.4211367964744568,-9.45164966583252,-2.8043880462646484
1788679162757222100,120.84822216796876,-0.4163511395454407,-9.475577354431152,-2.8187451362609863
1788679162774502700,120.86550268554687,-0.41874396800994873,-9.513862609863281,-2.840280532836914
1788679162791783000,120.88278295898438,-0.4043870270252228,-9.468399047851562,-2.816352367401123
1788679162809063400,120.9000634765625,-0.35892340540885925,-9.461220741271973,-2.8187451362609863
1788679162826344000,120.91734399414062,-0.3445664644241333,-9.45164966583252,-2.8809585571289062
1788679162843624200,120.93462426757813,-0.35892340540885925,-9.45164966583252,-2.895315408706665
1788679162860904700,120.95190478515624,-0.3397808074951172,-9.480362892150879,-2.8929226398468018
1788679162878185200,120.96918530273437,-0.34217363595962524,-9.473184585571289,-2.8977081775665283
1788679162895465500,120.98646557617188,-0.3445664644241333,-9.485149383544922,-2.8929226398468018
1788679162912745700,121.00374584960937,-0.3206382393836975,-9.477970123291016,-2.878565549850464
1788679162930026200,121.02102612304688,-0.3086741268634796,-9.501898765563965,-2.833101987838745
1788679162947306800,121.038306640625,-0.3565305769443512,-9.437292098999023,-2.7589244842529297
1788679162964587000,121.0555869140625,-0.35892340540885925,-9.43489933013916,-2.744567632675171
1788679162981867500,121.07286743164063,-0.397208571434021,-9.4660062789917,-2.720639228820801
1788679162999148000,121.09014794921875,-0.4163511395454407,-9.487542152404785,-2.6799614429473877
1788679163016428300,121.10742822265625,-0.4331009089946747,-9.516255378723145,-2.63449764251709
1788679163033708800,121.12470874023437,-0.4163511395454407,-9.518648147583008,-2.6536402702331543
1788679163050989000,121.14198901367187,-0.4259224236011505,-9.511469841003418,-2.667997360229492
1788679163068269600,121.15926953125,-0.42831525206565857,-9.516255378723145,-2.667997360229492
1788679163085550000,121.17655004882812,-0.42831525206565857,-9.525827407836914,-2.6703901290893555
1788679163102830300,121.19383032226563,-0.4163511395454407,-9.521040916442871,-2.699103832244873
1788679163120110800,121.21111083984376,-0.397208571434021,-9.487542152404785,-2.7038896083831787
1788679163137391400,121.22839135742187,-0.38763725757598877,-9.470791816711426,-2.715853691101074
1788679163154671600,121.24567163085938,-0.38285163044929504,-9.468399047851562,-2.7804598808288574
1788679163171952000,121.2629521484375,-0.3684946894645691,-9.446864128112793,-2.809173822402954
1788679163189232400,121.280232421875,-0.380458801984787,-9.439684867858887,-2.8594231605529785
1788679163206513000,121.29751293945313,-0.3852444589138031,-9.449256896972656,-2.8977081775665283
1788679163223793400,121.31479345703124,-0.397208571434021,-9.456435203552246,-2.871387243270874
1788679163241073700,121.33207373046875,-0.40677985548973083,-9.511469841003418,-2.9001009464263916
1788679163258354200,121.34935424804688,-0.4259224236011505,-9.475577354431152,-2.8761727809906006
1788679163275634400,121.36663452148437,-0.4259224236011505,-9.477970123291016,-2.8498518466949463
1788679163292915000,121.3839150390625,-0.4211367964744568,-9.489934921264648,-2.8187451362609863
1788679163310195200,121.4011953125,-0.4211367964744568,-9.468399047851562,-2.7876384258270264
1788679163327475700,121.41847583007812,-0.41874396800994873,-9.473184585571289,-2.746960401535034
1788679163344756200,121.43575610351563,-0.4139583110809326,-9.477970123291016,-2.754138946533203
1788679163362036500,121.45303637695312,-0.4211367964744568,-9.4660062789917,-2.744567632675171
1788679163379317000,121.47031689453125,-0.3924229145050049,-9.504291534423828,-2.754138946533203
1788679163396597500,121.48759741210938,-0.38763725757598877,-9.501898765563965,-2.7876384258270264
1788679163413877800,121.50487768554687,-0.38285163044929504,-9.470791816711426,-2.792423963546753
1788679163431158300,121.522158203125,-0.37806597352027893,-9.4660062789917,-2.794816732406616
1788679163448438500,121.5394384765625,-0.35892340540885925,-9.499505996704102,-2.7972097396850586
1788679163465719000,121.55671899414062,-0.380458801984787,-9.470791816711426,-2.792423963546753
1788679163482999600,121.57399951171875,-0.33738797903060913,-9.506684303283691,-2.8450660705566406
1788679163500279800,121.59127978515625,-0.31345975399017334,-9.511469841003418,-2.8426733016967773
1788679163517560300,121.60856030273438,-0.3086741268634796,-9.487542152404785,-2.823530673980713
1788679163534840800,121.6258408203125,-0.3158525824546814,-9.4660062789917,-2.7637102603912354
1788679163552121000,121.64312109375,-0.34217363595962524,-9.418149948120117,-2.7589244842529297
1788679163569401600,121.66040161132813,-0.363709032535553,-9.449256896972656,-2.7517459392547607
1788679163586681900,121.67768188476562,-0.4259224236011505,-9.463613510131836,-2.7517459392547607
1788679163603962400,121.69496240234375,-0.4307080805301666,-9.492327690124512,-2.7326035499572754
1788679163621242600,121.71224267578125,-0.42831525206565857,-9.480362892150879,-2.6943182945251465
1788679163638523100,121.72952319335937,-0.4498506486415863,-9.516255378723145,-2.699103832244873
1788679163655803600,121.7468037109375,-0.4666004180908203,-9.499505996704102,-2.737389087677002
1788679163673084000,121.764083984375,-0.4953143000602722,-9.494720458984375,-2.785245656967163
1788679163690364400,121.78136450195312,-0.4905286431312561,-9.504291534423828,-2.809173822402954
1788679163707644700,121.79864477539063,-0.4666004180908203,-9.45164966583252,-2.7732813358306885
1788679163724925200,121.81592529296876,-0.44745782017707825,-9.456435203552246,-2.7637102603912354
1788679163742205700,121.83320581054687,-0.43549370765686035,-9.480362892150879,-2.816352367401123
1788679163759486000,121.85048583984376,-0.4378865361213684,-9.499505996704102,-2.8139593601226807
1788679163776766500,121.86776635742187,-0.4211367964744568,-9.506684303283691,-2.809173822402954
1788679163794047000,121.885046875,-0.3852444589138031,-9.487542152404785,-2.837887763977051
1788679163811327200,121.9023271484375,-0.34695929288864136,-9.45164966583252,-2.861815929412842
1788679163828607700,121.91960766601562,-0.349352091550827,-9.461220741271973,-2.8426733016967773
1788679163845888000,121.93688793945313,-0.363709032535553,-9.449256896972656,-2.8187451362609863
1788679163863168500,121.95416845703124,-0.363709032535553,-9.42772102355957,-2.7900311946868896
1788679163880449000,121.97144897460937,-0.3756731450557709,-9.461220741271973,-2.806781053543091
1788679163897729300,121.98872924804688,-0.3900300860404968,-9.499505996704102,-2.799602508544922
1788679163915009800,122.006009765625,-0.42831525206565857,-9.509077072143555,-2.7900311946868896
1788679163932290300,122.02329028320312,-0.4259224236011505,-9.504291534423828,-2.744567632675171
1788679163949570600,122.04057055664063,-0.4426721930503845,-9.497113227844238,-2.737389087677002
1788679163966850800,122.05785083007812,-0.4331009089946747,-9.55214786529541,-2.7661030292510986
1788679163984131300,122.07513134765625,-0.4307080805301666,-9.485149383544922,-2.7397818565368652
1788679164001411800,122.09241186523437,-0.380458801984787,-9.463613510131836,-2.730210542678833
1788679164018692000,122.10969213867187,-0.3684946894645691,-9.449256896972656,-2.723032236099243
1788679164035972600,122.12697265625,-0.3756731450557709,-9.463613510131836,-2.761317253112793
1788679164053253000,122.14425317382812,-0.349352091550827,-9.44447135925293,-2.7565317153930664
1788679164070533400,122.16153344726563,-0.34695929288864136,-9.4660062789917,-2.8115665912628174
1788679164087814000,122.17881396484376,-0.349352091550827,-9.477970123291016,-2.8761727809906006
1788679164105094100,122.19609423828125,-0.380458801984787,-9.525827407836914,-2.9240293502807617
1788679164122374700,122.21337475585938,-0.3445664644241333,-9.523433685302734,-2.9455647468566895
1788679164139655200,122.2306552734375,-0.3756731450557709,-9.497113227844238,-2.8977081775665283
1788679164156935400,122.24793530273438,-0.3565305769443512,-9.492327690124512,-2.9001009464263916
1788679164174216000,122.2652158203125,-0.3445664644241333,-9.480362892150879,-2.861815929412842
1788679164191496400,122.28249633789062,-0.3158525824546814,-9.45882797241211,-2.8187451362609863
1788679164208776700,122.29977661132813,-0.2991028428077698,-9.442078590393066,-2.8043880462646484
1788679164226057200,122.31705712890626,-0.31345975399017334,-9.41336441040039,-2.7589244842529297
1788679164243337500,122.33433740234375,-0.3684946894645691,-9.446864128112793,-2.7086751461029053
1788679164260618000,122.35161791992188,-0.397208571434021,-9.4660062789917,-2.66560435295105
1788679164277898200,122.36889819335937,-0.4331009089946747,-9.504291534423828,-2.6727828979492188
1788679164295178800,122.3861787109375,-0.44745782017707825,-9.561718940734863,-2.720639228820801
1788679164312459300,122.40345922851563,-0.45224347710609436,-9.509077072143555,-2.6967110633850098
1788679164329739500,122.42073950195312,-0.4450650215148926,-9.504291534423828,-2.66560435295105
1788679164347020000,122.43802001953125,-0.46420758962631226,-9.523433685302734,-2.7014968395233154
1788679164364300300,122.45530029296874,-0.4618147611618042,-9.487542152404785,-2.7110681533813477
1788679164381580800,122.47258081054687,-0.42352959513664246,-9.454042434692383,-2.7110681533813477
1788679164398861300,122.489861328125,-0.39960137009620667,-9.454042434692383,-2.7517459392547607
1788679164416141600,122.5071416015625,-0.3900300860404968,-9.499505996704102,-2.7828526496887207
1788679164433422000,122.52442211914062,-0.35413774847984314,-9.513862609863281,-2.857030153274536
1788679164450702600,122.54170263671875,-0.3445664644241333,-9.437292098999023,-2.840280532836914
1788679164467982800,122.55898291015625,-0.3326023519039154,-9.461220741271973,-2.8761727809906006
1788679164485263000,122.57626318359375,-0.34695929288864136,-9.489934921264648,-2.9288148880004883
1788679164502543600,122.59354370117188,-0.3756731450557709,-9.45164966583252,-2.8977081775665283
1788679164519824100,122.61082421875,-0.35413774847984314,-9.415757179260254,-2.926422119140625
1788679164537104400,122.6281044921875,-0.3517449200153351,-9.475577354431152,-2.9383862018585205
1788679164554385000,122.64538500976562,-0.3278166949748993,-9.482755661010742,-2.9216363430023193
1788679164571665400,122.66266552734375,-0.3278166949748993,-9.449256896972656,-2.823530673980713
1788679164588945700,122.67994555664062,-0.34217363595962524,-9.456435203552246,-2.830709218978882
1788679164606226200,122.69722607421875,-0.3565305769443512,-9.468399047851562,-2.8594231605529785
1788679164623506400,122.71450634765625,-0.397208571434021,-9.477970123291016,-2.8043880462646484
1788679164640787000,122.73178686523437,-0.41156548261642456,-9.533005714416504,-2.7517459392547607
1788679164658067500,122.7490673828125,-0.3326023519039154,-9.542576789855957,-2.7637102603912354
1788679164675347700,122.76634765625,-0.28235307335853577,-9.492327690124512,-2.785245656967163
1788679164692628200,122.78362817382812,-0.28235307335853577,-9.454042434692383,-2.8761727809906006
1788679164709908500,122.80090844726563,-0.3158525824546814,-9.437292098999023,-2.861815929412842
1788679164727189000,122.81818896484376,-0.2967100143432617,-9.4660062789917,-2.8498518466949463
1788679164744469200,122.83546923828125,-0.33020952343940735,-9.482755661010742,-2.854637384414673
1788679164761749800,122.85274975585938,-0.3684946894645691,-9.475577354431152,-2.871387243270874
1788679164779030300,122.8700302734375,-0.3852444589138031,-9.437292098999023,-2.785245656967163
1788679164796310500,122.887310546875,-0.45942193269729614,-9.497113227844238,-2.768495798110962
1788679164813591000,122.90459106445313,-0.48813581466674805,-9.499505996704102,-2.715853691101074
1788679164830871600,122.92187158203124,-0.5048855543136597,-9.509077072143555,-2.6632115840911865
1788679164848151800,122.93915185546875,-0.5144568681716919,-9.509077072143555,-2.6177480220794678
1788679164865432300,122.95643237304688,-0.48574298620224,-9.523433685302734,-2.6057839393615723
1788679164882712600,122.97371264648437,-0.48574298620224,-9.499505996704102,-2.620140790939331
1788679164899993000,122.9909931640625,-0.4905286431312561,-9.468399047851562,-2.6081767082214355
1788679164917273600,123.00827368164063,-0.5048855543136597,-9.468399047851562,-2.6153552532196045
1788679164934553900,123.02555395507812,-0.5072783827781677,-9.501898765563965,-2.65842604637146
1788679164951834400,123.04283447265625,-0.46899324655532837,-9.53779125213623,-2.7349963188171387
1788679164969115000,123.06011499023438,-0.41874396800994873,-9.525827407836914,-2.833101987838745
1788679164986395100,123.07739501953125,-0.4211367964744568,-9.475577354431152,-2.830709218978882
1788679165003675400,123.09467529296874,-0.42831525206565857,-9.475577354431152,-2.799602508544922
1788679165020956000,123.11195581054687,-0.4259224236011505,-9.45164966583252,-2.806781053543091
1788679165038236400,123.129236328125,-0.4211367964744568,-9.415757179260254,-2.8139593601226807
1788679165055516700,123.1465166015625,-0.4019941985607147,-9.4061861038208,-2.825923442840576
1788679165072797200,123.16379711914063,-0.4043870270252228,-9.456435203552246,-2.801995277404785
1788679165090077700,123.18107763671875,-0.397208571434021,-9.513862609863281,-2.809173822402954
1788679165107358000,123.19835791015625,-0.4211367964744568,-9.509077072143555,-2.7828526496887207
1788679165124638500,123.21563842773438,-0.44027936458587646,-9.470791816711426,-2.746960401535034
1788679165141918700,123.23291870117187,-0.4546363055706024,-9.497113227844238,-2.7349963188171387
1788679165159199200,123.25019921875,-0.46420758962631226,-9.509077072143555,-2.7565317153930664
1788679165176479700,123.26747973632813,-0.44745782017707825,-9.521040916442871,-2.775674343109131
1788679165193760000,123.28476000976562,-0.4043870270252228,-9.516255378723145,-2.837887763977051
1788679165211040500,123.30204052734375,-0.35892340540885925,-9.494720458984375,-2.854637384414673
1788679165228320800,123.31932080078126,-0.32303106784820557,-9.504291534423828,-2.9001009464263916
1788679165245601300,123.33660131835937,-0.31345975399017334,-9.45882797241211,-2.9240293502807617
1788679165262881800,123.3538818359375,-0.2847459018230438,-9.446864128112793,-2.9168508052825928
1788679165280162000,123.371162109375,-0.30628129839897156,-9.41336441040039,-2.9048867225646973
1788679165297442600,123.38844262695312,-0.3326023519039154,-9.418149948120117,-2.8737800121307373
1788679165314722800,123.40572290039063,-0.37088751792907715,-9.456435203552246,-2.8211379051208496
1788679165332003300,123.42300341796874,-0.35892340540885925,-9.501898765563965,-2.816352367401123
1788679165349283800,123.44028393554687,-0.3517449200153351,-9.494720458984375,-2.830709218978882
1788679165366564000,123.45756420898438,-0.36610186100006104,-9.480362892150879,-2.8187451362609863
1788679165383844600,123.4748447265625,-0.3900300860404968,-9.463613510131836,-2.761317253112793
1788679165401124900,123.49212475585938,-0.39960137009620667,-9.482755661010742,-2.7876384258270264
1788679165418405400,123.5094052734375,-0.38285163044929504,-9.494720458984375,-2.8498518466949463
1788679165435686000,123.52668579101562,-0.34217363595962524,-9.461220741271973,-2.854637384414673
1788679165452966100,123.54396606445313,-0.3278166949748993,-9.45164966583252,-2.8594231605529785
1788679165470246700,123.56124658203125,-0.3517449200153351,-9.456435203552246,-2.8450660705566406
1788679165487527200,123.57852709960937,-0.3732803463935852,-9.4660062789917,-2.8043880462646484
1788679165504807400,123.59580737304688,-0.35892340540885925,-9.497113227844238,-2.792423963546753
1788679165522087700,123.61308764648437,-0.33499518036842346,-9.482755661010742,-2.746960401535034
1788679165539368200,123.6303681640625,-0.36610186100006104,-9.477970123291016,-2.7110681533813477
1788679165556648700,123.64764868164062,-0.3852444589138031,-9.473184585571289,-2.7038896083831787
1788679165573929000,123.66492895507812,-0.4163511395454407,-9.45164966583252,-2.6727828979492188
1788679165591209500,123.68220947265625,-0.4307080805301666,-9.492327690124512,-2.675175666809082
1788679165608490000,123.69948999023437,-0.46899324655532837,-9.482755661010742,-2.715853691101074
1788679165625770200,123.71677026367188,-0.44027936458587646,-9.468399047851562,-2.6536402702331543
1788679165643050800,123.73405078125,-0.4019941985607147,-9.53061294555664,-2.6967110633850098
1788679165660331000,123.7513310546875,-0.4091726839542389,-9.513862609863281,-2.7110681533813477
1788679165677611500,123.76861157226563,-0.3852444589138031,-9.497113227844238,-2.6727828979492188
1788679165694892000,123.78589208984376,-0.38285163044929504,-9.475577354431152,-2.715853691101074
1788679165712172300,123.80317236328125,-0.38285163044929504,-9.473184585571289,-2.744567632675171
1788679165729452800,123.82045288085938,-0.39481574296951294,-9.489934921264648,-2.7972097396850586
1788679165746733300,123.8377333984375,-0.3852444589138031,-9.480362892150879,-2.7828526496887207
1788679165764013600,123.855013671875,-0.38763725757598877,-9.513862609863281,-2.840280532836914
1788679165781294000,123.87229418945313,-0.3732803463935852,-9.489934921264648,-2.8689942359924316
1788679165798574300,123.88957421875,-0.32542386651039124,-9.480362892150879,-2.8737800121307373
1788679165815854800,123.90685473632813,-0.3278166949748993,-9.480362892150879,-2.8977081775665283
1788679165833135000,123.92413500976562,-0.2919243574142456,-9.430113792419434,-2.895315408706665
1788679165850415600,123.94141552734375,-0.30149564146995544,-9.446864128112793,-2.885744094848633
1788679165867696000,123.95869604492188,-0.33020952343940735,-9.449256896972656,-2.857030153274536
1788679165884976400,123.97597631835937,-0.3206382393836975,-9.432506561279297,-2.8498518466949463
1788679165902257000,123.9932568359375,-0.31824541091918945,-9.43489933013916,-2.823530673980713
1788679165919537200,124.010537109375,-0.3326023519039154,-9.477970123291016,-2.847458839416504
1788679165936817700,124.02781762695312,-0.33020952343940735,-9.473184585571289,-2.864208698272705
1788679165954098200,124.04509814453125,-0.32542386651039124,-9.461220741271973,-2.837887763977051
1788679165971378400,124.06237841796874,-0.32542386651039124,-9.470791816711426,-2.8426733016967773
1788679165988659000,124.07965893554687,-0.32542386651039124,-9.494720458984375,-2.861815929412842
1788679166005939500,124.096939453125,-0.3206382393836975,-9.492327690124512,-2.871387243270874
1788679166023219700,124.1142197265625,-0.2991028428077698,-9.4660062789917,-2.878565549850464
1788679166040500000,124.1315,-0.3038884699344635,-9.45164966583252,-2.825923442840576
1788679166057780500,124.14878051757813,-0.32303106784820557,-9.470791816711426,-2.8354947566986084
1788679166075061000,124.16606103515625,-0.3684946894645691,-9.473184585571289,-2.833101987838745
1788679166092341200,124.18334130859375,-0.3756731450557709,-9.45882797241211,-2.816352367401123
1788679166109621800,124.20062182617187,-0.37088751792907715,-9.470791816711426,-2.7661030292510986
1788679166126902300,124.21790234375,-0.4163511395454407,-9.489934921264648,-2.761317253112793
1788679166144182500,124.2351826171875,-0.39960137009620667,-9.509077072143555,-2.7565317153930664
1788679166161463000,124.25246313476562,-0.4259224236011505,-9.468399047851562,-2.7086751461029053
1788679166178743600,124.26974365234375,-0.3732803463935852,-9.480362892150879,-2.746960401535034
1788679166196023800,124.28702392578126,-0.3924229145050049,-9.497113227844238,-2.7732813358306885
1788679166213304300,124.30430419921875,-0.38285163044929504,-9.485149383544922,-2.7661030292510986
1788679166230584600,124.32158447265626,-0.39481574296951294,-9.482755661010742,-2.785245656967163
1788679166247865000,124.33886499023437,-0.363709032535553,-9.487542152404785,-2.833101987838745
1788679166265145600,124.3561455078125,-0.3517449200153351,-9.475577354431152,-2.8929226398468018
1788679166282425900,124.37342578125,-0.349352091550827,-9.485149383544922,-2.919243574142456
1788679166299706000,124.3907060546875,-0.3038884699344635,-9.463613510131836,-2.8737800121307373
1788679166316986600,124.40798657226563,-0.26560330390930176,-9.461220741271973,-2.8498518466949463
1788679166334267100,124.42526708984374,-0.26081767678260803,-9.468399047851562,-2.878565549850464
1788679166351547400,124.44254736328125,-0.2632105052471161,-9.485149383544922,-2.8737800121307373
1788679166368828000,124.45982788085938,-0.2584248483181,-9.461220741271973,-2.861815929412842
1788679166386108400,124.4771083984375,-0.26081767678260803,-9.485149383544922,-2.888136863708496
1788679166403388700,124.494388671875,-0.2225325107574463,-9.437292098999023,-2.9001009464263916
1788679166420669200,124.51166918945313,-0.22971096634864807,-9.42772102355957,-2.854637384414673
1788679166437949700,124.52894970703124,-0.2560320198535919,-9.4660062789917,-2.857030153274536
1788679166455230000,124.54622998046875,-0.27756741642951965,-9.480362892150879,-2.8354947566986084
1788679166472510500,124.56351049804688,-0.2919243574142456,-9.492327690124512,-2.8450660705566406
1788679166489790700,124.58079077148437,-0.31345975399017334,-9.516255378723145,-2.8450660705566406
1788679166507071200,124.5980712890625,-0.3158525824546814,-9.485149383544922,-2.8115665912628174
1788679166524351500,124.6153515625,-0.31345975399017334,-9.456435203552246,-2.761317253112793
1788679166541632000,124.63263208007812,-0.3038884699344635,-9.470791816711426,-2.801995277404785
1788679166558912500,124.64991259765625,-0.32542386651039124,-9.45882797241211,-2.861815929412842
1788679166576192800,124.66719287109375,-0.32542386651039124,-9.463613510131836,-2.8689942359924316
1788679166593473300,124.68447338867188,-0.32303106784820557,-9.4660062789917,-2.878565549850464
1788679166610753500,124.70175341796875,-0.3445664644241333,-9.4660062789917,-2.854637384414673
1788679166628034000,124.71903393554688,-0.34695929288864136,-9.473184585571289,-2.8522446155548096
1788679166645314600,124.736314453125,-0.380458801984787,-9.470791816711426,-2.854637384414673
1788679166662594800,124.7535947265625,-0.397208571434021,-9.492327690124512,-2.861815929412842
1788679166679875300,124.77087524414063,-0.36610186100006104,-9.463613510131836,-2.8450660705566406
1788679166697155800,124.78815576171876,-0.37088751792907715,-9.482755661010742,-2.8187451362609863
1788679166714436000,124.80543603515625,-0.41156548261642456,-9.439684867858887,-2.8187451362609863
1788679166731716600,124.82271655273438,-0.42831525206565857,-9.473184585571289,-2.825923442840576
1788679166748996900,124.83999682617187,-0.41874396800994873,-9.487542152404785,-2.823530673980713
1788679166766277400,124.85727734375,-0.4019941985607147,-9.521040916442871,-2.792423963546753
1788679166783557600,124.8745576171875,-0.37806597352027893,-9.482755661010742,-2.768495798110962
1788679166800838100,124.89183813476562,-0.38285163044929504,-9.482755661010742,-2.7493531703948975
1788679166818118700,124.90911865234375,-0.3900300860404968,-9.489934921264648,-2.7397818565368652
1788679166835399000,124.92639892578126,-0.39960137009620667,-9.489934921264648,-2.7326035499572754
1788679166852679400,124.94367944335937,-0.4043870270252228,-9.492327690124512,-2.7349963188171387
1788679166869959700,124.96095971679688,-0.39481574296951294,-9.45164966583252,-2.7254250049591064
1788679166887240200,124.978240234375,-0.4163511395454407,-9.442078590393066,-2.6727828979492188
1788679166904520700,124.99552075195312,-0.4019941985607147,-9.475577354431152,-2.675175666809082
1788679166921801000,125.01280102539063,-0.39481574296951294,-9.475577354431152,-2.713460922241211
1788679166939081500,125.03008154296874,-0.40677985548973083,-9.511469841003418,-2.775674343109131
1788679166956362000,125.04736206054687,-0.38763725757598877,-9.509077072143555,-2.833101987838745
1788679166973642200,125.06464233398438,-0.4091726839542389,-9.470791816711426,-2.8211379051208496
1788679166990922500,125.08192260742187,-0.3900300860404968,-9.463613510131836,-2.8211379051208496
1788679167008203000,125.099203125,-0.37806597352027893,-9.487542152404785,-2.825923442840576
1788679167025483500,125.1164833984375,-0.3397808074951172,-9.487542152404785,-2.825923442840576
1788679167042763800,125.133763671875,-0.33499518036842346,-9.461220741271973,-2.825923442840576
1788679167060044300,125.15104418945313,-0.3158525824546814,-9.468399047851562,-2.8211379051208496
1788679167077324800,125.16832470703125,-0.3326023519039154,-9.470791816711426,-2.792423963546753
1788679167094605000,125.18560498046875,-0.3445664644241333,-9.4660062789917,-2.823530673980713
1788679167111885600,125.20288549804687,-0.33499518036842346,-9.461220741271973,-2.885744094848633
1788679167129165800,125.22016577148437,-0.33020952343940735,-9.454042434692383,-2.8666014671325684
1788679167146446300,125.2374462890625,-0.34695929288864136,-9.470791816711426,-2.8426733016967773
1788679167163726800,125.25472680664062,-0.349352091550827,-9.475577354431152,-2.778067111968994
1788679167181007000,125.27200708007813,-0.35892340540885925,-9.482755661010742,-2.7421748638153076
1788679167198287400,125.28928735351562,-0.37088751792907715,-9.494720458984375,-2.7421748638153076
1788679167215568000,125.30656787109375,-0.4211367964744568,-9.501898765563965,-2.6967110633850098
1788679167232848400,125.32384838867188,-0.4139583110809326,-9.525827407836914,-2.6464617252349854
1788679167250128600,125.34112866210937,-0.38285163044929504,-9.528220176696777,-2.6368906497955322
1788679167267409200,125.3584091796875,-0.39960137009620667,-9.468399047851562,-2.6871397495269775
1788679167284689700,125.37568969726563,-0.4259224236011505,-9.487542152404785,-2.715853691101074
1788679167301970000,125.39296997070312,-0.4163511395454407,-9.492327690124512,-2.768495798110962
1788679167319250400,125.41025048828125,-0.4139583110809326,-9.45882797241211,-2.744567632675171
1788679167336531000,125.42753100585938,-0.4163511395454407,-9.44447135925293,-2.7110681533813477
1788679167353811200,125.44481127929687,-0.44027936458587646,-9.449256896972656,-2.713460922241211
1788679167371091700,125.462091796875,-0.4785645306110382,-9.506684303283691,-2.7110681533813477
1788679167388372000,125.4793720703125,-0.4737788736820221,-9.518648147583008,-2.7182464599609375
1788679167405652500,125.49665258789062,-0.4737788736820221,-9.523433685302734,-2.706282377243042
1788679167422933000,125.51393310546875,-0.4378865361213684,-9.518648147583008,-2.7517459392547607
1788679167440213200,125.53121313476562,-0.4259224236011505,-9.487542152404785,-2.801995277404785
1788679167457493800,125.54849365234375,-0.4091726839542389,-9.485149383544922,-2.8666014671325684
1788679167474774000,125.56577392578124,-0.3852444589138031,-9.454042434692383,-2.9072794914245605
1788679167492054500,125.58305444335937,-0.363709032535553,-9.45164966583252,-2.9001009464263916
1788679167509334800,125.60033471679688,-0.363709032535553,-9.4660062789917,-2.919243574142456
1788679167526615300,125.617615234375,-0.3517449200153351,-9.449256896972656,-2.895315408706665
1788679167543895800,125.63489575195312,-0.349352091550827,-9.437292098999023,-2.878565549850464
1788679167561176000,125.65217602539063,-0.3517449200153351,-9.45164966583252,-2.8809585571289062
1788679167578456600,125.66945654296875,-0.3900300860404968,-9.477970123291016,-2.8498518466949463
1788679167595737000,125.68673706054688,-0.38763725757598877,-9.525827407836914,-2.833101987838745
1788679167613017300,125.70401733398438,-0.37806597352027893,-9.485149383544922,-2.809173822402954
1788679167630297900,125.7212978515625,-0.36610186100006104,-9.485149383544922,-2.775674343109131
1788679167647578000,125.738578125,-0.3732803463935852,-9.485149383544922,-2.7565317153930664
1788679167664858600,125.75585864257812,-0.37806597352027893,-9.4660062789917,-2.754138946533203
1788679167682139000,125.77313891601563,-0.39481574296951294,-9.4660062789917,-2.7278177738189697
1788679167699419400,125.79041943359375,-0.38763725757598877,-9.470791816711426,-2.715853691101074
1788679167716700000,125.80769995117187,-0.37088751792907715,-9.485149383544922,-2.7182464599609375
1788679167733980200,125.82498022460938,-0.36610186100006104,-9.504291534423828,-2.754138946533203
1788679167751260700,125.8422607421875,-0.3924229145050049,-9.511469841003418,-2.7876384258270264
1788679167768541000,125.859541015625,-0.38763725757598877,-9.477970123291016,-2.7732813358306885
1788679167785821400,125.87682153320313,-0.380458801984787,-9.494720458984375,-2.8450660705566406
1788679167803102000,125.89410205078126,-0.363709032535553,-9.439684867858887,-2.9312076568603516
1788679167820382200,125.91138232421875,-0.31824541091918945,-9.509077072143555,-2.8977081775665283
1788679167837662700,125.92866284179688,-0.3158525824546814,-9.43489933013916,-2.8905298709869385
1788679167854943200,125.94594311523437,-0.3086741268634796,-9.461220741271973,-2.912065267562866
1788679167872223500,125.96322338867188,-0.30149564146995544,-9.44447135925293,-2.8666014671325684
1788679167889503700,125.98050366210937,-0.2991028428077698,-9.439684867858887,-2.823530673980713
1788679167906784300,125.9977841796875,-0.3278166949748993,-9.43489933013916,-2.816352367401123
1788679167924064800,126.01506469726563,-0.3517449200153351,-9.475577354431152,-2.8139593601226807
1788679167941345000,126.03234497070312,-0.4019941985607147,-9.504291534423828,-2.7637102603912354
1788679167958625500,126.04962548828125,-0.4259224236011505,-9.492327690124512,-2.7421748638153076
1788679167975906000,126.06690600585938,-0.4666004180908203,-9.528220176696777,-2.7589244842529297
1788679167993186300,126.08418627929687,-0.4666004180908203,-9.513862609863281,-2.7589244842529297
1788679168010466800,126.101466796875,-0.4618147611618042,-9.482755661010742,-2.7493531703948975
1788679168027747000,126.1187470703125,-0.42831525206565857,-9.482755661010742,-2.775674343109131
1788679168045027600,126.13602758789062,-0.4259224236011505,-9.470791816711426,-2.785245656967163
1788679168062308000,126.15330810546875,-0.41874396800994873,-9.497113227844238,-2.7972097396850586
1788679168079588400,126.17058837890625,-0.39481574296951294,-9.513862609863281,-2.794816732406616
1788679168096868900,126.18786889648437,-0.37088751792907715,-9.516255378723145,-2.770888566970825
1788679168114149400,126.2051494140625,-0.33020952343940735,-9.480362892150879,-2.746960401535034
1788679168131429600,126.2224296875,-0.3326023519039154,-9.468399047851562,-2.7828526496887207
1788679168148710000,126.2397099609375,-0.3517449200153351,-9.442078590393066,-2.768495798110962
1788679168165990400,126.25699047851562,-0.35892340540885925,-9.446864128112793,-2.754138946533203
1788679168183271000,126.27427099609375,-0.363709032535553,-9.477970123291016,-2.7637102603912354
1788679168200551200,126.29155126953125,-0.37088751792907715,-9.473184585571289,-2.715853691101074
1788679168217831700,126.30883178710937,-0.3924229145050049,-9.506684303283691,-2.65842604637146
1788679168235112200,126.3261123046875,-0.4259224236011505,-9.523433685302734,-2.6608188152313232
1788679168252392400,126.34339233398437,-0.4785645306110382,-9.533005714416504,-2.6632115840911865
1788679168269673000,126.3606728515625,-0.5264210104942322,-9.540184020996094,-2.63449764251709
1788679168286953200,126.377953125,-0.5431707501411438,-9.559326171875,-2.6703901290893555
1788679168304233700,126.39523364257812,-0.4450650215148926,-9.547362327575684,-2.675175666809082
1788679168321514200,126.41251416015625,-0.4139583110809326,-9.492327690124512,-2.706282377243042
1788679168338794500,126.42979443359376,-0.42831525206565857,-9.461220741271973,-2.7086751461029053
1788679168356075000,126.44707495117187,-0.4713860750198364,-9.456435203552246,-2.7110681533813477
1788679168373355300,126.46435522460938,-0.4570291340351105,-9.477970123291016,-2.723032236099243
1788679168390635800,126.4816357421875,-0.4043870270252228,-9.430113792419434,-2.691925525665283
1788679168407916000,126.498916015625,-0.3565305769443512,-9.470791816711426,-2.737389087677002
1788679168425196500,126.51619653320313,-0.3397808074951172,-9.499505996704102,-2.7900311946868896
1788679168442477000,126.53347705078124,-0.3924229145050049,-9.492327690124512,-2.744567632675171
1788679168459757300,126.55075732421875,-0.4426721930503845,-9.475577354431152,-2.6967110633850098
1788679168477037800,126.56803784179688,-0.44745782017707825,-9.485149383544922,-2.7086751461029053
1788679168494318300,126.585318359375,-0.46420758962631226,-9.499505996704102,-2.770888566970825
1788679168511598600,126.6025986328125,-0.4737788736820221,-9.54496955871582,-2.768495798110962
1788679168528879000,126.61987915039063,-0.4307080805301666,-9.528220176696777,-2.7038896083831787
1788679168546159400,126.63715942382812,-0.42352959513664246,-9.475577354431152,-2.5938198566436768
1788679168563439900,126.65443994140625,-0.42352959513664246,-9.509077072143555,-2.6177480220794678
1788679168580720000,126.67172021484375,-0.44027936458587646,-9.521040916442871,-2.6775684356689453
1788679168598000600,126.68900073242187,-0.44027936458587646,-9.497113227844238,-2.7086751461029053
1788679168615281200,126.70628125,-0.43549370765686035,-9.504291534423828,-2.7278177738189697
1788679168632561400,126.7235615234375,-0.4450650215148926,-9.506684303283691,-2.7517459392547607
1788679168649842000,126.74084204101563,-0.44027936458587646,-9.482755661010742,-2.730210542678833
1788679168667122200,126.7581220703125,-0.4426721930503845,-9.470791816711426,-2.7038896083831787
1788679168684402700,126.77540258789062,-0.44745782017707825,-9.501898765563965,-2.6967110633850098
1788679168701683200,126.79268310546875,-0.4713860750198364,-9.523433685302734,-2.713460922241211
1788679168718963500,126.80996337890625,-0.4833501875400543,-9.542576789855957,-2.713460922241211
1788679168736244000,126.82724389648438,-0.4785645306110382,-9.540184020996094,-2.720639228820801
1788679168753524500,126.8445244140625,-0.48813581466674805,-9.559326171875,-2.778067111968994
1788679168770804700,126.8618046875,-0.4426721930503845,-9.477970123291016,-2.799602508544922
1788679168788085000,126.8790849609375,-0.42352959513664246,-9.494720458984375,-2.833101987838745
1788679168805365500,126.89636547851562,-0.38763725757598877,-9.475577354431152,-2.854637384414673
1788679168822646000,126.91364599609375,-0.380458801984787,-9.430113792419434,-2.825923442840576
1788679168839926300,126.93092626953126,-0.31345975399017334,-9.4660062789917,-2.7828526496887207
1788679168857206800,126.94820678710937,-0.2392822653055191,-9.554540634155273,-2.778067111968994
1788679168874487300,126.9654873046875,-0.2153540402650833,-9.523433685302734,-2.830709218978882
1788679168891767600,126.982767578125,-0.22013968229293823,-9.475577354431152,-2.9144580364227295
1788679168909048000,127.00004809570312,-0.22013968229293823,-9.403793334960938,-2.895315408706665
1788679168926328300,127.01732836914063,-0.2727817893028259,-9.425328254699707,-2.7828526496887207
1788679168943608800,127.03460888671874,-0.3517449200153351,-9.446864128112793,-2.720639228820801
1788679168960889300,127.05188940429687,-0.363709032535553,-9.513862609863281,-2.7038896083831787
1788679168978169600,127.06916967773438,-0.397208571434021,-9.547362327575684,-2.7326035499572754
1788679168995450000,127.0864501953125,-0.4618147611618042,-9.542576789855957,-2.6847469806671143
1788679169012730600,127.10373071289062,-0.4713860750198364,-9.497113227844238,-2.5698914527893066
1788679169030011000,127.12101098632813,-0.4666004180908203,-9.482755661010742,-2.4981069564819336
1788679169047291100,127.138291015625,-0.5096712112426758,-9.489934921264648,-2.557927370071411
1788679169064571600,127.15557153320313,-0.5407779216766357,-9.511469841003418,-2.6703901290893555
1788679169081852200,127.17285205078124,-0.5790630578994751,-9.542576789855957,-2.7326035499572754
1788679169099132400,127.19013232421875,-0.5599204897880554,-9.533005714416504,-2.806781053543091
1788679169116413000,127.20741284179688,-0.5886343717575073,-9.489934921264648,-2.7972097396850586
1788679169133693400,127.224693359375,-0.605384111404419,-9.475577354431152,-2.8043880462646484
1788679169150973700,127.2419736328125,-0.605384111404419,-9.485149383544922,-2.794816732406616
1788679169168254200,127.25925415039063,-0.607776939868927,-9.499505996704102,-2.754138946533203
1788679169185534500,127.27653442382812,-0.6029912829399109,-9.506684303283691,-2.768495798110962
1788679169202815000,127.29381494140625,-0.5982056856155396,-9.480362892150879,-2.7565317153930664
1788679169220095200,127.31109521484375,-0.5934200286865234,-9.470791816711426,-2.7421748638153076
1788679169237375700,127.32837573242188,-0.6125625967979431,-9.487542152404785,-2.768495798110962
1788679169254656300,127.34565625,-0.5958128571510315,-9.477970123291016,-2.754138946533203
1788679169271936500,127.3629365234375,-0.5647061467170715,-9.473184585571289,-2.7349963188171387
1788679169289217000,127.38021704101563,-0.5431707501411438,-9.509077072143555,-2.7182464599609375
1788679169306497300,127.39749731445312,-0.5240281820297241,-9.470791816711426,-2.706282377243042
1788679169323777800,127.41477783203125,-0.5144568681716919,-9.475577354431152,-2.682354211807251
1788679169341058300,127.43205834960938,-0.5216353535652161,-9.45882797241211,-2.6727828979492188
1788679169358338600,127.44933862304687,-0.5383850932121277,-9.477970123291016,-2.6608188152313232
1788679169375619000,127.466619140625,-0.5479564070701599,-9.525827407836914,-2.6464617252349854
1788679169392899600,127.48389965820313,-0.5670989751815796,-9.588040351867676,-2.644068956375122
1788679169410179800,127.50117993164062,-0.5551348328590393,-9.523433685302734,-2.6009981632232666
1788679169427460400,127.51846044921875,-0.5670989751815796,-9.533005714416504,-2.557927370071411
1788679169444740600,127.53574072265624,-0.5575276613235474,-9.518648147583008,-2.586641311645508
1788679169462021000,127.55302124023437,-0.5407779216766357,-9.513862609863281,-2.610569477081299
1788679169479301400,127.57030126953126,-0.5670989751815796,-9.475577354431152,-2.6799614429473877
1788679169496582000,127.58758178710937,-0.5670989751815796,-9.475577354431152,-2.7182464599609375
1788679169513862400,127.6048623046875,-0.5838487148284912,-9.449256896972656,-2.675175666809082
1788679169531142700,127.622142578125,-0.5982056856155396,-9.482755661010742,-2.644068956375122
1788679169548423200,127.63942309570312,-0.6340979933738708,-9.480362892150879,-2.6009981632232666
1788679169565703400,127.65670336914063,-0.6436693072319031,-9.485149383544922,-2.5986053943634033
1788679169582984000,127.67398388671874,-0.6580262184143066,-9.509077072143555,-2.6249263286590576
1788679169600264400,127.69126440429687,-0.6891329288482666,-9.547362327575684,-2.6321048736572266
1788679169617544700,127.70854467773438,-0.7106683254241943,-9.580862045288086,-2.6368906497955322
1788679169634825200,127.7258251953125,-0.698704183101654,-9.549755096435547,-2.641676187515259
1788679169652105700,127.74310571289062,-0.6819544434547424,-9.511469841003418,-2.579462766647339
1788679169669386000,127.76038598632813,-0.6652047038078308,-9.497113227844238,-2.5674986839294434
1788679169686666200,127.77766625976562,-0.6915257573127747,-9.494720458984375,-2.550748825073242
1788679169703946800,127.79494677734375,-0.6699903607368469,-9.521040916442871,-2.53399920463562
1788679169721227300,127.81222729492187,-0.6269195079803467,-9.509077072143555,-2.5363919734954834
1788679169738507500,127.82950756835938,-0.5670989751815796,-9.492327690124512,-2.555534601211548
1788679169755788000,127.8467880859375,-0.5982056856155396,-9.525827407836914,-2.5914268493652344
1788679169773068500,127.86406860351562,-0.5383850932121277,-9.542576789855957,-2.6368906497955322
1788679169790348800,127.88134887695313,-0.5551348328590393,-9.482755661010742,-2.5698914527893066
1788679169807629300,127.89862939453126,-0.5240281820297241,-9.528220176696777,-2.6057839393615723
1788679169824909600,127.91590966796875,-0.5407779216766357,-9.489934921264648,-2.5842485427856445
1788679169842190000,127.93319018554688,-0.5479564070701599,-9.504291534423828,-2.557927370071411
1788679169859470300,127.95047021484375,-0.5096712112426758,-9.54496955871582,-2.6177480220794678
1788679169876750800,127.96775073242188,-0.48813581466674805,-9.556933403015137,-2.6536402702331543
1788679169894031400,127.98503125,-0.5048855543136597,-9.511469841003418,-2.6249263286590576
1788679169911311600,128.0023115234375,-0.5120640397071838,-9.53061294555664,-2.60339093208313
1788679169928592100,128.0195920410156,-0.5383850932121277,-9.487542152404785,-2.612962245941162
1788679169945872400,128.03687231445312,-0.5335994362831116,-9.449256896972656,-2.5770699977874756
1788679169963153000,128.05415283203126,-0.5455635786056519,-9.494720458984375,-2.579462766647339
1788679169980433400,128.07143334960938,-0.5359922647476196,-9.504291534423828,-2.5938198566436768
1788679169997713700,128.08871362304689,-0.4905286431312561,-9.506684303283691,-2.5842485427856445
1788679170014994200,128.105994140625,-0.5455635786056519,-9.482755661010742,-2.675175666809082
1788679170032274700,128.12327465820312,-0.550349235534668,-9.509077072143555,-2.723032236099243
1788679170049555000,128.14055493164062,-0.5264210104942322,-9.523433685302734,-2.68953275680542
1788679170066835500,128.15783544921874,-0.5383850932121277,-9.516255378723145,-2.6943182945251465
1788679170084115700,128.17511572265624,-0.5335994362831116,-9.477970123291016,-2.6967110633850098
1788679170101396200,128.1923962402344,-0.550349235534668,-9.494720458984375,-2.7397818565368652
1788679170118676500,128.20967651367187,-0.5431707501411438,-9.494720458984375,-2.7661030292510986
1788679170135957000,128.22695703125,-0.5527420043945312,-9.487542152404785,-2.7397818565368652
1788679170153237500,128.24423754882812,-0.5072783827781677,-9.53779125213623,-2.768495798110962
1788679170170517800,128.26151782226563,-0.5048855543136597,-9.547362327575684,-2.854637384414673
1788679170187798300,128.27879833984375,-0.45224347710609436,-9.487542152404785,-2.854637384414673
1788679170205078500,128.29607861328125,-0.41874396800994873,-9.477970123291016,-2.909672260284424
1788679170222359000,128.31335913085937,-0.4618147611618042,-9.430113792419434,-2.9599215984344482
1788679170239639600,128.3306396484375,-0.5312066078186035,-9.42054271697998,-2.9240293502807617
1788679170256919800,128.347919921875,-0.550349235534668,-9.449256896972656,-2.871387243270874
1788679170274200300,128.36520043945313,-0.5048855543136597,-9.45882797241211,-2.7661030292510986
1788679170291480600,128.38248046875,-0.47617170214653015,-9.473184585571289,-2.6703901290893555
1788679170308761000,128.39976098632812,-0.43549370765686035,-9.521040916442871,-2.6321048736572266
1788679170326041300,128.41704125976563,-0.4139583110809326,-9.513862609863281,-2.5603201389312744
1788679170343321900,128.43432177734374,-0.4331009089946747,-9.53779125213623,-2.4981069564819336
1788679170360602400,128.45160229492188,-0.4307080805301666,-9.53061294555664,-2.510071039199829
1788679170377882600,128.46888256835936,-0.4713860750198364,-9.53061294555664,-2.5435705184936523
1788679170395163100,128.4861630859375,-0.4570291340351105,-9.528220176696777,-2.5914268493652344
1788679170412443600,128.50344360351562,-0.41874396800994873,-9.485149383544922,-2.6009981632232666
1788679170429724000,128.52072387695313,-0.4091726839542389,-9.525827407836914,-2.6297121047973633
1788679170447004400,128.53800439453124,-0.3684946894645691,-9.53061294555664,-2.66560435295105
1788679170464284700,128.55528466796875,-0.34217363595962524,-9.494720458984375,-2.7038896083831787
1788679170481565200,128.57256518554686,-0.3038884699344635,-9.588040351867676,-2.7661030292510986
1788679170498845400,128.58984545898437,-0.25363919138908386,-9.571290969848633,-2.857030153274536
1788679170516126000,128.6071259765625,-0.28235307335853577,-9.590433120727539,-2.902493953704834
1788679170533406500,128.62440649414063,-0.3086741268634796,-9.501898765563965,-2.902493953704834
1788679170550686700,128.64168676757814,-0.3326023519039154,-9.415757179260254,-2.854637384414673
1788679170567967200,128.65896728515625,-0.3756731450557709,-9.396614074707031,-2.837887763977051
1788679170585247500,128.67624755859376,-0.4450650215148926,-9.437292098999023,-2.8354947566986084
1788679170602528000,128.69352807617187,-0.5096712112426758,-9.454042434692383,-2.7110681533813477
1788679170619808500,128.71080859375,-0.5096712112426758,-9.422935485839844,-2.620140790939331
1788679170637088800,128.7280888671875,-0.5144568681716919,-9.470791816711426,-2.6799614429473877
1788679170654369300,128.74536938476564,-0.47617170214653015,-9.53061294555664,-2.699103832244873
1788679170671649800,128.76264990234375,-0.38763725757598877,-9.523433685302734,-2.6727828979492188
1788679170688930000,128.77992993164062,-0.31106695532798767,-9.454042434692383,-2.6464617252349854
1788679170706210600,128.79721044921874,-0.29431718587875366,-9.439684867858887,-2.723032236099243
1788679170723490800,128.81449072265625,-0.28235307335853577,-9.492327690124512,-2.7972097396850586
1788679170740771300,128.8317712402344,-0.30149564146995544,-9.470791816711426,-2.8737800121307373
1788679170758051600,128.84905151367187,-0.31824541091918945,-9.499505996704102,-2.861815929412842
1788679170775332000,128.86633203125,-0.33020952343940735,-9.494720458984375,-2.871387243270874
1788679170792612600,128.88361254882813,-0.39481574296951294,-9.482755661010742,-2.8450660705566406
1788679170809892900,128.90089282226563,-0.4211367964744568,-9.499505996704102,-2.8115665912628174
1788679170827173400,128.91817333984375,-0.42352959513664246,-9.518648147583008,-2.8115665912628174
1788679170844453600,128.93545361328125,-0.3900300860404968,-9.523433685302734,-2.816352367401123
1788679170861734100,128.95273413085937,-0.32303106784820557,-9.499505996704102,-2.830709218978882
1788679170879014700,128.9700146484375,-0.3278166949748993,-9.473184585571289,-2.830709218978882
1788679170896295000,128.987294921875,-0.349352091550827,-9.477970123291016,-2.775674343109131
1788679170913575400,129.00457543945313,-0.363709032535553,-9.449256896972656,-2.7397818565368652
1788679170930855700,129.0218557128906,-0.4307080805301666,-9.461220741271973,-2.706282377243042
1788679170948136200,129.03913623046876,-0.44745782017707825,-9.485149383544922,-2.7014968395233154
1788679170965416400,129.05641650390626,-0.4570291340351105,-9.475577354431152,-2.6536402702331543
1788679170982697000,129.07369702148438,-0.4666004180908203,-9.516255378723145,-2.641676187515259
1788679170999977500,129.0909775390625,-0.4905286431312561,-9.511469841003418,-2.6297121047973633
1788679171017257700,129.1082578125,-0.4905286431312561,-9.506684303283691,-2.60339093208313
1788679171034538200,129.12553833007811,-0.48574298620224,-9.518648147583008,-2.5842485427856445
1788679171051818800,129.14281884765626,-0.5120640397071838,-9.499505996704102,-2.581855535507202
1788679171069099000,129.16009912109374,-0.4953143000602722,-9.497113227844238,-2.6392834186553955
1788679171086379500,129.17737963867188,-0.519242525100708,-9.489934921264648,-2.644068956375122
1788679171103659800,129.19465966796875,-0.5168496966362,-9.540184020996094,-2.667997360229492
1788679171120940300,129.21194018554687,-0.5383850932121277,-9.477970123291016,-2.6536402702331543
1788679171138220500,129.22922045898437,-0.5264210104942322,-9.482755661010742,-2.6560330390930176
1788679171155501000,129.2465009765625,-0.5000999569892883,-9.497113227844238,-2.7038896083831787
1788679171172781600,129.26378149414063,-0.48813581466674805,-9.475577354431152,-2.7014968395233154
1788679171190061800,129.28106176757814,-0.46899324655532837,-9.489934921264648,-2.723032236099243
1788679171207342300,129.29834228515625,-0.45224347710609436,-9.509077072143555,-2.7828526496887207
1788679171224622600,129.31562255859376,-0.4450650215148926,-9.521040916442871,-2.8450660705566406
1788679171241903000,129.33290307617187,-0.41156548261642456,-9.499505996704102,-2.895315408706665
1788679171259183600,129.35018359375,-0.38763725757598877,-9.44447135925293,-2.8761727809906006
1788679171276463900,129.3674638671875,-0.397208571434021,-9.446864128112793,-2.857030153274536
1788679171293744400,129.3847443847656,-0.4019941985607147,-9.4660062789917,-2.8426733016967773
1788679171311025000,129.40202490234375,-0.4163511395454407,-9.468399047851562,-2.809173822402954
1788679171328305200,129.41930517578126,-0.40677985548973083,-9.470791816711426,-2.792423963546753
1788679171345585400,129.43658544921874,-0.37088751792907715,-9.470791816711426,-2.761317253112793
1788679171362866000,129.45386596679688,-0.380458801984787,-9.492327690124512,-2.7637102603912354
1788679171380146400,129.471146484375,-0.3900300860404968,-9.485149383544922,-2.768495798110962
1788679171397426700,129.4884267578125,-0.41874396800994873,-9.53779125213623,-2.830709218978882
1788679171414707200,129.50570727539062,-0.4019941985607147,-9.487542152404785,-2.816352367401123
1788679171431987700,129.52298779296876,-0.4019941985607147,-9.487542152404785,-2.7900311946868896
1788679171449268000,129.54026806640624,-0.3756731450557709,-9.482755661010742,-2.7828526496887207
1788679171466548500,129.55754858398439,-0.37806597352027893,-9.480362892150879,-2.7637102603912354
1788679171483828700,129.57482885742186,-0.3613162338733673,-9.482755661010742,-2.7326035499572754
1788679171501109200,129.59210913085937,-0.37088751792907715,-9.521040916442871,-2.744567632675171
1788679171518389500,129.60938940429688,-0.3565305769443512,-9.501898765563965,-2.754138946533203
1788679171535670000,129.626669921875,-0.35413774847984314,-9.492327690124512,-2.754138946533203
1788679171552950500,129.64395043945314,-0.31106695532798767,-9.506684303283691,-2.809173822402954
1788679171570230800,129.6612307128906,-0.3397808074951172,-9.449256896972656,-2.799602508544922
1788679171587511300,129.67851123046876,-0.3158525824546814,-9.456435203552246,-2.8115665912628174
1788679171604791600,129.69579150390626,-0.2967100143432617,-9.461220741271973,-2.7972097396850586
1788679171622072000,129.71307202148438,-0.31106695532798767,-9.480362892150879,-2.809173822402954
1788679171639352600,129.7303525390625,-0.349352091550827,-9.504291534423828,-2.806781053543091
1788679171656632800,129.7476328125,-0.3278166949748993,-9.489934921264648,-2.7876384258270264
1788679171673913300,129.76491333007812,-0.31824541091918945,-9.497113227844238,-2.794816732406616
1788679171691193600,129.78219360351562,-0.3517449200153351,-9.497113227844238,-2.809173822402954
1788679171708474000,129.79947412109374,-0.37806597352027893,-9.499505996704102,-2.7972097396850586
1788679171725754400,129.81675439453124,-0.3900300860404968,-9.492327690124512,-2.761317253112793
1788679171743035000,129.8340349121094,-0.36610186100006104,-9.497113227844238,-2.7972097396850586
1788679171760315400,129.8513154296875,-0.37088751792907715,-9.461220741271973,-2.7589244842529297
1788679171777595600,129.868595703125,-0.35413774847984314,-9.473184585571289,-2.7421748638153076
1788679171794876200,129.88587622070312,-0.36610186100006104,-9.463613510131836,-2.723032236099243
1788679171812156400,129.90315649414063,-0.3852444589138031,-9.482755661010742,-2.7110681533813477
1788679171829437000,129.92043701171875,-0.3924229145050049,-9.485149383544922,-2.7421748638153076
1788679171846717200,129.93771728515625,-0.41874396800994873,-9.477970123291016,-2.7637102603912354
1788679171863997700,129.95499780273437,-0.4211367964744568,-9.473184585571289,-2.785245656967163
1788679171881278200,129.9722783203125,-0.4307080805301666,-9.513862609863281,-2.823530673980713
1788679171898558500,129.98955834960938,-0.41874396800994873,-9.470791816711426,-2.806781053543091
1788679171915839000,130.0068388671875,-0.4139583110809326,-9.477970123291016,-2.7972097396850586
1788679171933119500,130.0241193847656,-0.3732803463935852,-9.485149383544922,-2.8187451362609863
1788679171950399700,130.04139965820312,-0.3756731450557709,-9.504291534423828,-2.8139593601226807
1788679171967680300,130.05868017578126,-0.397208571434021,-9.473184585571289,-2.785245656967163
1788679171984960500,130.07596044921874,-0.40677985548973083,-9.45882797241211,-2.746960401535034
1788679172002241000,130.09324096679688,-0.41156548261642456,-9.485149383544922,-2.7589244842529297
1788679172019521300,130.11052124023436,-0.41874396800994873,-9.511469841003418,-2.7661030292510986
1788679172036801800,130.1278017578125,-0.39481574296951294,-9.506684303283691,-2.744567632675171
1788679172054082000,130.14508203125,-0.397208571434021,-9.475577354431152,-2.7254250049591064
1788679172071362600,130.16236254882813,-0.39960137009620667,-9.521040916442871,-2.715853691101074
1788679172088643000,130.17964306640624,-0.4331009089946747,-9.473184585571289,-2.6967110633850098
1788679172105923300,130.19692333984375,-0.39481574296951294,-9.487542152404785,-2.691925525665283
1788679172123203800,130.21420385742186,-0.3732803463935852,-9.494720458984375,-2.737389087677002
1788679172140484400,130.231484375,-0.3756731450557709,-9.494720458984375,-2.7589244842529297
1788679172157764600,130.2487646484375,-0.36610186100006104,-9.489934921264648,-2.715853691101074
1788679172175044900,130.266044921875,-0.37806597352027893,-9.504291534423828,-2.7278177738189697
1788679172192325400,130.28332543945314,-0.4043870270252228,-9.516255378723145,-2.7732813358306885
1788679172209606000,130.30060595703125,-0.3756731450557709,-9.477970123291016,-2.7565317153930664
1788679172226886100,130.31788623046876,-0.3613162338733673,-9.492327690124512,-2.7397818565368652
1788679172244166700,130.33516674804687,-0.34217363595962524,-9.492327690124512,-2.7637102603912354
1788679172261447200,130.352447265625,-0.3565305769443512,-9.480362892150879,-2.7589244842529297
1788679172278727400,130.3697275390625,-0.38285163044929504,-9.499505996704102,-2.794816732406616
1788679172296008000,130.38700805664064,-0.36610186100006104,-9.468399047851562,-2.792423963546753
1788679172313288400,130.40428833007812,-0.397208571434021,-9.44447135925293,-2.768495798110962
1788679172330568700,130.42156860351562,-0.4259224236011505,-9.45882797241211,-2.7661030292510986
1788679172347849000,130.43884887695313,-0.43549370765686035,-9.480362892150879,-2.713460922241211
1788679172365129500,130.45612939453125,-0.43549370765686035,-9.525827407836914,-2.6871397495269775
1788679172382410000,130.4734099121094,-0.4450650215148926,-9.533005714416504,-2.6703901290893555
1788679172399690200,130.49069018554687,-0.43549370765686035,-9.525827407836914,-2.68953275680542
1788679172416970800,130.507970703125,-0.4331009089946747,-9.501898765563965,-2.706282377243042
1788679172434251000,130.5252509765625,-0.43549370765686035,-9.470791816711426,-2.7014968395233154
1788679172451531500,130.54253149414063,-0.4211367964744568,-9.473184585571289,-2.746960401535034
1788679172468812000,130.55981201171875,-0.40677985548973083,-9.482755661010742,-2.7732813358306885
1788679172486092300,130.57709228515625,-0.397208571434021,-9.489934921264648,-2.785245656967163
1788679172503372800,130.59437280273437,-0.3900300860404968,-9.518648147583008,-2.8211379051208496
1788679172520653000,130.61165307617188,-0.3517449200153351,-9.477970123291016,-2.775674343109131
1788679172537933600,130.62893359375,-0.349352091550827,-9.468399047851562,-2.746960401535034
1788679172555213800,130.6462138671875,-0.35892340540885925,-9.470791816711426,-2.7828526496887207
1788679172572494300,130.6634943847656,-0.3278166949748993,-9.485149383544922,-2.7828526496887207
1788679172589774800,130.68077490234376,-0.3326023519039154,-9.506684303283691,-2.792423963546753
1788679172607055000,130.69805517578126,-0.363709032535553,-9.492327690124512,-2.8211379051208496
1788679172624335600,130.71533569335938,-0.349352091550827,-9.475577354431152,-2.792423963546753
1788679172641616100,130.7326162109375,-0.32542386651039124,-9.489934921264648,-2.806781053543091
1788679172658896400,130.749896484375,-0.3445664644241333,-9.485149383544922,-2.7972097396850586
1788679172676176600,130.7671767578125,-0.3517449200153351,-9.4660062789917,-2.7637102603912354
1788679172693457200,130.78445703125,-0.3517449200153351,-9.487542152404785,-2.7804598808288574
1788679172710737700,130.80173754882813,-0.3756731450557709,-9.506684303283691,-2.7732813358306885
1788679172728018000,130.81901782226564,-0.397208571434021,-9.540184020996094,-2.7732813358306885
1788679172745298400,130.83629833984375,-0.397208571434021,-9.501898765563965,-2.713460922241211
1788679172762579000,130.85357885742187,-0.3732803463935852,-9.480362892150879,-2.6943182945251465
1788679172779859200,130.87085913085937,-0.38285163044929504,-9.475577354431152,-2.713460922241211
1788679172797139700,130.8881396484375,-0.3924229145050049,-9.482755661010742,-2.7278177738189697
1788679172814420000,130.905419921875,-0.397208571434021,-9.487542152404785,-2.7637102603912354
1788679172831700500,130.92270043945314,-0.3924229145050049,-9.485149383544922,-2.770888566970825
1788679172848980700,130.93998071289062,-0.38285163044929504,-9.489934921264648,-2.801995277404785
1788679172866261200,130.95726123046876,-0.38763725757598877,-9.489934921264648,-2.7876384258270264
1788679172883541800,130.97454174804687,-0.36610186100006104,-9.506684303283691,-2.7972097396850586
1788679172900822000,130.99182202148438,-0.39960137009620667,-9.504291534423828,-2.794816732406616
1788679172918102500,131.0091025390625,-0.38763725757598877,-9.470791816711426,-2.761317253112793
1788679172935382800,131.0263828125,-0.38763725757598877,-9.482755661010742,-2.723032236099243
1788679172952663300,131.04366333007812,-0.3924229145050049,-9.480362892150879,-2.730210542678833
1788679172969943800,131.06094384765626,-0.38763725757598877,-9.487542152404785,-2.723032236099243
1788679172987224000,131.07822412109374,-0.4043870270252228,-9.501898765563965,-2.7254250049591064
1788679173004504600,131.09550463867188,-0.4211367964744568,-9.504291534423828,-2.744567632675171
1788679173021784800,131.11278491210936,-0.41156548261642456,-9.521040916442871,-2.7828526496887207
1788679173039065300,131.1300654296875,-0.3613162338733673,-9.53061294555664,-2.792423963546753
1788679173056345600,131.147345703125,-0.36610186100006104,-9.492327690124512,-2.7517459392547607
1788679173073626000,131.16462622070313,-0.3900300860404968,-9.45164966583252,-2.746960401535034
1788679173090906600,131.18190673828124,-0.41874396800994873,-9.475577354431152,-2.7254250049591064
1788679173108187000,131.1991867675781,-0.4211367964744568,-9.482755661010742,-2.68953275680542
1788679173125467400,131.21646728515626,-0.46899324655532837,-9.497113227844238,-2.651247501373291
1788679173142747600,131.23374755859376,-0.4378865361213684,-9.487542152404785,-2.6392834186553955
1788679173160028200,131.25102807617188,-0.4546363055706024,-9.480362892150879,-2.6632115840911865
1788679173177308400,131.26830834960938,-0.46420758962631226,-9.501898765563965,-2.6967110633850098
1788679173194589000,131.2855888671875,-0.45224347710609436,-9.501898765563965,-2.68953275680542
1788679173211869400,131.30286938476561,-0.4785645306110382,-9.492327690124512,-2.706282377243042
1788679173229149700,131.32014965820312,-0.46420758962631226,-9.487542152404785,-2.7517459392547607
1788679173246430200,131.33743017578124,-0.46420758962631226,-9.509077072143555,-2.768495798110962
1788679173263710500,131.35471044921874,-0.4570291340351105,-9.547362327575684,-2.7828526496887207
1788679173280991000,131.3719909667969,-0.4426721930503845,-9.511469841003418,-2.7589244842529297
1788679173298271200,131.38927124023436,-0.4307080805301666,-9.470791816711426,-2.746960401535034
1788679173315551700,131.4065517578125,-0.42352959513664246,-9.446864128112793,-2.7589244842529297
1788679173332832300,131.42383227539062,-0.4139583110809326,-9.456435203552246,-2.754138946533203
1788679173350112500,131.44111254882813,-0.4091726839542389,-9.470791816711426,-2.7637102603912354
1788679173367393000,131.45839306640624,-0.4211367964744568,-9.487542152404785,-2.7637102603912354
1788679173384673300,131.47567333984375,-0.4307080805301666,-9.525827407836914,-2.761317253112793
1788679173401953800,131.49295385742187,-0.42352959513664246,-9.504291534423828,-2.744567632675171
1788679173419234000,131.51023413085937,-0.4211367964744568,-9.499505996704102,-2.7349963188171387
1788679173436514600,131.5275146484375,-0.4139583110809326,-9.509077072143555,-2.7397818565368652
1788679173453795000,131.54479516601563,-0.42352959513664246,-9.499505996704102,-2.7493531703948975
1788679173471075300,131.56207543945314,-0.4043870270252228,-9.485149383544922,-2.7565317153930664
1788679173488355800,131.57935595703125,-0.39481574296951294,-9.499505996704102,-2.775674343109131
1788679173505636400,131.59663623046876,-0.380458801984787,-9.499505996704102,-2.770888566970825
1788679173522916600,131.61391650390624,-0.37088751792907715,-9.477970123291016,-2.754138946533203
1788679173540196900,131.63119677734375,-0.35413774847984314,-9.497113227844238,-2.775674343109131
1788679173557477400,131.64847729492186,-0.3326023519039154,-9.473184585571289,-2.746960401535034
1788679173574758000,131.6657578125,-0.349352091550827,-9.470791816711426,-2.744567632675171
1788679173592038100,131.6830380859375,-0.35892340540885925,-9.492327690124512,-2.754138946533203
1788679173609318700,131.70031860351563,-0.3613162338733673,-9.494720458984375,-2.730210542678833
1788679173626599200,131.71759912109374,-0.3756731450557709,-9.489934921264648,-2.7326035499572754
1788679173643879400,131.73487939453125,-0.38763725757598877,-9.492327690124512,-2.720639228820801
1788679173661160000,131.75215991210936,-0.41156548261642456,-9.513862609863281,-2.7182464599609375
1788679173678440200,131.76944018554687,-0.39481574296951294,-9.54496955871582,-2.7182464599609375
1788679173695720700,131.786720703125,-0.3924229145050049,-9.501898765563965,-2.7278177738189697
1788679173713001000,131.8040009765625,-0.3613162338733673,-9.516255378723145,-2.7732813358306885
1788679173730281500,131.82128149414064,-0.31824541091918945,-9.511469841003418,-2.8211379051208496
1788679173747562000,131.83856201171875,-0.349352091550827,-9.485149383544922,-2.8211379051208496
1788679173764842200,131.85584228515626,-0.39960137009620667,-9.45882797241211,-2.7804598808288574
1788679173782122500,131.87312255859376,-0.3900300860404968,-9.454042434692383,-2.7589244842529297
1788679173799403000,131.89040307617188,-0.4163511395454407,-9.480362892150879,-2.7254250049591064
1788679173816683500,131.90768359375,-0.4211367964744568,-9.480362892150879,-2.713460922241211
1788679173833963800,131.9249638671875,-0.4019941985607147,-9.521040916442871,-2.7326035499572754
1788679173851244300,131.94224438476562,-0.3756731450557709,-9.53779125213623,-2.7349963188171387
1788679173868524800,131.95952490234376,-0.33499518036842346,-9.525827407836914,-2.730210542678833
1788679173885805000,131.97680517578124,-0.3517449200153351,-9.501898765563965,-2.7589244842529297
1788679173903085600,131.99408544921874,-0.3924229145050049,-9.492327690124512,-2.8139593601226807
1788679173920365800,132.01136572265625,-0.380458801984787,-9.518648147583008,-2.7900311946868896
1788679173937646300,132.02864624023437,-0.349352091550827,-9.485149383544922,-2.7493531703948975
1788679173954926600,132.04592651367187,-0.3445664644241333,-9.461220741271973,-2.66560435295105
1788679173972207000,132.06320703125,-0.37088751792907715,-9.497113227844238,-2.6321048736572266
1788679173989487600,132.08048754882813,-0.3924229145050049,-9.516255378723145,-2.644068956375122
1788679174006767900,132.09776782226564,-0.3900300860404968,-9.561718940734863,-2.651247501373291
1788679174024048400,132.11504833984375,-0.380458801984787,-9.547362327575684,-2.6536402702331543
1788679174041328600,132.13232861328126,-0.397208571434021,-9.542576789855957,-2.667997360229492
1788679174058609200,132.14960913085937,-0.3613162338733673,-9.528220176696777,-2.7110681533813477
1788679174075889400,132.16688940429688,-0.3613162338733673,-9.504291534423828,-2.6847469806671143
1788679174093170000,132.184169921875,-0.38285163044929504,-9.482755661010742,-2.6799614429473877
1788679174110450200,132.2014501953125,-0.4091726839542389,-9.449256896972656,-2.6560330390930176
1788679174127730700,132.21873071289062,-0.41156548261642456,-9.473184585571289,-2.6703901290893555
1788679174145011200,132.23601123046876,-0.4163511395454407,-9.4660062789917,-2.6943182945251465
1788679174162291500,132.25329150390624,-0.42352959513664246,-9.468399047851562,-2.68953275680542
1788679174179572000,132.27057202148438,-0.41874396800994873,-9.470791816711426,-2.7182464599609375
1788679174196852200,132.28785229492186,-0.4378865361213684,-9.525827407836914,-2.7637102603912354
1788679174214132700,132.3051328125,-0.4426721930503845,-9.516255378723145,-2.7876384258270264
1788679174231413000,132.3224130859375,-0.46420758962631226,-9.506684303283691,-2.816352367401123
1788679174248693500,132.33969360351563,-0.4091726839542389,-9.492327690124512,-2.8522446155548096
1788679174265974000,132.35697412109374,-0.3852444589138031,-9.45164966583252,-2.8594231605529785
1788679174283254300,132.3742541503906,-0.3684946894645691,-9.43489933013916,-2.8139593601226807
1788679174300534800,132.39153466796876,-0.42352959513664246,-9.44447135925293,-2.799602508544922
1788679174317815000,132.40881494140626,-0.4618147611618042,-9.45882797241211,-2.768495798110962
1788679174335095600,132.42609545898438,-0.4737788736820221,-9.480362892150879,-2.715853691101074
1788679174352375800,132.44337573242188,-0.48813581466674805,-9.513862609863281,-2.7038896083831787
1788679174369656300,132.46065625,-0.5000999569892883,-9.487542152404785,-2.6560330390930176
1788679174386936800,132.47793676757811,-0.5335994362831116,-9.492327690124512,-2.675175666809082
1788679174404217000,132.49521704101562,-0.5623133182525635,-9.516255378723145,-2.667997360229492
1788679174421497600,132.51249755859374,-0.5982056856155396,-9.549755096435547,-2.6727828979492188
1788679174438777900,132.52977783203124,-0.5814558863639832,-9.559326171875,-2.6560330390930176
1788679174456058400,132.5470583496094,-0.5790630578994751,-9.516255378723145,-2.6488547325134277
1788679174473338600,132.56433862304686,-0.5599204897880554,-9.521040916442871,-2.6488547325134277
1788679174490619100,132.581619140625,-0.5264210104942322,-9.511469841003418,-2.6703901290893555
1788679174507899600,132.59889965820312,-0.48813581466674805,-9.516255378723145,-2.6967110633850098
1788679174525180000,132.61617993164063,-0.47617170214653015,-9.504291534423828,-2.715853691101074
1788679174542460400,132.63346044921875,-0.44027936458587646,-9.439684867858887,-2.7278177738189697
1788679174559740700,132.65074072265625,-0.3326023519039154,-9.437292098999023,-2.770888566970825
1788679174577021200,132.66802124023437,-0.25363919138908386,-9.34875774383545,-2.857030153274536
1788679174594301400,132.68530151367187,-0.6508477330207825,-9.667003631591797,-3.0173492431640625
1788679174611582000,132.70258203125,-0.4666004180908203,-9.482755661010742,-2.8426733016967773
1788679174628862500,132.71986254882813,-0.49292147159576416,-9.408578872680664,-2.9048867225646973
1788679174646142700,132.73714282226564,-0.4139583110809326,-9.504291534423828,-2.809173822402954
1788679174663423200,132.75442333984375,-0.3613162338733673,-9.58325481414795,-2.7900311946868896
1788679174680703500,132.77170336914062,-0.5670989751815796,-9.363115310668945,-2.9288148880004883
1788679174697984000,132.78898388671874,-0.41874396800994873,-9.43489933013916,-2.770888566970825
1788679174715264300,132.80626416015625,-0.6173482537269592,-9.190832138061523,-2.6153552532196045
1788679174732544800,132.82354467773436,-0.3613162338733673,-9.58325481414795,-2.6608188152313232
1788679174749825300,132.8408251953125,-0.45224347710609436,-9.516255378723145,-2.675175666809082
1788679174767105500,132.85810546875,-0.5312066078186035,-9.45164966583252,-2.6392834186553955
1788679174784386000,132.87538598632813,-0.5048855543136597,-9.461220741271973,-2.6464617252349854
1788679174801666300,132.89266625976563,-0.5216353535652161,-9.506684303283691,-2.6392834186553955
1788679174818946800,132.90994677734375,-0.49292147159576416,-9.556933403015137,-2.6392834186553955
1788679174836227000,132.92722705078126,-0.4977070987224579,-9.54496955871582,-2.6967110633850098
1788679174853507600,132.94450756835937,-0.4785645306110382,-9.454042434692383,-2.572284460067749
1788679174870788000,132.9617880859375,-0.5431707501411438,-9.521040916442871,-2.6727828979492188
1788679174888068400,132.979068359375,-0.5551348328590393,-9.535398483276367,-2.66560435295105
1788679174905348900,132.99634887695314,-0.5168496966362,-9.489934921264648,-2.447857618331909
1788679174922629000,133.0136291503906,-0.6005984544754028,-9.578469276428223,-2.667997360229492
1788679174939909600,133.03090966796876,-0.5599204897880554,-9.518648147583008,-2.53399920463562
1788679174957190000,133.04818994140626,-0.4331009089946747,-9.4061861038208,-2.328216314315796
1788679174974470400,133.06547045898438,-0.519242525100708,-9.56650447845459,-2.5220351219177246
1788679174991751000,133.0827509765625,-0.5718846321105957,-9.516255378723145,-2.5986053943634033
1788679175009031200,133.10003125,-0.4713860750198364,-9.53779125213623,-2.6009981632232666
1788679175026311400,133.1173115234375,-0.5168496966362,-9.432506561279297,-2.5914268493652344
1788679175043592000,133.13459204101562,-0.5383850932121277,-9.494720458984375,-2.66560435295105
1788679175060872400,133.15187255859374,-0.607776939868927,-9.518648147583008,-2.825923442840576
1788679175078152700,133.16915258789064,-0.34695929288864136,-9.497113227844238,-2.63449764251709
1788679175095433200,133.18643310546875,-0.6005984544754028,-9.521040916442871,-2.761317253112793
1788679175112713500,133.20371337890626,-0.4713860750198364,-9.525827407836914,-2.7876384258270264
1788679175129994000,133.22099389648437,-0.5000999569892883,-9.461220741271973,-2.7637102603912354
1788679175147274200,133.23827416992188,-0.4833501875400543,-9.45164966583252,-2.847458839416504
1788679175164554800,133.2555546875,-0.44027936458587646,-9.439684867858887,-2.8426733016967773
1788679175181835300,133.27283520507814,-0.45942193269729614,-9.461220741271973,-2.7972097396850586
1788679175199115500,133.29011547851562,-0.550349235534668,-9.489934921264648,-2.825923442840576
1788679175216396000,133.30739599609376,-0.5431707501411438,-9.480362892150879,-2.823530673980713
1788679175233676500,133.32467651367188,-0.4713860750198364,-9.473184585571289,-2.785245656967163
1788679175250956800,133.34195678710938,-0.5359922647476196,-9.523433685302734,-2.768495798110962
1788679175268237000,133.3592370605469,-0.5838487148284912,-9.475577354431152,-2.7014968395233154
1788679175285517600,133.376517578125,-0.5742774605751038,-9.501898765563965,-2.6799614429473877
1788679175302798000,133.39379809570312,-0.5670989751815796,-9.480362892150879,-2.6464617252349854
1788679175320078300,133.41107836914063,-0.550349235534668,-9.513862609863281,-2.66560435295105
1788679175337358800,133.42835888671874,-0.5072783827781677,-9.518648147583008,-2.6943182945251465
1788679175354639400,133.44563940429688,-0.6484549641609192,-9.298508644104004,-2.65842604637146
1788679175371919600,133.46291967773436,-0.33499518036842346,-9.56889820098877,-2.68953275680542
1788679175389200000,133.48019995117187,-0.16031911969184875,-9.753145217895508,-2.8450660705566406
1788679175406480400,133.49748046875,-0.49292147159576416,-9.298508644104004,-2.806781053543091
1788679175423761000,133.51476098632813,-0.4785645306110382,-9.329615592956543,-3.0245277881622314
1788679175441041200,133.53204125976563,-0.4450650215148926,-9.554540634155273,-3.019742250442505
1788679175458321700,133.54932177734375,-0.20817556977272034,-9.475577354431152,-2.5770699977874756
1788679175475602200,133.56660229492186,-0.41156548261642456,-9.497113227844238,-2.9048867225646973
1788679175492882400,133.58388232421876,-0.4331009089946747,-9.504291534423828,-2.823530673980713
1788679175510162700,133.60116259765624,-0.39481574296951294,-9.516255378723145,-2.644068956375122
1788679175527443200,133.61844311523438,-0.48813581466674805,-9.501898765563965,-2.7493531703948975
1788679175544723700,133.6357236328125,-0.5527420043945312,-9.45882797241211,-2.8187451362609863
1788679175562004000,133.65300390625,-0.4785645306110382,-9.494720458984375,-2.746960401535034
1788679175579284500,133.67028442382812,-0.48095735907554626,-9.485149383544922,-2.682354211807251
1788679175596565000,133.68756494140624,-0.5240281820297241,-9.425328254699707,-2.6249263286590576
1788679175613845200,133.70484521484374,-0.4833501875400543,-9.535398483276367,-2.8115665912628174
1788679175631125500,133.72212548828125,-0.44745782017707825,-9.511469841003418,-2.8115665912628174
1788679175648406000,133.73940600585937,-0.349352091550827,-9.437292098999023,-2.6871397495269775
1788679175665686500,133.7566865234375,-0.49292147159576416,-9.506684303283691,-2.8666014671325684
1788679175682966800,133.773966796875,-0.4977070987224579,-9.521040916442871,-2.9766714572906494
1788679175700247300,133.79124731445313,-0.2560320198535919,-9.616754531860352,-2.9383862018585205
1788679175717527600,133.80852758789064,-0.4259224236011505,-9.55214786529541,-3.0867412090301514
1788679175734808000,133.82580810546875,-0.07178468257188797,-9.631111145019531,-2.830709218978882
1788679175752088300,133.84308837890626,-0.2727817893028259,-9.205188751220703,-2.65842604637146
1788679175769368800,133.86036889648437,-0.760917603969574,-9.513862609863281,-3.0652058124542236
1788679175786649300,133.8776494140625,-0.4043870270252228,-9.430113792419434,-2.7110681533813477
1788679175803929600,133.8949296875,-0.3732803463935852,-9.473184585571289,-2.699103832244873
1788679175821210000,133.9122102050781,-0.35413774847984314,-9.454042434692383,-2.775674343109131
1788679175838490600,133.92949072265625,-0.380458801984787,-9.506684303283691,-2.768495798110962
1788679175855771000,133.94677099609376,-0.5479564070701599,-9.442078590393066,-2.878565549850464
1788679175873051100,133.96405102539063,-0.9116654396057129,-9.958928108215332,-3.0723843574523926
1788679175890331600,133.98133154296875,0.14356936514377594,-9.437292098999023,-2.2947168350219727
1788679175907612200,133.99861206054686,-0.5359922647476196,-9.521040916442871,-2.7828526496887207
1788679175924892400,134.01589233398437,-0.3206382393836975,-9.516255378723145,-2.864208698272705
1788679175942173000,134.0331728515625,-0.3613162338733673,-9.513862609863281,-2.823530673980713
1788679175959453200,134.050453125,-0.32542386651039124,-9.580862045288086,-2.9383862018585205
1788679175976733700,134.06773364257813,-0.22971096634864807,-9.573683738708496,-2.6632115840911865
1788679175994014000,134.0850139160156,-0.09810572862625122,-9.42772102355957,-2.5746772289276123
1788679176011294500,134.10229443359376,-0.23210379481315613,-9.305686950683594,-2.833101987838745
1788679176028575000,134.11957495117187,-0.2153540402650833,-9.547362327575684,-2.799602508544922
1788679176045855200,134.13685522460938,-0.1866401731967926,-9.506684303283691,-2.8043880462646484
1788679176063135700,134.1541357421875,-0.2392822653055191,-9.456435203552246,-2.809173822402954
1788679176080416000,134.171416015625,-0.37088751792907715,-9.403793334960938,-2.864208698272705
1788679176097696500,134.1886965332031,-0.33738797903060913,-9.473184585571289,-2.7876384258270264
1788679176114976800,134.20597680664062,-0.3206382393836975,-9.521040916442871,-2.823530673980713
1788679176132257300,134.22325732421876,-0.37806597352027893,-9.477970123291016,-2.871387243270874
1788679176149537800,134.24053784179688,-0.3613162338733673,-9.432506561279297,-2.7326035499572754
1788679176166818000,134.2578181152344,-0.363709032535553,-9.535398483276367,-2.644068956375122
1788679176184098600,134.2750986328125,-0.363709032535553,-9.499505996704102,-2.7637102603912354
1788679176201378800,134.29237890625,-0.3517449200153351,-9.518648147583008,-2.792423963546753
1788679176218659300,134.30965942382812,-0.30628129839897156,-9.53061294555664,-2.761317253112793
1788679176235939600,134.32693969726563,-0.397208571434021,-9.401400566101074,-2.8426733016967773
1788679176253220000,134.34422021484374,-0.7010970115661621,-9.702896118164062,-3.0029923915863037
1788679176270500600,134.36150048828125,-0.5647061467170715,-9.004191398620605,-2.5746772289276123
1788679176287780900,134.37878076171876,-0.3445664644241333,-9.712467193603516,-3.2518460750579834
1788679176305061000,134.39606103515624,-0.25363919138908386,-9.556933403015137,-2.919243574142456
1788679176322341600,134.41334155273438,-0.33499518036842346,-9.4660062789917,-2.9216363430023193
1788679176339622100,134.4306220703125,-0.33499518036842346,-9.45164966583252,-3.0173492431640625
1788679176356902400,134.44790234375,-0.37088751792907715,-9.391828536987305,-2.9048867225646973
1788679176374183000,134.46518286132812,-0.3900300860404968,-9.487542152404785,-2.919243574142456
1788679176391463400,134.48246337890626,-0.32542386651039124,-9.497113227844238,-2.9838497638702393
1788679176408743700,134.49974365234374,-0.3326023519039154,-9.463613510131836,-2.9599215984344482
1788679176426024200,134.51702416992188,-0.3158525824546814,-9.461220741271973,-2.895315408706665
1788679176443304400,134.5343044433594,-0.3326023519039154,-9.456435203552246,-2.8211379051208496
1788679176460585000,134.5515849609375,-0.33020952343940735,-9.45164966583252,-2.799602508544922
1788679176477865200,134.568865234375,-0.32542386651039124,-9.449256896972656,-2.7828526496887207
1788679176495145700,134.58614575195313,-0.3732803463935852,-9.494720458984375,-2.809173822402954
1788679176512426200,134.60342626953124,-0.3326023519039154,-9.439684867858887,-2.7804598808288574
1788679176529706500,134.62070654296875,-0.20338992774486542,-9.482755661010742,-2.825923442840576
1788679176546987000,134.63798706054686,-0.3326023519039154,-9.504291534423828,-2.720639228820801
1788679176564267300,134.65526733398437,-0.34695929288864136,-9.442078590393066,-2.754138946533203
1788679176581547800,134.6725478515625,-0.3852444589138031,-9.494720458984375,-2.7732813358306885
1788679176598828000,134.689828125,-0.34217363595962524,-9.506684303283691,-2.7828526496887207
1788679176616108500,134.70710864257813,-0.34695929288864136,-9.456435203552246,-2.7326035499572754
1788679176633389000,134.72438916015625,-0.28953152894973755,-9.42054271697998,-2.65842604637146
1788679176650669300,134.74166943359376,-0.3206382393836975,-9.497113227844238,-2.746960401535034
1788679176667949800,134.75894970703126,-0.35892340540885925,-9.556933403015137,-2.754138946533203
1788679176685230000,134.77622998046874,-0.3613162338733673,-9.525827407836914,-2.7517459392547607
1788679176702510600,134.79351049804689,-0.40677985548973083,-9.470791816711426,-2.809173822402954
1788679176719790800,134.81079077148436,-0.4019941985607147,-9.432506561279297,-2.7589244842529297
1788679176737071400,134.8280712890625,-0.40677985548973083,-9.432506561279297,-2.847458839416504
1788679176754351900,134.84535180664062,-0.2991028428077698,-9.408578872680664,-2.864208698272705
1788679176771632000,134.86263208007813,-0.3445664644241333,-9.425328254699707,-2.861815929412842
1788679176788912400,134.87991235351564,-0.26560330390930176,-9.463613510131836,-2.799602508544922
1788679176806193000,134.89719287109375,-0.3326023519039154,-9.367900848388672,-2.7637102603912354
1788679176823473400,134.91447338867187,-0.29431718587875366,-9.45882797241211,-2.8689942359924316
1788679176840753700,134.93175366210937,-0.035892341285943985,-10.39920711517334,-3.9457645416259766
1788679176858034200,134.9490341796875,-0.7178468108177185,-8.987442016601562,-2.730210542678833
1788679176875314700,134.96631469726563,-0.33020952343940735,-9.841679573059082,-2.526820659637451
1788679176892595000,134.98359497070314,-0.1698904037475586,-9.494720458984375,-2.7876384258270264
1788679176909875200,135.00087524414062,-0.3517449200153351,-9.463613510131836,-2.8594231605529785
1788679176927155700,135.01815576171876,-0.397208571434021,-9.382257461547852,-2.8498518466949463
1788679176944436200,135.03543627929687,-0.30149564146995544,-9.355937004089355,-2.68953275680542
1788679176961716500,135.05271655273438,-0.3397808074951172,-9.4660062789917,-2.6799614429473877
1788679176978997000,135.0699970703125,-0.3038884699344635,-9.487542152404785,-2.7182464599609375
1788679176996277500,135.0872775878906,-0.3158525824546814,-9.573683738708496,-2.8905298709869385
1788679177013557800,135.10455786132812,-0.23688943684101105,-9.489934921264648,-2.854637384414673
1788679177030838000,135.12183813476562,-0.275174617767334,-9.482755661010742,-2.8426733016967773
1788679177048118500,135.13911840820313,-0.2679961323738098,-9.485149383544922,-2.9718856811523438
1788679177065399000,135.15639892578125,-0.2632105052471161,-9.384650230407715,-2.9623143672943115
1788679177082679300,135.17367919921875,-0.24646073579788208,-9.422935485839844,-2.950350284576416
1788679177099959800,135.19095971679687,-0.3517449200153351,-9.446864128112793,-3.13220477104187
1788679177117240300,135.208240234375,-0.275174617767334,-9.475577354431152,-3.019742250442505
1788679177134520600,135.2255205078125,-0.33499518036842346,-9.564111709594727,-2.919243574142456
1788679177151800800,135.24280078125,-0.4307080805301666,-9.437292098999023,-2.833101987838745
1788679177169081300,135.2600812988281,-0.33499518036842346,-9.554540634155273,-2.7637102603912354
1788679177186361900,135.27736181640626,-0.44745782017707825,-9.4660062789917,-2.770888566970825
1788679177203642000,135.29464208984376,-0.37806597352027893,-9.4660062789917,-2.6775684356689453
1788679177220922600,135.31192260742188,-0.31345975399017334,-9.480362892150879,-2.6368906497955322
1788679177238203000,135.32920288085938,-0.27756741642951965,-9.489934921264648,-2.644068956375122
1788679177255483400,135.3464833984375,-0.35892340540885925,-9.43489933013916,-2.691925525665283
1788679177272763600,135.363763671875,-0.40677985548973083,-9.513862609863281,-2.641676187515259
1788679177290044200,135.38104418945312,-0.4043870270252228,-9.53061294555664,-2.572284460067749
1788679177307324700,135.39832470703124,-0.46420758962631226,-9.42054271697998,-2.5531418323516846
1788679177324605000,135.41560498046874,-0.4378865361213684,-9.494720458984375,-2.6153552532196045
1788679177341885200,135.43288525390625,-0.48813581466674805,-9.497113227844238,-2.6727828979492188
1788679177359165700,135.45016577148436,-0.43549370765686035,-9.67657470703125,-2.778067111968994
1788679177376446200,135.4674462890625,-0.31345975399017334,-9.456435203552246,-2.6297121047973633
1788679177393726500,135.4847265625,-0.26081767678260803,-9.542576789855957,-2.6727828979492188
1788679177411007000,135.50200708007813,-0.5623133182525635,-9.19561767578125,-2.998206853866577
1788679177428287500,135.51928759765624,-0.2512463629245758,-9.410971641540527,-3.1680972576141357
1788679177445567700,135.53656762695311,-0.05503492057323456,-9.387042999267578,-2.517249345779419
1788679177462848000,135.55384790039062,-0.02153540402650833,-9.69093132019043,-2.5986053943634033
1788679177480128500,135.57112841796874,-0.5072783827781677,-9.67657470703125,-2.7326035499572754
1788679177497409000,135.58840893554688,-0.5551348328590393,-9.439684867858887,-2.950350284576416
1788679177514689300,135.6056892089844,-0.7896314859390259,-9.473184585571289,-2.4335005283355713
1788679177531969800,135.6229697265625,-0.45942193269729614,-8.819944381713867,-2.8187451362609863
1788679177549250300,135.64025024414062,-0.6029912829399109,-9.176474571228027,-3.1992039680480957
1788679177566530600,135.65753051757812,-0.24885354936122894,-10.145567893981934,-3.0388846397399902
1788679177583810800,135.67481079101563,-0.22013968229293823,-9.80100154876709,-2.6153552532196045
1788679177601091300,135.69209130859375,-0.5000999569892883,-9.28893756866455,-2.8833513259887695
1788679177618371800,135.7093718261719,-0.6795616149902344,-9.30329418182373,-3.2829527854919434
1788679177635652000,135.72665209960937,-0.5383850932121277,-9.353543281555176,-3.053241729736328
1788679177652932600,135.7439326171875,-0.33738797903060913,-9.300901412963867,-2.7278177738189697
1788679177670212900,135.761212890625,-0.4211367964744568,-9.403793334960938,-2.754138946533203
1788679177687493400,135.77849340820313,-0.5599204897880554,-9.408578872680664,-2.864208698272705
1788679177704773600,135.7957736816406,-0.4378865361213684,-9.497113227844238,-2.895315408706665
1788679177722054100,135.81305419921875,-0.6005984544754028,-9.442078590393066,-2.8833513259887695
1788679177739334700,135.83033471679687,-0.48095735907554626,-9.353543281555176,-3.0269205570220947
1788679177756615000,135.84761499023438,-0.6580262184143066,-9.322437286376953,-3.211168050765991
1788679177773895400,135.8648955078125,-0.4953143000602722,-9.461220741271973,-3.294916868209839
1788679177791175700,135.88217578125,-0.39481574296951294,-9.638289451599121,-3.2159535884857178
1788679177808456200,135.8994562988281,-0.7226324677467346,-9.056833267211914,-3.005385160446167
1788679177825736400,135.916736328125,-0.33020952343940735,-9.087940216064453,-2.562713146209717
1788679177843017000,135.93401684570313,-0.3326023519039154,-9.351150512695312,-2.3330020904541016
1788679177860297500,135.95129736328124,-0.41874396800994873,-9.499505996704102,-2.9144580364227295
1788679177877577700,135.96857763671875,-0.397208571434021,-9.41336441040039,-2.7732813358306885
1788679177894858200,135.98585815429686,-0.4977070987224579,-9.339186668395996,-2.6536402702331543
1788679177912138500,136.00313842773437,-0.397208571434021,-9.729216575622559,-3.565305709838867
1788679177929419000,136.0204189453125,-0.8111668825149536,-9.418149948120117,-3.5461630821228027
1788679177946699300,136.03769921875,-0.6340979933738708,-9.355937004089355,-3.761517286300659
1788679177963979800,136.05497973632814,-0.550349235534668,-9.602396965026855,-3.594019651412964
1788679177981260000,136.0722600097656,-0.09092725813388824,-9.817750930786133,-2.9288148880004883
1788679177998540500,136.08954052734376,-0.12921242415905,-9.489934921264648,-2.431107759475708
1788679178015820800,136.10682080078124,-0.34217363595962524,-9.353543281555176,-2.6249263286590576
1788679178033101300,136.12410131835938,-0.24885354936122894,-9.34157943725586,-2.799602508544922
1788679178050381800,136.1413818359375,0.10049854964017868,-9.028120040893555,-2.723032236099243
1788679178067662000,136.158662109375,-0.23688943684101105,-9.10229778289795,-3.012563705444336
1788679178084942600,136.17594262695312,-0.5264210104942322,-9.293723106384277,-3.4911282062530518
1788679178102223000,136.19322314453126,-0.7058826684951782,-10.48534870147705,-2.775674343109131
1788679178119503400,136.21050341796874,0.8255237936973572,-9.604789733886719,-1.6845471858978271
1788679178136783600,136.22778369140624,-0.1746760457754135,-9.384650230407715,-2.108076810836792
1788679178154064100,136.2450642089844,-0.3206382393836975,-9.729216575622559,-2.3784656524658203
1788679178171344600,136.2623447265625,0.18903298676013947,-9.724431037902832,-2.170290231704712
1788679178188625000,136.279625,0.12921242415905,-9.212367057800293,-2.311466693878174
1788679178205905400,136.29690551757812,0.5312066078186035,-9.157332420349121,-2.4885356426239014
1788679178223185700,136.314185546875,0.16031911969184875,-9.250652313232422,-2.9527430534362793
1788679178240466200,136.33146606445314,0.16271193325519562,-9.439684867858887,-3.160918712615967
1788679178257746400,136.34874633789062,-0.3038884699344635,-10.02592658996582,-3.2518460750579834
1788679178275027000,136.36602685546876,-0.24646073579788208,-9.499505996704102,-3.4121651649475098
1788679178292307500,136.38330737304688,-0.019142581149935722,-9.4660062789917,-3.2303106784820557
1788679178309587700,136.40058764648438,0.16510476171970367,-9.506684303283691,-3.1728827953338623
1788679178326868200,136.4178681640625,-0.02871387079358101,-9.511469841003418,-3.0580272674560547
1788679178344148500,136.4351484375,0.10767702013254166,-9.45164966583252,-2.823530673980713
1788679178361429000,136.45242895507812,0.16749759018421173,-9.542576789855957,-2.682354211807251
1788679178378709200,136.46970922851563,0.009571290574967861,-9.678967475891113,-2.919243574142456
1788679178395989800,136.48698974609374,-0.0023928226437419653,-9.645467758178711,-2.7876384258270264
1788679178413270300,136.50427026367188,0.17946170270442963,-9.949356079101562,-2.3569302558898926
1788679178430550500,136.52155053710936,-0.038285162299871445,-9.810572624206543,-2.251646041870117
1788679178447831000,136.5388310546875,-0.16271193325519562,-9.93260669708252,-2.438286304473877
1788679178465111300,136.556111328125,-0.05503492057323456,-10.054640769958496,-2.383251428604126
1788679178482391800,136.57339184570313,0.11964113265275955,-10.26760196685791,-2.0889341831207275
1788679178499672000,136.59067211914063,-0.07178468257188797,-10.607382774353027,-2.1750757694244385
1788679178516952600,136.60795263671875,-0.04785645380616188,-10.090533256530762,-2.1678972244262695
1788679178534232800,136.62523291015626,-0.040677983313798904,-10.339386940002441,-2.313859462738037
1788679178551513300,136.64251342773437,0.016749758273363113,-9.954142570495605,-2.2947168350219727
1788679178568793900,136.6597939453125,-0.14356936514377594,-9.798608779907227,-2.5914268493652344
1788679178586074000,136.67707421875,-0.10049854964017868,-10.554740905761719,-2.3736801147460938
1788679178603354600,136.69435473632814,0.059820566326379776,-11.47119140625,-2.00518536567688
1788679178620635000,136.711634765625,0.2847459018230438,-11.538190841674805,-1.765903115272522
1788679178637915400,136.72891528320312,0.04307080805301666,-10.729416847229004,-1.4261223077774048
1788679178655195600,136.74619555664063,-0.12203395366668701,-10.238887786865234,-1.435693621635437
1788679178672476200,136.76347607421874,-0.4713860750198364,-9.238688468933105,-1.1581261157989502
1788679178689756700,136.7807565917969,-0.10289137065410614,-10.195816993713379,-1.2275179624557495
1788679178707037000,136.79803686523437,-0.1698904037475586,-9.812965393066406,-1.4141582250595093
1788679178724317400,136.8153173828125,-0.5958128571510315,-10.224531173706055,-1.576870083808899
1788679178741597700,136.83259765625,-0.28953152894973755,-10.451848983764648,-1.3088740110397339
1788679178758878200,136.84987817382813,0.09092725813388824,-11.038090705871582,-0.5934200286865234
1788679178776158500,136.86715844726564,0.019142581149935722,-10.171889305114746,-0.15074782073497772
1788679178793439000,136.88443896484375,-0.3278166949748993,-9.410971641540527,-0.3397808074951172
1788679178810719500,136.90171948242187,-0.5240281820297241,-9.152546882629395,-0.5455635786056519
1788679178827999700,136.91899975585937,-0.04307080805301666,-9.463613510131836,-0.27756741642951965
1788679178845280300,136.9362802734375,0.08614161610603333,-9.753145217895508,-0.3206382393836975
1788679178862560500,136.953560546875,-0.09571290761232376,-10.447063446044922,-0.31824541091918945
1788679178879841000,136.9708410644531,-0.031106693670153618,-10.566704750061035,-0.21774685382843018
1788679178897121300,136.98812133789062,-0.2679961323738098,-10.212567329406738,-0.11006984114646912
1788679178914401800,137.00540185546876,-0.19381862878799438,-10.186245918273926,-0.1579262912273407
1788679178931682300,137.02268237304688,0.519242525100708,-9.856036186218262,0.007178467698395252
1788679178948962600,137.03996264648438,-0.3397808074951172,-9.664610862731934,0.08853443711996078
1788679178966242800,137.05724291992186,-0.275174617767334,-10.231709480285645,0.23210379481315613
1788679178983523300,137.0745234375,0.3206382393836975,-9.772287368774414,0.1579262912273407
1788679179000803800,137.09180395507812,-0.1818545162677765,-9.463613510131836,0.14356936514377594
1788679179018084000,137.109083984375,-0.04785645380616188,-9.963713645935059,0.15314064919948578
1788679179035364600,137.12636450195313,-0.17946170270442963,-10.743773460388184,0.33020952343940735
1788679179052644900,137.1436447753906,0.37806597352027893,-11.026126861572266,0.5982056856155396
1788679179069925400,137.16092529296876,0.4785645306110382,-10.920842170715332,0.7728816866874695
1788679179087205600,137.17820556640626,0.3852444589138031,-10.803594589233398,0.8997012972831726
1788679179104486100,137.19548608398438,-0.5072783827781677,-9.121439933776855,0.8374879360198975
1788679179121766700,137.2127666015625,-0.7417750358581543,-4.467400074005127,0.9236295223236084
1788679179139047000,137.230046875,2.0315065383911133,-12.80160140991211,0.6843472719192505
1788679179156327400,137.24732739257811,-0.47617170214653015,-11.60279655456543,1.8831514120101929
1788679179173607700,137.26460766601562,-0.7872386574745178,-10.317851066589355,2.65842604637146
1788679179190888200,137.28188818359374,1.1054840087890625,-4.553541660308838,1.5984054803848267
1788679179208168400,137.29916845703124,1.3878371715545654,-9.91107177734375,1.031306505203247
1788679179225449000,137.3164489746094,11.162517547607422,-17.814563751220703,1.557727575302124
1788679179242729500,137.3337294921875,2.4335005283355713,-13.60319709777832,2.0554347038269043
1788679179260009700,137.351009765625,3.019742250442505,-9.834501266479492,2.612962245941162
1788679179277290000,137.3682900390625,1.25144624710083,-10.030712127685547,1.667797327041626
1788679179294570500,137.38557055664063,-1.8137595653533936,-10.198209762573242,1.3543375730514526
1788679179311851000,137.40285107421874,-2.6057839393615723,-10.085747718811035,2.56510591506958
1788679179329131300,137.42013134765625,1.5601203441619873,-9.942177772521973,2.854637384414673
1788679179346411800,137.43741186523437,3.3643085956573486,-8.999405860900879,2.8450660705566406
1788679179363692300,137.4546923828125,3.1657042503356934,-9.54496955871582,2.785245656967163
1788679179380972500,137.47197265625,3.555734395980835,-10.176674842834473,2.833101987838745
1788679179398252800,137.4892526855469,3.689732551574707,-9.980463027954102,2.6967110633850098
1788679179415533300,137.506533203125,3.809373617172241,-9.812965393066406,2.8426733016967773
1788679179432813800,137.52381372070312,3.452843189239502,-9.961320877075195,2.919243574142456
1788679179450094000,137.54109399414062,3.4719855785369873,-9.595218658447266,2.940778970718384
1788679179467374600,137.55837451171874,3.728017568588257,-9.066405296325684,3.0556344985961914
1788679179484655000,137.57565502929688,4.517649173736572,-8.264809608459473,3.005385160446167
1788679179501935400,137.59293530273436,4.627718925476074,-7.8556365966796875,2.6703901290893555
1788679179519215600,137.61021557617187,4.7952165603637695,-7.927421569824219,2.390429735183716
1788679179536496000,137.62749609375,5.020142078399658,-8.183453559875488,2.1439690589904785
1788679179553776600,137.64477661132813,5.166104316711426,-8.128418922424316,2.1607189178466797
1788679179571057000,137.66205688476563,5.381458282470703,-7.439285755157471,2.4574289321899414
1788679179588337400,137.67933740234375,5.800201892852783,-7.001399040222168,2.6249263286590576
1788679179605617700,137.69661767578125,6.044270038604736,-6.616154670715332,2.4526431560516357
1788679179622898200,137.71389819335937,6.135197162628174,-6.5252275466918945,2.108076810836792
1788679179640178400,137.73117846679688,5.955735683441162,-6.489335060119629,1.8664016723632812
1788679179657459000,137.748458984375,5.9437713623046875,-6.4319071769714355,1.710868239402771
1788679179674739500,137.76573950195314,6.51326322555542,-5.680561065673828,1.7443677186965942
1788679179692019700,137.7830197753906,6.455835342407227,-5.295316696166992,1.5840486288070679
1788679179709300000,137.80030004882812,6.482156753540039,-5.240281581878662,1.4261223077774048
1788679179726580500,137.81758056640626,6.788437843322754,-5.3312087059021,1.098305583000183
1788679179743861000,137.83486108398438,7.231110095977783,-4.591826438903809,1.0193424224853516
1788679179761141200,137.85214135742189,7.293323516845703,-4.206582069396973,1.0671988725662231
1788679179778421800,137.869421875,7.606783390045166,-3.7806596755981445,1.3088740110397339
1788679179795702300,137.88670239257812,8.09970474243164,-2.792423963546753,1.588834285736084
1788679179812982500,137.903982421875,8.154739379882812,-1.9286150932312012,1.4333007335662842
1788679179830262800,137.9212626953125,7.992027759552002,-1.5242279767990112,1.1078768968582153
1788679179847543300,137.93854321289064,7.901100158691406,-1.0456634759902954,0.7872386574745178
1788679179864823800,137.95582373046875,7.759923934936523,-0.8997012972831726,0.6149554252624512
1788679179882104000,137.97310400390626,8.97787094116211,-1.1222338676452637,0.5288137793540955
1788679179899384600,137.99038452148437,10.777273178100586,-1.337587833404541,0.5383850932121277
1788679179916665000,138.0076650390625,10.669595718383789,-0.397208571434021,0.33020952343940735
1788679179933945300,138.0249453125,8.989834785461426,-0.28235307335853577,0.19621145725250244
1788679179951225900,138.04222583007814,7.747959613800049,-0.576670229434967,-0.2679961323738098
1788679179968506000,138.05950610351562,8.073383331298828,-1.0049854516983032,-0.4426721930503845
1788679179985786600,138.07678662109376,8.568697929382324,-0.7202396392822266,-0.6508477330207825
1788679180003067000,138.09406689453124,8.329415321350098,-0.7417750358581543,-0.8590233325958252
1788679180020347400,138.11134741210938,7.161718368530273,-1.0049854516983032,-1.1150553226470947
1788679180037628000,138.1286279296875,13.191631317138672,-1.4572290182113647,-0.11964113265275955
1788679180054908200,138.145908203125,10.951949119567871,-1.5337992906570435,1.4835500717163086
1788679180072188400,138.1631884765625,11.95454216003418,-1.2634103298187256,0.44027936458587646
1788679180089469000,138.18046899414063,7.984848976135254,-0.914058268070221,-1.5290136337280273
1788679180106749400,138.19774951171874,9.827322959899902,-1.057627558708191,-1.6462619304656982
1788679180124029700,138.21502978515625,9.80100154876709,-0.7968099117279053,-1.2586246728897095
1788679180141310200,138.23231030273436,9.030512809753418,-0.5000999569892883,-0.9427721500396729
1788679180158590700,138.2495908203125,9.623932838439941,-0.031106693670153618,-0.19621145725250244
1788679180175871000,138.26687109375,9.812965393066406,0.11724831163883209,-0.4019941985607147
1788679180193151200,138.28415112304688,9.805787086486816,0.09571290761232376,-0.8973084688186646
1788679180210431700,138.301431640625,9.76989459991455,0.4019941985607147,-1.25144624710083
1788679180227712300,138.3187121582031,9.734002113342285,0.35413774847984314,-2.0195422172546387
1788679180244992500,138.33599243164062,9.729216575622559,0.11724831163883209,-2.526820659637451
1788679180262273000,138.35327294921876,9.501898765563965,0.3684946894645691,-2.287538528442383
1788679180279553500,138.37055346679688,9.755537986755371,0.6819544434547424,-1.5170495510101318
1788679180296833800,138.38783374023438,8.209774017333984,1.0360921621322632,-1.794616937637329
1788679180314114300,138.4051142578125,9.133403778076172,2.0195422172546387,0.3684946894645691
1788679180331394600,138.42239453125,8.882157325744629,3.7974095344543457,3.7232320308685303
1788679180348675000,138.43967504882812,10.849058151245117,2.2444677352905273,4.185046672821045
1788679180365955300,138.45695532226563,9.56889820098877,0.8614161610603333,0.6628118753433228
1788679180383235800,138.47423583984374,8.389236450195312,0.885344386100769,-0.9810572862625122
1788679180400516400,138.4915163574219,9.114261627197266,0.97148597240448,-1.9214365482330322
1788679180417796600,138.50879663085936,9.473184585571289,0.7034898400306702,-2.132004976272583
1788679180435076900,138.52607690429687,10.334601402282715,0.8303094506263733,-0.9882357716560364
1788679180452357400,138.543357421875,10.49970531463623,1.0193424224853516,-0.5982056856155396
1788679180469638000,138.56063793945313,10.246066093444824,1.2538390159606934,-0.0933200865983963
1788679180486918100,138.57791821289064,10.310672760009766,1.2658032178878784,0.17706887423992157
1788679180504198700,138.59519873046875,10.695917129516602,1.1485549211502075,-0.3517449200153351
1788679180521479200,138.61247924804687,10.526026725769043,1.3160524368286133,-2.1056840419769287
1788679180538759400,138.62975952148437,10.667202949523926,1.825723648071289,-3.2781670093536377
1788679180556039700,138.64703979492188,10.535597801208496,3.3619158267974854,-1.6773686408996582
1788679180573320200,138.6643203125,10.262816429138184,2.723032236099243,0.23449662327766418
1788679180590601700,138.68160180664063,9.90149974822998,2.5603201389312744,-0.6508477330207825
1788679180607881000,138.698880859375,8.982656478881836,3.146561861038208,-0.9355936646461487
1788679180625161500,138.71616137695312,8.094919204711914,3.4002010822296143,-1.4380863904953003
1788679180642442000,138.73344189453124,8.09970474243164,3.2853455543518066,-0.8470591902732849
1788679180659722200,138.75072216796875,8.338987350463867,3.3475589752197266,-0.3517449200153351
1788679180677002800,138.76800268554686,8.504091262817383,3.0652058124542236,-0.349352091550827
1788679180694283000,138.78528295898437,8.334200859069824,2.8594231605529785,0.3900300860404968
1788679180711563500,138.8025634765625,8.650053977966309,2.3976082801818848,0.2392822653055191
1788679180728843800,138.81984375,8.793622970581055,2.416750907897949,-0.38763725757598877
1788679180746124300,138.83712426757813,9.049654960632324,2.500499725341797,-0.729810893535614
1788679180763404800,138.85440478515625,8.709874153137207,2.50289249420166,-0.7537391185760498
1788679180780685000,138.87168505859376,8.554341316223145,2.5196423530578613,-0.30149564146995544
1788679180797965600,138.88896557617187,9.53061294555664,2.9718856811523438,0.3206382393836975
1788679180815245800,138.90624584960938,8.848658561706543,2.878565549850464,-1.0360921621322632
1788679180832526300,138.9235263671875,9.640682220458984,2.806781053543091,-1.703689694404602
1788679180849806600,138.940806640625,9.906285285949707,3.177668571472168,-0.9978070259094238
1788679180867087000,138.9580871582031,9.705288887023926,3.122633457183838,-0.794417142868042
1788679180884367400,138.97536743164062,9.54496955871582,3.160918712615967,-0.4019941985607147
1788679180901648000,138.99264794921876,9.678967475891113,2.9527430534362793,-0.4498506486415863
1788679180918928400,139.00992846679688,9.726823806762695,2.809173822402954,-0.32542386651039124
1788679180936208600,139.02720874023439,10.320243835449219,2.50289249420166,-0.28953152894973755
1788679180953489200,139.0444892578125,9.8871431350708,2.3880369663238525,0.12681959569454193
1788679180970769400,139.06176928710937,8.941978454589844,2.0889341831207275,0.641276478767395
1788679180988049700,139.07904956054688,8.11406135559082,2.060220241546631,0.7250252366065979
1788679181005330200,139.096330078125,6.044270038604736,2.9838497638702393,0.2727817893028259
1788679181022610400,139.1136103515625,8.760123252868652,3.8883368968963623,-1.4763715267181396
1788679181039891000,139.13089086914061,8.72183895111084,3.761517286300659,-3.7710886001586914
1788679181057171500,139.14817138671876,9.145368576049805,3.452843189239502,-3.1728827953338623
1788679181074451700,139.16545166015624,10.109675407409668,2.6967110633850098,-0.6173482537269592
1788679181091732200,139.18273217773438,10.846665382385254,1.919043779373169,0.5982056856155396
1788679181109012500,139.2000124511719,11.241480827331543,1.5840486288070679,0.5575276613235474
1788679181126293000,139.21729296875,10.987841606140137,2.122433662414551,-0.36610186100006104
1788679181143573200,139.2345732421875,10.626524925231934,2.4095723628997803,-0.7154539823532104
1788679181160853800,139.25185375976562,10.059426307678223,2.227717876434326,-0.8566305041313171
1788679181178134000,139.26913403320313,9.91107177734375,2.0338993072509766,-0.41874396800994873
1788679181195414500,139.28641455078125,9.750752449035645,2.03629207611084,-0.07657032459974289
1788679181212695000,139.3036950683594,9.609575271606445,2.337787628173828,-0.33499518036842346
1788679181229975300,139.32097534179687,9.403793334960938,2.4717857837677,-0.6819544434547424
1788679181247255800,139.338255859375,9.401400566101074,2.407179594039917,-0.851844847202301
1788679181264536000,139.3555361328125,9.262616157531738,2.416750907897949,-0.7872386574745178
1788679181281816600,139.37281665039063,9.1716890335083,2.462214469909668,-0.6771687865257263
1788679181299096800,139.39009692382814,9.008976936340332,2.5052852630615234,-0.4019941985607147
1788679181316377300,139.40737744140625,9.19561767578125,2.486142635345459,-0.2632105052471161
1788679181333657900,139.42465795898437,9.332008361816406,2.3018953800201416,-0.44745782017707825
1788679181350938000,139.44193823242188,9.588040351867676,2.342573404312134,-0.638883650302887
1788679181368218600,139.45921850585938,9.53061294555664,2.555534601211548,-0.7250252366065979
1788679181385499000,139.47649877929686,9.291330337524414,2.5148565769195557,-0.6436693072319031
1788679181402779400,139.493779296875,9.748359680175781,2.342573404312134,-0.7752745151519775
1788679181420059600,139.5110595703125,9.643074989318848,2.328216314315796,-0.4498506486415863
1788679181437340200,139.52834008789063,9.616754531860352,2.4263222217559814,-0.5216353535652161
1788679181454620700,139.54562060546874,9.54496955871582,2.6871397495269775,-0.7776673436164856
1788679181471901000,139.56290087890625,9.564111709594727,2.4358935356140137,-0.8805587291717529
1788679181489181400,139.58018139648436,9.233902931213379,2.3545374870300293,-0.7513462901115417
1788679181506461700,139.59746166992187,9.281759262084961,2.524427890777588,-0.7728816866874695
1788679181523742200,139.6147421875,9.322437286376953,2.493321180343628,-0.7800601720809937
1788679181541022500,139.6320224609375,9.145368576049805,2.667997360229492,-0.8063812255859375
1788679181558303000,139.64930297851564,9.095118522644043,2.806781053543091,-1.0671988725662231
1788679181575583500,139.66658349609375,9.279366493225098,2.775674343109131,-1.0289137363433838
1788679181592863700,139.68386376953126,9.343972206115723,2.6249263286590576,-0.8542376756668091
1788679181610144300,139.70114428710937,9.410971641540527,2.5674986839294434,-0.7800601720809937
1788679181627424500,139.71842456054688,9.415757179260254,2.6225335597991943,-0.7250252366065979
1788679181644705000,139.735705078125,9.396614074707031,2.6464617252349854,-0.6628118753433228
1788679181670625500,139.76162548828125,9.17886734008789,2.785245656967163,-0.6197410821914673
1788679181687906000,139.77890600585937,9.150154113769531,2.9312076568603516,-0.7322037220001221
1788679181705186600,139.7961865234375,9.073583602905273,2.957528829574585,-0.7154539823532104
1788679181722466800,139.813466796875,9.011369705200195,2.9479575157165527,-0.5958128571510315
1788679181739747300,139.83074731445313,9.631111145019531,2.612962245941162,-0.5862415432929993
1788679181757027600,139.8480275878906,9.53779125213623,2.63449764251709,-0.6197410821914673
1788679181774308000,139.86530810546876,9.674181938171387,2.7326035499572754,-0.36610186100006104
1788679181791588400,139.88258837890626,9.616754531860352,2.825923442840576,-0.38285163044929504
1788679181808868900,139.89986889648438,9.437292098999023,2.768495798110962,-0.5647061467170715
1788679181826149400,139.9171494140625,9.42054271697998,2.4646072387695312,-0.760917603969574
1788679181843429600,139.9344296875,9.600004196166992,2.311466693878174,-0.8470591902732849
1788679181860710100,139.95171020507811,9.640682220458984,2.2444677352905273,-0.8015955686569214
1788679181877990700,139.96899072265626,9.647860527038574,2.2779672145843506,-0.6317051649093628
1788679181895271000,139.98627099609374,9.489934921264648,2.392822742462158,-0.4091726839542389
1788679181912551400,140.00355151367188,9.336793899536133,2.414358139038086,-0.3924229145050049
1788679181929831700,140.0208317871094,9.317651748657227,2.407179594039917,-0.4307080805301666
1788679181947112200,140.0381123046875,9.305686950683594,2.4430718421936035,-0.5000999569892883
1788679181964392700,140.05539282226562,9.410971641540527,2.3641088008880615,-0.4977070987224579
1788679181981673000,140.0726728515625,9.547362327575684,2.3545374870300293,-0.4259224236011505
1788679181998953500,140.08995336914063,9.501898765563965,2.3473589420318604,-0.4450650215148926
1788679182016233700,140.10723364257814,9.449256896972656,2.335394859313965,-0.4163511395454407
1788679182033514200,140.12451416015625,9.343972206115723,2.4191436767578125,-0.2871387302875519
1788679182050794500,140.14179443359376,9.250652313232422,2.4406790733337402,-0.26560330390930176
1788679182068075000,140.15907495117187,9.45882797241211,2.390429735183716,-0.29431718587875366
1788679182085355500,140.17635546875,9.597611427307129,2.3880369663238525,-0.34217363595962524
1788679182102635800,140.1936357421875,9.590433120727539,2.258824586868286,-0.3278166949748993
1788679182119916300,140.2109162597656,9.516255378723145,2.2636101245880127,-0.32303106784820557
1788679182137196500,140.22819653320312,9.387042999267578,2.3090739250183105,-0.3732803463935852
1788679182154477000,140.24547705078126,9.43489933013916,2.3330020904541016,-0.4091726839542389
1788679182171757600,140.26275756835938,9.494720458984375,2.455035924911499,-0.32303106784820557
1788679182189037800,140.28003784179688,9.511469841003418,2.4430718421936035,-0.26560330390930176
1788679182206318300,140.297318359375,9.501898765563965,2.368894338607788,-0.33738797903060913
1788679182223598800,140.3145988769531,9.446864128112793,2.3306093215942383,-0.3206382393836975
1788679182240879000,140.33187915039062,9.489934921264648,2.3497519493103027,-0.33020952343940735
1788679182258159600,140.34915966796876,9.473184585571289,2.3952155113220215,-0.4163511395454407
1788679182275440000,140.36644018554688,9.485149383544922,2.3712873458862305,-0.5000999569892883
1788679182292720400,140.38372045898439,9.540184020996094,2.4023938179016113,-0.4953143000602722
1788679182310001000,140.4010009765625,9.497113227844238,2.414358139038086,-0.40677985548973083
1788679182327281200,140.41828125,9.585647583007812,2.2755744457244873,-0.2584248483181
1788679182344561700,140.43556176757812,9.69093132019043,2.3258235454559326,-0.1818545162677765
1788679182361842200,140.45284228515624,9.698110580444336,2.4430718421936035,-0.17228323221206665
1788679182379122400,140.47012231445314,9.504291534423828,2.282752752304077,-0.13639089465141296
1788679182396403000,140.48740283203125,9.573683738708496,2.251646041870117,-0.18424734473228455
1788679182413683500,140.50468334960937,9.523433685302734,2.249253273010254,-0.24406790733337402
1788679182430963700,140.52196362304687,9.475577354431152,2.1990039348602295,-0.2560320198535919
1788679182448244200,140.539244140625,9.501898765563965,2.1439690589904785,-0.20578274130821228
1788679182465524700,140.55652465820313,9.353543281555176,2.1750757694244385,-0.14117653667926788
1788679182482805000,140.57380493164064,9.437292098999023,2.1583259105682373,-0.10289137065410614
1788679182500085500,140.59108544921875,9.57607650756836,2.084148406982422,-0.2847459018230438
1788679182517366000,140.60836596679687,9.525827407836914,1.9310078620910645,-0.38285163044929504
1788679182534646300,140.62564624023437,9.533005714416504,1.8472590446472168,-0.33499518036842346
1788679182551926800,140.6429267578125,9.56650447845459,1.923829436302185,-0.2919243574142456
1788679182569207000,140.66020703125,9.53779125213623,1.9334007501602173,-0.33738797903060913
1788679182586487600,140.6774875488281,9.542576789855957,1.8233308792114258,-0.33020952343940735
1788679182603768000,140.69476806640625,9.592825889587402,1.734796404838562,-0.3397808074951172
1788679182621048600,140.71204858398437,9.664610862731934,1.6390835046768188,-0.41156548261642456
1788679182638328800,140.72932885742188,9.796216011047363,1.703689694404602,-0.33020952343940735
1788679182655609300,140.746609375,9.997213363647461,1.794616937637329,-0.2871387302875519
1788679182672889900,140.76388989257813,9.992427825927734,1.8041882514953613,-0.2727817893028259
1788679182690170000,140.7811701660156,9.722038269042969,1.8233308792114258,-0.31106695532798767
1788679182707450600,140.79845068359376,9.487542152404785,1.8711873292922974,-0.31824541091918945
1788679182724731100,140.81573120117187,9.387042999267578,1.954936146736145,-0.30149564146995544
1788679182742011400,140.83301147460938,9.449256896972656,1.94297194480896,-0.363709032535553
1788679182759292000,140.8502919921875,9.528220176696777,1.9070796966552734,-0.3565305769443512
1788679182776572400,140.86757250976564,9.619147300720215,1.8831514120101929,-0.28235307335853577
1788679182793852700,140.88485278320312,9.614361763000488,1.9094724655151367,-0.22971096634864807
1788679182811133200,140.90213330078126,9.717252731323242,1.9286150932312012,-0.2225325107574463
1788679182828413700,140.91941357421874,9.66221809387207,1.9214365482330322,-0.2727817893028259
1788679182845694200,140.93669409179688,9.600004196166992,1.9070796966552734,-0.28953152894973755
1788679182862974500,140.9539743652344,9.518648147583008,1.9405791759490967,-0.27038896083831787
1788679182880255000,140.9712548828125,9.4061861038208,1.9334007501602173,-0.27038896083831787
1788679182897535500,140.98853540039062,9.516255378723145,1.8592232465744019,-0.33738797903060913
1788679182914815700,141.00581567382812,9.643074989318848,1.8448662757873535,-0.5120640397071838
1788679182932096300,141.02309619140624,9.695717811584473,1.9022940397262573,-0.2919243574142456
1788679182949376800,141.04037670898438,9.832108497619629,1.947757601737976,-0.031106693670153618
1788679182966657300,141.0576572265625,9.820143699645996,1.9764715433120728,-0.07657032459974289
1788679182983937500,141.0749375,9.734002113342285,1.9070796966552734,-0.28235307335853577
1788679183001218000,141.09221801757812,9.602396965026855,1.856830358505249,-0.4019941985607147
1788679183018498600,141.10949853515626,9.588040351867676,1.9214365482330322,-0.47617170214653015
1788679183035778800,141.12677880859374,9.521040916442871,1.8783657550811768,-0.4139583110809326
1788679183053059300,141.14405932617188,9.592825889587402,1.7922241687774658,-0.5479564070701599
1788679183070339800,141.16133984375,9.614361763000488,1.8305093050003052,-0.576670229434967
1788679183087620400,141.17862036132811,9.55214786529541,1.801795482635498,-0.5335994362831116
1788679183104900900,141.19590087890626,8.717052459716797,0.9308080077171326,-0.23210379481315613
1788679183122181000,141.21318115234374,9.652647018432617,2.187039852142334,-0.12921242415905
1788679183139461600,141.23046166992188,9.554540634155273,2.218146562576294,-0.4618147611618042
1788679183156742100,141.2477421875,9.518648147583008,1.8185452222824097,-0.5168496966362
1788679183174022700,141.26502270507814,9.748359680175781,1.6295121908187866,-0.3206382393836975
1788679183191303000,141.28230297851562,9.851250648498535,1.6007983684539795,-0.20578274130821228
1788679183208583400,141.29958349609376,9.836894035339355,1.5672988891601562,-0.2967100143432617
1788679183225864000,141.31686401367188,9.753145217895508,1.5290136337280273,-0.30628129839897156
1788679183243144400,141.33414453125,9.868000984191895,1.550549030303955,-0.20099709928035736
1788679183260425000,141.35142504882813,9.865608215332031,1.490728497505188,-0.23688943684101105
1788679183277705200,141.3687053222656,9.832108497619629,1.4261223077774048,-0.35413774847984314
1788679183294985700,141.38598583984376,9.93260669708252,1.4141582250595093,-0.4139583110809326
1788679183312266200,141.40326635742187,9.877572059631348,1.4404792785644531,-0.4331009089946747
1788679183329546800,141.42054663085938,9.712467193603516,1.550549030303955,-0.41874396800994873
1788679183346827300,141.4378271484375,9.53061294555664,1.5912270545959473,-0.4977070987224579
1788679183364107500,141.455107421875,9.45164966583252,1.6414763927459717,-0.5599204897880554
1788679183381388000,141.4723879394531,9.377471923828125,1.643869161605835,-0.5120640397071838
1788679183398668500,141.48966845703126,9.504291534423828,1.6654045581817627,-0.5096712112426758
1788679183415949000,141.50694897460937,9.554540634155273,1.6510475873947144,-0.47617170214653015
1788679183433229600,141.5242294921875,9.69093132019043,1.643869161605835,-0.3852444589138031
1788679183450510000,141.54151000976563,9.623932838439941,1.6342978477478027,-0.363709032535553
1788679183467790300,141.55879028320314,9.516255378723145,1.6462619304656982,-0.4163511395454407
1788679183485070800,141.57607080078125,9.437292098999023,1.765903115272522,-0.38285163044929504
1788679183502351400,141.59335131835937,9.410971641540527,1.7324036359786987,-0.31345975399017334
1788679183519632000,141.6106318359375,9.497113227844238,1.6558332443237305,-0.3684946894645691
1788679183536912400,141.62791235351563,9.68375301361084,1.6462619304656982,-0.397208571434021
1788679183554193000,141.64519287109374,9.78664493560791,1.612762451171875,-0.3900300860404968
1788679183571473200,141.66247314453125,9.755537986755371,1.6055840253829956,-0.33738797903060913
1788679183588753700,141.67975366210936,9.664610862731934,1.6247265338897705,-0.3158525824546814
1788679183606034200,141.6970341796875,9.643074989318848,1.6319050788879395,-0.31345975399017334
1788679183623314700,141.71431469726562,9.628718376159668,1.6223337650299072,-0.2991028428077698
1788679183640595200,141.73159521484374,9.609575271606445,1.6654045581817627,-0.2871387302875519
1788679183657875700,141.74887573242188,9.633503913879395,1.6462619304656982,-0.3038884699344635
1788679183675156200,141.76615625,9.698110580444336,1.6390835046768188,-0.2967100143432617
1788679183692436700,141.78343676757814,9.736394882202148,1.6199408769607544,-0.2512463629245758
1788679183709717200,141.80071728515625,9.67657470703125,1.6414763927459717,-0.2727817893028259
1788679183726997500,141.81799755859376,9.588040351867676,1.6773686408996582,-0.2871387302875519
1788679183744278000,141.83527807617187,9.55214786529541,1.643869161605835,-0.3158525824546814
1788679183761558500,141.85255859375,9.688538551330566,1.6342978477478027,-0.35892340540885925
1788679183778839000,141.86983911132813,9.760323524475098,1.6342978477478027,-0.27038896083831787
1788679183796119600,141.88711962890625,9.78664493560791,1.6055840253829956,-0.20338992774486542
1788679183813400000,141.90440014648436,9.757930755615234,1.6342978477478027,-0.26560330390930176
1788679183830680600,141.9216806640625,9.631111145019531,1.648654818534851,-0.3038884699344635
1788679183847961000,141.93896118164062,9.554540634155273,1.6869399547576904,-0.26081767678260803
1788679183865241600,141.95624169921874,9.521040916442871,1.6845471858978271,-0.2679961323738098
1788679183882522000,141.97352221679688,9.528220176696777,1.6893328428268433,-0.28235307335853577
1788679183899802600,141.990802734375,9.628718376159668,1.6295121908187866,-0.28953152894973755
1788679183917083100,142.00808325195314,9.755537986755371,1.674975872039795,-0.2560320198535919
1788679183934363400,142.02536328125,9.784252166748047,1.648654818534851,-0.22492532432079315
1788679183951644200,142.04264404296876,9.726823806762695,1.6510475873947144,-0.18903298676013947
1788679183968924400,142.05992431640624,9.66939640045166,1.6654045581817627,-0.26560330390930176
1788679183986205000,142.07720483398438,9.674181938171387,1.672582983970642,-0.30628129839897156
1788679184003485400,142.0944853515625,9.674181938171387,1.672582983970642,-0.2679961323738098
1788679184020766000,142.1117658691406,9.734002113342285,1.6390835046768188,-0.275174617767334
1788679184038046500,142.12904638671876,9.698110580444336,1.6295121908187866,-0.3278166949748993
1788679184055327000,142.14632690429687,9.66221809387207,1.6701902151107788,-0.33499518036842346
1788679184072607500,142.163607421875,9.611968994140625,1.734796404838562,-0.3613162338733673
1788679184089888000,142.18088793945313,9.604789733886719,1.7539390325546265,-0.3613162338733673
1788679184107168500,142.19816845703124,9.549755096435547,1.7252250909805298,-0.37088751792907715
1788679184124449000,142.2154489746094,9.93978500366211,1.7850457429885864,-0.27038896083831787
1788679184141729500,142.2327294921875,9.614361763000488,1.6319050788879395,-0.5335994362831116
1788679184159010000,142.25001000976562,9.269794464111328,1.8640087842941284,-0.6747759580612183
1788679184176290600,142.26729052734376,9.066405296325684,1.887937068939209,-0.41156548261642456
1788679184193571000,142.28457104492188,9.396614074707031,1.9357935190200806,-0.33738797903060913
1788679184210851600,142.3018515625,9.966106414794922,1.5361921787261963,-0.3278166949748993
1788679184228132000,142.31913208007813,10.155138969421387,1.6869399547576904,-0.39960137009620667
